NAME	Neuroendocrine.cells	NK.cells	T.cells	Myeloid.cells	B.cells	Fibroblasts	Stromal.other.cells	RBCs.cells	Schwann.cells	Plasma.cells	pDC.cells	Endothelial.cells
DDX1	12.8411165196228	0.0573394495412844	0.106035889070147	0.0992572586090479	0.150823827629911	1.48595505617978	0.0735294117647059	2.55	0.266666666666667	0.0869565217391304	0.102564102564103	0.82962962962963
STMN2	17.288979312443	0.19954128440367	0.255301794453507	0.430114787305874	0.185044359949303	0.415730337078652	0.117647058823529	4.15	0.933333333333333	0.478260869565217	0.243589743589744	0.925925925925926
TUBB2B	11.9877167630058	0.169724770642202	0.194331158238173	0.267386900742741	0.172370088719899	0.412921348314607	0.102941176470588	2.45	1.07619047619048	0.260869565217391	0.102564102564103	0.503703703703704
PHOX2A	3.94683602068756	0.0389908256880734	0.0505709624796085	0.0857528696826469	0.0443599493029151	0.219101123595506	0.0147058823529412	0.3	0.0857142857142857	0.0869565217391304	0.0897435897435897	0.251851851851852
TUBA1A	17.39298752662	0.376146788990826	0.419453507340946	0.776502363268062	0.406844106463878	1.74719101123595	0.235294117647059	2.08333333333333	6.04761904761905	0.217391304347826	0.153846153846154	2.08888888888889
MEG3	10.1698737450563	0.194954128440367	0.230016313213703	0.403106009453072	0.168567807351077	1.62359550561798	0.294117647058824	3.15	1.60952380952381	0.217391304347826	0.205128205128205	1.13333333333333
ELAVL4	3.50361271676301	0.0275229357798165	0.0530179445350734	0.0931802835921675	0.0506970849176172	0.188202247191011	0.0588235294117647	0.516666666666667	0.133333333333333	0	0.0641025641025641	0.192592592592593
UCHL1	4.8871311226042	0.0779816513761468	0.0993066884176183	0.206617150573937	0.0747782002534854	0.365168539325843	0.0588235294117647	0.7	0.466666666666667	0.130434782608696	0.0512820512820513	0.437037037037037
PCSK1N	4.31601764526924	0.0894495412844037	0.0899265905383361	0.158676569885213	0.0608365019011407	0.160112359550562	0.338235294117647	1.16666666666667	0.39047619047619	0	0.0512820512820513	0.525925925925926
MYCN	2.21775174931549	0.00458715596330275	0.00734094616639478	0.0303848750844024	0.0215462610899873	0.0674157303370786	0.0735294117647059	0.0833333333333333	0.019047619047619	0	0.0128205128205128	0.0444444444444444
EEF1A2	2.77121995740797	0.0389908256880734	0.0365008156606852	0.0654962862930452	0.0304182509505703	0.0533707865168539	0.0147058823529412	0.25	0.0952380952380952	0	0.0256410256410256	0.185185185185185
NPY	8.09062214785519	0.142201834862385	0.251019575856444	0.37204591492235	0.330798479087452	0.48314606741573	0.102941176470588	3.31666666666667	1.01904761904762	0.695652173913043	0.141025641025641	0.622222222222222
MAP1B	5.39507909948281	0.0779816513761468	0.0742251223491028	0.170155300472654	0.073510773130545	1.31460674157303	0.0882352941176471	1.2	1.41904761904762	0.130434782608696	0.0384615384615385	1.31111111111111
PRPH	3.25228171585032	0.0527522935779817	0.067699836867863	0.0958811613774477	0.0367553865652725	0.0730337078651685	0.0588235294117647	0.516666666666667	0.0857142857142857	0.0434782608695652	0.0769230769230769	0.266666666666667
MLLT11	4.58050654091877	0.11697247706422	0.147022838499184	0.173531397704254	0.0861850443599493	0.308988764044944	0.0441176470588235	1.68333333333333	0.276190476190476	0.130434782608696	0.102564102564103	0.214814814814815
BEX1	3.04304837237603	0.0389908256880734	0.0483278955954323	0.103308575286968	0.073510773130545	0.137640449438202	0.0588235294117647	1.38333333333333	0.533333333333333	0.0869565217391304	0.0256410256410256	0.192592592592593
PHOX2B	2.20242622452084	0.0275229357798165	0.0273246329526917	0.049966239027684	0.0228136882129278	0.0842696629213483	0.0147058823529412	0.516666666666667	0.0476190476190476	0	0.0256410256410256	0.118518518518519
GAP43	2.79335260115607	0.0344036697247706	0.067699836867863	0.106009453072248	0.0506970849176172	0.0898876404494382	0.0441176470588235	0.783333333333333	0.39047619047619	0.0434782608695652	0.0897435897435897	0.111111111111111
STMN4	2.73197444478248	0.0596330275229358	0.0630097879282219	0.116812964213369	0.0329531051964512	0.109550561797753	0.0441176470588235	0.666666666666667	0.238095238095238	0.0434782608695652	0.0769230769230769	0.148148148148148
CD24	3.3792592029206	0.0871559633027523	0.0642332789559543	0.106684672518569	0.484157160963245	0.148876404494382	0.147058823529412	0.8	0.0761904761904762	0.0869565217391304	0.0641025641025641	0.140740740740741
CKB	3.09259963492546	0.0688073394495413	0.0650489396411093	0.146522619851452	0.0760456273764259	0.205056179775281	0.176470588235294	0.266666666666667	1.01904761904762	0.130434782608696	0.115384615384615	0.288888888888889
RTN1	4.85735473075753	0.0848623853211009	0.119698205546493	0.667116812964213	0.0785804816223067	0.421348314606742	0.0294117647058824	1.1	0.342857142857143	0.347826086956522	0.0769230769230769	0.451851851851852
HAND2	2.05449498022513	0.0389908256880734	0.0358890701468189	0.0614449696151249	0.026615969581749	0.101123595505618	0.0294117647058824	0.4	0.114285714285714	0.0869565217391304	0.0897435897435897	0.0888888888888889
CCND1	4.54635686035899	0.0711009174311927	0.0978792822185971	0.243754220121539	0.119138149556401	1.05056179775281	0.132352941176471	1.55	1.57142857142857	0.0434782608695652	0.0769230769230769	1.97037037037037
DBH	2.43508518405841	0.0275229357798165	0.0831973898858075	0.0972316002700878	0.0367553865652725	0.0617977528089888	0	0.316666666666667	0.114285714285714	0	0.0769230769230769	0.118518518518519
SYT1	2.0221706723456	0.0137614678899083	0.0277324632952692	0.087103308575287	0.0570342205323194	0.112359550561798	0.0735294117647059	0.383333333333333	0.171428571428571	0.0434782608695652	0	0.214814814814815
HAND2-AS1	1.99471402494676	0.0344036697247706	0.0338499184339315	0.0864280891289669	0.0316856780735108	0.0926966292134832	0.0441176470588235	0.383333333333333	0.133333333333333	0	0.0128205128205128	0.0666666666666667
BASP1	5.26890021296015	0.0963302752293578	0.0658646003262643	0.989196488858879	0.376425855513308	0.356741573033708	0.0882352941176471	1.08333333333333	0.180952380952381	0.695652173913043	0.102564102564103	0.296296296296296
CHGB	2.13910860967448	0.0298165137614679	0.0564845024469821	0.0965563808237677	0.0430925221799747	0.0842696629213483	0.0588235294117647	0.133333333333333	0.0761904761904762	0.0434782608695652	0.0384615384615385	0.0962962962962963
KIF5C	1.87587465774262	0.0298165137614679	0.0401712887438825	0.0573936529372046	0.0240811153358682	0.0421348314606742	0.0441176470588235	0.233333333333333	0.0857142857142857	0	0.0256410256410256	0.22962962962963
MDK	4.62724368725281	0.0940366972477064	0.115415986949429	0.232950708980419	0.134347275031686	1.49157303370787	0.0882352941176471	1.4	3.06666666666667	0.260869565217391	0.102564102564103	1.05925925925926
SCG2	1.68280346820809	0.0275229357798165	0.0273246329526917	0.0526671168129642	0.00887198986058302	0.0786516853932584	0.0294117647058824	0.116666666666667	0.152380952380952	0	0.0128205128205128	0.0666666666666667
TMOD1	1.83834043200487	0.0137614678899083	0.0367047308319739	0.0681971640783255	0.0215462610899873	0.112359550561798	0.0882352941176471	0.266666666666667	0.104761904761905	0	0.0384615384615385	0.140740740740741
ISL1	1.51342409491938	0.0137614678899083	0.0181484502446982	0.037812288993923	0.0190114068441065	0.0280898876404494	0.0294117647058824	0.2	0.0285714285714286	0.0434782608695652	0	0.0592592592592593
SCG5	1.60621387283237	0.0206422018348624	0.0193719412724307	0.0384875084402431	0.0152091254752852	0.160112359550562	0	0.166666666666667	0.266666666666667	0	0.0384615384615385	0.0962962962962963
LINC00682	2.08799817462732	0.0573394495412844	0.0591353996737357	0.0817015530047265	0.0316856780735108	0.117977528089888	0.0441176470588235	1.08333333333333	0.104761904761905	0	0	0.214814814814815
RAMP1	2.09104046242775	0.146788990825688	0.0440456769983687	0.12694125590817	0.0278833967046895	0.258426966292135	0.0147058823529412	0.166666666666667	0.171428571428571	0	0.0641025641025641	0.0592592592592593
TUBB2A	2.99037876483115	0.112385321100917	0.135399673735726	0.149898717083052	0.103929024081115	0.286516853932584	0.0588235294117647	0.35	0.79047619047619	0.0869565217391304	0.0641025641025641	0.22962962962963
CENPV	1.89101003954974	0.0504587155963303	0.0754486133768352	0.0540175557056043	0.0544993662864385	0.0786516853932584	0.0294117647058824	0.45	0.0476190476190476	0.0869565217391304	0.0128205128205128	0.0666666666666667
NCAM1	1.82335716458777	0.169724770642202	0.0344616639477977	0.102633355840648	0.0380228136882129	0.0870786516853933	0.0294117647058824	0.216666666666667	0.485714285714286	0.0869565217391304	0.0128205128205128	0.2
CRMP1	1.57765439610587	0.0206422018348624	0.031810766721044	0.0762997974341661	0.0367553865652725	0.0842696629213483	0.0147058823529412	0.283333333333333	0.152380952380952	0.0869565217391304	0.0256410256410256	0.2
CNTNAP2	2.71254183145726	0.018348623853211	0.0705546492659054	0.230925050641458	0.152091254752852	0.794943820224719	0.117647058823529	0.1	0.6	0	0.0128205128205128	0.777777777777778
HMX1	1.23052935807727	0.0206422018348624	0.0136623164763458	0.0297096556380824	0.0101394169835234	0.0308988764044944	0.0147058823529412	0.0666666666666667	0.123809523809524	0	0.0384615384615385	0.0222222222222222
SOX11	1.549969577122	0.0252293577981651	0.0201876019575856	0.0661715057393653	0.0253485424588086	0.143258426966292	0	0.566666666666667	0.333333333333333	0	0.0256410256410256	0.422222222222222
KIF21A	1.4364161849711	0.0412844036697248	0.0299755301794454	0.0317353139770425	0.026615969581749	0.109550561797753	0.147058823529412	0.483333333333333	0.00952380952380952	0	0.0256410256410256	0.125925925925926
ELAVL3	1.21649680559781	0.018348623853211	0.0126427406199021	0.0236326806212019	0.017743979721166	0.0449438202247191	0.0147058823529412	0.383333333333333	0.0380952380952381	0	0.0128205128205128	0.0740740740740741
TTC9B	1.39154243991482	0.0206422018348624	0.0273246329526917	0.0567184334908845	0.026615969581749	0.0702247191011236	0	0.55	0.0476190476190476	0	0.0384615384615385	0.0740740740740741
RBP1	2.21048828719197	0.0321100917431193	0.0583197389885807	0.142471303173531	0.0443599493029151	0.606741573033708	0.0294117647058824	0.733333333333333	0.257142857142857	0.0869565217391304	0.115384615384615	0.948148148148148
SCG3	1.15177213264375	0.00458715596330275	0.0148858075040783	0.0229574611748818	0.0114068441064639	0.0365168539325843	0	0.233333333333333	0.0285714285714286	0.0434782608695652	0	0.0518518518518519
NBAS	1.65694402190447	0.0458715596330275	0.0407830342577488	0.087103308575287	0.0316856780735108	0.306179775280899	0.0294117647058824	0.266666666666667	0.238095238095238	0.0434782608695652	0.0384615384615385	0.244444444444444
CADM1	1.85921813203529	0.0275229357798165	0.034257748776509	0.176907494935854	0.0481622306717364	0.160112359550562	0.279411764705882	0.15	1.22857142857143	0.217391304347826	0.0256410256410256	0.340740740740741
MAPT	1.3307347125038	0.0114678899082569	0.0277324632952692	0.0506414584740041	0.0215462610899873	0.0898876404494382	0.0294117647058824	0.266666666666667	0.133333333333333	0	0.0256410256410256	0.155555555555556
CHGA	1.34393063583815	0.0137614678899083	0.0305872756933116	0.0607697501688049	0.0342205323193916	0.047752808988764	0	0.3	0.0571428571428571	0	0.0128205128205128	0.125925925925926
NSG1	1.50543808944326	0.0275229357798165	0.0593393148450245	0.0506414584740041	0.0240811153358682	0.0533707865168539	0.0147058823529412	0.316666666666667	0.0952380952380952	0.0434782608695652	0.0256410256410256	0.118518518518519
ZFHX3	2.28738211134773	0.0688073394495413	0.0434339314845024	0.276164753544902	0.0621039290240811	0.615168539325843	0.235294117647059	0.733333333333333	0.276190476190476	0	0.0897435897435897	0.711111111111111
MARCHF11	1.25821417706115	0.0137614678899083	0.0154975530179445	0.0580688723835246	0.0215462610899873	0.0842696629213483	0.0147058823529412	0.566666666666667	0.0571428571428571	0.0434782608695652	0.0128205128205128	0.111111111111111
GNG3	1.4199878308488	0.0298165137614679	0.0471044045676998	0.0668467251856854	0.0430925221799747	0.0280898876404494	0.0147058823529412	0.616666666666667	0.019047619047619	0.0434782608695652	0.0128205128205128	0.0518518518518519
KRT19	1.4378232430788	0.0298165137614679	0.0332381729200652	0.0675219446320054	0.0190114068441065	0.25	0.602941176470588	0.4	0.0666666666666667	0	0	0.037037037037037
NREP	2.25163522969273	0.0871559633027523	0.0935970636215334	0.155975692099932	0.0785804816223067	0.446629213483146	0.0735294117647059	0.733333333333333	0.304761904761905	0.0869565217391304	0.256410256410256	0.777777777777778
NNAT	1.8428278065105	0.0940366972477064	0.0935970636215334	0.100607697501688	0.0709759188846641	0.143258426966292	0.0147058823529412	0.583333333333333	0.342857142857143	0.130434782608696	0.0384615384615385	0.207407407407407
GNAS	12.7589367204138	0.729357798165138	1.06504893964111	1.34166103983795	0.801013941698352	2.17134831460674	1.64705882352941	1.61666666666667	3.25714285714286	1.21739130434783	2.38461538461538	5.80740740740741
RAC3	1.27593550349863	0.0321100917431193	0.0369086460032626	0.0540175557056043	0.0278833967046895	0.0674157303370786	0.0294117647058824	0.2	0.257142857142857	0.0434782608695652	0.0256410256410256	0.125925925925926
STMN1	9.4393063583815	0.557339449541284	0.946574225122349	0.823092505064146	0.917617237008872	0.842696629213483	0.441176470588235	1.81666666666667	1.99047619047619	0.434782608695652	1.42307692307692	1.52592592592593
MAOA	1.13720717979921	0.0160550458715596	0.0199836867862969	0.0506414584740041	0.0139416983523447	0.106741573033708	0.0147058823529412	0.383333333333333	0.0571428571428571	0	0.0512820512820513	0.148148148148148
TMSB15A	1.30088226346212	0.0229357798165138	0.0328303425774878	0.0654962862930452	0.0405576679340938	0.129213483146067	0	0.916666666666667	0.152380952380952	0.0434782608695652	0.0256410256410256	0.133333333333333
TH	1.31700638880438	0.0321100917431193	0.050978792822186	0.0830519918973666	0.017743979721166	0.047752808988764	0.0441176470588235	0.116666666666667	0.114285714285714	0.0434782608695652	0.0512820512820513	0.0962962962962963
GATA3	2.32982202616368	0.277522935779817	0.209624796084829	0.0796758946657664	0.0367553865652725	0.101123595505618	0.0882352941176471	0.716666666666667	0.0666666666666667	0	0.0641025641025641	0.162962962962963
GATA2	1.05730909644052	0.0137614678899083	0.0183523654159869	0.0324105334233626	0.0190114068441065	0.0140449438202247	0.470588235294118	0.266666666666667	0.0380952380952381	0	0.0641025641025641	0.185185185185185
TAGLN3	1.03722999695771	0.0206422018348624	0.0195758564437194	0.0351114112086428	0.017743979721166	0.0337078651685393	0.0147058823529412	0.366666666666667	0.0952380952380952	0.0869565217391304	0.0384615384615385	0.0962962962962963
TUBB	9.753536659568	0.612385321100917	0.838295269168026	1.33490884537475	0.807351077313055	2.31741573033708	0.191176470588235	2.18333333333333	3.08571428571429	0.652173913043478	0.794871794871795	1.99259259259259
NME1	3.05061606327959	0.139908256880734	0.197185970636215	0.340310600945307	0.215462610899873	0.581460674157303	0.0588235294117647	0.466666666666667	1.07619047619048	1	0.205128205128205	0.696296296296296
RBFOX2	1.25935503498631	0.0137614678899083	0.0218189233278956	0.0540175557056043	0.0342205323193916	0.390449438202247	0.0588235294117647	0.2	0.333333333333333	0.0434782608695652	0.0128205128205128	0.481481481481481
SOX4	6.61321113477335	0.394495412844037	0.696982055464927	0.319378798109386	0.548795944233207	1	0.220588235294118	1.08333333333333	2.13333333333333	0.0869565217391304	3	2.38518518518519
PODXL2	1.13336629145117	0.036697247706422	0.0367047308319739	0.0492910195813639	0.0253485424588086	0.0786516853932584	0	0.266666666666667	0.114285714285714	0.130434782608696	0.0512820512820513	0.0740740740740741
MEIS2	1.06221478551871	0.0114678899082569	0.00856443719412724	0.037137069547603	0.0202788339670469	0.300561797752809	0.117647058823529	0.0166666666666667	0.0285714285714286	0	0.0128205128205128	0.422222222222222
NT5DC2	1.21820809248555	0.018348623853211	0.0283442088091354	0.062120189061445	0.0278833967046895	0.379213483146067	0.0294117647058824	0.133333333333333	0.247619047619048	0.0434782608695652	0.0256410256410256	0.192592592592593
GDAP1L1	0.954707940371159	0.00688073394495413	0.0169249592169657	0.0384875084402431	0.0152091254752852	0.050561797752809	0	0.35	0.019047619047619	0	0.0384615384615385	0.0518518518518519
ZNF804A	1.19702616367508	0.018348623853211	0.0293637846655791	0.0992572586090479	0.0519645120405577	0.235955056179775	0.0588235294117647	0.0333333333333333	0.123809523809524	0.0434782608695652	0.0128205128205128	0.177777777777778
PAFAH1B3	1.9942957103742	0.0665137614678899	0.15089722675367	0.161377447670493	0.102661596958175	0.23876404494382	0.102941176470588	0.466666666666667	0.285714285714286	0.0869565217391304	0.0769230769230769	0.288888888888889
RBMS3	1.60967447520535	0.00917431192660551	0.0299755301794454	0.12559081701553	0.0697084917617237	0.769662921348315	0.147058823529412	0.2	1.01904761904762	0.0869565217391304	0.0256410256410256	0.711111111111111
TLCD3B	0.945048676604807	0.0137614678899083	0.0212071778140294	0.0283592167454423	0.017743979721166	0.0646067415730337	0	0.4	0.0285714285714286	0.0869565217391304	0.0128205128205128	0.0444444444444444
RBFOX1	1.67462731974445	0	0.0346655791190865	0.182309250506415	0.250950570342205	0.51123595505618	0.220588235294118	0.0333333333333333	0.495238095238095	0.0869565217391304	0	0.755555555555556
PTMS	4.59853209613629	0.149082568807339	0.198409461663948	0.859554355165429	0.112801013941698	2.37359550561798	0.117647058823529	1.56666666666667	2.56190476190476	0.0434782608695652	0.782051282051282	2.63703703703704
CELF4	0.879829631883176	0.00458715596330275	0.0124388254486134	0.0283592167454423	0.0228136882129278	0.0280898876404494	0.0147058823529412	0.316666666666667	0.0666666666666667	0	0.0256410256410256	0.0962962962962963
GAL	1.12237602677213	0.00229357798165138	0.0120309951060359	0.215395003376097	0.00380228136882129	0.0702247191011236	0	0.116666666666667	0.104761904761905	0.130434782608696	0	0.0740740740740741
ICA1	1.22509126863401	0.0275229357798165	0.0560766721044046	0.0634706279540851	0.0506970849176172	0.120786516853933	0.0882352941176471	0.216666666666667	0.104761904761905	0.130434782608696	0.0256410256410256	0.355555555555556
FABP6	0.8649984788561	0.00688073394495413	0.0122349102773246	0.0310600945307225	0.0164765525982256	0.0561797752808989	0	0.316666666666667	0.019047619047619	0.0869565217391304	0.0128205128205128	0.037037037037037
SNHG29	12.056890781868	0.584862385321101	1.73572593800979	0.923700202565834	0.804816223067174	1.58988764044944	0.0588235294117647	2.95	1.63809523809524	0	1.74358974358974	0.881481481481482
NT5C3B	1.24923942804989	0.0298165137614679	0.057300163132137	0.0668467251856854	0.0342205323193916	0.199438202247191	0.0588235294117647	0.4	0.257142857142857	0	0.0384615384615385	0.259259259259259
MARCKSL1	5.73041527228476	0.311926605504587	0.414559543230016	0.719783929777178	0.828897338403042	1.22191011235955	0.323529411764706	1.6	2.34285714285714	0.608695652173913	1.43589743589744	3.98518518518519
FXYD6	1.20752205658655	0.0206422018348624	0.0265089722675367	0.108710330857529	0.00506970849176172	0.365168539325843	0	0.366666666666667	0.438095238095238	0.0434782608695652	0.0384615384615385	0.37037037037037
NEFM	0.806282324307879	0.00688073394495413	0.0124388254486134	0.0182309250506415	0.00380228136882129	0.0252808988764045	0	0.133333333333333	0.0571428571428571	0.0434782608695652	0.0256410256410256	0.0592592592592593
DPP6	1.14796927289322	0.00458715596330275	0.0285481239804241	0.0972316002700878	0.0595690747782003	0.275280898876405	0.0588235294117647	0.0333333333333333	0.123809523809524	0	0.0128205128205128	0.348148148148148
NXPH1	1.18268938241558	0.00458715596330275	0.0365008156606852	0.114112086428089	0.0722433460076046	0.185393258426966	0.176470588235294	0.0166666666666667	0.20952380952381	0	0.0128205128205128	0.237037037037037
MAB21L1	0.829631883176148	0.00688073394495413	0.0161092985318108	0.024983119513842	0.00760456273764259	0.0280898876404494	0	0.233333333333333	0.0666666666666667	0	0.0256410256410256	0.0518518518518519
RGS5	4.09366443565561	0.0756880733944954	0.108278955954323	0.146522619851452	0.0697084917617237	7.75561797752809	0.102941176470588	0.833333333333333	0.180952380952381	0	0.115384615384615	0.177777777777778
ELAVL2	0.882111347733496	0.00458715596330275	0.0154975530179445	0.0425388251181634	0.0367553865652725	0.0561797752808989	0.0147058823529412	0.233333333333333	0.0952380952380952	0.130434782608696	0.0128205128205128	0.103703703703704
TCEAL7	0.914131426832978	0.0206422018348624	0.0171288743882545	0.0270087778528022	0.0126742712294043	0.162921348314607	0	0.333333333333333	0.361904761904762	0.0869565217391304	0	0.0888888888888889
NRG1	1.3057499239428	0	0.0336460032626427	0.180283592167454	0.0785804816223067	0.359550561797753	0.102941176470588	0.0166666666666667	0.180952380952381	0	0	0.562962962962963
JPT1	5.25555217523578	0.399082568807339	0.483075040783034	1.1985145172181	0.457541191381496	0.50561797752809	0.161764705882353	1.28333333333333	0.542857142857143	0.652173913043478	0.320512820512821	0.740740740740741
C1QTNF4	0.852220870094311	0.00917431192660551	0.015089722675367	0.0337609723160027	0.0152091254752852	0.140449438202247	0	0.183333333333333	0.161904761904762	0	0.0128205128205128	0.0592592592592593
ENO2	1.08704745968969	0.0137614678899083	0.0507748776508972	0.0925050641458474	0.0291508238276299	0.0730337078651685	0.0147058823529412	0.25	0.123809523809524	0.0869565217391304	0.0769230769230769	0.125925925925926
TFAP2B	0.74528445390934	0.00688073394495413	0.00978792822185971	0.0209318028359217	0.00126742712294043	0.0393258426966292	0.0441176470588235	0.05	0.0285714285714286	0.130434782608696	0	0.0296296296296296
H1-0	1.20664739884393	0.0389908256880734	0.0358890701468189	0.12221471978393	0.0215462610899873	0.351123595505618	0.102941176470588	0.266666666666667	0.39047619047619	0	0.128205128205128	0.340740740740741
CHRNA3	0.798790690599331	0.00917431192660551	0.017536704730832	0.0357866306549629	0.00887198986058302	0.0224719101123595	0	0.0833333333333333	0.0285714285714286	0	0.0384615384615385	0.0444444444444444
INA	0.806586553087922	0.018348623853211	0.0177406199021207	0.0337609723160027	0.00760456273764259	0.0280898876404494	0	0.25	0.0476190476190476	0	0.0256410256410256	0.00740740740740741
MAP2	0.932727411013082	0.00688073394495413	0.0185562805872757	0.049966239027684	0.0329531051964512	0.221910112359551	0.0147058823529412	0.2	0.2	0.0869565217391304	0.0384615384615385	0.140740740740741
NEFL	0.755019774870703	0.00688073394495413	0.0138662316476346	0.0216070222822417	0.0101394169835234	0.0224719101123595	0.0147058823529412	0.166666666666667	0.0285714285714286	0.0869565217391304	0	0.0222222222222222
TWIST1	0.739504107088531	0.00229357798165138	0.00224306688417618	0.00810263335584065	0.0101394169835234	0.196629213483146	0	0.2	0.0380952380952381	0.0434782608695652	0	0.0296296296296296
SORBS2	1.11260267721326	0.00917431192660551	0.0232463295269168	0.0722484807562458	0.0621039290240811	0.390449438202247	0.323529411764706	0.116666666666667	0.40952380952381	0	0	0.525925925925926
SNHG14	1.00479160328567	0.036697247706422	0.0515905383360522	0.0432140445644835	0.0380228136882129	0.047752808988764	0.0147058823529412	0.166666666666667	0.0666666666666667	0	0.128205128205128	0.22962962962963
GNG4	0.806510495892911	0.0114678899082569	0.0173327895595432	0.0398379473328832	0.0202788339670469	0.047752808988764	0.0294117647058824	0.15	0.0285714285714286	0.0869565217391304	0	0.0814814814814815
DCX	0.796661089139033	0.00688073394495413	0.0157014681892333	0.037812288993923	0.0126742712294043	0.0449438202247191	0	0.433333333333333	0.0285714285714286	0	0	0.0888888888888889
ALCAM	1.09381655004563	0.00229357798165138	0.0232463295269168	0.185010128291695	0.064638783269962	0.134831460674157	0.0735294117647059	0.233333333333333	0.2	0	0.102564102564103	0.148148148148148
SNAP25	0.808944326133252	0.0252293577981651	0.0171288743882545	0.0405131667792032	0.0126742712294043	0.0786516853932584	0.0294117647058824	0.133333333333333	0.0857142857142857	0.0434782608695652	0.0384615384615385	0.0592592592592593
PEG10	0.859826589595376	0.0160550458715596	0.0169249592169657	0.0256583389601621	0.0773130544993663	0.0926966292134832	0	0.133333333333333	0.438095238095238	0.0869565217391304	0.0128205128205128	0.0962962962962963
AUTS2	2.05844995436568	0.153669724770642	0.159461663947798	0.187711006076975	0.197718631178707	0.691011235955056	0.220588235294118	0.166666666666667	0.447619047619048	0.0434782608695652	0.102564102564103	0.762962962962963
MYL6B	1.63119866139337	0.0642201834862385	0.109298531810767	0.141120864280891	0.163498098859316	0.393258426966292	0.102941176470588	0.466666666666667	0.514285714285714	0.304347826086957	0.397435897435897	0.311111111111111
NTRK1	0.736918162458169	0.0137614678899083	0.0154975530179445	0.0297096556380824	0.00887198986058302	0.00842696629213483	0.0588235294117647	0.0166666666666667	0.0666666666666667	0	0.0256410256410256	0.0222222222222222
PRCD	0.80985701247338	0.0389908256880734	0.0199836867862969	0.037137069547603	0.0278833967046895	0.0561797752808989	0	0.316666666666667	0.0285714285714286	0.0434782608695652	0.0256410256410256	0.0296296296296296
BEX3	2.94272893215698	0.0871559633027523	0.228588907014682	0.348413234301148	0.0937896070975919	1.47752808988764	0.470588235294118	0.833333333333333	1.7047619047619	0.130434782608696	0.102564102564103	1.85185185185185
SPOCK1	0.78407362336477	0.00688073394495413	0.0120309951060359	0.0364618501012829	0.0164765525982256	0.140449438202247	0.0441176470588235	0.0666666666666667	0.104761904761905	0	0	0.148148148148148
ARC	0.760039549741406	0.00458715596330275	0.00856443719412724	0.0445644834571236	0.00633713561470215	0.103932584269663	0	0.3	0.0857142857142857	0	0	0.0962962962962963
SCN9A	0.836553087922117	0.0114678899082569	0.0165171288743883	0.0634706279540851	0.017743979721166	0.0449438202247191	0.0441176470588235	0.0333333333333333	0.228571428571429	0.0434782608695652	0.320512820512821	0.177777777777778
DUSP26	0.686226041983572	0.00917431192660551	0.0112153344208809	0.0182309250506415	0.00506970849176172	0.0196629213483146	0.0441176470588235	0.0833333333333333	0.019047619047619	0.0434782608695652	0.0128205128205128	0.00740740740740741
NYAP2	0.744523881959233	0.0229357798165138	0.0130505709624796	0.0344361917623228	0.0164765525982256	0.0758426966292135	0	0.1	0.019047619047619	0.0434782608695652	0.0128205128205128	0.0666666666666667
C1QL1	0.70364313964101	0.00917431192660551	0.0114192495921697	0.0202565833896016	0.0114068441064639	0.0365168539325843	0	0.183333333333333	0.219047619047619	0	0	0.00740740740740741
H2AW	1.15694402190447	0.0825688073394495	0.093189233278956	0.0681971640783255	0.026615969581749	0.0870786516853933	0.176470588235294	0.366666666666667	0.161904761904762	0.0434782608695652	0	0.0592592592592593
ADGRB3	1.0635838150289	0.00917431192660551	0.0220228384991843	0.12559081701553	0.055766793409379	0.23876404494382	0.132352941176471	0.0666666666666667	1.05714285714286	0	0	0.385185185185185
KIF1A	0.70193185275327	0.018348623853211	0.0128466557911909	0.0297096556380824	0.0139416983523447	0.0140449438202247	0.0294117647058824	0.133333333333333	0.0476190476190476	0	0.0256410256410256	0.0592592592592593
BEX2	1.35948433221783	0.149082568807339	0.1413132137031	0.0479405806887238	0.0785804816223067	0.0561797752808989	0.117647058823529	0.466666666666667	0.0666666666666667	0	0.153846153846154	0.125925925925926
FAIM2	0.680483723760268	0.00688073394495413	0.0118270799347471	0.0256583389601621	0.00760456273764259	0.0393258426966292	0	0.1	0.0571428571428571	0	0.0128205128205128	0.037037037037037
SEZ6L2	0.684666869485853	0.00229357798165138	0.00774877650897227	0.024983119513842	0.0114068441064639	0.115168539325843	0	0.1	0.0857142857142857	0	0	0.037037037037037
APLP1	0.703681168238515	0.0160550458715596	0.0154975530179445	0.0297096556380824	0.0114068441064639	0.050561797752809	0.0147058823529412	0.15	0.0666666666666667	0	0.0128205128205128	0.037037037037037
ANK2	0.840736233647703	0.00458715596330275	0.0179445350734095	0.0580688723835246	0.0228136882129278	0.26685393258427	0.0735294117647059	0.0166666666666667	0.371428571428571	0	0	0.17037037037037
KLHL23	0.769090355947673	0.0458715596330275	0.0161092985318108	0.0222822417285618	0.0215462610899873	0.26685393258427	0.0294117647058824	0.1	0.0571428571428571	0	0	0.0592592592592593
CENPF	1.02688621843626	0.0848623853211009	0.0699429037520392	0.0560432140445645	0.073510773130545	0.0955056179775281	0	0.0666666666666667	0.161904761904762	0	0.0128205128205128	0.148148148148148
RGS4	0.672231518101612	0.00458715596330275	0.00774877650897227	0.0202565833896016	0.00633713561470215	0.143258426966292	0.0147058823529412	0.116666666666667	0.0380952380952381	0	0.0256410256410256	0.0518518518518519
FSCN1	1.34978703985397	0.0275229357798165	0.0428221859706362	0.262660364618501	0.0291508238276299	0.193820224719101	0.0294117647058824	0.233333333333333	0.704761904761905	0	0.0512820512820513	1.65925925925926
PRDX2	3.62017036811682	0.295871559633028	0.531810766721044	0.291694800810263	0.195183776932826	0.820224719101124	0.323529411764706	1.23333333333333	0.771428571428571	0.782608695652174	0.243589743589744	0.888888888888889
LINC00632	0.694402190447216	0.0160550458715596	0.00999184339314845	0.0202565833896016	0.00887198986058302	0.0955056179775281	0.0147058823529412	0.216666666666667	0.352380952380952	0	0.0128205128205128	0.0296296296296296
EBF1	1.18759507149376	0.0137614678899083	0.0256933115823817	0.0884537474679271	0.202788339670469	0.839887640449438	0.0735294117647059	0.0833333333333333	0.142857142857143	0.173913043478261	0	0.540740740740741
DPYSL3	0.832065713416489	0.0229357798165138	0.0179445350734095	0.0432140445644835	0.00887198986058302	0.292134831460674	0	0.216666666666667	0.20952380952381	0	0.0256410256410256	0.407407407407407
TMEM59L	0.683259811378156	0.00688073394495413	0.0130505709624796	0.0283592167454423	0.0152091254752852	0.0533707865168539	0.0441176470588235	0.133333333333333	0.104761904761905	0.0434782608695652	0.0128205128205128	0.0666666666666667
DLC1	1.30050197748707	0.0114678899082569	0.0293637846655791	0.12626603646185	0.0608365019011407	0.938202247191011	0.176470588235294	0.0166666666666667	0.942857142857143	0	0.0128205128205128	1.06666666666667
TLN2	0.711400973532096	0.00458715596330275	0.0103996737357259	0.0418636056718433	0.0215462610899873	0.112359550561798	0.0735294117647059	0.0333333333333333	0.133333333333333	0	0.0128205128205128	0.125925925925926
FAM155A	0.970147550958321	0.00229357798165138	0.0199836867862969	0.116812964213369	0.0519645120405577	0.278089887640449	0.147058823529412	0.05	0.19047619047619	0	0	0.762962962962963
DLK1	0.611309704898083	0.00229357798165138	0.00550570962479608	0.0087778528021607	0.00633713561470215	0.0393258426966292	0.0735294117647059	0.216666666666667	0	0	0	0.0518518518518519
CNTN1	0.762511408579252	0.0137614678899083	0.016721044045677	0.0607697501688049	0.0342205323193916	0.106741573033708	0.0294117647058824	0.116666666666667	0.114285714285714	0	0.0128205128205128	0.148148148148148
AL391807.1	0.592789777912991	0.00688073394495413	0.00632137030995106	0.0108035111411209	0.00506970849176172	0.00842696629213483	0	0.0333333333333333	0	0	0.0384615384615385	0.00740740740740741
TUSC3	0.842409491937937	0.0160550458715596	0.0242659053833605	0.0432140445644835	0.0114068441064639	0.317415730337079	0.0294117647058824	0.2	0.352380952380952	0.0434782608695652	0	0.192592592592593
PFN2	0.761636750836629	0.0252293577981651	0.016721044045677	0.0222822417285618	0.0114068441064639	0.297752808988764	0.0441176470588235	0.15	0.228571428571429	0	0.0256410256410256	0.0518518518518519
HDAC2	1.5978475813812	0.107798165137615	0.139477977161501	0.205941931127616	0.107731305449937	0.292134831460674	0.0588235294117647	0.483333333333333	0.514285714285714	0.173913043478261	0.179487179487179	0.533333333333333
CBX1	1.32362336477031	0.0802752293577982	0.100326264274062	0.140445644834571	0.110266159695817	0.27247191011236	0.117647058823529	0.316666666666667	0.40952380952381	0.130434782608696	0.0384615384615385	0.333333333333333
UBE2C	1.01338606632187	0.0298165137614679	0.0713703099510604	0.0675219446320054	0.126742712294043	0.109550561797753	0.0588235294117647	0.216666666666667	0.0285714285714286	0	0.0384615384615385	0.0518518518518519
PCP4	0.595413751140858	0.00458715596330275	0.00570962479608483	0.0175557056043214	0	0.00561797752808989	0.0147058823529412	0.0833333333333333	0.0761904761904762	0	0.0384615384615385	0.0444444444444444
VSTM2A	0.65549893519927	0.00688073394495413	0.0130505709624796	0.0330857528696826	0.0190114068441065	0.0393258426966292	0	0.216666666666667	0	0	0.0128205128205128	0.0222222222222222
ENAH	0.782628536659568	0.0160550458715596	0.0122349102773246	0.0364618501012829	0.0354879594423321	0.367977528089888	0.0294117647058824	0.116666666666667	0.219047619047619	0.0434782608695652	0.0128205128205128	0.214814814814815
PCBP4	0.828719196836021	0.0275229357798165	0.0367047308319739	0.0398379473328832	0.0215462610899873	0.129213483146067	0.0294117647058824	0.1	0.533333333333333	0.130434782608696	0.0256410256410256	0.192592592592593
TTC3	2.63800578034682	0.181192660550459	0.291394779771615	0.334233625928427	0.332065906210393	0.724719101123595	0.117647058823529	0.816666666666667	1.05714285714286	0.565217391304348	0.58974358974359	0.844444444444444
DDC	0.63971706723456	0.0114678899082569	0.0169249592169657	0.0276839972991222	0.00760456273764259	0.0224719101123595	0.0147058823529412	0.0666666666666667	0.0476190476190476	0	0.0128205128205128	0.0666666666666667
GNAO1	0.618192881046547	0.0137614678899083	0.0146818923327896	0.0216070222822417	0.0101394169835234	0.0252808988764045	0	0.1	0	0	0	0.0296296296296296
PLPPR3	0.573737450562823	0.0114678899082569	0.0065252854812398	0.0162052667116813	0.00506970849176172	0.0168539325842697	0	0.0666666666666667	0	0	0	0.0296296296296296
YWHAE	3.23919987830849	0.279816513761468	0.293637846655791	0.681971640783255	0.318124207858048	1.08426966292135	0.338235294117647	0.683333333333333	2.16190476190476	0.956521739130435	0.512820512820513	1.54074074074074
PCLO	0.638956495284454	0.00458715596330275	0.0124388254486134	0.0330857528696826	0.0202788339670469	0.0533707865168539	0	0.0166666666666667	0.123809523809524	0	0.0128205128205128	0.125925925925926
MYT1L	0.669075144508671	0.0206422018348624	0.0157014681892333	0.0425388251181634	0.0253485424588086	0.0646067415730337	0.0735294117647059	0.1	0.0380952380952381	0	0	0.111111111111111
CAMK2B	0.599863097048981	0.0114678899082569	0.0101957585644372	0.0270087778528022	0.0152091254752852	0.00842696629213483	0.0147058823529412	0.0833333333333333	0.019047619047619	0	0.0128205128205128	0.0592592592592593
IL7	0.712693945847277	0.00458715596330275	0.0187601957585644	0.0573936529372046	0.0456273764258555	0.115168539325843	0.0294117647058824	0.116666666666667	0.0666666666666667	0	0.0128205128205128	0.155555555555556
DBN1	0.802745664739884	0.0114678899082569	0.0295676998368679	0.0364618501012829	0.0228136882129278	0.196629213483146	0.0147058823529412	0.116666666666667	0.514285714285714	0	0.0128205128205128	0.488888888888889
TENM3	0.807993611195619	0.00458715596330275	0.0163132137030995	0.0681971640783255	0.0316856780735108	0.193820224719101	0.161764705882353	0.0166666666666667	0.990476190476191	0.0434782608695652	0	0.266666666666667
CNTFR	0.58921508974749	0.00688073394495413	0.00938009787928222	0.0263335584064821	0.00887198986058302	0.0365168539325843	0.0441176470588235	0.15	0.0380952380952381	0	0	0.0148148148148148
NSG2	0.626597201095224	0.00688073394495413	0.0161092985318108	0.0297096556380824	0.0126742712294043	0.0393258426966292	0.0294117647058824	0.15	0.019047619047619	0.0434782608695652	0.0128205128205128	0.111111111111111
SYT11	0.7664283541223	0.036697247706422	0.0273246329526917	0.0648210668467252	0.026615969581749	0.101123595505618	0	0.216666666666667	0.4	0.0434782608695652	0.0128205128205128	0.2
SIX3	0.546965317919075	0.00229357798165138	0.00367047308319739	0.0175557056043214	0.00887198986058302	0.00842696629213483	0	0.216666666666667	0	0	0	0.0592592592592593
MACROH2A2	0.707484027989048	0.018348623853211	0.0299755301794454	0.0546927751519244	0.0126742712294043	0.0702247191011236	0.0294117647058824	0.183333333333333	0.152380952380952	0	0.0128205128205128	0.0444444444444444
QDPR	1.03380742318223	0.0619266055045872	0.0705546492659054	0.164753544902093	0.0329531051964512	0.117977528089888	0.0441176470588235	0.283333333333333	0.266666666666667	0.0869565217391304	0.230769230769231	0.140740740740741
MEX3A	0.568755704289626	0.00688073394495413	0.00570962479608483	0.0155300472653612	0.00633713561470215	0.0421348314606742	0	0.15	0.133333333333333	0	0.0128205128205128	0.111111111111111
PKIB	0.69892759355035	0.00917431192660551	0.0148858075040783	0.110735989196489	0.0114068441064639	0.0224719101123595	0	0.183333333333333	0.19047619047619	0.0434782608695652	0.0384615384615385	0.0518518518518519
C14orf132	0.601688469729236	0.018348623853211	0.0142740619902121	0.0216070222822417	0.00380228136882129	0.0365168539325843	0	0.116666666666667	0.152380952380952	0	0.0256410256410256	0.0888888888888889
MARCKS	4.10933221782781	0.0573394495412844	0.0685154975530179	2.07022282241729	0.192648922686946	1.96910112359551	0.117647058823529	0.866666666666667	4.11428571428571	0.347826086956522	0.0897435897435897	3.14074074074074
KCNQ5	0.829936111956191	0.0321100917431193	0.0287520391517129	0.0817015530047265	0.103929024081115	0.264044943820225	0.132352941176471	0.0166666666666667	0.161904761904762	0	0	0.207407407407407
ATAT1	0.653939762701552	0.0321100917431193	0.0203915171288744	0.037812288993923	0.0240811153358682	0.0758426966292135	0.0441176470588235	0.133333333333333	0.123809523809524	0.0869565217391304	0.0128205128205128	0.0888888888888889
CTNNA2	0.685351384240949	0	0.0130505709624796	0.0742741390952059	0.0278833967046895	0.137640449438202	0.117647058823529	0.0166666666666667	0.142857142857143	0	0	0.237037037037037
HDGFL3	0.802023121387283	0.0711009174311927	0.0456769983686786	0.0344361917623228	0.0139416983523447	0.196629213483146	0.0147058823529412	0.133333333333333	0.228571428571429	0	0.0512820512820513	0.377777777777778
LRRN3	0.821417706114998	0.00688073394495413	0.0811582381729201	0.0276839972991222	0.0114068441064639	0.0589887640449438	0.0294117647058824	0.133333333333333	0.104761904761905	0.0434782608695652	0.0256410256410256	0.0666666666666667
DPYSL2	1.32609522360815	0.0435779816513761	0.050163132137031	0.341661039837947	0.0443599493029151	0.570224719101124	0.0735294117647059	0.516666666666667	0.285714285714286	0.0869565217391304	0.371794871794872	1.04444444444444
MXRA7	0.798980833586857	0.0642201834862385	0.0346655791190865	0.0351114112086428	0.0126742712294043	0.311797752808989	0.0441176470588235	0.116666666666667	0.228571428571429	0	0.0512820512820513	0.488888888888889
LAPTM4B	0.76756921204746	0.0160550458715596	0.0287520391517129	0.0243079000675219	0.0240811153358682	0.300561797752809	0.0147058823529412	0.183333333333333	0.4	0	0.0384615384615385	0.466666666666667
DST	1.3664435655613	0.018348623853211	0.0289559543230016	0.301823092505064	0.0304182509505703	0.702247191011236	0.117647058823529	0.116666666666667	3.3047619047619	0.0434782608695652	0.205128205128205	0.503703703703704
ZNF428	2.32541070885306	0.227064220183486	0.318719412724307	0.2559081701553	0.192648922686946	0.682584269662921	0.0735294117647059	0.666666666666667	0.961904761904762	0.391304347826087	0.474358974358974	0.822222222222222
NBEA	0.668048372376027	0.00917431192660551	0.0181484502446982	0.0580688723835246	0.0291508238276299	0.137640449438202	0.0147058823529412	0.1	0.123809523809524	0.0434782608695652	0.0384615384615385	0.118518518518519
NOVA1	0.579517797383633	0.00458715596330275	0.00795269168026101	0.012829169480081	0.00380228136882129	0.129213483146067	0.0147058823529412	0.216666666666667	0.161904761904762	0	0	0.17037037037037
SCN3B	0.548258290234256	0.0206422018348624	0.0083605220228385	0.0243079000675219	0.0114068441064639	0.0224719101123595	0.0147058823529412	0.0333333333333333	0	0.130434782608696	0.0384615384615385	0.0444444444444444
TOP2A	0.835412229996958	0.0435779816513761	0.0679037520391517	0.0567184334908845	0.0747782002534854	0.0674157303370786	0	0.15	0.0285714285714286	0.0434782608695652	0.0128205128205128	0.0888888888888889
TSHZ2	1.1478551871007	0.0137614678899083	0.0681076672104405	0.0654962862930452	0.0494296577946768	1.10674157303371	0.25	0.0833333333333333	0.0666666666666667	0.0434782608695652	0	0.807407407407407
SLC25A4	0.77293124429571	0.0412844036697248	0.0379282218597064	0.0465901417960837	0.0747782002534854	0.134831460674157	0.264705882352941	0.0833333333333333	0.123809523809524	0.304347826086957	0.102564102564103	0.162962962962963
GNLY	0.0101536355339215	14.75	0.726141924959217	0.0648210668467252	0.0380228136882129	0.0533707865168539	0.0147058823529412	0.0333333333333333	0.0285714285714286	0.0869565217391304	0.0128205128205128	0.0296296296296296
NKG7	0.0101156069364162	8.55275229357798	1.20432300163132	0.268737339635381	0.0316856780735108	0.050561797752809	0.0294117647058824	0.0333333333333333	0.0666666666666667	0.130434782608696	0.243589743589744	0.0222222222222222
XCL2	0.00152114390021296	2.18577981651376	0.196574225122349	0.00405131667792032	0.00253485424588086	0	0	0	0.0285714285714286	0	0	0
KLRD1	0.0159720109522361	2.06422018348624	0.140089722675367	0.00337609723160027	0.00760456273764259	0.0168539325842697	0.0147058823529412	0	0.0285714285714286	0.0869565217391304	0	0.037037037037037
GZMB	0.00277608761788865	2.40596330275229	0.214722675367047	0.0195813639432816	0.0190114068441065	0.00280898876404494	0	0	0.019047619047619	0	12.8589743589744	0
KLRC1	0.00186340127776088	1.53440366972477	0.0489396411092985	0.000675219446320054	0.00253485424588086	0	0	0	0	0	0	0
KLRB1	0.00787191968360207	4.35321100917431	1.32707993474715	0.0303848750844024	0.0215462610899873	0.0308988764044944	0.0294117647058824	0	0.123809523809524	0.173913043478261	0.0512820512820513	0.0222222222222222
CTSW	0.00304228780042592	2.29587155963303	0.450040783034258	0.012829169480081	0.00760456273764259	0.0112359550561798	0.0882352941176471	0	0.0380952380952381	0.0434782608695652	0.0641025641025641	0
XCL1	0.00414511712808032	1.69266055045872	0.160277324632953	0.00540175557056043	0	0.00280898876404494	0	0	0.019047619047619	0	0.0128205128205128	0
CST7	0.00353665956799513	2.41743119266055	0.61684339314845	0.154625253207292	0.0152091254752852	0.0112359550561798	0.0147058823529412	0.0166666666666667	0.0380952380952381	0	0.0256410256410256	0.00740740740740741
CCL4	0.0250988743535138	11.3050458715596	2.04180261011419	11.5205941931128	0.115335868187579	0.0561797752808989	0.0441176470588235	0.0833333333333333	0.0857142857142857	0.173913043478261	1.32051282051282	0.037037037037037
TRDC	0.00216763005780347	1.64449541284404	0.268352365415987	0.00472653612424038	0.00760456273764259	0.0196629213483146	0	0	0.0571428571428571	0	0.0384615384615385	0.00740740740740741
AREG	0.00254791603285671	2.71330275229358	0.380505709624796	1.97164078325456	0.333333333333333	0.0308988764044944	0.382352941176471	0	0.019047619047619	0.565217391304348	4.08974358974359	0
KLRF1	0.000456343170063888	0.947247706422018	0.00632137030995106	0.00675219446320054	0.00126742712294043	0	0	0	0.00952380952380952	0.0869565217391304	0.0128205128205128	0
CMC1	0.255590203833283	3.29357798165138	0.16557911908646	0.224848075624578	0.0608365019011407	0.23314606741573	0.0588235294117647	0.1	0.323809523809524	0.173913043478261	0.256410256410256	0.266666666666667
HOPX	0.0101536355339215	1.30275229357798	0.17699836867863	0.00607697501688049	0.252217997465146	0.317415730337079	0.0441176470588235	0.0166666666666667	0	0	0.0128205128205128	0.0444444444444444
CLIC3	0.00201551566778217	1.16743119266055	0.139274061990212	0.0148548278190412	0.00506970849176172	0.0308988764044944	0	0	0	0.0434782608695652	3.62820512820513	0.037037037037037
PRF1	0.000684514755095832	0.988532110091743	0.109502446982055	0.00607697501688049	0	0.00561797752808989	0	0.0166666666666667	0	0	0	0
CCL5	0.0185199269850928	5.49770642201835	3.32463295269168	0.238352464550979	0.0519645120405577	0.050561797752809	0.117647058823529	0.0833333333333333	0.0761904761904762	0.0434782608695652	0.0641025641025641	0.037037037037037
CD7	0.00946912077882568	3.18119266055046	1.9276101141925	0.037812288993923	0.0532319391634981	0.050561797752809	0	0.183333333333333	0.0666666666666667	0.0869565217391304	0.179487179487179	0.00740740740740741
GZMA	0.00471554609066018	1.99082568807339	0.997756933115824	0.0175557056043214	0.00633713561470215	0.00280898876404494	0	0.0166666666666667	0	0.0434782608695652	0	0.00740740740740741
METRNL	0.032742622452084	1.38761467889908	0.160889070146819	0.679270762997974	0.0430925221799747	0.0926966292134832	0.0147058823529412	0	0.133333333333333	0	0.448717948717949	0.177777777777778
FGFBP2	0.00231974444782476	0.722477064220184	0.0864600326264274	0.000675219446320054	0	0	0	0	0.00952380952380952	0	0	0
MATK	0.0148311530270764	0.873853211009174	0.194331158238173	0.0276839972991222	0.0114068441064639	0	0	0.0166666666666667	0.019047619047619	0	0	0.0148148148148148
DUSP2	0.0511484636446608	3.87614678899083	1.90844208809135	3.4983119513842	0.963244613434727	0.117977528089888	0.0294117647058824	0.05	0.0666666666666667	0.391304347826087	2.1025641025641	0.0148148148148148
IFITM2	0.0157438393672041	2.6743119266055	1.29792006525285	1.52059419311276	0.527249683143219	2.50561797752809	0.294117647058824	0.116666666666667	0.904761904761905	0.304347826086957	0.58974358974359	2.17777777777778
IL2RB	0.00152114390021296	0.688073394495413	0.145595432300163	0.00337609723160027	0.00380228136882129	0.0421348314606742	0	0	0	0.0434782608695652	0.0128205128205128	0
HCST	0.0132719805293581	2.51605504587156	1.57402120717781	1.56178257933828	0.124207858048162	0.0365168539325843	0.0588235294117647	0.15	0.00952380952380952	0.0869565217391304	1.58974358974359	0.0296296296296296
SYTL3	0.0135762093094007	0.809633027522936	0.218189233278956	0.0472653612424038	0.00506970849176172	0.00561797752808989	0.0147058823529412	0	0.00952380952380952	0.0434782608695652	0.0512820512820513	0.0222222222222222
CD69	0.00749163370854883	2.1743119266055	1.54200652528548	0.185010128291695	2.61723700887199	0.00842696629213483	0.911764705882353	0.133333333333333	0.0761904761904762	0.217391304347826	0.320512820512821	0.0518518518518519
CD247	0.0074536051110435	0.855504587155963	0.468597063621533	0.00607697501688049	0.0114068441064639	0.00561797752808989	0	0.0833333333333333	0.00952380952380952	0.0434782608695652	0.0384615384615385	0.00740740740740741
SLA	0.00463948889564953	0.738532110091743	0.308931484502447	0.274814314652262	0.073510773130545	0.0140449438202247	0	0.0166666666666667	0	0	0.0256410256410256	0.0222222222222222
GZMH	0.00155917249771828	0.692660550458716	0.369086460032626	0.00675219446320054	0.00760456273764259	0.00561797752808989	0	0.0166666666666667	0	0	0.0384615384615385	0.00740740740740741
SPON2	0.00376483115302708	0.529816513761468	0.0709624796084829	0.0141796083727211	0.0202788339670469	0.789325842696629	0	0.0166666666666667	0.171428571428571	0	0.282051282051282	0
REL	0.118611195619106	1.79587155963303	0.703915171288744	1.10330857528697	1.06717363751584	0.205056179775281	0.441176470588235	0.0166666666666667	0.0571428571428571	0	1.80769230769231	0.177777777777778
RUNX3	0.0020535442652875	0.740825688073395	0.359298531810767	0.185010128291695	0.121673003802281	0.00842696629213483	0.0294117647058824	0.0166666666666667	0.171428571428571	0.0869565217391304	0.166666666666667	0.0222222222222222
CEMIP2	0.0165424399148159	0.848623853211009	0.436378466557912	0.116812964213369	0.166032953105196	0.0926966292134832	0.0147058823529412	0	0	0	0.0128205128205128	0.525925925925926
GPR65	0.00125494371767569	0.729357798165138	0.279771615008157	0.37137069547603	0.152091254752852	0.0224719101123595	0.397058823529412	0	0.019047619047619	0.0434782608695652	1.62820512820513	0.0148148148148148
NR4A2	0.0190523273501673	1.71100917431193	0.87989396411093	2.10128291694801	0.888466413181242	0.441011235955056	0.294117647058824	0.05	0.466666666666667	1.17391304347826	2.65384615384615	0.17037037037037
SRGN	0.0251369029510192	4.33715596330275	2.63172920065253	9.30587440918298	0.35234474017744	0.367977528089888	2.19117647058824	0.0666666666666667	0.0952380952380952	1.17391304347826	7.82051282051282	0.62962962962963
ADGRE5	0.00699726194097962	0.740825688073395	0.387030995106036	0.270762997974342	0.128010139416984	0.117977528089888	0.0147058823529412	0.0333333333333333	0.161904761904762	0.130434782608696	0.358974358974359	0.103703703703704
TNFRSF18	0.00114085792515972	0.44954128440367	0.147226753670473	0.00810263335584065	0.017743979721166	0.00280898876404494	0.0588235294117647	0	0.00952380952380952	0	0.0769230769230769	0.0222222222222222
FOSL2	0.020193185275327	0.770642201834862	0.31810766721044	0.674544226873734	0.0278833967046895	0.199438202247191	0.279411764705882	0.0333333333333333	0.152380952380952	0.0869565217391304	1.26923076923077	0.422222222222222
CCL4L2	0.0192804989351993	2.88761467889908	0.888254486133768	9.88791357191087	0.0506970849176172	0.0337078651685393	0.0588235294117647	0.0166666666666667	0.019047619047619	0.217391304347826	5.35897435897436	0.0296296296296296
GADD45B	0.0190903559476726	1.8348623853211	0.726345840130506	3.92167454422687	1.17110266159696	1.4185393258427	1.73529411764706	0.0166666666666667	1.39047619047619	0.956521739130435	1.32051282051282	1.15555555555556
MAP3K8	0.006807118953453	0.619266055045872	0.11684339314845	0.823092505064146	0.215462610899873	0.165730337078652	0.0441176470588235	0	0.0285714285714286	0.173913043478261	1	0.00740740740740741
GZMM	0.00406905993306967	0.747706422018349	0.647430668841762	0.0108035111411209	0.0190114068441065	0.00842696629213483	0	0.0666666666666667	0	0.0434782608695652	0	0.00740740740740741
TYROBP	0.023235473075753	3.14908256880734	0.115619902120718	13.9000675219446	0.064638783269962	0.115168539325843	1.54411764705882	0.05	0.0761904761904762	0.173913043478261	6.76923076923077	0.0444444444444444
TNFAIP3	0.0128156373592942	1.81651376146789	1.64763458401305	2.10060769750169	0.173637515842839	0.311797752808989	0.176470588235294	0.0666666666666667	0.180952380952381	1.34782608695652	0.307692307692308	0.214814814814815
GZMK	0.00334651658046851	0.912844036697248	0.935358890701468	0.0087778528021607	0.0164765525982256	0.00280898876404494	0	0.0166666666666667	0.00952380952380952	0.130434782608696	0.0128205128205128	0
APOBEC3G	0.0168086400973532	0.596330275229358	0.282014681892333	0.133693450371371	0.125475285171103	0.0898876404494382	0	0.0166666666666667	0.180952380952381	0.347826086956522	0.0897435897435897	0.0592592592592593
PYHIN1	0.00152114390021296	0.426605504587156	0.174959216965742	0.00742741390952059	0.0342205323193916	0.00280898876404494	0	0.0166666666666667	0.00952380952380952	0	0	0.0148148148148148
IRF1	0.0933602068755704	1.23394495412844	0.644168026101142	0.742741390952059	0.615969581749049	0.558988764044944	0.470588235294118	0	0.447619047619048	1	0.653846153846154	0.792592592592593
FCGR3A	0.00349863097048981	0.582568807339449	0.0187601957585644	1.41796083727211	0.00633713561470215	0.0196629213483146	0	0	0	0.0434782608695652	0.0128205128205128	0
ISG20	0.0144888956495284	1.29357798165138	1.16455954323002	0.480081026333558	1.47401774397972	0.109550561797753	0.0147058823529412	0.15	0.104761904761905	3.47826086956522	0.82051282051282	0.911111111111111
PLAC8	0.00501977487070277	0.841743119266055	0.518352365415987	0.615124915597569	0.619771863117871	0.0224719101123595	0.0147058823529412	0.0333333333333333	0.00952380952380952	0.260869565217391	6.17948717948718	0.00740740740740741
ZFP36	0.023235473075753	2.54587155963303	1.8189233278956	4.51924375422012	1.07731305449937	2.71629213483146	2.11764705882353	0.05	0.523809523809524	2.56521739130435	5	2.86666666666667
CLEC2B	0.00540006084575601	0.924311926605505	0.690864600326264	0.793382849426064	0.479087452471483	0.193820224719101	0.132352941176471	0.0666666666666667	0.0952380952380952	0.260869565217391	0.371794871794872	0.881481481481482
AC020916.1	0.093550349863097	1.02981651376147	0.452487765089723	0.62052667116813	0.244613434727503	0.617977528089888	0.455882352941176	0.0166666666666667	0.704761904761905	0.91304347826087	0.897435897435897	0.459259259259259
KLRC2	0.00076057195010648	0.321100917431193	0.0338499184339315	0.00202565833896016	0	0.00280898876404494	0	0	0	0	0	0
RGCC	0.0161241253422574	1.86697247706422	2.15619902120718	0.934503713706955	0.354879594423321	0.154494382022472	0.0588235294117647	0.0666666666666667	0.352380952380952	0.956521739130435	0.538461538461538	4.84444444444444
TGFB1	0.0262777608761789	0.743119266055046	0.385399673735726	0.50236326806212	0.228136882129278	0.292134831460674	0.411764705882353	0	0.447619047619048	0.260869565217391	0.871794871794872	0.851851851851852
PTPRC	0.00886066321874049	1.54128440366972	1.6884176182708	1.1985145172181	0.653992395437262	0.0280898876404494	0.205882352941176	0.0833333333333333	0.0285714285714286	0.347826086956522	0.538461538461538	0.0518518518518519
CD160	0.00212960146029814	0.309633027522936	0.0201876019575856	0.00270087778528022	0	0	0	0	0	0	0	0
AKNA	0.0107240644965014	0.488532110091743	0.253466557911909	0.12018906144497	0.121673003802281	0.0589887640449438	0.0147058823529412	0.0333333333333333	0.0476190476190476	0.130434782608696	0.269230769230769	0.0518518518518519
FCER1G	0.0148311530270764	1.61238532110092	0.134991843393148	7.04929101958136	0.0380228136882129	0.0308988764044944	0.75	0.05	0.0285714285714286	0	4.82051282051282	0.037037037037037
IFNG	0.00136902951019166	0.43348623853211	0.270595432300163	0.00405131667792032	0.00633713561470215	0	0	0	0	0	0.0128205128205128	0
MAFF	0.0716839062975358	0.653669724770642	0.147022838499184	0.513166779203241	0.0278833967046895	0.286516853932584	0.205882352941176	0	0.161904761904762	0.0434782608695652	0	0.207407407407407
B3GNT7	0.020193185275327	0.339449541284404	0.0112153344208809	0.0310600945307225	0.0164765525982256	0.00561797752808989	0.0147058823529412	0	0.0285714285714286	0	0	0
CCL3	0.0260115606936416	2.97706422018349	0.115415986949429	16.0702228224173	0.0697084917617237	0.0814606741573034	0.0441176470588235	0.116666666666667	0.00952380952380952	0.260869565217391	0.423076923076923	0.0222222222222222
BIN2	0.00266200182537268	0.552752293577982	0.432707993474715	0.241053342336259	0.120405576679341	0.0112359550561798	0.0294117647058824	0.0333333333333333	0.0476190476190476	0.304347826086957	0.217948717948718	0
IFITM1	0.00212960146029814	0.747706422018349	0.709624796084829	0.195138419986496	0.110266159695817	1.16292134831461	0.0147058823529412	0.0166666666666667	0.39047619047619	0.0434782608695652	0.0128205128205128	1.54814814814815
ARHGAP9	0.010686035898996	0.43348623853211	0.215130505709625	0.107359891964889	0.119138149556401	0.00561797752808989	0	0.0166666666666667	0.00952380952380952	0.0869565217391304	0.269230769230769	0.0222222222222222
ID2	0.118459081229084	1.24082568807339	0.669249592169657	1.80756245779878	0.0849176172370089	0.415730337078652	1.36764705882353	0.1	0.19047619047619	0.130434782608696	1.33333333333333	0.807407407407407
CRTAM	0.00262397322786736	0.302752293577982	0.0793230016313214	0.0297096556380824	0.00126742712294043	0.00280898876404494	0	0.0333333333333333	0.00952380952380952	0.0434782608695652	0.0128205128205128	0
NFKBIA	0.21942500760572	3.57798165137615	1.59645187601958	11.5313977042539	1.31558935361217	1.58988764044944	4.52941176470588	0.0666666666666667	0.828571428571429	3.95652173913043	1.84615384615385	1.12592592592593
DOK2	0.00311834499543657	0.479357798165138	0.307707993474715	0.475354490209318	0.0304182509505703	0.0224719101123595	0.0294117647058824	0.0333333333333333	0.019047619047619	0	0.0384615384615385	0.00740740740740741
CXCR4	0.183411925768178	3.27293577981651	3.89620717781403	1.30587440918298	4.52598225602028	0.0926966292134832	0.0882352941176471	0.3	0.152380952380952	1.30434782608696	6.74358974358974	0.592592592592593
SERTAD1	0.0485625190142988	0.607798165137615	0.232667210440457	0.49426063470628	0.201520912547529	0.550561797752809	0.205882352941176	0.0166666666666667	0.314285714285714	0.130434782608696	0.294871794871795	0.57037037037037
DDIT4	0.194402190447216	1.39678899082569	0.932300163132137	0.760972316002701	0.329531051964512	0.188202247191011	0.338235294117647	0.116666666666667	0.542857142857143	0.130434782608696	1.85897435897436	1.39259259259259
HLA-C	0.167097657438394	5.00229357798165	5.24918433931485	7.77380148548278	2.595690747782	3.98033707865169	0.764705882352941	0.35	5.42857142857143	10.1739130434783	6.21794871794872	9.20740740740741
PLAAT4	0.0058564040158199	0.798165137614679	0.941680261011419	0.382849426063471	0.152091254752852	0.51123595505618	0.102941176470588	0.05	0.142857142857143	0.217391304347826	0	0.118518518518519
ACAP1	0.00844234864618193	0.678899082568807	0.783442088091354	0.0607697501688049	0.409378960709759	0.0308988764044944	0.0441176470588235	0.116666666666667	0.019047619047619	0.304347826086957	0.5	0.00740740740740741
PTPN22	0.00346060237298448	0.378440366972477	0.245513866231648	0.062795408507765	0.0811153358681876	0	0.0735294117647059	0	0.00952380952380952	0.0869565217391304	0.153846153846154	0.00740740740740741
STK17A	0.0446836020687557	0.889908256880734	0.982259380097879	0.118163403106009	0.683143219264892	0.123595505617978	0.0147058823529412	0.133333333333333	0.39047619047619	0.0434782608695652	0.153846153846154	0.2
ALOX5AP	0.00444934590812291	0.48394495412844	0.324429037520392	0.220121539500338	0.333333333333333	0.00561797752808989	0.455882352941176	0.0166666666666667	0	0.260869565217391	4.06410256410256	0
BHLHE40	0.0128536659567995	0.454128440366972	0.181484502446982	0.556380823767724	0.0532319391634981	0.219101123595506	0.352941176470588	0	0.19047619047619	0.0869565217391304	1.01282051282051	0.362962962962963
NFKBID	0.019014298752662	0.470183486238532	0.121125611745514	0.590817015530047	0.576679340937896	0.106741573033708	0.132352941176471	0	0.0285714285714286	0.173913043478261	1.21794871794872	0.0222222222222222
TSC22D3	0.33564040158199	2.74770642201835	2.91680261011419	0.827143821742066	2.1723700887199	0.52247191011236	0.588235294117647	0.266666666666667	0.352380952380952	2.95652173913043	0.987179487179487	0.82962962962963
SAMD3	0.00456343170063888	0.337155963302752	0.220228384991843	0.00472653612424038	0.00126742712294043	0.0252808988764045	0	0	0	0.0869565217391304	0.0256410256410256	0.00740740740740741
HLA-B	0.108609674475205	6.30504587155963	7.04057911908646	11.523295070898	4.50316856780735	6.60393258426966	0.661764705882353	0.2	9.18095238095238	11.304347826087	10.2179487179487	17.9925925925926
HLA-E	0.0233115302707636	2.5894495412844	3.12234910277325	3.91627278865631	2.18631178707224	1.54775280898876	0.367647058823529	0.183333333333333	1.6952380952381	1.8695652173913	2.16666666666667	6.61481481481481
ETS1	0.00642683297839976	0.612385321100917	0.716965742251223	0.012153950033761	0.201520912547529	0.320224719101124	0.0294117647058824	0.05	0.60952380952381	0.130434782608696	0.115384615384615	1.4
PRKCH	0.0058564040158199	0.378440366972477	0.299755301794454	0.0391627278865631	0.00887198986058302	0.0280898876404494	0	0.0333333333333333	0.0476190476190476	0	0	0.474074074074074
SH2D1A	0.00102677213264375	0.339449541284404	0.268352365415987	0.00472653612424038	0.00126742712294043	0.00280898876404494	0	0	0.00952380952380952	0	0.0256410256410256	0
EFHD2	0.0371919683602069	0.541284403669725	0.141109298531811	1.15259959486833	0.0659062103929024	0.174157303370787	0.102941176470588	0.0166666666666667	0.20952380952381	0.130434782608696	0.333333333333333	0.177777777777778
TRGC1	0.00057042896257986	0.272935779816514	0.130709624796085	0.00810263335584065	0.00126742712294043	0	0	0	0.00952380952380952	0	0.0128205128205128	0
ZNF331	0.145535442652875	1.42201834862385	1.18597063621533	1.70492910195814	0.845373891001267	0.258426966292135	0.0882352941176471	0.0833333333333333	0.0476190476190476	0.565217391304348	5.25641025641026	0.0814814814814815
VPS37B	0.0679190751445087	0.557339449541284	0.322389885807504	0.0864280891289669	0.330798479087452	0.0870786516853933	0.0294117647058824	0	0.152380952380952	0.0869565217391304	0	0.22962962962963
RAC2	0.0118649224216611	0.837155963302752	1.13845840130506	0.37339635381499	0.633713561470216	0.0224719101123595	0.191176470588235	0.183333333333333	0.0476190476190476	0.565217391304348	1.03846153846154	0
ZFP36L2	0.579441740188622	3.94954128440367	4.58931484502447	1.04861580013504	2.50063371356147	0.73876404494382	0.279411764705882	0.15	1.01904761904762	0.956521739130435	3.03846153846154	1.04444444444444
WIPF1	0.0544189230301187	0.628440366972477	0.476549755301794	0.420661715057394	0.288973384030418	0.129213483146067	0.0588235294117647	0.0333333333333333	0.342857142857143	0.173913043478261	0.294871794871795	0.303703703703704
TRBC1	0.00768177669607545	0.93348623853211	1.64008972267537	0.0270087778528022	0.0392902408111534	0.0252808988764045	0.0735294117647059	0.2	0.104761904761905	0.0869565217391304	0.0256410256410256	0.00740740740740741
MYO1F	0.00692120474596897	0.31651376146789	0.124796084828711	0.328156650911546	0.0380228136882129	0.0224719101123595	0.0147058823529412	0.0166666666666667	0.0476190476190476	0.0434782608695652	0.0641025641025641	0.00740740740740741
HSH2D	0.00193945847277152	0.243119266055046	0.0497553017944535	0.0465901417960837	0.179974651457541	0	0	0	0	0.652173913043478	0.128205128205128	0
CD96	0.00520991785822939	0.36697247706422	0.365823817292007	0.00810263335584065	0.0164765525982256	0.0112359550561798	0.0147058823529412	0	0.00952380952380952	0	0	0.00740740740740741
PTPN7	0.00813811986613934	0.385321100917431	0.346655791190865	0.0783254557731263	0.162230671736375	0.00561797752808989	0.0441176470588235	0.0333333333333333	0.019047619047619	0.217391304347826	0.0512820512820513	0.0148148148148148
TIPARP	0.0398539701855796	0.447247706422018	0.226753670473083	0.358541525995949	0.125475285171103	0.171348314606742	0.147058823529412	0	0.0761904761904762	0	0.269230769230769	0.0814814814814815
NCR3	0.00144508670520231	0.254587155963303	0.119902120717781	0.00337609723160027	0.0709759188846641	0.00280898876404494	0	0	0.019047619047619	0	0	0
TMIGD2	0.00258594463036203	0.311926605504587	0.258972267536705	0.00405131667792032	0.00380228136882129	0.00280898876404494	0	0.0333333333333333	0.00952380952380952	0	0.397435897435897	0
TXK	0.00338454517797384	0.277522935779817	0.176386623164763	0.0135043889264011	0.00506970849176172	0.00842696629213483	0.0294117647058824	0	0.00952380952380952	0	0	0.00740740740740741
HLA-A	0.31164435655613	5.23394495412844	6.41109298531811	8.89939230249831	2.80354879594423	4.48595505617978	0.779411764705882	0.583333333333333	5.95238095238095	2.91304347826087	4.5	11.3777777777778
TNFSF14	0.000494371767569212	0.229357798165138	0.0754486133768352	0.0317353139770425	0.00126742712294043	0.0421348314606742	0	0	0	0.0434782608695652	0	0
TAGAP	0.00243383024034074	0.415137614678899	0.314437194127243	0.457123565158677	0.435994930291508	0.0112359550561798	0.0294117647058824	0.0166666666666667	0.00952380952380952	0.304347826086957	0.0769230769230769	0
LITAF	0.137093094006693	1.08715596330275	0.737969004893964	1.88048615800135	0.333333333333333	0.47752808988764	0.235294117647059	0.05	0.447619047619048	0.260869565217391	0.897435897435897	0.0962962962962963
IQGAP2	0.0159339823547308	0.339449541284404	0.155995106035889	0.337609723160027	0.0392902408111534	0.0252808988764045	0.0588235294117647	0	0.0761904761904762	0	0.346153846153846	0.111111111111111
CD53	0.00581837541831457	0.614678899082569	0.533442088091354	1.11816340310601	0.702154626108999	0.0112359550561798	0.0147058823529412	0.0166666666666667	0.00952380952380952	0.347826086956522	0.743589743589744	0.0148148148148148
ELF1	0.0287115911165196	0.743119266055046	0.863784665579119	0.546927751519244	0.802281368821293	0.137640449438202	0.367647058823529	0.05	0.361904761904762	0.304347826086957	0.346153846153846	0.496296296296296
ITGB2	0.00787191968360207	0.694954128440367	0.50815660685155	2.2356515867657	0.136882129277567	0.00561797752808989	0.0441176470588235	0.05	0.0285714285714286	0.173913043478261	0.358974358974359	0.00740740740740741
LSP1	0.0236918162458169	0.685779816513762	0.733482871125612	0.87170830519919	0.427122940430925	0.0730337078651685	0.0441176470588235	0.0333333333333333	0.152380952380952	0.739130434782609	1.85897435897436	0.0222222222222222
ARAP2	0.00296623060541527	0.272935779816514	0.158238172920065	0.0965563808237677	0.0937896070975919	0.0140449438202247	0.0147058823529412	0.0166666666666667	0.0380952380952381	0	0.0769230769230769	0.0148148148148148
LCP1	0.0547611804076666	0.708715596330275	0.599714518760196	1.13706954760297	0.325728770595691	0.00842696629213483	0.102941176470588	0.0166666666666667	0.019047619047619	0.173913043478261	0.692307692307692	0.0148148148148148
LINC01871	0.00114085792515972	0.263761467889908	0.195962479608483	0.00202565833896016	0.00380228136882129	0.00280898876404494	0	0.0333333333333333	0	0	0	0
GRASP	0.0228551871006997	0.327981651376147	0.0515905383360522	0.37812288993923	0.162230671736375	0.0337078651685393	0.176470588235294	0	0.0857142857142857	0	2.02564102564103	0.407407407407407
ZC3H12A	0.002700030422878	0.30045871559633	0.163336052202284	0.308575286968265	0.0950570342205323	0.0926966292134832	0.161764705882353	0.0333333333333333	0.00952380952380952	0.0434782608695652	0.102564102564103	0.0444444444444444
ITGA4	0.00752966230605415	0.369266055045872	0.309339314845024	0.259284267386901	0.183776932826362	0.171348314606742	0.0735294117647059	0.0166666666666667	0.171428571428571	0.0869565217391304	0.166666666666667	0.0148148148148148
CD300A	0.00254791603285671	0.270642201834862	0.0358890701468189	0.590141796083727	0.00380228136882129	0.00561797752808989	0	0	0.00952380952380952	0.130434782608696	0.205128205128205	0
NR4A3	0.00908883480377244	0.369266055045872	0.120513866231648	0.677245104659014	0.186311787072243	0.23314606741573	0.176470588235294	0.0166666666666667	0.0285714285714286	0.347826086956522	3.46153846153846	0.0222222222222222
B2M	1.73471250380286	27.3096330275229	33.7977161500816	55.7771775827144	18.0253485424588	33.0449438202247	5.25	0.733333333333333	32.8857142857143	52.4782608695652	49.1538461538462	51.4444444444444
SPN	0.00216763005780347	0.270642201834862	0.163743882544861	0.166779203241053	0.0253485424588086	0	0.0294117647058824	0	0	0.0434782608695652	0.423076923076923	0.0148148148148148
TPST2	0.0265439610587162	0.33256880733945	0.154771615008157	0.199189736664416	0.064638783269962	0.109550561797753	0.0588235294117647	0.0333333333333333	0.342857142857143	0.782608695652174	0.243589743589744	0.207407407407407
HAVCR2	0.00829023425616063	0.261467889908257	0.0450652528548124	0.416610398379473	0.00760456273764259	0	0.0147058823529412	0	0	0	0.0512820512820513	0.00740740740740741
MBP	0.0475737754791603	0.422018348623853	0.259991843393148	0.232275489534099	0.168567807351077	0.0926966292134832	0.0441176470588235	0.0166666666666667	0.0476190476190476	0	0.205128205128205	0.037037037037037
AOAH	0.0057042896257986	0.286697247706422	0.0917618270799347	0.535449020931803	0.00633713561470215	0.0196629213483146	0	0.0166666666666667	0	0	0.0128205128205128	0.0222222222222222
FASLG	0.00019014298752662	0.181192660550459	0.0183523654159869	0.000675219446320054	0	0.00280898876404494	0	0	0	0	0	0
RNF125	0.00399300273805902	0.302752293577982	0.291394779771615	0.0236326806212019	0.0481622306717364	0.0196629213483146	0.0147058823529412	0	0	0	0.128205128205128	0.0222222222222222
CCND2	0.00254791603285671	0.314220183486239	0.266721044045677	0.0506414584740041	0.0659062103929024	0.528089887640449	0.0882352941176471	0.0166666666666667	0.161904761904762	0.652173913043478	0.0769230769230769	0.318518518518519
SH2D1B	0.00114085792515972	0.176605504587156	0.00428221859706362	0.00202565833896016	0	0	0	0	0	0	0	0
PIP4K2A	0.0857544873745056	0.502293577981651	0.286296900489396	0.168804861580014	0.167300380228137	0.101123595505618	0.117647058823529	0.166666666666667	0.142857142857143	0.0434782608695652	0.230769230769231	0.237037037037037
IL2RG	0.00319440219044722	0.493119266055046	0.677406199021207	0.261985145172181	0.344740177439797	0.00280898876404494	0.0441176470588235	0.0333333333333333	0.00952380952380952	0.304347826086957	0.58974358974359	0.0148148148148148
HLA-F	0.00726346212351689	0.438073394495413	0.440456769983687	0.438892640108035	0.277566539923954	0.199438202247191	0	0	0.247619047619048	0.0869565217391304	0.487179487179487	0.725925925925926
MCTP2	0.012321265591725	0.206422018348624	0.0146818923327896	0.00742741390952059	0.0963244613434728	0.0168539325842697	0.0294117647058824	0.0166666666666667	0	0.0434782608695652	0	0.037037037037037
PTGDR	0.000494371767569212	0.181192660550459	0.0346655791190865	0.000675219446320054	0	0.0196629213483146	0	0	0	0.0434782608695652	0	0
SKAP1	0.00794797687861272	0.327981651376147	0.369902120717781	0.00540175557056043	0.0519645120405577	0.0112359550561798	0.0147058823529412	0	0.00952380952380952	0	0	0.0740740740740741
STAT4	0.0117508366291451	0.282110091743119	0.2192088091354	0.0492910195813639	0.0240811153358682	0.0337078651685393	0	0	0.00952380952380952	0	0.0897435897435897	0.00740740740740741
RASSF5	0.00429723151810161	0.321100917431193	0.275285481239804	0.2525320729237	0.140684410646388	0.0196629213483146	0.25	0.0333333333333333	0.019047619047619	0.0869565217391304	0.576923076923077	0.00740740740740741
ICAM3	0.00893672041375114	0.461009174311927	0.610522022838499	0.180283592167454	0.335868187579214	0.0533707865168539	0.0294117647058824	0.05	0.0380952380952381	1.08695652173913	0.179487179487179	0.111111111111111
FGR	0.00140705810769699	0.211009174311927	0.0140701468189233	0.303173531397704	0.0583016476552598	0.00561797752808989	0	0.0166666666666667	0	0	0.0128205128205128	0.0222222222222222
AC004687.1	0.00178734408275023	0.293577981651376	0.175978792822186	0.260634706279541	0.366286438529785	0.00561797752808989	0.0441176470588235	0.0333333333333333	0	0.130434782608696	1.57692307692308	0
NFKB1	0.0308792211743231	0.389908256880734	0.24347471451876	0.478730587440918	0.158428390367554	0.179775280898876	0.0882352941176471	0.0166666666666667	0.152380952380952	0	0.41025641025641	0.177777777777778
OSTF1	0.0452920596288409	0.481651376146789	0.313825448613377	0.693450371370695	0.250950570342205	0.24438202247191	0.191176470588235	0.0666666666666667	0.257142857142857	0.173913043478261	0.538461538461538	0.444444444444444
SH2D2A	0.0793276543961059	0.392201834862385	0.186990212071778	0.00472653612424038	0.00760456273764259	0.00842696629213483	0.0147058823529412	0	0.0380952380952381	0	0.0641025641025641	0.0222222222222222
BTN3A2	0.0209917858229389	0.348623853211009	0.296492659053834	0.12964213369345	0.139416983523447	0.196629213483146	0.0147058823529412	0.0333333333333333	0.152380952380952	0.521739130434783	0.0769230769230769	0.407407407407407
CNOT6L	0.118344995436568	0.628440366972477	0.544453507340946	0.103983794733288	0.158428390367554	0.146067415730337	0.161764705882353	0.05	0.0666666666666667	0.304347826086957	0.256410256410256	0.392592592592593
KRT81	0.000494371767569212	0.169724770642202	0.0256933115823817	0.00135043889264011	0.00126742712294043	0	0	0	0.00952380952380952	0	0.0256410256410256	0
ZAP70	0.00216763005780347	0.245412844036697	0.219616639477977	0.00607697501688049	0.0278833967046895	0.0112359550561798	0	0.0666666666666667	0	0	0	0.00740740740740741
TNFRSF1B	0.0208396714329176	0.380733944954128	0.274265905383361	0.648210668467252	0.0494296577946768	0.0393258426966292	0	0	0.019047619047619	0	0.487179487179487	0.296296296296296
MT2A	0.0594006693033161	2.04357798165138	2.40293637846656	5.09723160027009	0.358681875792142	8.97191011235955	2.35294117647059	0.433333333333333	3.03809523809524	0.173913043478261	1.42307692307692	1.51111111111111
STK17B	0.0314496501369029	0.660550458715596	0.973491027732463	0.401080351114112	0.512040557667934	0.112359550561798	0.220588235294118	0.0333333333333333	0.0476190476190476	1.04347826086957	0.692307692307692	0.037037037037037
IRF8	0.00231974444782476	0.291284403669725	0.0281402936378467	0.612424037812289	0.523447401774398	0.050561797752809	0.0588235294117647	0	0.0285714285714286	0.0869565217391304	3.3974358974359	0
IL32	0.0166184971098266	1.61238532110092	3.65048939641109	0.172180958811614	0.064638783269962	1.44943820224719	0.0588235294117647	0.2	1.35238095238095	0.347826086956522	0.0641025641025641	1.85925925925926
CORO1A	0.104198357164588	1.35321100917431	2.16517128874388	1.0371370695476	1.35994930291508	0.050561797752809	0.544117647058823	0.0833333333333333	0.019047619047619	0.391304347826087	1.24358974358974	0.0148148148148148
TUBA4A	0.0104578643139641	0.447247706422018	0.671288743882545	0.0540175557056043	0.342205323193916	0.0140449438202247	0	0.1	0.0476190476190476	0.391304347826087	0.192307692307692	0.0444444444444444
S1PR5	0.000152114390021296	0.158256880733945	0.0110114192495922	0.000675219446320054	0	0.0365168539325843	0	0	0	0	0	0
IL10RA	0.00574231822330392	0.288990825688073	0.190048939641109	0.453072248480756	0.0836501901140684	0.0168539325842697	0	0.0333333333333333	0	0.521739130434783	0.538461538461538	0
MYL12A	0.262055065409188	1.9105504587156	2.21390701468189	2.04456448345712	1.14321926489227	2.91011235955056	0.25	0.233333333333333	3.28571428571429	0.652173913043478	4.79487179487179	4.65185185185185
LAT2	0.0241101308183754	0.254587155963303	0.0205954323001631	0.272788656313302	0.347275031685678	0.0224719101123595	0.147058823529412	0.0333333333333333	0	0.0869565217391304	0.0256410256410256	0.00740740740740741
CD99	0.0753726802555522	0.802752293577982	0.911908646003263	0.640783254557731	0.285171102661597	1.94943820224719	0.0441176470588235	0.0666666666666667	1.80952380952381	0.608695652173913	1.76923076923077	2.31851851851852
JAK1	0.224102525098874	0.903669724770642	0.61684339314845	0.412559081701553	0.455006337135615	0.693820224719101	0.294117647058824	0.0666666666666667	0.352380952380952	0.130434782608696	0.666666666666667	1.22962962962963
SLA2	0.00437328871311226	0.197247706422018	0.116435562805873	0.00270087778528022	0.00253485424588086	0.00561797752808989	0	0.0166666666666667	0.00952380952380952	0	0.269230769230769	0
TBC1D10C	0.00406905993306967	0.339449541284404	0.466150081566069	0.0729237002025658	0.278833967046895	0.00561797752808989	0	0.0166666666666667	0.00952380952380952	0	0.0512820512820513	0
EMP3	0.0147550958320657	0.69954128440367	0.895391517128874	1.34706279540851	0.49936628643853	1.01404494382022	0.558823529411765	0.1	2.08571428571429	0.739130434782609	0.782051282051282	0.148148148148148
DENND2D	0.00140705810769699	0.240825688073394	0.2336867862969	0.101282916948008	0.073510773130545	0.00561797752808989	0	0.0166666666666667	0.00952380952380952	0.0434782608695652	0.0256410256410256	0
PSMB9	0.0147550958320657	0.603211009174312	0.718800978792822	1.03848750844024	0.565272496831432	0.623595505617977	0.205882352941176	0.0833333333333333	1.13333333333333	0.695652173913043	0.628205128205128	1.54814814814815
AC027290.3	0.0462047459689687	0.321100917431193	0.196982055464927	0.0925050641458474	0.269961977186312	0.0196629213483146	0.0147058823529412	0.0333333333333333	0.0380952380952381	0	0.0512820512820513	0.0148148148148148
IL27RA	0.00916489199878309	0.261467889908257	0.255301794453507	0.0729237002025658	0.106463878326996	0.0308988764044944	0.0147058823529412	0	0.0476190476190476	0.0434782608695652	0.0897435897435897	0.0814814814814815
MSN	0.088264374809857	0.584862385321101	0.489600326264274	0.592167454422687	0.231939163498099	0.567415730337079	0.676470588235294	0	0.552380952380952	0.130434782608696	0.141025641025641	2.04444444444444
CREM	0.140439610587162	1.11238532110092	1.52345024469821	0.976367319378798	0.873257287705957	0.311797752808989	0.558823529411765	0.0666666666666667	0.285714285714286	0.521739130434783	4.93589743589744	0.466666666666667
CSRNP1	0.0177973836324916	0.339449541284404	0.297512234910277	0.416610398379473	0.193916349809886	0.213483146067416	0.176470588235294	0	0.114285714285714	0.0869565217391304	0.641025641025641	0.140740740740741
SAMSN1	0.0106099787039854	0.444954128440367	0.563009787928222	0.814314652261985	0.119138149556401	0.00561797752808989	0.411764705882353	0	0.0285714285714286	0.304347826086957	0.0128205128205128	0.00740740740740741
GMFG	0.0124733799817463	0.809633027522936	1.34441272430669	1.19446320054018	0.584283903675539	0.390449438202247	0.455882352941176	0.0833333333333333	0.171428571428571	0.695652173913043	0.807692307692308	1.75555555555556
TRG-AS1	0.000684514755095832	0.197247706422018	0.148246329526917	0.0506414584740041	0.0164765525982256	0.00280898876404494	0.0147058823529412	0.0166666666666667	0.019047619047619	0	0.102564102564103	0.0296296296296296
PSTPIP1	0.00410708853057499	0.204128440366972	0.143148450244698	0.0756245779878461	0.026615969581749	0.0140449438202247	0.0882352941176471	0	0	0	0.0128205128205128	0.0222222222222222
CYBA	0.283275022817158	2.33715596330275	1.89029363784666	7.88656313301823	2.28897338403042	1.29494382022472	0.367647058823529	0.166666666666667	1.81904761904762	8.69565217391304	8.3974358974359	1.16296296296296
CD2	0.00342257377547916	0.543577981651376	1.17862969004894	0.0222822417285618	0.0228136882129278	0.00280898876404494	0	0.0666666666666667	0.019047619047619	0.0434782608695652	0.0256410256410256	0.0592592592592593
FOSB	0.350053240036507	1.44036697247706	0.705750407830343	2.92572586090479	0.750316856780735	2.28651685393258	1.02941176470588	0.35	0.666666666666667	0.695652173913043	3.83333333333333	1.35555555555556
FMNL1	0.0628232430787952	0.385321100917431	0.28405383360522	0.24780553679946	0.268694550063371	0.0224719101123595	0.0882352941176471	0.0333333333333333	0.0571428571428571	0.0869565217391304	0.525641025641026	0.0222222222222222
TENT5C	0.00148311530270764	0.224770642201835	0.211663947797716	0.0141796083727211	0.23447401774398	0.0112359550561798	0.0588235294117647	0.1	0.0380952380952381	1.60869565217391	0.0256410256410256	0.00740740740740741
MYOM2	0.0283693337389717	0.192660550458716	0.0218189233278956	0.0168804861580014	0.0101394169835234	0.00842696629213483	0.0147058823529412	0.0333333333333333	0.019047619047619	0	0.0256410256410256	0
SELL	0.00384088834803772	0.419724770642202	0.651101141924959	0.270762997974342	0.623574144486692	0.0140449438202247	0	0.05	0.00952380952380952	0.173913043478261	1.52564102564103	0.00740740740740741
EOMES	0.000266200182537268	0.137614678899083	0.0224306688417618	0	0	0	0.0294117647058824	0	0	0	0	0
ARHGDIB	0.019128384545178	1.5045871559633	2.98022022838499	2.36259284267387	1.56907477820025	0.929775280898876	0.338235294117647	0.233333333333333	0.114285714285714	0.652173913043478	0.858974358974359	2.05185185185185
SPRY1	0.0250228171585032	0.261467889908257	0.132137030995106	0.0141796083727211	0.0963244613434728	0.556179775280899	0.0294117647058824	0.05	0.971428571428571	0	0.0256410256410256	2.32592592592593
BTG1	1.68774718588378	5.97477064220184	6.43454323001631	2.93990546927752	8.35994930291508	1.49719101123595	3.64705882352941	0.8	2.04761904761905	1.1304347826087	1.01282051282051	1.7037037037037
CASP4	0.00266200182537268	0.298165137614679	0.301386623164763	0.441593517893315	0.287705956907478	0.219101123595506	0.0441176470588235	0.0666666666666667	0.180952380952381	0.260869565217391	0.115384615384615	0.362962962962963
CASP8	0.00452540310313356	0.18348623853211	0.127243066884176	0.0729237002025658	0.0697084917617237	0.047752808988764	0	0	0	0.0869565217391304	0.153846153846154	0.037037037037037
LTB	0.0319820505019775	0.614678899082569	7.20554649265905	0.314652261985145	2.85297845373891	0.050561797752809	0.308823529411765	0.533333333333333	0.20952380952381	0.260869565217391	6.38461538461539	0.0962962962962963
CD3D	0.0114085792515972	0.149082568807339	2.49286296900489	0.0411883862255233	0.0583016476552598	0.0140449438202247	0	0.166666666666667	0.0380952380952381	0.0869565217391304	0.0512820512820513	0.0444444444444444
IL7R	0.00676909035594767	0.685779816513762	2.4963295269168	0.0553679945982444	0.0709759188846641	0.0393258426966292	0.0147058823529412	0.1	0.161904761904762	0.0434782608695652	0.0512820512820513	0
TRBC2	0.0150593246121083	0.467889908256881	2.5307911908646	0.0357866306549629	0.358681875792142	0.0365168539325843	0.0588235294117647	0.05	0.0285714285714286	0.130434782608696	0.0769230769230769	0.037037037037037
TRAC	0.00813811986613934	0.144495412844037	2.16537520391517	0.0351114112086428	0.167300380228137	0.0561797752808989	0.0294117647058824	0.1	0.114285714285714	0.0434782608695652	0.0769230769230769	0.037037037037037
CD3E	0.00566626102829328	0.401376146788991	1.43087275693312	0.0202565833896016	0.0456273764258555	0.0112359550561798	0	0.0666666666666667	0.00952380952380952	0.173913043478261	0.115384615384615	0
CD52	0.0293200486766048	1.44724770642202	4.65252854812398	2.32478055367995	5.21799746514575	0.0926966292134832	0.176470588235294	0.416666666666667	0.161904761904762	0.956521739130435	0.897435897435897	0.0148148148148148
LCK	0.00699726194097962	0.380733944954128	0.985725938009788	0.0175557056043214	0.100126742712294	0.00842696629213483	0.0147058823529412	0.05	0.00952380952380952	0.0869565217391304	0	0.00740740740740741
CD3G	0.00338454517797384	0.073394495412844	0.857055464926591	0.0101282916948008	0.0152091254752852	0.00280898876404494	0.147058823529412	0.0166666666666667	0	0	0.0128205128205128	0.00740740740740741
CD8B	0.00509583206571342	0.0137614678899083	0.812398042414356	0.012153950033761	0.0240811153358682	0	0	0.0666666666666667	0.00952380952380952	0	0.0256410256410256	0.00740740740740741
PCED1B-AS1	0.00589443261332522	0.282110091743119	0.949429037520392	0.12491559756921	0.20532319391635	0	0	0.1	0.00952380952380952	0.173913043478261	0.448717948717949	0
CYTIP	0.00551414663827198	0.538990825688073	1.19800163132137	0.354490209318028	0.769328263624842	0.0168539325842697	0.0588235294117647	0.0166666666666667	0.00952380952380952	1.21739130434783	0.474358974358974	0.0222222222222222
ITM2A	0.0100015211439002	0.360091743119266	0.870309951060359	0.0148548278190412	0.0278833967046895	0.292134831460674	0.132352941176471	0.05	0.00952380952380952	0.130434782608696	0.0128205128205128	0.562962962962963
CCR7	0.00292820200790995	0.0963302752293578	0.921084828711256	0.0972316002700878	0.689480354879594	0.00280898876404494	0	0.0666666666666667	0	0	0.564102564102564	0.00740740740740741
GYPC	0.025935503498631	0.635321100917431	1.22920065252855	0.37474679270763	0.463878326996198	0.485955056179775	0.0882352941176471	1.71666666666667	0.323809523809524	1.52173913043478	0.0769230769230769	1.06666666666667
ANXA1	0.010800121691512	0.857798165137615	1.63907014681892	1.33963538149899	0.0354879594423321	1.7752808988764	1.17647058823529	0.0166666666666667	5.57142857142857	0	0.0128205128205128	0.955555555555556
CD27	0.0100395497414055	0.0573394495412844	0.715742251223491	0.0087778528021607	0.0937896070975919	0	0	0.0833333333333333	0.0285714285714286	1.69565217391304	0.0128205128205128	0.0148148148148148
KLF2	0.00901277760876179	0.463302752293578	1.11358075040783	0.482106684672519	0.774397972116603	0.50561797752809	0.132352941176471	0.0166666666666667	0.228571428571429	0.695652173913043	0.153846153846154	1.18518518518519
FXYD5	0.0349482811073928	0.88302752293578	1.59910277324633	1.18973666441594	0.921419518377693	0.373595505617978	0.529411764705882	0.216666666666667	0.838095238095238	0.739130434782609	1.16666666666667	0.925925925925926
RGS1	0.0173030118649224	0.931192660550459	2.32177814029364	3.43956785955436	0.85171102661597	0.0196629213483146	1.16176470588235	0.233333333333333	0.0476190476190476	10.8260869565217	5.73076923076923	0.0518518518518519
RHOH	0.00756769090355948	0.422018348623853	0.929649265905383	0.0864280891289669	1.19391634980989	0.0280898876404494	0.0882352941176471	0.05	0.019047619047619	0.652173913043478	0.307692307692308	0.00740740740740741
FYB1	0.0105719501064801	0.552752293577982	1.07137030995106	1.29372045914922	0.0316856780735108	0.0140449438202247	0.102941176470588	0.0333333333333333	0.0380952380952381	0	0.435897435897436	0
GPSM3	0.0101916641314268	0.623853211009174	1.06627243066884	1.05199189736664	0.737642585551331	0.120786516853933	0.102941176470588	0.116666666666667	0.19047619047619	0.434782608695652	1.16666666666667	0.162962962962963
S100A4	0.0618725281411622	1.17660550458716	2.37744698205546	3.78595543551654	0.256020278833967	2.5814606741573	1.79411764705882	0.0666666666666667	7.41904761904762	0.217391304347826	2.3974358974359	0.266666666666667
LEF1	0.0107620930940067	0.0344036697247706	0.531402936378467	0.00810263335584065	0.026615969581749	0.0561797752808989	0	0.05	0.19047619047619	0	0.0256410256410256	0.222222222222222
GIMAP7	0.00209157286279282	0.307339449541284	0.539763458401305	0.164078325455773	0.0152091254752852	0.00561797752808989	0	0.05	0.00952380952380952	0	0	1.77777777777778
TRAT1	0.00155917249771828	0.0848623853211009	0.430872756933116	0.00405131667792032	0.0152091254752852	0.00561797752808989	0	0.0166666666666667	0.019047619047619	0.0434782608695652	0.0512820512820513	0.00740740740740741
CD48	0.00456343170063888	0.463302752293578	0.811378466557912	0.963538149898717	0.711026615969582	0.0252808988764045	0.0735294117647059	0.1	0.019047619047619	0.0869565217391304	0.5	0
MAL	0.00262397322786736	0.0137614678899083	0.420269168026101	0.00405131667792032	0.0101394169835234	0.00561797752808989	0.0588235294117647	0.0333333333333333	0.314285714285714	0	0	0.00740740740740741
ICOS	0.00155917249771828	0.0412844036697248	0.382340946166395	0.00675219446320054	0.0101394169835234	0.00842696629213483	0	0	0	0	0	0
PTGER4	0.0175692120474597	0.353211009174312	0.562601957585644	0.334908845374747	0.131812420785805	0.0561797752808989	0.0294117647058824	0	0	0	0.115384615384615	0.0148148148148148
SOCS1	0.0192044417401886	0.369266055045872	0.556688417618271	0.199189736664416	0.211660329531052	0.134831460674157	0.161764705882353	0	0.0571428571428571	0.260869565217391	0.487179487179487	0.0222222222222222
TRAF3IP3	0.00353665956799513	0.277522935779817	0.452691680261011	0.0992572586090479	0.258555133079848	0.00561797752808989	0.0441176470588235	0.0666666666666667	0.019047619047619	0.173913043478261	0.141025641025641	0
IKZF1	0.00384088834803772	0.254587155963303	0.476141924959217	0.214719783929777	0.23447401774398	0.00561797752808989	0	0.0166666666666667	0.00952380952380952	0.304347826086957	0.474358974358974	0
GPR171	0.00209157286279282	0.110091743119266	0.373980424143556	0.0087778528021607	0.00380228136882129	0.00842696629213483	0.0735294117647059	0.0166666666666667	0	0	0	0
MT1X	0.0620246425311834	0.594036697247706	0.91068515497553	0.757596218771101	0.239543726235741	0.502808988764045	0.264705882352941	0.05	0.19047619047619	0.130434782608696	2.80769230769231	0.111111111111111
CLEC2D	0.0361651962275631	0.270642201834862	0.61358075040783	0.0594193112761648	0.669201520912547	0.047752808988764	0	0.0166666666666667	0.0380952380952381	0.565217391304348	0.128205128205128	0.0666666666666667
CD8A	0.038028597505324	0.0298165137614679	0.494290375203915	0.00810263335584065	0.00380228136882129	0.00280898876404494	0.0147058823529412	0.05	0.019047619047619	0	0.0256410256410256	0
CD37	0.0087085488287192	0.777522935779816	1.21676182707993	1.20999324780554	4.38403041825095	0.0393258426966292	0.264705882352941	0.216666666666667	0.019047619047619	0.347826086956522	2.01282051282051	0.0148148148148148
FLT3LG	0.0039549741405537	0.0481651376146789	0.354608482871126	0.0202565833896016	0.0202788339670469	0.0589887640449438	0	0.05	0.0285714285714286	0.0434782608695652	0.0128205128205128	0.0592592592592593
SLC2A3	0.0336933373897171	0.431192660550459	0.732871125611745	0.711006076975017	0.599493029150824	0.676966292134832	0.0882352941176471	0.05	0.0952380952380952	0.0869565217391304	0.243589743589744	0.681481481481481
CD6	0.00429723151810161	0.018348623853211	0.326468189233279	0.00675219446320054	0.017743979721166	0	0	0.0333333333333333	0.0285714285714286	0	0.0384615384615385	0
PRKCQ-AS1	0.0171128688773958	0.0802752293577982	0.372349102773246	0.00607697501688049	0.0152091254752852	0.00561797752808989	0	0.15	0.019047619047619	0	0.0128205128205128	0.0296296296296296
LAPTM5	0.0136522665044113	0.461009174311927	1.40864600326264	3.75286968264686	2.43092522179975	0.0421348314606742	0.367647058823529	0.15	0.0571428571428571	0.478260869565217	1.53846153846154	0.459259259259259
CNN2	0.00589443261332522	0.178899082568807	0.391109298531811	0.184334908845375	0.228136882129278	0.241573033707865	0.0147058823529412	0.05	0.247619047619048	0.217391304347826	0.192307692307692	0.148148148148148
LINC02446	0.000494371767569212	0.0389908256880734	0.272226753670473	0.00270087778528022	0.00760456273764259	0	0	0.0166666666666667	0	0	0	0
SIT1	0.00144508670520231	0.00458715596330275	0.286296900489396	0.0101282916948008	0.173637515842839	0.00561797752808989	0	0.0166666666666667	0.00952380952380952	0.0434782608695652	0.41025641025641	0
CIB1	0.0700106480073015	0.438073394495413	0.705138662316476	0.761647535449021	0.373891001267427	0.474719101123595	0.102941176470588	0.0833333333333333	0.571428571428571	0.217391304347826	0.397435897435897	0.414814814814815
STK4	0.185161241253423	0.814220183486238	1.03160685154976	0.351114112086428	0.818757921419518	0.115168539325843	0.117647058823529	0.0833333333333333	0.19047619047619	0.782608695652174	0.653846153846154	0.140740740740741
SPOCK2	0.073471250380286	0.137614678899083	0.502650897226754	0.012153950033761	0.0899873257287706	0.0196629213483146	0.0147058823529412	0.0166666666666667	0.0285714285714286	0.0434782608695652	0.0384615384615385	0.0444444444444444
RIPOR2	0.0199269850927898	0.206422018348624	0.398858075040783	0.099932478055368	0.552598225602028	0.0393258426966292	0.0147058823529412	0.0166666666666667	0.0571428571428571	0.0434782608695652	0.205128205128205	0.0148148148148148
OXNAD1	0.0438469729236386	0.135321100917431	0.407014681892333	0.0324105334233626	0.0164765525982256	0.047752808988764	0.0294117647058824	0.0333333333333333	0.0476190476190476	0	0.0512820512820513	0.0592592592592593
ARHGAP15	0.0117508366291451	0.227064220183486	0.379690048939641	0.186360567184335	0.239543726235741	0.320224719101124	0.191176470588235	0.0666666666666667	0.552380952380952	0.304347826086957	0.179487179487179	0.00740740740740741
GIMAP4	0.002700030422878	0.211009174311927	0.391924959216966	0.559081701553005	0.0215462610899873	0	0	0.0666666666666667	0.00952380952380952	0	0	1.77037037037037
LEPROTL1	0.358799817462732	0.688073394495413	1.47981239804241	0.437542201215395	0.14575411913815	0.191011235955056	0.161764705882353	0.183333333333333	0.419047619047619	0.130434782608696	0.256410256410256	0.42962962962963
JUNB	1.2986005476118	4.84174311926605	6.94004893964111	8.2660364618501	6.19898605830165	7.23033707865169	4.35294117647059	0.733333333333333	3.08571428571429	6.60869565217391	8.53846153846154	6.28888888888889
TCF7	0.0682993611195619	0.302752293577982	0.482259380097879	0.0357866306549629	0.0747782002534854	0.0589887640449438	0.0882352941176471	0.0666666666666667	0.142857142857143	0.0434782608695652	0.0256410256410256	0.0222222222222222
ARID5A	0.00752966230605415	0.231651376146789	0.357259380097879	0.279540850776502	0.207858048162231	0.179775280898876	0	0.0166666666666667	0.0857142857142857	0.260869565217391	0.5	0.133333333333333
AC114760.2	0.00353665956799513	0.181192660550459	0.292618270799347	0.0580688723835246	0.20659062103929	0.00842696629213483	0.0735294117647059	0.05	0	0.0869565217391304	0.205128205128205	0.00740740740740741
YPEL5	0.30457103742014	0.993119266055046	1.48572593800979	0.658338960162053	1.18631178707224	0.351123595505618	0.235294117647059	0.116666666666667	0.266666666666667	1.39130434782609	3.87179487179487	0.311111111111111
CD5	0.00296623060541527	0.0114678899082569	0.249592169657423	0.00405131667792032	0.0152091254752852	0.00561797752808989	0	0	0.00952380952380952	0	0	0
BIRC3	0.0036507453605111	0.461009174311927	0.592373572593801	0.943281566509115	1.57921419518378	0.0870786516853933	0.455882352941176	0.0166666666666667	0.476190476190476	2.26086956521739	0.243589743589744	0.111111111111111
PIK3IP1	0.0894432613325221	0.245412844036697	0.55689233278956	0.12896691424713	0.191381495564005	0.0674157303370786	0	0.0166666666666667	0.114285714285714	0.0434782608695652	0.0256410256410256	0.0814814814814815
CRIP1	0.172459689686644	0.752293577981651	0.951468189233279	0.357866306549629	0.332065906210393	1.53089887640449	0.0294117647058824	0.05	0.504761904761905	0.173913043478261	0.897435897435897	0.192592592592593
PSMB8	0.0561302099178582	0.467889908256881	0.633972267536705	0.641458474004051	0.453738910012674	0.573033707865168	0.544117647058823	0.05	0.847619047619048	0.695652173913043	0.846153846153846	1.20740740740741
MT1E	0.00722543352601156	0.119266055045872	0.384380097879282	0.322079675894666	0.00253485424588086	1.53932584269663	0.5	0.0166666666666667	0.561904761904762	0	0.0897435897435897	0.111111111111111
SUSD3	0.000798600547611804	0.0206422018348624	0.257952691680261	0.0776502363268062	0.134347275031686	0.0168539325842697	0	0.0166666666666667	0.019047619047619	0.0434782608695652	0.0256410256410256	0.00740740740740741
MCUB	0.0594767264983267	0.211009174311927	0.472879282218597	0.210668467251857	0.242078580481622	0.179775280898876	0.0147058823529412	0.0166666666666667	0.0571428571428571	0.173913043478261	0.294871794871795	0.037037037037037
CCND3	0.0792515972010952	0.419724770642202	0.548123980424144	0.167454422687373	0.367553865652725	0.143258426966292	0.0147058823529412	0.0833333333333333	0.2	0.0869565217391304	0.628205128205128	0.162962962962963
TRGC2	0.000874657742622452	0.137614678899083	0.234706362153344	0.00337609723160027	0.00126742712294043	0.00280898876404494	0.0294117647058824	0.0333333333333333	0	0	0	0
EVI2A	0.00308031639793124	0.188073394495413	0.299347471451876	0.324780553679946	0.111533586818758	0.00280898876404494	0.0294117647058824	0	0.00952380952380952	0.217391304347826	0.115384615384615	0
S1PR4	0.00171128688773958	0.128440366972477	0.251019575856444	0.0465901417960837	0.167300380228137	0.00280898876404494	0	0	0.00952380952380952	0.130434782608696	0.115384615384615	0.00740740740740741
TC2N	0.00209157286279282	0.160550458715596	0.232055464926591	0.00405131667792032	0.00760456273764259	0.0196629213483146	0	0	0.0285714285714286	0	0	0.0148148148148148
HCLS1	0.00540006084575601	0.305045871559633	0.365823817292007	0.569209993247806	0.278833967046895	0	0.0441176470588235	0	0.0571428571428571	0.304347826086957	0.384615384615385	0.348148148148148
LINC00861	0.00167325829023426	0.190366972477064	0.230016313213703	0.00607697501688049	0.00887198986058302	0.00561797752808989	0	0.05	0.00952380952380952	0	0	0.00740740740740741
ITK	0.00327045938545786	0.0871559633027523	0.226957585644372	0.00675219446320054	0.00506970849176172	0.0112359550561798	0	0	0	0	0	0
CD55	0.145117128080316	0.488532110091743	0.826060358890702	0.491559756920999	1.14828897338403	0.235955056179775	0.102941176470588	0.0666666666666667	0.0476190476190476	0.304347826086957	0.82051282051282	0.266666666666667
TNFAIP8	0.0250608457560085	0.158256880733945	0.391517128874388	0.404456448345712	0.367553865652725	0.132022471910112	0.294117647058824	0.05	0.0761904761904762	0.347826086956522	0.115384615384615	0.037037037037037
SH3BGRL3	0.667782172193489	2.27522935779817	3.36337683523654	6.02160702228224	1.46134347275032	2.26685393258427	0.617647058823529	0.733333333333333	1.87619047619048	1.39130434782609	2.67948717948718	2.27407407407407
ANXA11	0.00893672041375114	0.227064220183486	0.375611745513866	0.528696826468602	0.20659062103929	0.466292134831461	0.0882352941176471	0.0666666666666667	0.419047619047619	0.173913043478261	0.487179487179487	0.444444444444444
FCMR	0.00201551566778217	0.19954128440367	0.277324632952692	0.0405131667792032	0.576679340937896	0.0224719101123595	0	0.0333333333333333	0	0.0869565217391304	0.0769230769230769	0.0148148148148148
COTL1	0.198737450562823	0.972477064220184	1.37377650897227	3.26468602295746	0.703422053231939	0.323033707865169	0.0441176470588235	0.15	0.780952380952381	0.304347826086957	0.192307692307692	0.696296296296296
GIMAP1	0.00167325829023426	0.100917431192661	0.25652528548124	0.199864956110736	0.0164765525982256	0.00842696629213483	0.0294117647058824	0.0166666666666667	0.00952380952380952	0	0	0.696296296296296
PBXIP1	0.0125114085792516	0.103211009174312	0.266517128874388	0.0438892640108035	0.11787072243346	0.0898876404494382	0.0441176470588235	0	0.0476190476190476	0.130434782608696	0.141025641025641	0.133333333333333
ARPC1B	0.114580164283541	0.502293577981651	1.08360522022839	2.71573261309926	0.711026615969582	0.696629213483146	0.25	0.0666666666666667	1.66666666666667	0.434782608695652	2.62820512820513	0.985185185185185
APBB1IP	0.00551414663827198	0.211009174311927	0.294453507340946	0.305199189736664	0.200253485424588	0.0112359550561798	0.205882352941176	0	0.019047619047619	0.173913043478261	0.461538461538462	0.00740740740740741
SEPTIN1	0.0967067234560389	0.284403669724771	0.500203915171289	0.037137069547603	0.183776932826362	0.0898876404494382	0.0294117647058824	0.05	0.0571428571428571	0.130434782608696	0.358974358974359	0.0148148148148148
EMB	0.0203833282628537	0.268348623853211	0.296900489396411	0.105334233625928	0.152091254752852	0.0140449438202247	0.0294117647058824	0	0.0666666666666667	0.0869565217391304	0.384615384615385	0
IL16	0.00429723151810161	0.130733944954128	0.26141924959217	0.135719108710331	0.26615969581749	0.0140449438202247	0.0147058823529412	0.0666666666666667	0.0285714285714286	0.521739130434783	0.230769230769231	0.0814814814814815
AC004151.1	0.00186340127776088	0.11697247706422	0.230424143556281	0.0979068197164078	0.0887198986058302	0	0	0	0	0.0869565217391304	0.179487179487179	0.0148148148148148
AQP3	0.0030042592029206	0.0275229357798165	0.209624796084829	0.00405131667792032	0.00126742712294043	0.0533707865168539	0.176470588235294	0.0166666666666667	0.0285714285714286	0.0869565217391304	0.0641025641025641	0
TMEM243	0.0725585640401582	0.201834862385321	0.481647634584013	0.176907494935854	0.621039290240811	0.137640449438202	0.0735294117647059	0	0.20952380952381	0.91304347826087	0.294871794871795	0.237037037037037
RGL4	0.00117888652266504	0.0802752293577982	0.199225122349103	0.012153950033761	0.017743979721166	0.00561797752808989	0	0.0333333333333333	0	0	0	0.00740740740740741
ANXA2R	0.00201551566778217	0.135321100917431	0.210848287112561	0.0344361917623228	0.0709759188846641	0.0140449438202247	0.0735294117647059	0.0166666666666667	0.00952380952380952	0	0.0384615384615385	0.0592592592592593
RASAL3	0.00117888652266504	0.162844036697248	0.205546492659054	0.0465901417960837	0.082382762991128	0.00561797752808989	0	0	0	0	0.0512820512820513	0.0666666666666667
SLFN5	0.0030042592029206	0.220183486238532	0.246941272430669	0.112761647535449	0.0215462610899873	0.404494382022472	0.0147058823529412	0.0166666666666667	0.380952380952381	0	0.0128205128205128	1.19259259259259
RHOG	0.043656829936112	0.215596330275229	0.4528955954323	0.87711006076975	0.286438529784537	0.182584269662921	0.176470588235294	0.0833333333333333	0.0952380952380952	0.130434782608696	0.192307692307692	0.266666666666667
ADA	0.00399300273805902	0.0825688073394495	0.231443719412724	0.176907494935854	0.073510773130545	0.0758426966292135	0	0	0.0285714285714286	0.130434782608696	0.576923076923077	0.133333333333333
LAT	0.00962123516884697	0.110091743119266	0.211663947797716	0.0195813639432816	0.0126742712294043	0.0112359550561798	0.0882352941176471	0.0166666666666667	0.00952380952380952	0.0434782608695652	0.0256410256410256	0.0222222222222222
APOE	0.111689990873137	0.0688073394495413	0.0964518760195759	49.6049966239028	0.119138149556401	2.78651685393258	0.485294117647059	0.1	3.28571428571429	0.391304347826087	0.102564102564103	0.311111111111111
SPP1	0.213150289017341	0.0389908256880734	0.0575040783034258	56.525320729237	0.0494296577946768	0.0898876404494382	0.647058823529412	0.4	0.314285714285714	0.0434782608695652	0.0128205128205128	0.866666666666667
APOC1	0.0762093094006693	0.0275229357798165	0.0546492659053834	23.0033760972316	0.0468948035487959	0.452247191011236	1.89705882352941	0.133333333333333	0.104761904761905	0.130434782608696	0.0256410256410256	0.0814814814814815
C1QB	0.0254411317310618	0.00917431192660551	0.0187601957585644	14.185685347738	0.0316856780735108	0.0421348314606742	0.0882352941176471	0.0333333333333333	0.0380952380952381	0.260869565217391	0.0128205128205128	0.0444444444444444
C1QA	0.0254411317310618	0.0114678899082569	0.0230424143556281	13.4604996623903	0.0367553865652725	0.0140449438202247	0	0.0166666666666667	0.0285714285714286	0.260869565217391	0.0128205128205128	0.037037037037037
LYZ	0.0140325524794646	0.0275229357798165	0.0250815660685155	10.9068197164078	0.0405576679340938	0.0870786516853933	0.0441176470588235	0.0333333333333333	0.0380952380952381	0.260869565217391	0.0128205128205128	0.0222222222222222
CXCL8	0.0142226954669912	0.0389908256880734	0.0385399673735726	10.5300472653612	0.0583016476552598	0.160112359550562	0.0294117647058824	0.05	0.00952380952380952	0.0869565217391304	0.91025641025641	0.0222222222222222
C1QC	0.0140705810769699	0.0160550458715596	0.0120309951060359	8.90479405806887	0.0114068441064639	0.0280898876404494	0.0294117647058824	0.05	0.00952380952380952	0.0434782608695652	0	0.0222222222222222
S100A9	0.0170368116823852	0.0344036697247706	0.0269168026101142	7.36664415935179	0.0456273764258555	0.050561797752809	0.0882352941176471	0.0833333333333333	0.00952380952380952	0	0.102564102564103	0.0148148148148148
IL1B	0.0074536051110435	0.00688073394495413	0.015905383360522	6.5016880486158	0.0152091254752852	0.0280898876404494	0.102941176470588	0.0166666666666667	0.00952380952380952	0	0.0128205128205128	0.00740740740740741
CCL3L3	0.0096592637663523	0.23394495412844	0.0495513866231648	6.91694800810263	0.0164765525982256	0.00280898876404494	0	0.0166666666666667	0	0	0.217948717948718	0.00740740740740741
HLA-DPA1	0.020193185275327	0.295871559633028	0.239600326264274	12.9689399054693	3.79340937896071	0.0758426966292135	0	0.0833333333333333	0.133333333333333	0.91304347826087	5.1025641025641	0.925925925925926
HLA-DRA	0.0493611195619106	0.286697247706422	0.302202283849918	23.2133693450371	10.3092522179975	0.129213483146067	0.117647058823529	0.15	0.428571428571429	1.08695652173913	11.9358974358974	2.25925925925926
HLA-DRB1	0.0541527228475814	0.387614678899083	0.361337683523654	17.2734638757596	5.48795944233207	0.0926966292134832	0.382352941176471	0.05	0.571428571428571	2.30434782608696	7.48717948717949	3.96296296296296
FTL	4.62313659872224	2.24082568807339	2.24571778140294	206.063470627954	3.1191381495564	10.4691011235955	8	4.55	5.37142857142857	19.9565217391304	14.1538461538462	4.35555555555556
SELENOP	0.0157058107696988	0.00917431192660551	0.0179445350734095	5.44632005401756	0.0354879594423321	0.969101123595506	0.279411764705882	0	0.19047619047619	0	0.0128205128205128	1.01481481481481
HLA-DPB1	0.0284453909339824	0.330275229357798	0.289151712887439	12.6664415935179	4.84664131812421	0.132022471910112	0.0882352941176471	0.05	0.304761904761905	0.608695652173913	5.56410256410256	0.762962962962963
SAT1	0.160366595679951	0.961009174311927	1.086867862969	20.4821066846725	1.67173637515843	1.56741573033708	1.88235294117647	0.216666666666667	0.638095238095238	4.73913043478261	4.25641025641026	3.92592592592593
CXCL2	0.00733951931852753	0.0504587155963303	0.0305872756933116	5.18501012829169	0.0114068441064639	1.10112359550562	0.544117647058823	0	0.019047619047619	0.0434782608695652	0.615384615384615	0.42962962962963
CD14	0.0146790386370551	0.00688073394495413	0.00795269168026101	4.51991897366644	0.00760456273764259	0.0224719101123595	0.0588235294117647	0	0.00952380952380952	0	0	0.0518518518518519
S100A8	0.00600851840584119	0.018348623853211	0.0218189233278956	4.41255908170155	0.0684410646387833	0.0870786516853933	0.0294117647058824	0.0833333333333333	0	0	0.115384615384615	0.0148148148148148
CTSD	0.197520535442653	0.451834862385321	0.316272430668842	11.9196488858879	0.0697084917617237	0.424157303370786	0.544117647058823	0.0666666666666667	0.857142857142857	0.565217391304348	0.346153846153846	0.733333333333333
CXCL3	0.00593246121083054	0.0389908256880734	0.0124388254486134	3.70965563808238	0.00887198986058302	0.160112359550562	0.102941176470588	0	0.0285714285714286	0.0434782608695652	0.217948717948718	0.0444444444444444
G0S2	0.0774262245208397	0.0275229357798165	0.0283442088091354	5.81498987170831	0.0291508238276299	0.410112359550562	0.0294117647058824	0.0166666666666667	0	0.0434782608695652	0.0384615384615385	0.037037037037037
PLAUR	0.00752966230605415	0.0114678899082569	0.0438417618270799	3.86293045239703	0.0101394169835234	0.137640449438202	0.205882352941176	0.0166666666666667	0.219047619047619	0.0434782608695652	0.384615384615385	0.133333333333333
AIF1	0.0160860967447521	0.0458715596330275	0.545880913539967	6.52599594868332	0.0836501901140684	0.0224719101123595	0.0882352941176471	0.05	0.0952380952380952	0.0869565217391304	0.564102564102564	0.0444444444444444
CD74	0.0559020383328263	0.825688073394495	0.948817292006525	27.7353139770425	18.2801013941698	0.25	0.382352941176471	0.05	0.876190476190476	12.695652173913	32.5384615384615	6.55555555555556
CTSS	0.0124733799817463	0.172018348623853	0.179649265905383	4.80958811613774	0.386565272496831	0.168539325842697	0.176470588235294	0.0166666666666667	0.0380952380952381	0.347826086956522	1.17948717948718	0.155555555555556
IER3	0.114542135686036	0.188073394495413	0.0927814029363785	7.07089804186361	0.0342205323193916	1.29213483146067	0.279411764705882	0.0333333333333333	0.723809523809524	0.173913043478261	0.128205128205128	0.251851851851852
HLA-DQA1	0.00707331913599026	0.0389908256880734	0.041394779771615	4.50641458474004	1.61343472750317	0.00842696629213483	0.147058823529412	0.0166666666666667	0.00952380952380952	0.217391304347826	1.94871794871795	0.103703703703704
CTSZ	0.0308792211743231	0.0596330275229358	0.0387438825448613	4.23362592842674	0.14702154626109	0.528089887640449	0.0294117647058824	0	0.828571428571429	0.391304347826087	1.19230769230769	0.555555555555556
FCGRT	0.0386370550654092	0.0252293577981651	0.108482871125612	4.56380823767724	0.0608365019011407	0.77247191011236	0.0735294117647059	0.0166666666666667	0.580952380952381	0.260869565217391	1.11538461538462	1.52592592592593
NPC2	0.0668162458168543	0.0940366972477064	0.138866231647635	5.63538149898717	0.302915082382763	0.800561797752809	0.235294117647059	0.0333333333333333	0.6	1.39130434782609	5.67948717948718	0.666666666666667
HLA-DQB1	0.00821417706114999	0.0802752293577982	0.0880913539967374	4.92437542201215	2.24081115335868	0.0140449438202247	0.0882352941176471	0.0333333333333333	0.0380952380952381	0.782608695652174	3.23076923076923	0.348148148148148
MS4A6A	0.00543808944326133	0	0.0101957585644372	2.83929777177583	0.0215462610899873	0	0	0	0.00952380952380952	0	1.82051282051282	0.0148148148148148
GPNMB	0.0130438089443261	0	0.00876835236541599	2.91154625253207	0.00760456273764259	0.297752808988764	0.0882352941176471	0.0166666666666667	0.114285714285714	0	0	0
S100A11	0.0316778217219349	0.587155963302752	0.853792822185971	9.45374746792708	0.134347275031686	5.82022471910112	1.14705882352941	0.05	7.93333333333333	0.652173913043478	1.19230769230769	3.53333333333333
MS4A7	0.00349863097048981	0.00917431192660551	0.00570962479608483	2.62120189061445	0.0595690747782003	0.00842696629213483	0	0	0	0	0.0128205128205128	0.00740740740740741
HMOX1	0.00829023425616063	0.0229357798165138	0.0083605220228385	2.72586090479406	0.0215462610899873	0.101123595505618	0.0294117647058824	0	0	0	0.115384615384615	0.0444444444444444
CTSB	0.264831153027076	0.0458715596330275	0.143760195758564	8.4611748818366	0.0697084917617237	0.528089887640449	0.220588235294118	0.2	0.323809523809524	0.173913043478261	2.14102564102564	0.777777777777778
LST1	0.0100015211439002	0.176605504587156	0.301386623164763	3.53139770425388	0.138149556400507	0.0617977528089888	0.0147058823529412	0.0166666666666667	0.0380952380952381	0	0.538461538461538	0.0222222222222222
CCL3L1	0.00106480073014907	0.153669724770642	0.0356851549755302	2.25455773126266	0.0164765525982256	0.0168539325842697	0	0.0166666666666667	0.00952380952380952	0.0869565217391304	0.0256410256410256	0
TYMP	0.0451019166413143	0.220183486238532	0.194535073409462	4.0202565833896	0.281368821292776	1.17977528089888	0.0735294117647059	0.0166666666666667	1.24761904761905	1.60869565217391	1.57692307692308	0.651851851851852
BCL2A1	0.00346060237298448	0.123853211009174	0.0905383360522023	2.37744767049291	0.291508238276299	0.0168539325842697	0.397058823529412	0.0166666666666667	0.0285714285714286	0	0.794871794871795	0.0222222222222222
CTSC	0.02992850623669	0.392201834862385	0.318719412724307	3.5388251181634	0.0291508238276299	0.435393258426966	0.0588235294117647	0.0166666666666667	0.523809523809524	0.0434782608695652	1.62820512820513	0.296296296296296
LGALS3	0.0479160328567082	0.0756880733944954	0.102365415986949	3.32478055367995	0.0152091254752852	1.38202247191011	1.08823529411765	0.483333333333333	1.12380952380952	0.260869565217391	0.0384615384615385	0.281481481481481
HLA-DMA	0.00623668999087314	0.0779816513761468	0.0952283849918434	2.86698176907495	1.19771863117871	0.0337078651685393	0.0735294117647059	0	0.0666666666666667	0.739130434782609	1.65384615384615	0.414814814814815
HLA-DRB5	0.0890249467599635	0.0619266055045872	0.0513866231647635	3.59756920999325	0.770595690747782	0.0112359550561798	0.0147058823529412	0.0166666666666667	0.0476190476190476	0.260869565217391	1.16666666666667	1.02962962962963
LGMN	0.0692881046547003	0.00688073394495413	0.0173327895595432	2.66171505739365	0.0367553865652725	0.22752808988764	0	0.05	0.114285714285714	0	0.564102564102564	0.325925925925926
FGL2	0.00357468816550046	0.0298165137614679	0.0181484502446982	1.71168129642134	0.0152091254752852	0.132022471910112	0.0147058823529412	0	0.00952380952380952	0.0869565217391304	0.0256410256410256	0.0296296296296296
LGALS2	0.00289017341040462	0.00229357798165138	0.00938009787928222	1.64618501012829	0.0126742712294043	0.0196629213483146	0.0294117647058824	0	0.0380952380952381	0	0	0
GRN	0.196037420139945	0.0344036697247706	0.0562805872756933	4.5523295070898	0.119138149556401	0.485955056179775	0.0735294117647059	0.0666666666666667	0.676190476190476	0.652173913043478	1.87179487179487	1.54814814814815
IGSF6	0.00547611804076666	0.00229357798165138	0.00774877650897227	1.61512491559757	0.00887198986058302	0.0168539325842697	0.0294117647058824	0	0	0	0.153846153846154	0.00740740740740741
PTGDS	0.00642683297839976	0.220183486238532	0.0118270799347471	2.28561782579338	0.00887198986058302	0.794943820224719	0	0	0.00952380952380952	0.130434782608696	12.6923076923077	0.0296296296296296
C15orf48	0.00486766048068147	0.00917431192660551	0.0112153344208809	1.60972316002701	0.0101394169835234	0.00842696629213483	0.0294117647058824	0	0.00952380952380952	0.0434782608695652	0.141025641025641	0.00740740740740741
FCN1	0.00247185883784606	0.0137614678899083	0.0065252854812398	1.5523295070898	0.0114068441064639	0.0140449438202247	0	0	0.00952380952380952	0	0.0512820512820513	0.00740740740740741
CAPG	0.00851840584119258	0.217889908256881	0.243882544861338	2.33963538149899	0.178707224334601	0.0955056179775281	0.75	0.0166666666666667	0.152380952380952	0.130434782608696	1.19230769230769	0.037037037037037
SLC40A1	0.0256693033160937	0.00458715596330275	0.0224306688417618	1.90276839972991	0.00633713561470215	0.247191011235955	0.426470588235294	0.05	0.0380952380952381	0	0.0128205128205128	0.140740740740741
CTSL	0.212884088834804	0	0.0870717781402936	4.28494260634706	0.0215462610899873	0.387640449438202	0.0588235294117647	0.05	0.152380952380952	0.0434782608695652	0.0128205128205128	0.4
PLEK	0.00304228780042592	0.261467889908257	0.0442495921696574	1.65023632680621	0.139416983523447	0.0140449438202247	0.191176470588235	0	0.00952380952380952	0.0434782608695652	1.28205128205128	0
CST3	0.797649832674171	0.103211009174312	0.0707585644371941	12.151924375422	0.0937896070975919	5.85674157303371	0.455882352941176	0.2	3.93333333333333	0.565217391304348	4.75641025641026	1.60740740740741
LGALS1	0.104084271372072	0.591743119266055	0.375	7.24510465901418	0.110266159695817	16.0730337078652	1.04411764705882	0.183333333333333	18.1809523809524	1.21739130434783	1.43589743589744	5.1037037037037
MMP12	0.0038028597505324	0.00688073394495413	0.00346655791190865	1.38352464550979	0.00126742712294043	0.00280898876404494	0	0.0333333333333333	0	0	0	0
MMP9	0.00505780346820809	0.0114678899082569	0.0191680261011419	1.43956785955436	0.0101394169835234	0.123595505617978	0	0	0.019047619047619	0	0.0128205128205128	0.103703703703704
LIPA	0.0666261028293277	0.0344036697247706	0.0556688417618271	2.20999324780554	0.0405576679340938	0.140449438202247	0.0441176470588235	0.05	0.133333333333333	0.0869565217391304	0.0256410256410256	0.237037037037037
CD68	0.00505780346820809	0.00688073394495413	0.00958401305057096	1.38960162052667	0.0164765525982256	0.0646067415730337	0.132352941176471	0.0166666666666667	0	0.173913043478261	0.358974358974359	0.0148148148148148
MS4A4A	0.00266200182537268	0	0.00203915171288744	1.30182309250506	0.00380228136882129	0.00561797752808989	0.0147058823529412	0	0.00952380952380952	0	0.230769230769231	0.0148148148148148
CTSH	0.00954517797383632	0.0114678899082569	0.0450652528548124	1.61377447670493	0.242078580481622	0.362359550561798	0.0882352941176471	0.0166666666666667	0.0380952380952381	0.217391304347826	0.307692307692308	0.392592592592593
CPVL	0.00825220565865531	0.00229357798165138	0.00611745513866232	1.34908845374747	0.00253485424588086	0.00280898876404494	0.0294117647058824	0	0.00952380952380952	0	0	0.0148148148148148
PSAP	0.542135686035899	0.18348623853211	0.243066884176183	7.84942606347063	0.197718631178707	1.01685393258427	0.426470588235294	0.133333333333333	1.51428571428571	1.52173913043478	1.80769230769231	1.05185185185185
CFD	0.00688317614846364	0.00688073394495413	0.0144779771615008	1.51654287643484	0.0152091254752852	1.3061797752809	0	0.0333333333333333	0	0.0434782608695652	0.0128205128205128	0
SPI1	0.00631274718588378	0	0.0050978792822186	1.33896016205267	0.133079847908745	0.00842696629213483	0.25	0.0166666666666667	0.019047619047619	0.0869565217391304	0.0641025641025641	0.0148148148148148
BLVRB	0.0378764831153027	0.0435779816513761	0.0477161500815661	1.81093855503038	0.0304182509505703	0.292134831460674	0.264705882352941	1.08333333333333	0.247619047619048	0.173913043478261	0.128205128205128	0.207407407407407
PLIN2	0.0700106480073015	0.158256880733945	0.213295269168026	2.4679270762998	0.0887198986058302	0.353932584269663	0.352941176470588	0	0.133333333333333	0	0.0128205128205128	0.451851851851852
CXCL10	0.000912686340127776	0.00229357798165138	0.0018352365415987	1.37879810938555	0.00253485424588086	1.18258426966292	0	0.0166666666666667	0.0285714285714286	0	0.0128205128205128	0.0962962962962963
HLA-DMB	0.00262397322786736	0.0527522935779817	0.0265089722675367	1.51046590141796	0.692015209125475	0	0.0147058823529412	0.0166666666666667	0.00952380952380952	0.0434782608695652	0.67948717948718	0.125925925925926
CEBPD	0.0973151810161241	0.520642201834862	0.0805464926590538	2.56515867656989	0.0253485424588086	1.00842696629213	0.147058823529412	0.0166666666666667	0.323809523809524	0.0434782608695652	0.0256410256410256	0.392592592592593
PLA2G7	0.00277608761788865	0	0.0032626427406199	1.18636056718433	0	0.0140449438202247	0.0147058823529412	0	0.00952380952380952	0	0.0128205128205128	0
RNASET2	0.0857164587770003	0.192660550458716	0.502854812398042	3.24645509790682	0.593155893536122	0.115168539325843	0.0441176470588235	0.116666666666667	0.0476190476190476	0.478260869565217	4.15384615384615	0.133333333333333
CD83	0.0227791299056891	0.364678899082569	0.184339314845024	2.52329507089804	2.28263624841572	0.047752808988764	0.411764705882353	0.0166666666666667	0.0952380952380952	0.130434782608696	3.75641025641026	0.0740740740740741
CCL20	0.0019014298752662	0.00229357798165138	0.0925774877650897	1.29709655638082	0.00380228136882129	0.0168539325842697	0	0	0	0.0434782608695652	0	0
C5AR1	0.0049056890781868	0.00229357798165138	0.00265089722675367	1.16610398379473	0.00380228136882129	0.0196629213483146	0	0	0.00952380952380952	0	0	0.00740740740740741
MNDA	0.00136902951019166	0.00688073394495413	0.00469004893964111	1.14247130317353	0.0253485424588086	0.00561797752808989	0	0	0	0.0434782608695652	0.115384615384615	0
ACP5	0.00654091877091573	0.0665137614678899	0.0707585644371941	1.36731937879811	0.150823827629911	0.047752808988764	0.0735294117647059	0	0	0.0434782608695652	0.333333333333333	0
SGK1	0.0489047763918467	0.0321100917431193	0.104404567699837	1.84132343011479	0.0570342205323194	0.22752808988764	0.205882352941176	0.05	0.0857142857142857	0.130434782608696	0.0384615384615385	0.962962962962963
SERPINA1	0.00224368725281412	0.0114678899082569	0.0083605220228385	1.10600945307225	0.00760456273764259	0.00842696629213483	0.0735294117647059	0	0.00952380952380952	0	0	0
FOLR2	0.00220565865530879	0.00688073394495413	0.00142740619902121	1.08440243079001	0.0228136882129278	0.00280898876404494	0	0	0	0	0	0
VAMP8	0.0137663522969273	0.511467889908257	0.581566068515498	2.45644834571236	0.396704689480355	0.050561797752809	0.323529411764706	0.0333333333333333	0.0761904761904762	0.695652173913043	3.43589743589744	0.318518518518519
IL18	0.0047535746881655	0.0229357798165138	0.00448613376835237	1.10735989196489	0.0139416983523447	0.0393258426966292	0.0882352941176471	0	0.0285714285714286	0	0.102564102564103	0
C1orf162	0.0103818071189535	0.178899082568807	0.16884176182708	1.5286968264686	0.29277566539924	0.00842696629213483	0.117647058823529	0.0666666666666667	0	0	0.576923076923077	0.0148148148148148
LY96	0.00338454517797384	0.0160550458715596	0.0377243066884176	1.1951384199865	0.082382762991128	0.126404494382022	0.0294117647058824	0	0.019047619047619	0.956521739130435	0.384615384615385	0.37037037037037
GPR183	0.00752966230605415	0.477064220183486	0.449429037520392	2.44564483457124	0.583016476552598	0.0280898876404494	0.0441176470588235	0.0333333333333333	0.00952380952380952	0.217391304347826	14.6153846153846	0.0148148148148148
SOD2	0.182042896257986	0.0527522935779817	0.1413132137031	2.98514517218096	0.186311787072243	0.747191011235955	0.411764705882353	0.0666666666666667	0.180952380952381	0.130434782608696	0.192307692307692	0.4
CSTB	0.521638271980529	0.401376146788991	0.669657422512235	7.0067521944632	0.329531051964512	1.00280898876405	0.338235294117647	0.2	1.02857142857143	1.21739130434783	0.205128205128205	2.28888888888889
TNFSF13B	0.00829023425616063	0.0206422018348624	0.0564845024469821	1.20999324780554	0.0278833967046895	0.193820224719101	0	0	0.342857142857143	0	0.423076923076923	0.0222222222222222
IFITM3	0.0335031944021904	0.472477064220183	0.127650897226754	3.63200540175557	0.0747782002534854	11.4466292134831	0.264705882352941	0.0333333333333333	5.38095238095238	0	0.0256410256410256	12.0740740740741
EREG	0.00182537268025555	0.00229357798165138	0.00346655791190865	0.99864956110736	0.00253485424588086	0.0112359550561798	0	0	0	0	0.0128205128205128	0
CEBPB	0.0262017036811682	0.43348623853211	0.26141924959217	1.80013504388926	0.0747782002534854	0.654494382022472	1.39705882352941	0.0666666666666667	0.485714285714286	0.304347826086957	0.0128205128205128	0.185185185185185
PYCARD	0.0101916641314268	0.217889908256881	0.234502446982055	1.52464550979068	0.174904942965779	0.174157303370787	0.0588235294117647	0.0166666666666667	0.180952380952381	0.565217391304348	1.21794871794872	0.222222222222222
CREG1	0.0787952540310313	0.0275229357798165	0.0267128874388254	1.66306549628629	0.0202788339670469	0.176966292134831	0.205882352941176	0.166666666666667	0.0761904761904762	0.0869565217391304	0.0256410256410256	0.140740740740741
CSTA	0.00220565865530879	0	0.00305872756933116	0.937204591492235	0.00380228136882129	0.0196629213483146	0	0.0166666666666667	0.019047619047619	0	0	0.00740740740740741
CYBB	0.00338454517797384	0.00458715596330275	0.00244698205546493	0.966239027683997	0.166032953105196	0.0140449438202247	0.117647058823529	0	0	0.0434782608695652	0.807692307692308	0
DAB2	0.00254791603285671	0.0321100917431193	0.00265089722675367	0.977042538825118	0.00380228136882129	0.390449438202247	0.0441176470588235	0	0.0285714285714286	0	0.435897435897436	0.725925925925926
IFI30	0.00144508670520231	0.00917431192660551	0.00469004893964111	0.904118838622552	0.102661596958175	0.0224719101123595	0	0	0	0.173913043478261	0.0256410256410256	0
IL1RN	0.00209157286279282	0.00458715596330275	0.00244698205546493	0.87035786630655	0.00633713561470215	0.00842696629213483	0	0	0.00952380952380952	0	0	0
FUCA1	0.054456951627624	0.0229357798165138	0.0210032626427406	1.26130992572586	0.0190114068441065	0.0224719101123595	0.0735294117647059	0	0.0952380952380952	0.0434782608695652	0.0384615384615385	0.0592592592592593
NUPR1	0.00547611804076666	0.00229357798165138	0.00244698205546493	0.99527346387576	0.00506970849176172	1.1376404494382	0.514705882352941	0	0.133333333333333	0	0	0.148148148148148
ICAM1	0.00254791603285671	0.130733944954128	0.026305057096248	0.933153274814315	0.0354879594423321	0.207865168539326	0.176470588235294	0	0.0666666666666667	0.0869565217391304	0.333333333333333	0.340740740740741
CXCL16	0.00231974444782476	0.0160550458715596	0.0232463295269168	0.868332207967589	0.0367553865652725	0.0702247191011236	0.0294117647058824	0	0.104761904761905	0	0.166666666666667	0.0962962962962963
GLUL	0.356137815637359	0.174311926605505	0.125407830342577	3.58203916272789	0.11787072243346	0.328651685393258	0.544117647058823	0.283333333333333	0.238095238095238	0	0.320512820512821	0.318518518518519
TSPO	0.044721630666261	0.325688073394495	0.286092985318108	1.7440918298447	0.169835234474018	0.98314606741573	0.117647058823529	0.05	1.86666666666667	0.347826086956522	0.192307692307692	1.18518518518519
CLEC7A	0.00155917249771828	0.00229357798165138	0.00489396411092985	0.790681971640783	0.00126742712294043	0.00842696629213483	0	0	0.00952380952380952	0	0	0
FABP4	0.00418314572558564	0	0.00244698205546493	1.11681296421337	0	0.219101123595506	0	0.0166666666666667	0	0	0.0128205128205128	8.65185185185185
FCGR2A	0.00144508670520231	0.00688073394495413	0.000815660685154976	0.769074949358541	0.00380228136882129	0.0196629213483146	0.0294117647058824	0.0166666666666667	0.0761904761904762	0	0.0128205128205128	0.00740740740740741
FTH1	10.7747185883785	3.88073394495413	8.6339722675367	88.9878460499662	7.06083650190114	16.2106741573034	19.5294117647059	6.45	14.9619047619048	9.21739130434783	33.2307692307692	5.0962962962963
CCL18	0.00239580164283541	0.00688073394495413	0.0018352365415987	0.759621877110061	0	0	0	0	0	0	0	0
STX11	0.00182537268025555	0.0940366972477064	0.0519983686786297	0.832545577312627	0.0152091254752852	0.0280898876404494	0.0588235294117647	0	0.00952380952380952	0.260869565217391	0.0641025641025641	0.0444444444444444
LGALS9	0.00391694554304837	0.0573394495412844	0.0650489396411093	0.927076299797434	0.185044359949303	0.0955056179775281	0.0147058823529412	0.0166666666666667	0.0571428571428571	0.0434782608695652	0.192307692307692	0.911111111111111
CD163	0.00121691512017037	0	0.000407830342577488	0.735989196488859	0.00380228136882129	0	0	0	0.00952380952380952	0	0	0
LILRB4	0.00136902951019166	0.00229357798165138	0.00142740619902121	0.75286968264686	0.00253485424588086	0	0.0147058823529412	0	0.00952380952380952	0.0434782608695652	1.01282051282051	0.00740740740740741
APOBEC3A	0.00076057195010648	0.00229357798165138	0.00244698205546493	0.723160027008778	0.00887198986058302	0.0112359550561798	0	0	0	0	0.0384615384615385	0
BST2	0.00737754791603286	0.470183486238532	0.314641109298532	1.73531397704254	0.281368821292776	3.20224719101124	0.323529411764706	0.0166666666666667	1.45714285714286	0.652173913043478	1.67948717948718	5.08148148148148
CSF1R	0.00250988743535138	0.00229357798165138	0.00265089722675367	0.716407832545577	0.00126742712294043	0.00561797752808989	0.0147058823529412	0	0	0	0.0512820512820513	0
NAMPT	0.127509887435351	0.112385321100917	0.129282218597064	1.73598919648886	0.0925221799746515	0.396067415730337	0.147058823529412	0.05	0.266666666666667	0.260869565217391	0.217948717948718	0.377777777777778
KLF4	0.017721326437481	0.0137614678899083	0.0295676998368679	0.950708980418636	0.0633713561470216	0.570224719101124	0.617647058823529	0.0333333333333333	0.514285714285714	0	0.602564102564103	0.718518518518519
TNFAIP2	0.00357468816550046	0.00229357798165138	0.00244698205546493	0.734638757596219	0	0.171348314606742	0.0294117647058824	0	0.0761904761904762	0.217391304347826	0.0128205128205128	0.207407407407407
CXCL1	0.00178734408275023	0	0.00163132137030995	0.719108710330858	0	0.26123595505618	0	0	0	0	0	0.0296296296296296
SDS	0.00193945847277152	0	0.00224306688417618	0.694125590817016	0	0	0.0588235294117647	0	0	0	0.0128205128205128	0
RILPL2	0.0138424094919379	0.121559633027523	0.261623164763458	1.15259959486833	0.196451204055767	0.162921348314607	0.102941176470588	0	0.114285714285714	0.0869565217391304	0.653846153846154	0.422222222222222
NPL	0.00821417706114998	0.00688073394495413	0.00856443719412724	0.742066171505739	0.00380228136882129	0.0196629213483146	0.0147058823529412	0.0666666666666667	0.304761904761905	0	0	0.0148148148148148
ZFP36L1	0.0132719805293581	0.621559633027523	0.596859706362153	1.93247805536799	0.839036755386565	2.59550561797753	0.661764705882353	0.05	1.22857142857143	0.347826086956522	0.282051282051282	1.84444444444444
TREM2	0.00148311530270764	0	0.000815660685154976	0.664415935178933	0	0	0	0	0	0	0	0
LY86	0.00171128688773958	0.00688073394495413	0.0101957585644372	0.74544226873734	0.428390367553866	0.00280898876404494	0	0	0	0	0.0769230769230769	0.00740740740740741
RP11-1143G9.4	0.00212960146029814	0	0.00122349102773246	0.657663740715733	0.00126742712294043	0.00280898876404494	0	0	0	0	0	0
ADAMDEC1	0.00125494371767569	0	0.00285481239804241	0.654962862930452	0.00126742712294043	0.0112359550561798	0	0	0	0	0	0.00740740740740741
STXBP2	0.00456343170063888	0.073394495412844	0.116435562805873	0.821742066171506	0.064638783269962	0.0280898876404494	0.0441176470588235	0.05	0.0380952380952381	0.130434782608696	0.256410256410256	0
CD5L	0.00152114390021296	0	0.000203915171288744	0.647535449020932	0.00253485424588086	0	0	0	0	0	0	0
GPX1	1.39724672954061	0.155963302752294	0.343189233278956	9.32140445644835	0.333333333333333	0.75561797752809	0.0882352941176471	1.56666666666667	1.15238095238095	0.608695652173913	4.82051282051282	2.08888888888889
VAMP5	0.00673106175844235	0.178899082568807	0.331566068515498	1.24172856178258	0.11660329531052	0.865168539325843	0.0588235294117647	0.0166666666666667	1.61904761904762	0.652173913043478	0.153846153846154	2.9037037037037
OLR1	0.00152114390021296	0	0.00142740619902121	0.63065496286293	0.00126742712294043	0.0112359550561798	0.0294117647058824	0	0	0	0.0128205128205128	0
RNASE6	0.00152114390021296	0.00688073394495413	0.00815660685154975	0.697501688048616	0.157160963244613	0	0	0	0	0.347826086956522	1.91025641025641	0.00740740740740741
CD4	0.00444934590812291	0.00458715596330275	0.102977161500816	0.762997974341661	0.00253485424588086	0.0196629213483146	0	0.0166666666666667	0.00952380952380952	0	1.12820512820513	0.00740740740740741
MPEG1	0.00220565865530879	0	0.00122349102773246	0.656313301823093	0.0583016476552598	0.00561797752808989	0.0588235294117647	0	0	0	1.55128205128205	0.0148148148148148
CCL2	0.00916489199878309	0.0160550458715596	0.0101957585644372	0.975016880486158	0.00887198986058302	3.0561797752809	0.176470588235294	0.0166666666666667	0.971428571428571	0	0	1.97777777777778
SLC7A7	0.002700030422878	0	0.00265089722675367	0.62255232950709	0.0228136882129278	0.0196629213483146	0	0	0	0.173913043478261	0	0.0222222222222222
CD86	0.00144508670520231	0.00458715596330275	0.00346655791190865	0.615124915597569	0.0304182509505703	0	0	0	0	0	0.0384615384615385	0.0148148148148148
AC020656.1	0.00376483115302708	0.00458715596330275	0.0065252854812398	0.62795408507765	0.0114068441064639	0.0365168539325843	0	0	0	0	0.0384615384615385	0.00740740740740741
NEAT1	0.816321874049285	1.96559633027523	1.10379282218597	7.09790681971641	0.670468948035488	4.21348314606742	2.45588235294118	0.4	1.98095238095238	5.1304347826087	5.23076923076923	4.85925925925926
HNMT	0.00513386066321874	0.00229357798165138	0.00224306688417618	0.636056718433491	0.00506970849176172	0.283707865168539	0.0147058823529412	0	0.00952380952380952	0	0	0.0296296296296296
IFI6	0.23828719196836	0.344036697247706	0.289763458401305	2.73126266036462	0.271229404309252	4.16011235955056	0.191176470588235	0.1	2.95238095238095	1.17391304347826	0.0384615384615385	4.57037037037037
PTGS2	0.00125494371767569	0.0114678899082569	0.00265089722675367	0.592167454422687	0.00253485424588086	0.137640449438202	0.0441176470588235	0	0.0285714285714286	0	0.0256410256410256	0.00740740740740741
CLEC10A	0.000646486157590508	0	0.00101957585644372	0.572586090479406	0.00126742712294043	0	0	0	0	0	0.0128205128205128	0
ISG15	0.248630970489808	1.28899082568807	1.22145187601958	4.58946657663741	0.863117870722434	10.2331460674157	0.147058823529412	0.183333333333333	6.19047619047619	0.826086956521739	1.67948717948718	13.2814814814815
TPP1	0.0399680559780955	0.0596330275229358	0.0846247960848287	0.903443619176232	0.111533586818758	0.126404494382022	0.0294117647058824	0.0333333333333333	0.142857142857143	0.0869565217391304	0.435897435897436	0.214814814814815
CTSA	0.0664739884393064	0.0619266055045872	0.103792822185971	1.05941931127616	0.0418250950570342	0.25561797752809	0.102941176470588	0	0.247619047619048	0.260869565217391	0.0897435897435897	0.281481481481481
CALHM6	0.0108381502890173	0.0229357798165138	0.0142740619902121	0.665091154625253	0.149556400506971	0.0168539325842697	0	0.0333333333333333	0.00952380952380952	0	0.282051282051282	0.0296296296296296
RAB20	0.00262397322786736	0.00458715596330275	0.00530179445350734	0.585415259959487	0.017743979721166	0.0252808988764045	0.0294117647058824	0	0.0285714285714286	0.0434782608695652	0	0
RNASE1	0.002700030422878	0	0.00224306688417618	0.681296421336934	0.00633713561470215	0.0140449438202247	0.0441176470588235	0	0.142857142857143	0	0	3.85185185185185
PLAU	0.00155917249771828	0.00458715596330275	0.00142740619902121	0.571235651586766	0.00126742712294043	0.123595505617978	0.0441176470588235	0	0.0476190476190476	0	0.0512820512820513	0.140740740740741
CHIT1	0.000684514755095832	0	0.00122349102773246	0.551654287643484	0.00380228136882129	0	0	0	0.00952380952380952	0.173913043478261	0	0
HBEGF	0.0200410708853057	0.00229357798165138	0.0387438825448613	0.707629979743417	0.00760456273764259	0.0814606741573034	0	0	0.733333333333333	0	0.0897435897435897	0.288888888888889
MAFB	0.115682993611196	0.00688073394495413	0.00570962479608483	1.14449696151249	0.00253485424588086	0.174157303370787	0.0441176470588235	0.0166666666666667	0.0857142857142857	0.0434782608695652	0	0.155555555555556
HES1	0.00258594463036203	0.0114678899082569	0.0275285481239804	0.690749493585415	0.135614702154626	0.533707865168539	0.235294117647059	0	1.36190476190476	0	0.0384615384615385	1.01481481481481
VIM	0.378194402190447	1.32339449541284	2.71655791190865	7.70762997974342	0.666666666666667	17.623595505618	3.95588235294118	0.216666666666667	37.7809523809524	1.82608695652174	4.65384615384615	19.7481481481481
NFKBIZ	0.0301186492242166	0.346330275229358	0.255097879282219	1.00607697501688	0.133079847908745	0.325842696629214	0.573529411764706	0.0333333333333333	0.161904761904762	0.217391304347826	0.628205128205128	0.266666666666667
TMEM176B	0.344386979008214	0.0137614678899083	0.0165171288743883	2.28561782579338	0.00760456273764259	0.547752808988764	0.117647058823529	0	1.0952380952381	0.0434782608695652	0.0128205128205128	0.037037037037037
HLA-DQA2	0.0009507149376331	0.0137614678899083	0.0108075040783034	0.574611748818366	0.238276299112801	0.00280898876404494	0.0147058823529412	0	0	0	0.58974358974359	0.037037037037037
ATF3	0.226118040766657	0.0825688073394495	0.0899265905383361	1.81904118838623	0.0544993662864385	1.15730337078652	0.544117647058823	0.0666666666666667	0.39047619047619	0.0869565217391304	1.11538461538462	0.185185185185185
NINJ1	0.160138424094919	0.217889908256881	0.216965742251224	1.54422687373396	0.0418250950570342	0.210674157303371	0.132352941176471	0.133333333333333	0.333333333333333	0.391304347826087	0.602564102564103	0.274074074074074
IGHM	0.00540006084575601	0.0321100917431193	0.0436378466557912	0.0276839972991222	6.88212927756654	0.0337078651685393	0.147058823529412	0.0666666666666667	0.00952380952380952	58.5652173913044	0.884615384615385	0.00740740740740741
MS4A1	0.00148311530270764	0.036697247706422	0.00897226753670473	0.00472653612424038	2.40811153358682	0.0112359550561798	0.0441176470588235	0.0166666666666667	0	0.0434782608695652	0.0384615384615385	0
CD79A	0.00528597505324004	0.00688073394495413	0.0556688417618271	0.0135043889264011	2.28263624841572	0.00561797752808989	0.102941176470588	0.05	0	7.82608695652174	0.0769230769230769	0
TCL1A	0.000798600547611804	0	0.00469004893964111	0.00540175557056043	1.7084917617237	0.0140449438202247	0.0147058823529412	0.0166666666666667	0	0.0869565217391304	4.55128205128205	0
CD79B	0.00197748707027685	0.0527522935779817	0.0548531810766721	0.0256583389601621	1.6425855513308	0.047752808988764	0.0147058823529412	0.05	0.114285714285714	1	0	0.0888888888888889
VPREB3	0.0074536051110435	0.00229357798165138	0.00407830342577488	0.00540175557056043	1.41825095057034	0.0112359550561798	0	0.0166666666666667	0	0.739130434782609	0.0128205128205128	0
IGHD	0.000114085792515972	0	0.00407830342577488	0.000675219446320054	0.870722433460076	0.00280898876404494	0	0	0	0	0.0641025641025641	0
MEF2C	0.00631274718588378	0.0252293577981651	0.00387438825448613	0.37002025658339	1.02154626108999	1.00280898876405	0.279411764705882	0.0333333333333333	1.2	0.956521739130435	1.19230769230769	1.37777777777778
BANK1	0.00642683297839976	0.00688073394495413	0.00407830342577488	0.0108035111411209	0.689480354879594	0.0112359550561798	0	0.0166666666666667	0	0	0.102564102564103	0.0222222222222222
TNFRSF13C	0.0112184362640706	0.00229357798165138	0.0122349102773246	0.0195813639432816	0.608365019011407	0	0	0	0	0.217391304347826	0.0128205128205128	0
LINC00926	0.0159339823547308	0.00458715596330275	0.00285481239804241	0.00945307224848076	0.607097591888466	0.00561797752808989	0	0	0.0285714285714286	0	0	0.0222222222222222
IGLC2	0.0197368421052632	0.0137614678899083	0.0309951060358891	0.0654962862930452	5.04055766793409	0.0140449438202247	0	0.166666666666667	0.00952380952380952	1122.34782608696	0.67948717948718	0.0222222222222222
CD22	0.0011028293276544	0.00229357798165138	0.00244698205546493	0.0168804861580014	0.462610899873257	0.00842696629213483	0.0294117647058824	0	0	0	0.0128205128205128	0
SPIB	0.00315637359294189	0.00917431192660551	0.00489396411092985	0.100607697501688	0.509505703422053	0.0168539325842697	0	0	0	0.0434782608695652	2.01282051282051	0
RCSD1	0.00357468816550046	0.172018348623853	0.188825448613377	0.186360567184335	0.61850443599493	0.160112359550562	0	0.05	0.00952380952380952	0.130434782608696	0.0641025641025641	0.140740740740741
IGLL1	0.00372680255552175	0.00688073394495413	0.0189641109298532	0.00270087778528022	0.424588086185044	0	0.0147058823529412	0	0	0.565217391304348	0	0
LY9	0.00057042896257986	0.055045871559633	0.0683115823817292	0.0263335584064821	0.456273764258555	0.00561797752808989	0	0.0166666666666667	0.00952380952380952	1.08695652173913	0.525641025641026	0
IGKC	0.0745740797079404	0.162844036697248	0.152732463295269	0.243079000675219	9.50950570342205	0.146067415730337	0.0147058823529412	0.233333333333333	0.0666666666666667	2614.17391304348	6.03846153846154	0.103703703703704
CD72	0.00882263462123517	0.0389908256880734	0.0161092985318108	0.305874409182984	0.484157160963245	0.0112359550561798	0.0147058823529412	0.0166666666666667	0.00952380952380952	0	0.0512820512820513	0
HVCN1	0.0139184666869486	0.0711009174311927	0.0287520391517129	0.133693450371371	0.449936628643853	0.0674157303370786	0	0.0333333333333333	0.0571428571428571	0	0.474358974358974	0.0518518518518519
RUBCNL	0.0038028597505324	0.00229357798165138	0.00367047308319739	0.0702228224172856	0.343472750316857	0	0	0	0.0285714285714286	0.0434782608695652	0.346153846153846	0.0148148148148148
FCER2	0.00368877395801643	0	0.00163132137030995	0.00810263335584065	0.325728770595691	0.00842696629213483	0	0	0.00952380952380952	0.0434782608695652	0	0
ADAM28	0.00129297231518102	0.073394495412844	0.00469004893964111	0.155300472653612	0.346007604562738	0.00561797752808989	0	0	0	0.217391304347826	0.0128205128205128	0
FAM30A	0.000456343170063888	0.00458715596330275	0.00693311582381729	0.00135043889264011	0.291508238276299	0	0	0	0	1.52173913043478	0.128205128205128	0
NIBAN3	0.0030042592029206	0.00458715596330275	0.0032626427406199	0.00135043889264011	0.297845373891001	0.00280898876404494	0	0	0.019047619047619	0	0.692307692307692	0
BLK	0.000912686340127776	0	0.017536704730832	0.000675219446320054	0.29404309252218	0.00280898876404494	0.0294117647058824	0	0	0	0.320512820512821	0.00740740740740741
YBX3	0.065028901734104	0.0871559633027523	0.223898858075041	0.791357191087103	0.789607097591889	0.831460674157303	0.338235294117647	0.8	0.295238095238095	0.173913043478261	0.0897435897435897	1.47407407407407
GNG7	0.0157058107696988	0.00458715596330275	0.0083605220228385	0.0641458474004051	0.340937896070976	0.0112359550561798	0.0294117647058824	0	0.180952380952381	1.17391304347826	0.692307692307692	0.222222222222222
CD19	0.000304228780042592	0	0.00101957585644372	0.00202565833896016	0.262357414448669	0.00280898876404494	0	0	0	0.0434782608695652	0.0128205128205128	0
PAX5	0.00220565865530879	0	0.00122349102773246	0.00202565833896016	0.262357414448669	0.00842696629213483	0	0	0	0	0	0.00740740740740741
VPREB1	0.00019014298752662	0	0.00142740619902121	0	0.254752851711027	0	0	0	0	0	0.0128205128205128	0
FCRLA	0.00019014298752662	0	0.000815660685154976	0.000675219446320054	0.253485424588086	0.00561797752808989	0	0	0.019047619047619	0.130434782608696	0.0641025641025641	0
HERPUD1	0.410632795862489	0.422018348623853	0.458605220228385	1.64280891289669	1.97972116603295	0.514044943820225	0.691176470588235	0.2	0.457142857142857	13.3913043478261	5.32051282051282	0.481481481481481
LYN	0.00752966230605415	0.0963302752293578	0.0116231647634584	0.615124915597569	0.385297845373891	0.0337078651685393	0.0294117647058824	0	0.00952380952380952	0	0.67948717948718	0.266666666666667
LINC02397	0.000266200182537268	0	0.00142740619902121	0.00135043889264011	0.247148288973384	0.00561797752808989	0	0.0166666666666667	0	0.0434782608695652	0.0769230769230769	0
RGS13	0.0046014602981442	0.00917431192660551	0.0050978792822186	0.00607697501688049	0.267427122940431	0	0.264705882352941	0	0	1.30434782608696	0.269230769230769	0
EAF2	0.0102677213264375	0.00229357798165138	0.0191680261011419	0.0992572586090479	0.300380228136882	0.0112359550561798	0.0294117647058824	0.0166666666666667	0.00952380952380952	1.47826086956522	0.141025641025641	0
MZB1	0.00327045938545786	0.0229357798165138	0.0942088091353997	0.00810263335584065	0.377693282636248	0.00280898876404494	0	0.0333333333333333	0.00952380952380952	28.7391304347826	2.34615384615385	0
CD40	0.000798600547611804	0.00229357798165138	0.00407830342577488	0.266711681296421	0.29404309252218	0.230337078651685	0.0294117647058824	0	0.0857142857142857	0.173913043478261	0.0256410256410256	0.333333333333333
FCRL1	0.000874657742622452	0	0.00142740619902121	0	0.237008871989861	0.00280898876404494	0	0.0166666666666667	0	0	0	0
SP110	0.00946912077882568	0.224770642201835	0.278344208809135	0.408507765023633	0.481622306717364	0.210674157303371	0.0294117647058824	0.05	0.285714285714286	0.173913043478261	0.538461538461538	0.407407407407407
TMEM156	0.00357468816550046	0.0894495412844037	0.142332789559543	0.0533423362592843	0.32446134347275	0.0112359550561798	0	0.0166666666666667	0.00952380952380952	0.434782608695652	0.0897435897435897	0.0296296296296296
PARP14	0.0123592941892303	0.144495412844037	0.129690048939641	0.451046590141796	0.432192648922687	0.455056179775281	0.0294117647058824	0	0.457142857142857	0.173913043478261	0.0897435897435897	1.1037037037037
SMIM14	0.267493154852449	0.0848623853211009	0.0522022838499184	0.199864956110736	0.96958174904943	0.351123595505618	0.161764705882353	0.0333333333333333	0.238095238095238	0.217391304347826	0.525641025641026	0.4
LRMP	0.00239580164283541	0.0825688073394495	0.0583197389885807	0.0702228224172856	0.267427122940431	0.00280898876404494	0.0147058823529412	0	0	0.0434782608695652	0.0897435897435897	0.103703703703704
SP100	0.0160860967447521	0.311926605504587	0.347267536704731	0.327481431465226	0.515842839036755	0.587078651685393	0.0294117647058824	0.0333333333333333	0.523809523809524	0.304347826086957	0.230769230769231	1.12592592592593
SP140	0.00319440219044722	0.0894495412844037	0.109094616639478	0.0742741390952059	0.286438529784537	0.00842696629213483	0	0	0	0.0434782608695652	0.0128205128205128	0.00740740740740741
GPR18	0.000684514755095832	0.073394495412844	0.119290375203915	0.00742741390952059	0.275031685678074	0.00561797752808989	0.0441176470588235	0.0166666666666667	0	0	0.0512820512820513	0
RALGPS2	0.131312747185884	0.0321100917431193	0.0277324632952692	0.0337609723160027	0.553865652724968	0.0898876404494382	0.0588235294117647	0.0666666666666667	0.0761904761904762	0.434782608695652	0.0384615384615385	0.0296296296296296
BTK	0.0011028293276544	0	0.000407830342577488	0.171505739365294	0.237008871989861	0.00561797752808989	0.117647058823529	0	0.00952380952380952	0.173913043478261	0.102564102564103	0
TRIM38	0.00155917249771828	0.110091743119266	0.120513866231648	0.212694125590817	0.310519645120406	0.182584269662921	0	0.0333333333333333	0.0952380952380952	0.0869565217391304	0.358974358974359	0.222222222222222
NCF1	0.00315637359294189	0.0871559633027523	0.101549755301794	0.24983119513842	0.300380228136882	0.00561797752808989	0	0	0.019047619047619	0.695652173913043	0.358974358974359	0.00740740740740741
HHEX	0.00467751749315485	0.0389908256880734	0.00672920065252855	0.0911546252532073	0.233206590621039	0.0112359550561798	0.0294117647058824	0	0.0666666666666667	0	0.0897435897435897	0.259259259259259
BLNK	0.00182537268025555	0	0.00244698205546493	0.0479405806887238	0.214195183776933	0	0.0147058823529412	0	0	0.608695652173913	0.384615384615385	0
GAPT	0.000114085792515972	0.00458715596330275	0.00713703099510604	0.0722484807562458	0.209125475285171	0	0	0	0	0	0.602564102564103	0
EVI2B	0.00167325829023426	0.165137614678899	0.251223491027732	0.62322754895341	0.384030418250951	0.0112359550561798	0.0147058823529412	0.0333333333333333	0.00952380952380952	0.782608695652174	0.487179487179487	0.00740740740740741
FCRL5	0.000456343170063888	0.00229357798165138	0.000611745513866232	0	0.186311787072243	0	0	0	0	0.869565217391304	0.0128205128205128	0
LINC01857	0.000874657742622452	0	0.00305872756933116	0.180958811613774	0.20659062103929	0.00842696629213483	0	0.0166666666666667	0	0.0434782608695652	0.0128205128205128	0
POU2AF1	0.000418314572558564	0	0.00407830342577488	0.000675219446320054	0.183776932826362	0	0	0	0	0.739130434782609	0	0
TGIF1	0.0427821721934895	0.126146788990826	0.167006525285481	0.461174881836597	0.404309252217997	0.182584269662921	0.132352941176471	0.0166666666666667	0.257142857142857	0.0869565217391304	0.179487179487179	0.148148148148148
EZR	0.243116823851536	0.522935779816514	0.831566068515498	0.508440243079001	1.13561470215463	0.286516853932584	0.573529411764706	0	0.285714285714286	0.434782608695652	2.55128205128205	0.103703703703704
RBM38	0.0432004867660481	0.284403669724771	0.217373572593801	0.0580688723835246	0.376425855513308	0.00842696629213483	0.0147058823529412	0.1	0.0380952380952381	0	0.602564102564103	0.0740740740740741
HLA-DOB	0.00988743535138424	0.00229357798165138	0.00285481239804241	0.0330857528696826	0.201520912547529	0.00842696629213483	0	0	0	0.130434782608696	0	0
P2RX5	0.0401201703681168	0.0275229357798165	0.0350734094616639	0.00270087778528022	0.273764258555133	0.00280898876404494	0	0.0166666666666667	0	0.173913043478261	0.0128205128205128	0
SWAP70	0.054456951627624	0.0389908256880734	0.0173327895595432	0.218095881161377	0.334600760456274	0.0870786516853933	0.102941176470588	0	0.0571428571428571	0.0869565217391304	0.0512820512820513	0.785185185185185
INPP5D	0.00707331913599026	0.201834862385321	0.161092985318108	0.185010128291695	0.277566539923954	0.0112359550561798	0.0294117647058824	0.0333333333333333	0.00952380952380952	0.0434782608695652	0.230769230769231	0.2
MARCHF1	0.0309552783693337	0.00229357798165138	0.00163132137030995	0.429439567859554	0.283903675538657	0.0308988764044944	0.0147058823529412	0	0.0380952380952381	0	0.256410256410256	0.00740740740740741
JCHAIN	0.00387891694554305	0.0114678899082569	0.0360929853181077	0.0162052667116813	0.400506970849176	0.0252808988764045	0	0	0	81.5652173913043	11.1410256410256	0.00740740740740741
PDLIM1	0.0146410100395497	0.0412844036697248	0.0240619902120718	0.0175557056043214	0.248415716096324	1.01685393258427	0	0	0.742857142857143	0.217391304347826	0.0128205128205128	0.822222222222222
IL4R	0.0028521448128993	0.110091743119266	0.157218597063622	0.11883862255233	0.247148288973384	0.0926966292134832	0.0294117647058824	0	0.00952380952380952	0.0434782608695652	0.0512820512820513	0.2
IFI44L	0.00524794645573471	0.174311926605505	0.0858482871125612	0.675219446320054	0.349809885931559	1.09550561797753	0.0735294117647059	0.0166666666666667	0.59047619047619	0	1.02564102564103	2.42222222222222
TMEM154	0.00311834499543657	0.0160550458715596	0.0534257748776509	0.0614449696151249	0.188846641318124	0.0168539325842697	0.0441176470588235	0	0	0.130434782608696	0.0256410256410256	0.00740740740740741
ARHGAP24	0.0330088226346212	0.00229357798165138	0.00387438825448613	0.0594193112761648	0.238276299112801	0.182584269662921	0.0588235294117647	0	0.542857142857143	0	0.102564102564103	0.0814814814814815
CXCR5	0.000988743535138424	0.00229357798165138	0.00734094616639478	0.00270087778528022	0.157160963244613	0.00561797752808989	0	0	0	0	0	0
LYL1	0.0065028901734104	0.00458715596330275	0.0110114192495922	0.148548278190412	0.185044359949303	0.00561797752808989	0	0.233333333333333	0.0380952380952381	0	0.0384615384615385	0.451851851851852
P2RY10	0.000836629145117128	0.0573394495412844	0.195350734094617	0.0209318028359217	0.221799746514575	0.00280898876404494	0.0441176470588235	0	0	0.0869565217391304	0.0256410256410256	0
LINC01781	7.6057195010648e-05	0	0	0	0.144486692015209	0	0	0	0	0	0	0
KIAA0040	0.00334651658046851	0.0275229357798165	0.0705546492659054	0.0445644834571236	0.186311787072243	0.207865168539326	0.0294117647058824	0	0.00952380952380952	0.217391304347826	0.0769230769230769	0.0814814814814815
UCP2	0.125114085792516	0.447247706422018	0.688213703099511	1.1917623227549	0.773130544993663	0.0280898876404494	0.117647058823529	0.283333333333333	0	0.217391304347826	2.3974358974359	0.00740740740740741
SYNGR2	0.0719881350775783	0.0711009174311927	0.0976753670473083	0.74679270762998	0.400506970849176	0.0617977528089888	0.0441176470588235	0.0166666666666667	0.0857142857142857	0.434782608695652	0.769230769230769	0.155555555555556
FCRL2	0.000418314572558564	0.00458715596330275	0.00244698205546493	0.00270087778528022	0.143219264892269	0.00280898876404494	0	0.0166666666666667	0.00952380952380952	0.0869565217391304	0.0128205128205128	0
PIM2	0.0172269546699118	0.158256880733945	0.188213703099511	0.0769750168804862	0.26362484157161	0.00842696629213483	0.0294117647058824	0.0166666666666667	0	5	0.717948717948718	0.0296296296296296
SMAP2	0.125494371767569	0.538990825688073	0.595432300163132	0.556380823767724	0.660329531051964	0.160112359550562	0.176470588235294	0.05	0.0857142857142857	0.0869565217391304	0.435897435897436	0.0592592592592593
TRIM22	0.0049056890781868	0.211009174311927	0.182096247960848	0.24780553679946	0.254752851711027	0.25561797752809	0.0294117647058824	0	0.238095238095238	0	0.5	0.259259259259259
ARRDC2	0.0030042592029206	0.112385321100917	0.176182707993475	0.115462525320729	0.220532319391635	0.0196629213483146	0.0294117647058824	0.0333333333333333	0.0571428571428571	0	0.0641025641025641	0.0962962962962963
RGS16	0.0221706723456039	0.169724770642202	0.0754486133768352	0.0283592167454423	0.275031685678074	1.33707865168539	0.0441176470588235	0	3.48571428571429	0.173913043478261	0.0769230769230769	0.451851851851852
ITPR1	0.0219425007605719	0.0665137614678899	0.0583197389885807	0.106684672518569	0.217997465145754	0.134831460674157	0.0588235294117647	0.0166666666666667	0.123809523809524	0.0434782608695652	0.294871794871795	0.207407407407407
PTPN6	0.00905080620626711	0.137614678899083	0.105424143556281	0.430114787305874	0.238276299112801	0.0365168539325843	0.102941176470588	0.0166666666666667	0	0.130434782608696	0.141025641025641	0.103703703703704
SYPL1	0.0700867052023121	0.107798165137615	0.153955954323002	0.197164078325456	0.354879594423321	0.370786516853933	0.102941176470588	0.0333333333333333	0.504761904761905	0	0.0769230769230769	0.540740740740741
AL121944.2	0.0130438089443261	0.0252293577981651	0.0825856443719413	0.0243079000675219	0.190114068441065	0.0224719101123595	0	0.0166666666666667	0	0	0.487179487179487	0.00740740740740741
PDE4B	0.0710374201399452	0.376146788990826	0.409665579119086	0.459824442943957	0.467680608365019	0.0561797752808989	0.0588235294117647	0.05	0.0857142857142857	1.08695652173913	0.974358974358974	0.362962962962963
NCF1C	0.0036507453605111	0.0229357798165138	0.0577079934747145	0.155300472653612	0.17617237008872	0	0	0.05	0	0.173913043478261	0.307692307692308	0
DAPP1	0.00152114390021296	0.0206422018348624	0.0232463295269168	0.134368669817691	0.157160963244613	0	0.0147058823529412	0	0	0.304347826086957	0.102564102564103	0
RASGRP2	0.0817995132339519	0.128440366972477	0.244698205546493	0.0810263335584065	0.375158428390368	0.148876404494382	0.102941176470588	0.1	0.0666666666666667	0	0.307692307692308	0.0222222222222222
TMEM123	0.13264374809857	0.337155963302752	0.615008156606852	0.914247130317353	0.686945500633714	0.382022471910112	0.102941176470588	0.0333333333333333	0.371428571428571	0.782608695652174	0.282051282051282	0.814814814814815
AC007384.1	0.000418314572558564	0.100917431192661	0.0322185970636215	0.0486158001350439	0.14575411913815	0	0	0	0.00952380952380952	0.173913043478261	0.0256410256410256	0
IGLC7	7.6057195010648e-05	0	0.000203915171288744	0	0.128010139416984	0	0	0	0	1.34782608695652	0	0
LIMD2	0.494675996349255	0.947247706422018	1.34216965742251	0.7542201215395	1.54626108998733	0.278089887640449	0.0294117647058824	0.283333333333333	0.533333333333333	0.391304347826087	0.846153846153846	0.185185185185185
BCAS4	0.0621767569212047	0.073394495412844	0.0805464926590538	0.012829169480081	0.26489226869455	0.0196629213483146	0.0147058823529412	0.0166666666666667	0.0571428571428571	0	0.0641025641025641	0.0222222222222222
C16orf74	0.00220565865530879	0.0252293577981651	0.0356851549755302	0.00810263335584065	0.143219264892269	0.00561797752808989	0	0	0.00952380952380952	0.130434782608696	0	0.0666666666666667
IKZF3	0.00289017341040462	0.165137614678899	0.13152528548124	0.00540175557056043	0.17617237008872	0.00561797752808989	0.0147058823529412	0	0.00952380952380952	0.0869565217391304	0.0128205128205128	0
STAP1	0.000912686340127776	0.0252293577981651	0.0116231647634584	0.0087778528021607	0.130544993662864	0	0	0	0	0.130434782608696	0.115384615384615	0
XAF1	0.00315637359294189	0.18348623853211	0.0976753670473083	0.395678595543552	0.231939163498099	0.547752808988764	0.0294117647058824	0	0.380952380952381	0.0434782608695652	0.141025641025641	1.39259259259259
PLCG2	0.009507149376331	0.160550458715596	0.0265089722675367	0.0830519918973666	0.163498098859316	0.0730337078651685	0	0.0166666666666667	0.00952380952380952	0.0434782608695652	0.0512820512820513	0.192592592592593
SYK	0.00292820200790995	0.0596330275229358	0.00469004893964111	0.290344361917623	0.159695817490494	0	0.0294117647058824	0	0.019047619047619	0.130434782608696	0.282051282051282	0
PNOC	0.0109522360815333	0	0.000407830342577488	0.0087778528021607	0.141951837769328	0	0.0147058823529412	0	0	0.434782608695652	0.346153846153846	0.00740740740740741
SAMD9L	0.00273805902038333	0.135321100917431	0.105831973898858	0.338284942606347	0.20532319391635	0.185393258426966	0.0441176470588235	0	0.247619047619048	0.304347826086957	0.256410256410256	0.444444444444444
PSMB8-AS1	0.00802403407362337	0.16743119266055	0.175774877650897	0.142471303173531	0.209125475285171	0.0955056179775281	0.0147058823529412	0	0.0761904761904762	0.130434782608696	0.192307692307692	0.118518518518519
AL139020.1	0.000152114390021296	0.00229357798165138	0.000407830342577488	0.000675219446320054	0.11787072243346	0	0	0.0166666666666667	0	0	0.0128205128205128	0
SKAP2	0.0145269242470338	0.105504587155963	0.0434339314845024	0.382174206617151	0.20532319391635	0.193820224719101	0.0882352941176471	0	0.0571428571428571	0.0869565217391304	0.371794871794872	0.437037037037037
ALOX5	0.00224368725281412	0	0.00815660685154975	0.137744767049291	0.136882129277567	0.00561797752808989	0.0735294117647059	0	0	0	0	0.00740740740740741
CD82	0.00524794645573471	0.0160550458715596	0.081973898858075	0.240378122889939	0.179974651457541	0.112359550561798	0.102941176470588	0.0333333333333333	0.257142857142857	0.0434782608695652	0.115384615384615	0.0592592592592593
CIITA	0.00342257377547916	0.00458715596330275	0.0065252854812398	0.160027008777853	0.141951837769328	0.00561797752808989	0	0	0.0285714285714286	0	0.461538461538462	0.0592592592592593
PPM1K	0.160594767264983	0.142201834862385	0.176590538336052	0.0925050641458474	0.461343472750317	0.235955056179775	0.0735294117647059	0.0833333333333333	0.114285714285714	0.391304347826087	0.871794871794872	0.185185185185185
PARP15	0.000874657742622452	0.036697247706422	0.0330342577487765	0.0175557056043214	0.128010139416984	0.00280898876404494	0	0	0	0	0.0256410256410256	0
DOCK8	0.00741557651353818	0.247706422018349	0.26468189233279	0.342336259284267	0.249683143219265	0.0393258426966292	0.0441176470588235	0.0166666666666667	0.123809523809524	0.260869565217391	0.153846153846154	0.177777777777778
PLEKHA2	0.0124353513842409	0.151376146788991	0.0829934747145188	0.12694125590817	0.179974651457541	0.179775280898876	0.0294117647058824	0.0166666666666667	0.0285714285714286	0.0434782608695652	0.179487179487179	0.0222222222222222
SASH3	0.00114085792515972	0.119266055045872	0.105016313213703	0.105334233625928	0.159695817490494	0.00280898876404494	0	0.0166666666666667	0	0.0869565217391304	0.0641025641025641	0
CLECL1	0.000494371767569212	0.0160550458715596	0.0065252854812398	0.0762997974341661	0.122940430925222	0.00280898876404494	0	0	0	0.0434782608695652	0.166666666666667	0
TNFRSF14	0.00551414663827198	0.160550458715596	0.299755301794454	0.546927751519244	0.275031685678074	0.117977528089888	0.0441176470588235	0.0333333333333333	0.180952380952381	0.478260869565217	0.256410256410256	0.274074074074074
LINC-PINT	0.109750532400365	0.364678899082569	0.445554649265905	0.291019581363943	0.474017743979721	0.103932584269663	0.0294117647058824	0.0666666666666667	0.0952380952380952	0.130434782608696	1.33333333333333	0.177777777777778
IGLC6	0	0	0	0.000675219446320054	0.111533586818758	0	0	0	0	0.652173913043478	0	0
CD38	0.00197748707027685	0.158256880733945	0.0968597063621533	0.157326130992573	0.164765525982256	0.00842696629213483	0.0441176470588235	0	0	1.34782608695652	0.128205128205128	0.00740740740740741
MGP	0.0113325220565866	0.0114678899082569	0.0134584013050571	0.0357866306549629	0.0190114068441065	17.6348314606742	0.0735294117647059	0	0.504761904761905	0.0434782608695652	0.0128205128205128	8.14074074074074
COL1A1	0.0127015515667782	0.0206422018348624	0.0205954323001631	0.0310600945307225	0.0101394169835234	14.247191011236	0.0147058823529412	0	5.6952380952381	0	0.0128205128205128	0.0444444444444444
COL1A2	0.0116367508366291	0.00229357798165138	0.0101957585644372	0.0263335584064821	0.00380228136882129	11.9101123595506	0.0147058823529412	0	4.59047619047619	0	0.0128205128205128	0.0222222222222222
TAGLN	0.0154776391846669	0.00229357798165138	0.0065252854812398	0.037137069547603	0.0190114068441065	10.5814606741573	0	0.0166666666666667	3.03809523809524	0.0869565217391304	0	0.192592592592593
APOD	0.00193945847277152	0	0.00163132137030995	0.0108035111411209	0.00253485424588086	8.69101123595506	0	0	0.152380952380952	0	0	0.185185185185185
COL3A1	0.00962123516884697	0.00458715596330275	0.00570962479608483	0.0189061444969615	0.0101394169835234	8.57022471910112	0	0	0.933333333333333	0	0.0512820512820513	0.00740740740740741
CCL19	0.00520991785822939	0.00688073394495413	0.00795269168026101	0.0384875084402431	0.00253485424588086	8.15168539325843	0	0	0.019047619047619	0	0	0
IGFBP7	0.178125950714938	0.153669724770642	0.0265089722675367	0.101282916948008	0.0152091254752852	32.8932584269663	1.64705882352941	0.15	4.6	0.0869565217391304	0.0256410256410256	45.8740740740741
DCN	0.00387891694554305	0.00688073394495413	0.00489396411092985	0.012153950033761	0.00633713561470215	6.13202247191011	0	0	0.019047619047619	0.0434782608695652	0.0128205128205128	0.00740740740740741
ACTA2	0.0194706419227259	0.0160550458715596	0.0130505709624796	0.0155300472653612	0.00253485424588086	5.97191011235955	0.0147058823529412	0	0.152380952380952	0.0434782608695652	0	0.0222222222222222
CCDC80	0.00927897779129906	0.00688073394495413	0.00244698205546493	0.00607697501688049	0.00126742712294043	5.4747191011236	0	0	0.161904761904762	0.0434782608695652	0	0.103703703703704
PLA2G2A	0.00167325829023426	0.00458715596330275	0.00203915171288744	0.00675219446320054	0.00253485424588086	5.0561797752809	0.0147058823529412	0	0	0	0	0
TIMP1	0.188469729236386	0.100917431192661	0.192088091353997	2.56785955435517	0.0456273764258555	19.5870786516854	0.308823529411765	0.0166666666666667	2.72380952380952	0.130434782608696	0.0128205128205128	1.68888888888889
BGN	0.00372680255552175	0.00458715596330275	0.00224306688417618	0.00675219446320054	0.00380228136882129	5.09269662921348	0	0	0.342857142857143	0	0	0.748148148148148
SPARC	0.048828719196836	0.0206422018348624	0.0132544861337684	0.242403781228899	0.00506970849176172	9.42134831460674	0.0441176470588235	0	8.1047619047619	0	0	15.2518518518519
MYL9	0.00410708853057499	0.0114678899082569	0.00611745513866232	0.012153950033761	0.00253485424588086	3.92977528089888	0.205882352941176	0.0166666666666667	2.40952380952381	0	0	0.444444444444444
FN1	0.0363933678125951	0.00688073394495413	0.00489396411092985	0.11951384199865	0.00380228136882129	5.25	0.102941176470588	0.0166666666666667	3.71428571428571	0	0	2.25185185185185
PLAC9	0.00231974444782476	0.00229357798165138	0.0018352365415987	0.00405131667792032	0.00253485424588086	3.05337078651685	0	0	0.6	0.0434782608695652	0	0.037037037037037
ADIRF	0.0112184362640706	0.00688073394495413	0.00163132137030995	0.00405131667792032	0.00126742712294043	3.11797752808989	0.0882352941176471	0	0.0380952380952381	0	0	0.422222222222222
LUM	0.00829023425616063	0.00229357798165138	0.00203915171288744	0.00810263335584065	0.00253485424588086	2.96910112359551	0	0	0	0	0	0.00740740740740741
SPARCL1	0.0105339215089747	0.00458715596330275	0.000407830342577488	0.00607697501688049	0.00126742712294043	3.46910112359551	0.0147058823529412	0	1.2952380952381	0	0	5.26666666666667
IGFBP6	0.0122452083967143	0.0137614678899083	0.0130505709624796	0.0216070222822417	0.00380228136882129	2.79213483146067	0	0	0.161904761904762	0	0.0128205128205128	0.0814814814814815
UACA	0.00444934590812291	0.00688073394495413	0.00203915171288744	0.0310600945307225	0.0139416983523447	2.46910112359551	0.0147058823529412	0	0.161904761904762	0	0	1.3037037037037
SFRP2	0.014907210222087	0	0.00101957585644372	0.00270087778528022	0.00380228136882129	2.48033707865169	0	0	0	0.0434782608695652	0	0
COL6A2	0.0639260724064497	0.0252293577981651	0.0214110929853181	0.0735989196488859	0.00506970849176172	3.74719101123596	0.0294117647058824	0.0166666666666667	3.25714285714286	0	0	0.666666666666667
GSN	0.0301947064192273	0.0504587155963303	0.0273246329526917	0.793382849426064	0.0202788339670469	4.16573033707865	0.0294117647058824	0.0333333333333333	2.05714285714286	0	0.384615384615385	4.38518518518519
COL4A1	0.0239199878308488	0.00688073394495413	0.00346655791190865	0.00472653612424038	0.00253485424588086	3.65449438202247	0.0294117647058824	0.0333333333333333	3.92380952380952	0	0	8.45185185185185
SLPI	0.000646486157590508	0.00229357798165138	0.000407830342577488	0.00270087778528022	0.00126742712294043	2.12359550561798	0	0.0166666666666667	0.00952380952380952	0	0	0.00740740740740741
SFRP4	0.00368877395801643	0.00458715596330275	0.00265089722675367	0.00337609723160027	0.00126742712294043	2.11797752808989	0	0	0	0.0434782608695652	0	0
IGF1	0.00289017341040462	0	0.00122349102773246	0.229574611748818	0.00126742712294043	2.22752808988764	0	0	0	0.304347826086957	0	0.111111111111111
CALD1	0.375988743535138	0.0114678899082569	0.00856443719412724	0.0303848750844024	0.0202788339670469	8.24438202247191	0.0441176470588235	0.0166666666666667	2.4	0	0.0256410256410256	2.68888888888889
IGFBP5	0.310807727411013	0.0252293577981651	0.00938009787928222	0.0162052667116813	0.00506970849176172	8.17415730337079	0.0147058823529412	0	20.8380952380952	0	0.0128205128205128	4.3037037037037
TPM2	0.214747490112565	0.0114678899082569	0.0122349102773246	0.0162052667116813	0.0139416983523447	5.17134831460674	0.0294117647058824	0	1.35238095238095	0.0434782608695652	1.61538461538462	0.0962962962962963
COL4A2	0.113059020383328	0	0.00305872756933116	0.0209318028359217	0.00506970849176172	4.0814606741573	0.0147058823529412	0.05	4.85714285714286	0	0	6.44444444444444
CCN2	0.00349863097048981	0.00229357798165138	0.00224306688417618	0.0101282916948008	0.00506970849176172	1.92977528089888	0.0294117647058824	0	1.81904761904762	0	0.0128205128205128	0.77037037037037
ID3	0.0508062062671129	0.144495412844037	0.274673735725938	0.164078325455773	0.430925221799747	3.97191011235955	0.0588235294117647	0	2.67619047619048	0	0.0769230769230769	5.26666666666667
PDGFRB	0.0250228171585032	0.00917431192660551	0.00203915171288744	0.00405131667792032	0.00126742712294043	1.98033707865169	0	0.0166666666666667	0.0761904761904762	0	0	0
LHFPL6	0.0749543656829936	0.00688073394495413	0.00387438825448613	0.0135043889264011	0.00253485424588086	2.59550561797753	0.0147058823529412	0	0.142857142857143	0.0434782608695652	0	0.37037037037037
NNMT	0.00357468816550046	0.00229357798165138	0.0018352365415987	0.00742741390952059	0.00253485424588086	1.6938202247191	0	0	0.4	0	0	0.592592592592593
IGFBP4	0.0352905384849407	0.0642201834862385	0.031810766721044	0.0216070222822417	0.0671736375158428	2.37078651685393	0.0147058823529412	0	0.628571428571429	0	0.0769230769230769	3.42962962962963
THY1	0.283807423182233	0	0.00978792822185971	0.0101282916948008	0.00506970849176172	5.24157303370786	0.0588235294117647	0.0166666666666667	0.933333333333333	0	0	0.933333333333333
CAV1	0.0017493154852449	0.00688073394495413	0.0032626427406199	0.00405131667792032	0.00380228136882129	1.76966292134831	0	0	0.333333333333333	0.391304347826087	0	2.71111111111111
PRSS23	0.0169987830848798	0.0848623853211009	0.00734094616639478	0.00405131667792032	0.00253485424588086	1.82865168539326	0.0147058823529412	0	1.20952380952381	0	0	0.674074074074074
C1R	0.00178734408275023	0.00229357798165138	0.00265089722675367	0.00945307224848076	0.00253485424588086	1.49438202247191	0	0	0.161904761904762	0	0	0.0740740740740741
COL6A3	0.0084043200486766	0.00458715596330275	0.00672920065252855	0.00810263335584065	0.00253485424588086	1.5561797752809	0	0	0.133333333333333	0	0.0128205128205128	0.0222222222222222
NOTCH3	0.00399300273805902	0	0.0083605220228385	0.00607697501688049	0.00380228136882129	1.5	0.0147058823529412	0	0.142857142857143	0	0.0256410256410256	0.0222222222222222
FSTL1	0.0297763918466687	0.00229357798165138	0.0032626427406199	0.00270087778528022	0.00126742712294043	1.74719101123595	0	0	0.323809523809524	0	0	0.725925925925926
CCL21	0.00532400365074536	0.00229357798165138	0.00224306688417618	0.00472653612424038	0.00506970849176172	1.57303370786517	0	0.0166666666666667	0	0	0	3.05185185185185
CCN1	0.0150593246121083	0.00458715596330275	0.0018352365415987	0.000675219446320054	0.00126742712294043	1.54494382022472	0.0294117647058824	0	0.685714285714286	0	0	0.762962962962963
POSTN	0.00486766048068147	0	0.000611745513866232	0.00270087778528022	0.00126742712294043	1.34831460674157	0	0	0.438095238095238	0.0434782608695652	0	0.0444444444444444
C1S	0.0106480073014907	0	0.00142740619902121	0.0600945307224848	0.00253485424588086	1.42415730337079	0	0	0.171428571428571	0	0	0
COL18A1	0.0274946759963493	0.036697247706422	0.0440456769983687	0.0236326806212019	0.00126742712294043	1.94101123595506	0.0441176470588235	0	5.03809523809524	0	0	1.46666666666667
NR2F2	0.0702768481898388	0.00229357798165138	0.00142740619902121	0.00135043889264011	0.00126742712294043	2.03370786516854	0.0294117647058824	0	0.19047619047619	0	0	0.592592592592593
HIGD1B	0.0065028901734104	0.00229357798165138	0.0018352365415987	0.00135043889264011	0.00126742712294043	1.26966292134831	0	0	0.00952380952380952	0	0	0.00740740740740741
PRRX1	0.000836629145117128	0.00229357798165138	0.000203915171288744	0.000675219446320054	0	1.1685393258427	0	0	0.504761904761905	0	0	0
COL5A2	0.00657894736842105	0.00229357798165138	0.00244698205546493	0.00472653612424038	0.00380228136882129	1.22752808988764	0	0	1.12380952380952	0	0.0128205128205128	0.266666666666667
CXCL14	0.00315637359294189	0.00917431192660551	0.00876835236541599	0.00675219446320054	0.00126742712294043	1.14606741573034	0.0735294117647059	0	0.0380952380952381	0	0.0256410256410256	0
RARRES2	0.0102677213264375	0	0.00407830342577488	0.284942606347063	0.00633713561470215	1.26123595505618	0.308823529411765	0	0.419047619047619	0	0	0
IFI27	0.886370550654092	0.018348623853211	0.0464926590538336	3.81769074949359	0.0367553865652725	11.5786516853933	0.102941176470588	3.03333333333333	8.73333333333333	0.304347826086957	0.0256410256410256	20.9333333333333
TINAGL1	0.000456343170063888	0.00229357798165138	0.000815660685154976	0.00202565833896016	0	1.01123595505618	0	0	0	0	0	0.311111111111111
SERPINH1	0.0361271676300578	0.0894495412844037	0.0893148450244698	0.0958811613774477	0.0126742712294043	1.58426966292135	0.0441176470588235	0	1.06666666666667	0	0.0128205128205128	1.80740740740741
CAVIN1	0.00304228780042592	0.00229357798165138	0.00224306688417618	0.0162052667116813	0.00126742712294043	1.11797752808989	0.0441176470588235	0	0.695238095238095	0	0	1.92592592592593
FBN1	0.0106480073014907	0	0.00142740619902121	0.00337609723160027	0.00126742712294043	1.08426966292135	0	0.0166666666666667	0.333333333333333	0.0434782608695652	0	0.362962962962963
CAVIN3	0.00178734408275023	0.00229357798165138	0.00142740619902121	0.0168804861580014	0.00380228136882129	1.10393258426966	0.0294117647058824	0	1.59047619047619	0	0	1.45185185185185
SULF1	0.00308031639793124	0	0.000407830342577488	0.00270087778528022	0.00253485424588086	0.99438202247191	0	0	0	0	0	0.0666666666666667
MFGE8	0.00783389108609675	0.055045871559633	0.0415986949429038	0.00540175557056043	0.00887198986058302	1.13202247191011	0.0294117647058824	0.0166666666666667	0.847619047619048	0	0	0.192592592592593
SOD3	0.000722543352601156	0.00458715596330275	0.000611745513866232	0.00135043889264011	0	0.969101123595506	0.0147058823529412	0	0.238095238095238	0.0434782608695652	0	0.00740740740740741
MYLK	0.00958320657134165	0	0.00142740619902121	0.00472653612424038	0	1.01123595505618	0	0	0.8	0	0	0.466666666666667
SERPING1	0.0486766048068147	0.00229357798165138	0.0018352365415987	0.440918298446995	0.00506970849176172	1.48033707865169	0.0294117647058824	0	0.123809523809524	0	0.217948717948718	0.444444444444444
C11orf96	0.377890173410405	0.0206422018348624	0.0083605220228385	0.397704253882512	0.00633713561470215	3.96348314606742	0	0.0166666666666667	0.0476190476190476	0	0.0128205128205128	1.17037037037037
C3	0.00212960146029814	0	0.00142740619902121	0.143821742066172	0.00253485424588086	0.963483146067416	0	0	0	0	0	0.00740740740740741
COL5A1	0.00482963188317615	0.00229357798165138	0.000815660685154976	0.00270087778528022	0	0.926966292134832	0	0	1.1047619047619	0	0	0.0740740740740741
MCAM	0.0905841192576818	0.00688073394495413	0.0120309951060359	0.00405131667792032	0.00380228136882129	1.59550561797753	0.0147058823529412	0.0166666666666667	1.23809523809524	0	0	1.16296296296296
KRT18	0.00372680255552175	0	0.0124388254486134	0.00337609723160027	0.00887198986058302	0.898876404494382	0.205882352941176	0	0.0761904761904762	0.347826086956522	0	0.0888888888888889
CCDC102B	0.0719120778825677	0.00688073394495413	0.0110114192495922	0.0195813639432816	0.00253485424588086	1.38202247191011	0.0147058823529412	0	0.00952380952380952	0.0869565217391304	0.0128205128205128	0.0518518518518519
COX4I2	0.00695923334347429	0.00229357798165138	0.00122349102773246	0	0.00253485424588086	0.873595505617977	0	0	0	0	0	0.00740740740740741
PLXDC1	0.00547611804076666	0.0137614678899083	0.0322185970636215	0.0324105334233626	0.00126742712294043	0.884831460674157	0	0	0	0.0434782608695652	0.0128205128205128	0
COL6A1	0.204555825981138	0.00688073394495413	0.00448613376835237	0.0776502363268062	0.00633713561470215	2.28932584269663	0	0.05	2.34285714285714	0	0.0256410256410256	0.133333333333333
CD36	0.0103057499239428	0	0.00203915171288744	0.62727886563133	0.00253485424588086	1.10674157303371	0	0.0166666666666667	0	0	0.358974358974359	0.340740740740741
RRAS	0.00334651658046851	0.00688073394495413	0.0210032626427406	0.155300472653612	0.0101394169835234	0.910112359550562	0	0	0.628571428571429	0	0	0.355555555555556
A2M	0.0100015211439002	0.00917431192660551	0.00428221859706362	0.698852126941256	0.00380228136882129	1.34550561797753	0	0	0.419047619047619	0	0	7.08888888888889
PPIC	0.00289017341040462	0	0.000611745513866232	0.0209318028359217	0.00126742712294043	0.789325842696629	0.0294117647058824	0	0.0666666666666667	0	0	0.548148148148148
EVA1B	0.00296623060541527	0.0642201834862385	0.0142740619902121	0.231600270087779	0.00380228136882129	0.926966292134832	0.0147058823529412	0	0.685714285714286	0.0869565217391304	0.0128205128205128	1.37777777777778
GJA4	0.000266200182537268	0.00229357798165138	0	0.000675219446320054	0	0.747191011235955	0	0	0	0	0	0.577777777777778
EFEMP1	0.00547611804076666	0	0	0.00135043889264011	0.00126742712294043	0.77247191011236	0	0	0	0	0	0.392592592592593
ITGA1	0.084043200486766	0.0252293577981651	0.057300163132137	0.00472653612424038	0.00380228136882129	1.37921348314607	0.0294117647058824	0	1.02857142857143	0	0.0128205128205128	0.851851851851852
MFAP5	0.00136902951019166	0	0.00101957585644372	0.0195813639432816	0.00126742712294043	0.724719101123595	0	0	0	0	0.0128205128205128	0
S100A10	0.206381198661393	0.841743119266055	1.21023654159869	2.97029034436192	0.35234474017744	4.82022471910112	1.22058823529412	0.133333333333333	9.43809523809524	0.521739130434783	0.474358974358974	3.59259259259259
EPS8	0.0412610282932765	0.0160550458715596	0.0234502446982055	0.0681971640783255	0.0152091254752852	0.991573033707865	0.0294117647058824	0	0.2	0	0.0641025641025641	0.0296296296296296
OLFML2B	0.00406905993306967	0	0.000611745513866232	0.0803511141120864	0	0.730337078651685	0.0147058823529412	0	0.142857142857143	0	0	0
EMP1	0.0019014298752662	0	0.00407830342577488	0.0297096556380824	0	0.778089887640449	0	0	0.819047619047619	0	0.0128205128205128	1.92592592592593
CYTOR	0.013614237906906	0.155963302752294	0.24184339314845	0.392302498311951	0.0468948035487959	1.23595505617978	0.0147058823529412	0.1	0.704761904761905	2.73913043478261	0.0641025641025641	1.15555555555556
COL14A1	0.00984940675387892	0	0.000407830342577488	0.00405131667792032	0	0.716292134831461	0	0	0.161904761904762	0	0	0.00740740740740741
PI16	0.00076057195010648	0	0.00142740619902121	0.00202565833896016	0.00253485424588086	0.657303370786517	0	0	0	0	0	0
C7	0.00790994828110739	0	0.000407830342577488	0.00405131667792032	0.00126742712294043	0.691011235955056	0	0	0	0	0	0.0296296296296296
NFIA	0.0355947672649833	0.00229357798165138	0.0108075040783034	0.0594193112761648	0.0101394169835234	0.910112359550562	0.0441176470588235	0.0166666666666667	0.228571428571429	0	0.0128205128205128	0.888888888888889
OGN	0.0046014602981442	0	0.00265089722675367	0.000675219446320054	0	0.665730337078652	0	0	0	0	0	0
FDCSP	0.00136902951019166	0	0.00122349102773246	0.00135043889264011	0	0.646067415730337	0	0	0	0	0	0
AEBP1	0.0762473379981746	0.00917431192660551	0.0234502446982055	0.00810263335584065	0.0506970849176172	1.11516853932584	0	0	0.714285714285714	0.0869565217391304	0.269230769230769	0.244444444444444
PPP1R14A	0.0861347733495589	0	0.00163132137030995	0.0337609723160027	0.119138149556401	1.10955056179775	0.0588235294117647	0.0666666666666667	0.0380952380952381	0	0.282051282051282	0.162962962962963
HP	0.000266200182537268	0	0.000203915171288744	0.00810263335584065	0	0.606741573033708	0	0	0.00952380952380952	0	0	0
CRISPLD2	0.0028521448128993	0.00229357798165138	0.00774877650897227	0.0202565833896016	0.00253485424588086	0.629213483146067	0.0441176470588235	0	0.0571428571428571	0	0	0
CYP1B1	0.0525174931548524	0.00229357798165138	0.00122349102773246	0.0715732613099257	0.00126742712294043	0.898876404494382	0.0294117647058824	0.0166666666666667	0	0.0434782608695652	0	0.0592592592592593
TFPI	0.0036507453605111	0	0.00122349102773246	0.0141796083727211	0	0.648876404494382	0.0147058823529412	0	0.0476190476190476	0	0.0128205128205128	1.07407407407407
PDGFA	0.00695923334347429	0.0160550458715596	0.0065252854812398	0.00472653612424038	0.00126742712294043	0.657303370786517	0.0147058823529412	0	0.819047619047619	0	0	0.125925925925926
PHLDA2	0.0036507453605111	0.00229357798165138	0.0140701468189233	0.267386900742741	0.00126742712294043	0.713483146067416	0.0735294117647059	0	0.990476190476191	0.0434782608695652	0	0.155555555555556
NDUFA4L2	0.716268634012778	0.0298165137614679	0.0230424143556281	0.0229574611748818	0.0164765525982256	4.26123595505618	0.0294117647058824	0.2	0.0571428571428571	0.0434782608695652	0.0256410256410256	0.0518518518518519
FILIP1L	0.0855263157894737	0	0.0106035889070147	0.145172180958812	0.0152091254752852	1.07022471910112	0.264705882352941	0	0.476190476190476	0	0.0128205128205128	0.2
SERPINE1	0.00349863097048981	0.0114678899082569	0.00938009787928222	0.0162052667116813	0	0.603932584269663	0.0441176470588235	0	0.142857142857143	0	0	0.274074074074074
EDNRA	0.00422117432309096	0	0.000203915171288744	0.00202565833896016	0	0.584269662921348	0	0	0.019047619047619	0.0434782608695652	0	0.0148148148148148
TM4SF1	0.00349863097048981	0	0.00163132137030995	0.00337609723160027	0.00253485424588086	0.651685393258427	0.0735294117647059	0	0	0	0	2.79259259259259
TCIM	0.000646486157590508	0.00229357798165138	0.00101957585644372	0.00135043889264011	0.00126742712294043	0.592696629213483	0.0294117647058824	0	0.504761904761905	0	0	0.948148148148148
PRKG1	0.0290158198965622	0	0.00122349102773246	0.00540175557056043	0.00126742712294043	0.693820224719101	0.0441176470588235	0	0.0380952380952381	0	0	0.0666666666666667
CFH	0.00441131731061758	0.00688073394495413	0.0128466557911909	0.0087778528021607	0	0.587078651685393	0	0	0.019047619047619	0	0	0.37037037037037
JAG1	0.0297763918466687	0.0252293577981651	0.00591353996737357	0.0297096556380824	0.00126742712294043	0.724719101123595	0	0	0.819047619047619	0	0.0256410256410256	0.437037037037037
ELN	0.0737754791603286	0.00229357798165138	0.00367047308319739	0.00607697501688049	0.00253485424588086	0.904494382022472	0.0147058823529412	0.0166666666666667	0.0857142857142857	0	0	0.140740740740741
VCAM1	0.00167325829023426	0.00229357798165138	0.00530179445350734	0.226873733963538	0	0.615168539325843	0.161764705882353	0	0.0476190476190476	0	0	0.162962962962963
MYH9	0.06807118953453	0.227064220183486	0.347675367047308	0.273463875759622	0.163498098859316	1.34831460674157	0.147058823529412	0.0333333333333333	0.79047619047619	0.0869565217391304	0.256410256410256	1.58518518518519
LMNA	0.250912686340128	0.532110091743119	0.321166394779772	1.14112086428089	0.0697084917617237	2.51685393258427	1.08823529411765	0.0333333333333333	3.24761904761905	0.391304347826087	0.141025641025641	2.02962962962963
S100A13	0.0491709765743839	0.0206422018348624	0.0132544861337684	0.0270087778528022	0.00506970849176172	0.834269662921348	0.0882352941176471	0	1.17142857142857	0.0869565217391304	0.0384615384615385	1.01481481481481
S100A6	1.15876939458473	0.862385321100917	2.06300978792822	5.01215395003376	0.277566539923954	9.91292134831461	3.29411764705882	0.25	19.1238095238095	0.695652173913043	5.16666666666667	2.74814814814815
SMOC2	0.0195847277152419	0	0.000203915171288744	0.00202565833896016	0.00126742712294043	0.615168539325843	0	0.0166666666666667	0.00952380952380952	0	0	0.0148148148148148
RRBP1	0.0250988743535138	0.194954128440367	0.0727977161500816	0.347738014854828	0.055766793409379	0.876404494382023	0.191176470588235	0.0333333333333333	0.761904761904762	1.47826086956522	1.46153846153846	0.614814814814815
TPM1	0.816055673866748	0.0458715596330275	0.0340538336052202	0.0817015530047265	0.0202788339670469	4.46348314606742	0.25	0.1	0.533333333333333	0.0434782608695652	0.0256410256410256	0.62962962962963
CAV2	0.00714937633100091	0	0.00244698205546493	0.00135043889264011	0.00126742712294043	0.567415730337079	0.0147058823529412	0	0.114285714285714	0	0	0.548148148148148
PLS3	0.00384088834803772	0	0.0032626427406199	0.00202565833896016	0	0.561797752808989	0.0147058823529412	0	0.60952380952381	0	0	0.562962962962963
RAB13	0.0621387283236994	0.00458715596330275	0.0083605220228385	0.170155300472654	0.0101394169835234	0.910112359550562	0.102941176470588	0	1.05714285714286	0	0.128205128205128	1.42962962962963
FLNA	0.0712275631274719	0.41743119266055	0.226957585644372	0.492910195813639	0.120405576679341	1.25842696629213	0.0441176470588235	0.05	1.52380952380952	0.130434782608696	0.128205128205128	1.02222222222222
CD248	0.0046014602981442	0	0.0197797716150082	0.00135043889264011	0.00126742712294043	0.533707865168539	0	0	0	0	0.0128205128205128	0.0148148148148148
TNFRSF1A	0.00235777304533009	0.0344036697247706	0.0415986949429038	0.321404456448346	0.00633713561470215	0.643258426966292	0.0294117647058824	0	0.247619047619048	0	0.102564102564103	0.555555555555556
CXCL12	0.0142987526620018	0	0.00122349102773246	0.168804861580014	0.00126742712294043	0.615168539325843	0	0	0.342857142857143	0	0.0128205128205128	0.355555555555556
SEPTIN4	0.132605719501065	0.00229357798165138	0.00570962479608483	0.0162052667116813	0.00126742712294043	1.08988764044944	0.0294117647058824	0	0.352380952380952	0	0.0256410256410256	0.037037037037037
OLFML2A	0.00193945847277152	0	0.000203915171288744	0.00135043889264011	0	0.52247191011236	0	0	1.36190476190476	0	0.0128205128205128	0.4
LY6E	0.265781867964709	1.14678899082569	0.809951060358891	2.28426738690074	0.555133079847909	3.18820224719101	0.132352941176471	0.1	2.42857142857143	0.826086956521739	0.474358974358974	3.66666666666667
ABCC9	0.00220565865530879	0	0.000203915171288744	0.000675219446320054	0	0.485955056179775	0	0	0	0	0	0
LAMA4	0.101080012169151	0.00458715596330275	0.00265089722675367	0.00675219446320054	0.00253485424588086	0.980337078651685	0	0	0.476190476190476	0	0.0128205128205128	2.14814814814815
FOXS1	0.000456343170063888	0	0.000611745513866232	0	0	0.47752808988764	0	0	0.00952380952380952	0	0	0.0296296296296296
PHLDA1	0.134811378156374	0.151376146788991	0.143760195758564	0.62390276839973	0.0152091254752852	1.35393258426966	0.0441176470588235	0.0333333333333333	0.40952380952381	0	0	0.42962962962963
EFEMP2	0.0211819288104655	0.0114678899082569	0.0032626427406199	0.0087778528021607	0	0.578651685393258	0	0	0.447619047619048	0	0	0.244444444444444
GEM	0.082750228171585	0.036697247706422	0.0697389885807504	0.149898717083052	0.017743979721166	0.926966292134832	0.0294117647058824	0	0.0285714285714286	0	0.0641025641025641	0
CRABP2	0.0671204745968969	0.00229357798165138	0.00367047308319739	0.00472653612424038	0.00253485424588086	0.758426966292135	0	0	0.00952380952380952	0	0	0
EPB41L2	0.024414359598418	0.00917431192660551	0.0128466557911909	0.280216070222822	0.0392902408111534	0.668539325842697	0	0	0.457142857142857	0	0.0256410256410256	0.525925925925926
PGF	0.0883404320048677	0.00917431192660551	0.00591353996737357	0.00945307224848076	0.00380228136882129	0.851123595505618	0	0.0166666666666667	0.0666666666666667	0	0	0.288888888888889
ADAMTS1	0.0120170368116824	0.00917431192660551	0.0018352365415987	0.00135043889264011	0	0.530898876404494	0.147058823529412	0	0.628571428571429	0	0	0.311111111111111
SELENOM	0.34157286279282	0.018348623853211	0.0685154975530179	0.062120189061445	0.0316856780735108	2.05056179775281	0.117647058823529	0.05	1.61904761904762	1.30434782608696	0.0128205128205128	1.15555555555556
SRPX	0.00513386066321874	0.00229357798165138	0.00285481239804241	0.00337609723160027	0.00126742712294043	0.485955056179775	0	0	0.2	0	0.0256410256410256	0.0222222222222222
TIMP3	0.300463948889565	0.00688073394495413	0.00734094616639478	0.0486158001350439	0.00887198986058302	1.84269662921348	0.117647058823529	0.0166666666666667	2.56190476190476	0	0	2.52592592592593
TGFB1I1	0.105871615454822	0	0.00203915171288744	0.00337609723160027	0.00380228136882129	0.918539325842697	0	0.0166666666666667	0.733333333333333	0	0	0.362962962962963
KCNJ8	0.0274186188013386	0	0.00101957585644372	0	0.00126742712294043	0.547752808988764	0	0	0.00952380952380952	0	0	0
GGT5	0.00182537268025555	0	0.00142740619902121	0.0087778528021607	0	0.443820224719101	0	0	0	0	0	0.0888888888888889
COL8A1	0.00133100091268634	0	0.000611745513866232	0.000675219446320054	0	0.474719101123595	0	0	2.35238095238095	0	0	0.0518518518518519
COL12A1	0.00342257377547916	0	0.000407830342577488	0.00202565833896016	0.00126742712294043	0.460674157303371	0	0	0.876190476190476	0	0	0.162962962962963
CRYAB	0.0397018557955583	0.0114678899082569	0.00938009787928222	0.00405131667792032	0.00253485424588086	0.775280898876405	0.161764705882353	0	10.9333333333333	0	0	0.0148148148148148
ANGPTL4	0.00159720109522361	0	0.000815660685154976	0.0229574611748818	0.00253485424588086	0.443820224719101	0	0	0.304761904761905	0	0	0.037037037037037
MGST1	0.002700030422878	0	0.00122349102773246	0.116812964213369	0.00126742712294043	0.469101123595506	0.367647058823529	0	0.0666666666666667	0.0434782608695652	0.0641025641025641	0
ASPN	0.0055521752357773	0.00229357798165138	0.00163132137030995	0.00202565833896016	0.00126742712294043	0.446629213483146	0	0	0	0	0	0
ITGB1	0.600623668999087	0.580275229357798	0.312601957585644	0.461850101282917	0.126742712294043	3.39606741573034	0.117647058823529	0.2	6.83809523809524	0.434782608695652	0.153846153846154	3.45185185185185
GNG11	0.0055521752357773	0.00229357798165138	0.0032626427406199	0.037812288993923	0.0519645120405577	0.685393258426966	0.0294117647058824	0	0.704761904761905	0	0.179487179487179	10.3185185185185
CSRP1	0.0826741709765744	0.0527522935779817	0.0552610114192496	0.135043889264011	0.0190114068441065	0.853932584269663	0.0294117647058824	0.0333333333333333	0.971428571428571	0.130434782608696	0	0.496296296296296
LAMC1	0.0293961058716155	0	0.000815660685154976	0.0216070222822417	0.00887198986058302	0.556179775280899	0.0147058823529412	0	0.342857142857143	0.0869565217391304	0.0128205128205128	0.762962962962963
BICC1	0.0176452692424703	0.00688073394495413	0.00285481239804241	0.00405131667792032	0.00253485424588086	0.485955056179775	0.0294117647058824	0	0.152380952380952	0	0	0
EHD2	0.00292820200790995	0	0.000407830342577488	0.00135043889264011	0	0.426966292134831	0.0147058823529412	0	0.104761904761905	0	0	0.266666666666667
ID4	0.0696683906297536	0	0.00224306688417618	0.00337609723160027	0.00506970849176172	0.682584269662921	0	0.0333333333333333	0.114285714285714	0	0	0.00740740740740741
COX7A1	0.0764755095832066	0	0.00489396411092985	0.00607697501688049	0.00126742712294043	0.721910112359551	0.0441176470588235	0	0.123809523809524	0	0	0.585185185185185
TNFRSF12A	0.0058564040158199	0.0344036697247706	0.0181484502446982	0.0519918973666442	0.00380228136882129	0.48876404494382	0.0882352941176471	0	2.06666666666667	0	0	0.0666666666666667
FBLN2	0.00368877395801643	0	0.0161092985318108	0.00607697501688049	0.00253485424588086	0.435393258426966	0	0	0.19047619047619	0	0	0.0444444444444444
ADGRF5	0.00201551566778217	0	0.000203915171288744	0.00135043889264011	0.00253485424588086	0.432584269662921	0	0	0	0	0	1.0962962962963
LIMA1	0.105681472467295	0.0389908256880734	0.0442495921696574	0.0614449696151249	0.00887198986058302	0.884831460674157	0	0	1.04761904761905	0	0	0.607407407407407
TLN1	0.0663979312442957	0.341743119266055	0.221655791190865	0.472653612424038	0.17743979721166	0.991573033707865	0.470588235294118	0	1.13333333333333	0.0434782608695652	0.448717948717949	0.614814814814815
S100A16	0.00224368725281412	0.00229357798165138	0.00122349102773246	0.000675219446320054	0.00126742712294043	0.471910112359551	0.0294117647058824	0	2.23809523809524	0	0	1.62222222222222
NID1	0.00327045938545786	0.00229357798165138	0.000407830342577488	0.0236326806212019	0	0.432584269662921	0	0	0.314285714285714	0	0	0.77037037037037
MSRB3	0.00581837541831457	0.00688073394495413	0.00734094616639478	0.00742741390952059	0.00760456273764259	0.429775280898876	0.0294117647058824	0	0.0761904761904762	0	0.0512820512820513	0.185185185185185
MYH11	0.0046014602981442	0.00229357798165138	0.00489396411092985	0.00270087778528022	0.0101394169835234	0.415730337078652	0	0	0.00952380952380952	0	0	0.0222222222222222
TPM4	0.503422573775479	0.387614678899083	0.336663947797716	0.99932478055368	0.387832699619772	2.89325842696629	0.220588235294118	0.1	2.15238095238095	2.56521739130435	1.17948717948718	2.33333333333333
DCD	0.00019014298752662	0	0	0	0	0	16.7352941176471	0	0	0	0	0
TPSAB1	3.8028597505324e-05	0.00458715596330275	0.00265089722675367	0.00202565833896016	0	0	15.6470588235294	0	0	0	0	0
TPSB2	0.000456343170063888	0.00229357798165138	0.00203915171288744	0.00472653612424038	0	0.00280898876404494	7.27941176470588	0	0	0	0	0
SCGB2A2	0	0	0.000203915171288744	0	0	0	2.35294117647059	0	0	0	0	0
MUCL1	0.000228171585031944	0	0	0.00337609723160027	0	0	2.27941176470588	0	0	0	0	0
DEFB1	0.000494371767569212	0	0.000203915171288744	0.0263335584064821	0.00126742712294043	0.00561797752808989	0.794117647058823	0	0	0	0	0.0222222222222222
CPA3	0.000266200182537268	0	0.000203915171288744	0.000675219446320054	0	0	0.617647058823529	0	0	0	0	0
CTSG	0	0	0.000611745513866232	0.00135043889264011	0	0	0.602941176470588	0	0	0	0	0
HPGDS	0.00163522969272893	0.00229357798165138	0.00917618270799347	0.0904794058068872	0	0	0.647058823529412	0	0.00952380952380952	0	0	0
NHSL2	0.120702768481898	0.018348623853211	0.0236541598694943	0.0513166779203241	0.0139416983523447	0.098314606741573	1.19117647058824	0	0	0.608695652173913	0.0128205128205128	0.274074074074074
SCGB1B2P	0.00722543352601156	0	0.00163132137030995	0.00135043889264011	0	0.00561797752808989	0.544117647058823	0	0	0	0	0.0222222222222222
ACTG2	0.0595527836933374	0	0.00244698205546493	0.000675219446320054	0.00126742712294043	0.26685393258427	0.720588235294118	0	0.857142857142857	0	0	0.00740740740740741
ACTBL2	0.0304989351992699	0	0	0	0	0	0.5	0	0	0	0	0
IL1RL1	3.8028597505324e-05	0	0.0050978792822186	0.000675219446320054	0	0.0337078651685393	0.382352941176471	0	0	0	0	0
ELF3	0.00163522969272893	0	0.00122349102773246	0.00270087778528022	0	0.00280898876404494	0.338235294117647	0	0.00952380952380952	0	0.0256410256410256	0
ZNF90	0.278749619714025	0.0344036697247706	0.0685154975530179	0.132343011478731	0.0329531051964512	0.0730337078651685	1.26470588235294	0.0166666666666667	0.019047619047619	0.521739130434783	0.0256410256410256	0.103703703703704
CALB1	0.0223227867356252	0	0.000407830342577488	0.00202565833896016	0	0	0.367647058823529	0	0	0	0	0
HPGD	0.0047535746881655	0.0527522935779817	0.106851549755302	0.000675219446320054	0.00126742712294043	0.0196629213483146	0.367647058823529	0	0	0	0	0.037037037037037
HSD11B2	0.0159720109522361	0	0.000203915171288744	0.000675219446320054	0	0.0449438202247191	0.338235294117647	0	0	0	0	0
ALDOB	0.000608457560085184	0	0	0	0	0	0.279411764705882	0	0	0	0	0
HDC	0.000836629145117128	0.00458715596330275	0.00101957585644372	0.000675219446320054	0	0	0.279411764705882	0	0	0	0	0
STAR	0.00802403407362337	0.00458715596330275	0.0018352365415987	0	0.00126742712294043	0.00561797752808989	0.294117647058824	0.0166666666666667	0	0	0	0
GDF15	0.0047535746881655	0	0.000407830342577488	0.0513166779203241	0.00126742712294043	0.0589887640449438	0.294117647058824	0	0.00952380952380952	0	0	0.0888888888888889
PIP	0	0	0	0	0.00126742712294043	0	0.264705882352941	0	0	0	0	0
CLDN4	0.00699726194097962	0	0	0.00202565833896016	0	0	0.279411764705882	0	0.0476190476190476	0	0	0
MTRNR2L10	0.0468892607240645	0.00229357798165138	0.000203915171288744	0.00202565833896016	0.00380228136882129	0.0140449438202247	0.382352941176471	0	0	0	0	0
H3-5	0.0624049285062367	0	0.00632137030995106	0.0162052667116813	0.00633713561470215	0.00561797752808989	0.411764705882353	0	0.00952380952380952	0.0434782608695652	0	0
NCF4	0.0019014298752662	0.00688073394495413	0.0362969004893964	0.357866306549629	0.150823827629911	0.00842696629213483	0.323529411764706	0	0	0.391304347826087	0.179487179487179	0.00740740740740741
AZGP1	0.000418314572558564	0	0	0	0	0	0.235294117647059	0	0.019047619047619	0	0	0
MTRNR2L1	0.0222467295406145	0.00458715596330275	0.00244698205546493	0.00742741390952059	0.00380228136882129	0.115168539325843	0.294117647058824	0	0	0	0	0.0444444444444444
HLA-DQB2	7.6057195010648e-05	0	0.000407830342577488	0.0432140445644835	0.00887198986058302	0	0.235294117647059	0	0	0	0	0
GJA1	0.000608457560085184	0	0.000203915171288744	0.000675219446320054	0	0.151685393258427	0.25	0	0	0	0	1.28888888888889
GNGT2	0.000456343170063888	0.0458715596330275	0.0230424143556281	0.0884537474679271	0.00887198986058302	0.00280898876404494	0.25	0	0	0	0	0.0296296296296296
RAP1A	0.150098874353514	0.30045871559633	0.424755301794454	0.689399054692775	0.216730038022814	0.351123595505618	0.926470588235294	0.05	0.504761904761905	0.391304347826087	0.41025641025641	0.451851851851852
MS4A2	0.000152114390021296	0	0.00163132137030995	0.00135043889264011	0	0	0.220588235294118	0	0.00952380952380952	0	0.0128205128205128	0
GPX3	0.0594767264983267	0.00458715596330275	0.00224306688417618	0.107359891964889	0.00380228136882129	0.575842696629214	0.397058823529412	0	0.114285714285714	0	0.0128205128205128	0.0592592592592593
FXYD2	0.00384088834803772	0.018348623853211	0.0654567699836868	0.0189061444969615	0.00506970849176172	0.00842696629213483	0.25	0	0	0	0.0128205128205128	0
AC073610.3	0.069135990264679	0.00458715596330275	0.00122349102773246	0.00135043889264011	0.00126742712294043	0.00280898876404494	0.367647058823529	0	0	0	0	0
SCGB1D2	0.00038028597505324	0	0	0	0	0	0.205882352941176	0	0	0	0	0
CA12	0.00148311530270764	0	0.000203915171288744	0.00270087778528022	0	0.0870786516853933	0.205882352941176	0	0	0	0	0
CALML3	0.0165424399148159	0	0	0	0	0	0.235294117647059	0	0	0	0	0
VWA5A	0.0147170672345604	0.00229357798165138	0.00856443719412724	0.0270087778528022	0.00126742712294043	0.0252808988764045	0.235294117647059	0	0.0285714285714286	0	0.0128205128205128	0.0222222222222222
ACTC1	0.0253650745360511	0	0	0	0	0	0.25	0	0	0	0	0
CDH16	0	0	0	0	0	0	0.191176470588235	0	0	0	0	0
AHNAK	0.0654852449041679	0.31651376146789	0.217169657422512	0.349763673193788	0.107731305449937	0.890449438202247	0.529411764705882	0	0.904761904761905	0	0.320512820512821	0.918518518518519
CYP11B1	0	0	0	0	0	0	0.176470588235294	0	0	0	0	0
KLK2	0.000152114390021296	0	0.000203915171288744	0	0	0	0.176470588235294	0	0	0	0	0
HSPA1L	0.0387891694554305	0.00917431192660551	0.00428221859706362	0.00607697501688049	0.00253485424588086	0	0.25	0	0.00952380952380952	0	0.0128205128205128	0.0148148148148148
BCAM	0.00368877395801643	0.00229357798165138	0.000407830342577488	0.0256583389601621	0	0.202247191011236	0.191176470588235	0	0.0380952380952381	0	0	1.08148148148148
CA2	0.00076057195010648	0.00458715596330275	0.0144779771615008	0.133693450371371	0.026615969581749	0.0112359550561798	0.191176470588235	0.15	0	0	0.0128205128205128	0.592592592592593
PDK4	0.00144508670520231	0.00229357798165138	0.000815660685154976	0.270087778528022	0.00887198986058302	0.188202247191011	0.205882352941176	0	0.161904761904762	0	0	0.577777777777778
TMEM52B	0.00102677213264375	0	0.000203915171288744	0.0175557056043214	0	0	0.161764705882353	0	0	0	0	0
TAF10	0.253156373592942	0.103211009174312	0.125815660685155	0.218771100607697	0.091254752851711	0.101123595505618	0.735294117647059	0.0333333333333333	0.20952380952381	0.173913043478261	0.307692307692308	0.133333333333333
COBLL1	0.00463948889564953	0.00688073394495413	0.00101957585644372	0.00810263335584065	0.0975918884664132	0.191011235955056	0.176470588235294	0	0.0857142857142857	0.434782608695652	0.346153846153846	0.0444444444444444
HSPA5	0.641694554304837	0.493119266055046	0.383564437194127	0.892640108035111	0.231939163498099	0.859550561797753	1.66176470588235	0.0666666666666667	1.13333333333333	1.52173913043478	0.935897435897436	1.02962962962963
MTRNR2L6	0.0223988439306358	0	0.000407830342577488	0.00270087778528022	0.00126742712294043	0.0337078651685393	0.191176470588235	0	0	0	0	0
BTG2	0.517417097657438	1.08715596330275	0.92862969004894	1.4544226873734	1.33079847908745	0.839887640449438	1.76470588235294	0.2	0.523809523809524	8.82608695652174	3.80769230769231	0.244444444444444
AL157895.1	0.000114085792515972	0.00229357798165138	0	0.000675219446320054	0	0	0.132352941176471	0	0.00952380952380952	0	0	0
AC129507.4	0.000228171585031944	0	0	0	0	0	0.132352941176471	0	0	0	0	0
EFNA1	0.0101916641314268	0	0.00897226753670473	0.00202565833896016	0.00380228136882129	0.0224719101123595	0.161764705882353	0	0	0	0	0.911111111111111
AQP2	0.00057042896257986	0	0	0	0	0	0.132352941176471	0	0	0	0	0
CYP21A2	0.00076057195010648	0	0.00101957585644372	0	0	0.00280898876404494	0.132352941176471	0	0	0	0	0
CYP11A1	0.0011028293276544	0	0.000203915171288744	0	0	0.00842696629213483	0.132352941176471	0	0	0	0	0
MTRNR2L12	0.0304228780042592	0.00688073394495413	0.00938009787928222	0.0256583389601621	0.00126742712294043	0.168539325842697	0.191176470588235	0	0	0	0	0.0296296296296296
PPP2R5A	0.0200410708853057	0.119266055045872	0.0872756933115824	0.062795408507765	0.0519645120405577	0.0646067415730337	0.205882352941176	0	0.0761904761904762	0.0434782608695652	0.0128205128205128	0.244444444444444
GPR137B	0.0165424399148159	0.00917431192660551	0.0203915171288744	0.286293045239703	0.0114068441064639	0.050561797752809	0.191176470588235	0	0.0952380952380952	0.0869565217391304	0	0.0592592592592593
IGFBP3	0.00467751749315485	0	0.00224306688417618	0.00202565833896016	0	0.23876404494382	0.161764705882353	0	0.942857142857143	0	0.115384615384615	1.83703703703704
TACSTD2	0.0147550958320657	0	0.000611745513866232	0.00270087778528022	0	0	0.147058823529412	0	0	0	0	0.037037037037037
PAX8	0.00790994828110739	0.00688073394495413	0.00163132137030995	0.0168804861580014	0	0.00280898876404494	0.132352941176471	0	0	0	0.0256410256410256	0.0148148148148148
NRROS	0.00057042896257986	0.0275229357798165	0.00958401305057096	0.0729237002025658	0.0684410646387833	0	0.132352941176471	0	0	0	0.192307692307692	0.037037037037037
MAPKAPK2	0.0118268938241558	0.119266055045872	0.083605220228385	0.155300472653612	0.0456273764258555	0.165730337078652	0.191176470588235	0	0.0857142857142857	0.478260869565217	0.769230769230769	0.214814814814815
IER5	0.0738515363553392	0.261467889908257	0.127854812398042	0.62120189061445	0.126742712294043	0.199438202247191	0.352941176470588	0.0166666666666667	0.0476190476190476	0.173913043478261	0.243589743589744	0.281481481481481
AHSG	0.00346060237298448	0	0.00101957585644372	0.00135043889264011	0	0.00280898876404494	0.117647058823529	0	0	0	0	0
RBM47	0.00551414663827198	0.00229357798165138	0.00774877650897227	0.489534098582039	0.0101394169835234	0.0421348314606742	0.161764705882353	0	0	0.130434782608696	0.192307692307692	0.00740740740740741
CALML5	0	0	0	0	0	0	0.102941176470588	0	0	0	0	0
FXYD4	3.8028597505324e-05	0	0	0	0	0	0.102941176470588	0	0	0	0	0
ITGB7	0.00117888652266504	0.130733944954128	0.157218597063622	0.0654962862930452	0.0544993662864385	0	0.161764705882353	0	0	0.260869565217391	0.0641025641025641	0.00740740740740741
APOA2	0.000228171585031944	0	0	0	0	0	0.102941176470588	0	0	0	0	0
GCSAML	0.00057042896257986	0	0	0	0	0	0.102941176470588	0	0	0	0	0
MGARP	0.0109902646790386	0	0.000611745513866232	0.000675219446320054	0.00253485424588086	0.0365168539325843	0.117647058823529	0	0.00952380952380952	0	0	0
AOX1	0.0019014298752662	0	0	0	0	0.0308988764044944	0.102941176470588	0	0	0	0	0
SDC4	0.00152114390021296	0.018348623853211	0.0148858075040783	0.12288993923025	0.00253485424588086	0.157303370786517	0.117647058823529	0	0.104761904761905	0	0	0.0222222222222222
SKIL	0.205468512321266	0.438073394495413	0.249388254486134	0.427413909520594	0.429657794676806	0.441011235955056	0.558823529411765	0.116666666666667	0.304761904761905	0.260869565217391	0.833333333333333	0.8
WLS	0.00186340127776088	0.00229357798165138	0	0.0297096556380824	0.00126742712294043	0.109550561797753	0.102941176470588	0	0.352380952380952	0	0	0.0740740740740741
DHCR24	0.0750304228780043	0.00458715596330275	0.0065252854812398	0.0087778528021607	0.00506970849176172	0.0393258426966292	0.205882352941176	0	0.00952380952380952	0	0	0.0222222222222222
DOCK2	0.0085564344386979	0.105504587155963	0.108278955954323	0.24780553679946	0.0887198986058302	0.00561797752808989	0.161764705882353	0	0.0380952380952381	0	0.230769230769231	0.00740740740740741
BMP2K	0.0385609978703985	0.00917431192660551	0.0191680261011419	0.356515867656989	0.0849176172370089	0.0814606741573034	0.191176470588235	0	0.114285714285714	0.0434782608695652	0.0256410256410256	0.348148148148148
MAOB	0.0285594767264983	0	0.000203915171288744	0.00270087778528022	0	0.0224719101123595	0.132352941176471	0	0	0	0	0
LTC4S	0.00718740492850624	0.0252293577981651	0.0189641109298532	0.138419986495611	0.00126742712294043	0.0365168539325843	0.117647058823529	0	0.019047619047619	0.0869565217391304	0	0.177777777777778
GSTA3	3.8028597505324e-05	0	0	0	0	0	0.0882352941176471	0	0	0	0	0
HMGCS2	3.8028597505324e-05	0	0	0	0	0	0.0882352941176471	0	0	0	0	0
ASS1	0.0195086705202312	0	0.000815660685154976	0.000675219446320054	0.00126742712294043	0.047752808988764	0.117647058823529	0	0	0	0	0.0666666666666667
HPR	0.0011028293276544	0	0	0	0	0.00280898876404494	0.0882352941176471	0	0.0285714285714286	0	0	0
TNFRSF9	0.00250988743535138	0.0619266055045872	0.0316068515497553	0.0364618501012829	0.00253485424588086	0.00561797752808989	0.102941176470588	0	0	0	0	0.0148148148148148
KRT1	0.000114085792515972	0.00229357798165138	0.00265089722675367	0	0	0	0.0882352941176471	0.3	0	0	0	0
PVALB	0.000114085792515972	0	0.00489396411092985	0.00540175557056043	0	0.00280898876404494	0.0882352941176471	0	0	0	0	0
GASK1B	0.0188241557651354	0.00229357798165138	0.000407830342577488	0.135719108710331	0	0.0730337078651685	0.132352941176471	0	0.257142857142857	0	0	0.777777777777778
KRT15	0.00140705810769699	0.00229357798165138	0.000815660685154976	0.00202565833896016	0.00126742712294043	0.00280898876404494	0.0882352941176471	0	0	0	0	0.00740740740740741
SULT2A1	0.00178734408275023	0	0.000611745513866232	0.000675219446320054	0	0	0.0882352941176471	0	0	0	0	0.00740740740740741
RPL10L	0.0129677517493155	0	0.000203915171288744	0	0	0	0.102941176470588	0	0	0	0	0
ECHDC2	0.00798600547611804	0.11697247706422	0.0935970636215334	0.0573936529372046	0.0367553865652725	0.162921348314607	0.132352941176471	0	0.114285714285714	0	0.0256410256410256	0.0592592592592593
RHEX	0.00231974444782476	0	0.000611745513866232	0.00202565833896016	0.00760456273764259	0	0.0882352941176471	0	0	0.173913043478261	0.128205128205128	0
HPD	0.00319440219044722	0	0.000203915171288744	0.000675219446320054	0.00126742712294043	0.00280898876404494	0.0882352941176471	0	0	0	0	0
ZFAND5	0.472353209613629	0.272935779816514	0.295880913539967	1.40378122889939	0.262357414448669	0.539325842696629	0.955882352941177	0.183333333333333	0.514285714285714	0.304347826086957	0.551282051282051	0.57037037037037
TPD52L1	0.00456343170063888	0.00458715596330275	0.00122349102773246	0.00405131667792032	0	0.050561797752809	0.0882352941176471	0	0	0	0	0.037037037037037
EPCAM	0.0483723760267721	0.00229357798165138	0.00203915171288744	0.00202565833896016	0	0.00280898876404494	0.147058823529412	0	0.00952380952380952	0.0434782608695652	0	0.00740740740740741
SQSTM1	0.267341040462428	0.513761467889908	0.31973898858075	1.43281566509115	0.299112801013942	0.839887640449438	0.691176470588235	0.133333333333333	0.914285714285714	1.04347826086957	0.858974358974359	1.17037037037037
HSD17B8	0.0385609978703985	0.0344036697247706	0.0456769983686786	0.0303848750844024	0.0139416983523447	0.0140449438202247	0.147058823529412	0.0166666666666667	0.0476190476190476	0.173913043478261	0.0384615384615385	0.0222222222222222
MTRNR2L13	0.00730149072102221	0	0.000407830342577488	0.000675219446320054	0	0	0.0882352941176471	0	0	0	0	0
AL121944.1	0.000532400365074536	0.0137614678899083	0.0305872756933116	0.0101282916948008	0.0811153358681876	0.00280898876404494	0.0882352941176471	0	0.00952380952380952	0.0869565217391304	0.0384615384615385	0
GSTA1	0.000114085792515972	0	0	0	0	0	0.0735294117647059	0	0	0	0	0
TPSD1	0.00019014298752662	0	0	0	0.00126742712294043	0	0.0735294117647059	0	0	0	0	0
KIT	0.0193565561302099	0.0114678899082569	0.0120309951060359	0.00540175557056043	0.00253485424588086	0.0112359550561798	0.102941176470588	0.0333333333333333	0.00952380952380952	0	0.0128205128205128	0.0296296296296296
UGT2B7	0.000266200182537268	0	0	0	0	0	0.0735294117647059	0	0	0	0	0
AL731557.1	0.000456343170063888	0	0.000203915171288744	0	0	0	0.0735294117647059	0	0	0	0	0
EHD4	0.00657894736842105	0.0435779816513761	0.0611745513866232	0.160027008777853	0.0709759188846641	0.0533707865168539	0.117647058823529	0	0.285714285714286	0.0434782608695652	0.0384615384615385	1.03703703703704
SMIM3	0.0104958929114694	0.0114678899082569	0.0297716150081566	0.101282916948008	0.017743979721166	0.0926966292134832	0.102941176470588	0	0.00952380952380952	0	0.756410256410256	0.0222222222222222
MUC1	0.00247185883784606	0	0.00203915171288744	0.00472653612424038	0	0.0112359550561798	0.0735294117647059	0	0	0.0434782608695652	0	0
KLK1	0.0128536659567995	0	0.00101957585644372	0.00405131667792032	0.0456273764258555	0.0112359550561798	0.0882352941176471	0.0166666666666667	0.00952380952380952	0.0869565217391304	0	0
WFDC2	0.0597048980833587	0	0.000815660685154976	0.00405131667792032	0.00506970849176172	0.0449438202247191	0.147058823529412	0	0.00952380952380952	0	0	0
AQP5	0.00353665956799513	0	0	0.000675219446320054	0.00126742712294043	0.00280898876404494	0.0735294117647059	0	0.0380952380952381	0	0	0
NACA2	0.0540006084575601	0.018348623853211	0.0220228384991843	0.0364618501012829	0.0114068441064639	0.0280898876404494	0.147058823529412	0.0166666666666667	0.0285714285714286	0	0.0384615384615385	0.00740740740740741
ADGRE2	0.00231974444782476	0.00229357798165138	0.0032626427406199	0.216070222822417	0.00633713561470215	0.0280898876404494	0.0882352941176471	0	0.019047619047619	0.0434782608695652	0.0384615384615385	0.00740740740740741
SCIN	0.00391694554304837	0.00229357798165138	0.000611745513866232	0.012829169480081	0	0.0449438202247191	0.0735294117647059	0	0.00952380952380952	0	0	0.037037037037037
LIF	0.000494371767569212	0.0573394495412844	0.0197797716150082	0.00742741390952059	0	0.047752808988764	0.0735294117647059	0	0	0	0.0128205128205128	0
SLC45A3	0.00536203224825068	0	0.000611745513866232	0.00607697501688049	0.00633713561470215	0.00842696629213483	0.0735294117647059	0	0.019047619047619	0	0	0.0222222222222222
VAV3	0.010914207484028	0.110091743119266	0.0411908646003263	0.0864280891289669	0.107731305449937	0.00842696629213483	0.102941176470588	0	0	0	0.0384615384615385	0.192592592592593
HOTAIRM1	0.000646486157590508	0.0848623853211009	0.0362969004893964	0.100607697501688	0.0202788339670469	0.165730337078652	0.0882352941176471	0	0.00952380952380952	0.0434782608695652	0.0128205128205128	0.133333333333333
SLC25A25	0.070771219957408	0.00458715596330275	0.0220228384991843	0.0344361917623228	0.0304182509505703	0.0702247191011236	0.161764705882353	0	0.0380952380952381	0	0	0.0962962962962963
IL1R1	0.00197748707027685	0.00688073394495413	0.00978792822185971	0.0418636056718433	0.00126742712294043	0.219101123595506	0.0735294117647059	0	0	0	0.0128205128205128	0.0962962962962963
MCL1	0.368268938241558	1.34403669724771	1.03690864600326	2.07224848075625	0.403041825095057	0.867977528089888	0.970588235294118	0.15	0.361904761904762	2	4.28205128205128	0.585185185185185
PURB	0.133746577426225	0.036697247706422	0.0491435562805873	0.12288993923025	0.0418250950570342	0.103932584269663	0.25	0.0166666666666667	0.276190476190476	0.0869565217391304	0.115384615384615	0.244444444444444
LINC01641	0.0340736233647703	0.00917431192660551	0.00305872756933116	0.00135043889264011	0.00887198986058302	0.00842696629213483	0.102941176470588	0	0	0.0434782608695652	0	0
METTL7A	0.0350623668999087	0.0137614678899083	0.00897226753670473	0.12086428089129	0.0468948035487959	0.0955056179775281	0.117647058823529	0	0.0380952380952381	0.391304347826087	0.115384615384615	0.037037037037037
TRIB1	0.0565485244904168	0.00458715596330275	0.00917618270799347	0.196488858879136	0.0164765525982256	0.103932584269663	0.147058823529412	0.0166666666666667	0.0380952380952381	1.26086956521739	0.0512820512820513	0.0592592592592593
TPSG1	0	0	0	0	0	0	0.0588235294117647	0	0	0	0	0
EMX1	3.8028597505324e-05	0	0	0	0.00126742712294043	0	0.0588235294117647	0	0	0	0	0
AC012414.3	0	0	0.000611745513866232	0	0	0	0.0588235294117647	0	0	0	0	0
HEXB	0.0532780651049589	0.0504587155963303	0.0703507340946166	0.642808912896691	0.0418250950570342	0.213483146067416	0.191176470588235	0	0.171428571428571	0.260869565217391	0.243589743589744	0.207407407407407
FABP1	0.000266200182537268	0	0	0.000675219446320054	0	0	0.0588235294117647	0	0	0	0	0
RAB17	0.000228171585031944	0.00229357798165138	0.000203915171288744	0.00135043889264011	0	0.00280898876404494	0.0588235294117647	0	0	0	0	0
AC019197.1	0.00038028597505324	0	0	0.000675219446320054	0.00380228136882129	0	0.0588235294117647	0	0	0	0	0
MRAP	0.000608457560085184	0	0	0	0	0	0.0588235294117647	0	0	0	0	0
PDZK1IP1	0.00019014298752662	0	0	0	0	0.0337078651685393	0.0588235294117647	0.0333333333333333	0	0	0	0
HBA2	0.0287115911165196	0.151376146788991	0.0271207177814029	0.0702228224172856	0.304182509505703	0.0337078651685393	0	1009.65	0	0.0434782608695652	0.0128205128205128	0
HBB	0.0980757529662306	0.0481651376146789	0.0656606851549755	0.531397704253883	1.11787072243346	0.132022471910112	0.0147058823529412	1586.28333333333	0.019047619047619	0	0.0128205128205128	0.037037037037037
HBA1	0.0211439002129601	0.213302752293578	0.0146818923327896	0.0864280891289669	0.134347275031686	0.0112359550561798	0	655.783333333333	0	0	0	0.00740740740740741
HBG2	0.00733951931852753	0.00688073394495413	0.0032626427406199	0.0155300472653612	0.0608365019011407	0.00280898876404494	0	36.5166666666667	0.0285714285714286	0	0	0.00740740740740741
AHSP	0.000456343170063888	0	0.00265089722675367	0	0	0.00280898876404494	0	5.23333333333333	0	0	0	0
ALAS2	0.00076057195010648	0	0.000815660685154976	0.00472653612424038	0.00126742712294043	0	0	4.93333333333333	0	0	0	0.00740740740740741
CA1	0.00144508670520231	0	0.000611745513866232	0.000675219446320054	0	0.00561797752808989	0	4.35	0.00952380952380952	0	0	0
HBD	0.000494371767569212	0	0.00101957585644372	0	0.00126742712294043	0	0	4.23333333333333	0	0	0	0
HBM	0.00144508670520231	0.00229357798165138	0.000611745513866232	0.00202565833896016	0.00126742712294043	0	0	2.93333333333333	0	0	0	0
SLC25A37	0.21128688773958	0.055045871559633	0.0705546492659054	0.2491559756921	0.0988593155893536	0.202247191011236	0.102941176470588	4.03333333333333	0.219047619047619	0.0869565217391304	0.0384615384615385	0.385185185185185
HBG1	0.000114085792515972	0	0.000203915171288744	0	0	0	0	1.11666666666667	0	0	0	0
SNCA	0.258480377243687	0.00917431192660551	0.00754486133768352	0.087103308575287	0.00633713561470215	0.0280898876404494	0	2.4	0.285714285714286	0	0.0769230769230769	0.0740740740740741
GMPR	0.0268101612412534	0.00229357798165138	0.0018352365415987	0.0654962862930452	0.00380228136882129	0.0337078651685393	0.0147058823529412	0.816666666666667	0	0	0.115384615384615	0.0296296296296296
STRADB	0.0865911165196228	0.0321100917431193	0.0305872756933116	0.0445644834571236	0.0316856780735108	0.0393258426966292	0	1.03333333333333	0.0857142857142857	0.0434782608695652	0.0384615384615385	0.037037037037037
HBQ1	0.0273045330088226	0	0.00122349102773246	0	0	0	0	0.666666666666667	0	0	0	0.00740740740740741
MYL4	0.00403103133556434	0.00458715596330275	0.000407830342577488	0.00135043889264011	0.00887198986058302	0.0814606741573034	0	0.416666666666667	0	0.0434782608695652	0.0128205128205128	0.00740740740740741
BPGM	0.147360815333131	0.0619266055045872	0.0617862969004894	0.0688723835246455	0.0354879594423321	0.0674157303370786	0.0147058823529412	0.983333333333333	0.152380952380952	0.0434782608695652	0.0128205128205128	0.103703703703704
MPP1	0.0847657438393672	0.0114678899082569	0.0428221859706362	0.551654287643484	0.026615969581749	0.047752808988764	0.0294117647058824	0.783333333333333	0.0380952380952381	0.0869565217391304	0.0512820512820513	0.0444444444444444
SELENBP1	0.000608457560085184	0	0	0.00607697501688049	0	0.176966292134831	0.0147058823529412	0.35	0.0380952380952381	0	0	0.00740740740740741
TRIM58	0.00406905993306967	0.00458715596330275	0.00367047308319739	0.00270087778528022	0.0139416983523447	0	0	0.3	0.0857142857142857	0.0434782608695652	0	0.00740740740740741
SMOX	0.0142226954669912	0.00229357798165138	0.00632137030995106	0.0438892640108035	0.00380228136882129	0.0224719101123595	0.0294117647058824	0.333333333333333	0.152380952380952	0.0869565217391304	0	0.185185185185185
SLC25A39	0.59043200486766	0.192660550458716	0.20615823817292	0.37339635381499	0.133079847908745	0.278089887640449	0.0441176470588235	2.16666666666667	0.295238095238095	0.652173913043478	0.294871794871795	0.296296296296296
GYPB	0.00399300273805902	0	0.000203915171288744	0.00202565833896016	0	0	0	0.283333333333333	0	0	0	0.00740740740740741
ADIPOR1	0.283008822634621	0.0871559633027523	0.120717781402936	0.324105334233626	0.0849176172370089	0.154494382022472	0.147058823529412	1.18333333333333	0.133333333333333	0.130434782608696	0.217948717948718	0.266666666666667
IFIT1B	0.000152114390021296	0	0	0	0	0	0	0.233333333333333	0	0	0	0
SLC4A1	0.0019014298752662	0.00458715596330275	0.00265089722675367	0.00270087778528022	0.00380228136882129	0	0	0.216666666666667	0	0	0	0.00740740740740741
AC130456.3	0	0	0	0	0	0	0	0.183333333333333	0	0	0	0
MAP2K3	0.0634317006388804	0.146788990825688	0.105628058727569	0.329507089804186	0.14828897338403	0.106741573033708	0.117647058823529	0.383333333333333	0.0761904761904762	0.0869565217391304	0.705128205128205	0.296296296296296
HEMGN	0.000494371767569212	0.00688073394495413	0.0179445350734095	0.00135043889264011	0	0	0	0.166666666666667	0	0	0	0.00740740740740741
MT1L	0.000266200182537268	0.00229357798165138	0.00734094616639478	0.00337609723160027	0.00126742712294043	0.23314606741573	0	0.166666666666667	0.019047619047619	0	0	0
NCOA4	0.222277152418619	0.0871559633027523	0.115008156606852	0.524645509790682	0.0811153358681876	0.151685393258427	0.0882352941176471	0.683333333333333	0.171428571428571	0.0869565217391304	0.230769230769231	0.296296296296296
BNIP3L	0.7271448128993	0.11697247706422	0.182911908646003	0.688048615800135	0.164765525982256	0.587078651685393	0.205882352941176	1.68333333333333	0.438095238095238	0.260869565217391	0.192307692307692	0.407407407407407
SLC14A1	0.000494371767569212	0.00458715596330275	0.00672920065252855	0.00135043889264011	0.00887198986058302	0.00280898876404494	0	0.133333333333333	0	0	0	0.0666666666666667
FKBP8	0.949878308487983	0.25	0.459624796084829	0.604321404456448	0.240811153358682	0.685393258426966	0.205882352941176	2.01666666666667	0.647619047619048	0.782608695652174	0.358974358974359	0.592592592592593
HPS1	0.0236918162458169	0.0917431192660551	0.103792822185971	0.215395003376097	0.11660329531052	0.103932584269663	0.0441176470588235	0.233333333333333	0.0857142857142857	0.130434782608696	0.179487179487179	0.0962962962962963
R3HDM4	0.131122604198357	0.0711009174311927	0.156199021207178	0.0742741390952059	0.110266159695817	0.115168539325843	0	0.416666666666667	0.133333333333333	0.0434782608695652	0.128205128205128	0.0592592592592593
FAM210B	0.293238515363553	0.0160550458715596	0.0224306688417618	0.0769750168804862	0.0152091254752852	0.174157303370787	0	0.65	0.866666666666667	0.0434782608695652	0.0641025641025641	0.22962962962963
BCL2L1	0.119029510191664	0.036697247706422	0.0454730831973899	0.101958136394328	0.0240811153358682	0.148876404494382	0.0588235294117647	0.35	0.0857142857142857	0.434782608695652	0.0641025641025641	0.222222222222222
PCGF5	0.0322862792820201	0.0871559633027523	0.152120717781403	0.184334908845375	0.122940430925222	0.157303370786517	0.0735294117647059	0.25	0.19047619047619	0.173913043478261	0.153846153846154	0.17037037037037
NFE2	0.000342257377547916	0	0	0.00945307224848076	0	0	0	0.116666666666667	0	0	0	0
FBXO7	0.344539093398235	0.139908256880734	0.145391517128874	0.176232275489534	0.139416983523447	0.185393258426966	0.0441176470588235	0.75	0.228571428571429	0.173913043478261	0.217948717948718	0.259259259259259
DCAF12	0.101916641314268	0.0642201834862385	0.0395595432300163	0.0668467251856854	0.0430925221799747	0.0533707865168539	0.132352941176471	0.3	0.0571428571428571	0.0434782608695652	0.0512820512820513	0.133333333333333
CR1L	0.00441131731061758	0	0	0.00742741390952059	0	0	0	0.116666666666667	0.00952380952380952	0	0	0.00740740740740741
SMIM1	0.0295862488591421	0.00229357798165138	0.00448613376835237	0.0155300472653612	0.00506970849176172	0.0140449438202247	0.0294117647058824	0.15	0.0285714285714286	0.0869565217391304	0.0128205128205128	0
LINC00570	0.000228171585031944	0	0	0.000675219446320054	0	0	0	0.0833333333333333	0	0	0	0
PITHD1	0.272550958320657	0.13302752293578	0.160889070146819	0.25050641458474	0.103929024081115	0.117977528089888	0.0147058823529412	0.533333333333333	0.257142857142857	0.173913043478261	0.179487179487179	0.214814814814815
KLF1	0.000532400365074536	0	0.000203915171288744	0.00472653612424038	0	0	0	0.0833333333333333	0	0	0	0
UBB	6.94512473379982	2.55733944954128	2.16292822185971	2.86900742741391	1.69455006337136	3.58707865168539	4.77941176470588	10.5	3.1047619047619	3.30434782608696	3.98717948717949	3.99259259259259
MKRN1	0.446265591724977	0.188073394495413	0.155179445350734	0.214044564483457	0.154626108998733	0.174157303370787	0.117647058823529	0.733333333333333	0.20952380952381	0.130434782608696	0.153846153846154	0.162962962962963
PHOSPHO1	0.000114085792515972	0	0	0	0	0	0	0.0666666666666667	0	0	0	0
ABCC13	0.000152114390021296	0	0	0	0	0	0	0.0666666666666667	0	0	0	0
GYPA	0.000228171585031944	0	0	0	0	0	0	0.0666666666666667	0	0	0	0
AC007969.1	0.0138804380894433	0.00229357798165138	0.00489396411092985	0.00607697501688049	0.00126742712294043	0.0168539325842697	0	0.0833333333333333	0	0	0	0.00740740740740741
SMIM5	0.000646486157590508	0	0.00101957585644372	0.00202565833896016	0.00253485424588086	0	0.0294117647058824	0.0666666666666667	0.142857142857143	0	0.358974358974359	0.00740740740740741
PLEK2	0.000532400365074536	0	0.0018352365415987	0.00540175557056043	0	0	0	0.05	0	0	0	0.0444444444444444
KLC3	0.00155917249771828	0	0.000611745513866232	0	0.00126742712294043	0.00280898876404494	0	0.05	0.00952380952380952	0	0	0
TMCC2	0.0308411925768178	0	0.00122349102773246	0.00405131667792032	0	0.00561797752808989	0	0.0833333333333333	0.019047619047619	0	0	0.00740740740740741
ERFE	0.00224368725281412	0.00229357798165138	0.00122349102773246	0.00270087778528022	0.00506970849176172	0.00842696629213483	0	0.05	0.00952380952380952	0.0434782608695652	0.0128205128205128	0.00740740740740741
AL137001.2	0.0182917554000608	0	0.000815660685154976	0.00202565833896016	0.00126742712294043	0	0	0.0666666666666667	0	0	0	0
AC011445.2	0.00357468816550046	0.00458715596330275	0.0065252854812398	0.00540175557056043	0.00126742712294043	0.00280898876404494	0	0.05	0	0	0	0
S100B	0.0352905384849407	0.0848623853211009	0.147022838499184	0.179608372721134	0.00253485424588086	0.0196629213483146	0	0	6.25714285714286	0	0.0128205128205128	0.0148148148148148
PLAT	0.0144128384545178	0.0114678899082569	0.00876835236541599	0.00945307224848076	0	0.331460674157303	0.0294117647058824	0	3.7047619047619	0	0.0128205128205128	0.348148148148148
TGFBI	0.0328186796470946	0.00229357798165138	0.00856443719412724	0.742066171505739	0.00126742712294043	0.713483146067416	0.0294117647058824	0	3.51428571428571	0	0.871794871794872	0.037037037037037
CDH19	0.00038028597505324	0.00458715596330275	0.000815660685154976	0.000675219446320054	0	0.0112359550561798	0	0	1.84761904761905	0	0	0
PLP1	0.000988743535138424	0.00458715596330275	0.000611745513866232	0	0.00126742712294043	0.0393258426966292	0.0294117647058824	0	1.79047619047619	0	0	0
GPM6B	0.135381807118953	0.0504587155963303	0.0324225122349103	0.0175557056043214	0.0621039290240811	0.196629213483146	0.0147058823529412	0.05	3.84761904761905	0.0434782608695652	0.512820512820513	0.0148148148148148
MIA	0.00212960146029814	0.00229357798165138	0.000815660685154976	0.00135043889264011	0	0.0196629213483146	0	0	1.67619047619048	0	0	0
CCN3	0.0039549741405537	0.00229357798165138	0.000611745513866232	0.00202565833896016	0	0.0449438202247191	0	0	1.58095238095238	0	0.0512820512820513	0.0222222222222222
ERBB3	0.00368877395801643	0.00458715596330275	0.00469004893964111	0.00270087778528022	0.00126742712294043	0.0112359550561798	0	0	1.51428571428571	0	0	0.00740740740740741
NTM	0.0189382415576514	0.00458715596330275	0.00305872756933116	0.000675219446320054	0.00380228136882129	0.143258426966292	0	0	1.61904761904762	0	0.0384615384615385	0.00740740740740741
RASSF4	0.0240721022208701	0.0252293577981651	0.0050978792822186	0.671843349088454	0.00253485424588086	0.0898876404494382	0.0147058823529412	0.0166666666666667	1.63809523809524	0.0434782608695652	0.0128205128205128	0.0148148148148148
PMEPA1	0.22649832674171	0.073394495412844	0.0662724306688418	0.0560432140445645	0.122940430925222	1.1938202247191	0.220588235294118	0	3.40952380952381	0.173913043478261	1.52564102564103	0.822222222222222
PTPRZ1	0.00121691512017037	0	0.000203915171288744	0	0	0.00561797752808989	0	0	1.00952380952381	0	0	0
FOXD3	0.00019014298752662	0.00229357798165138	0	0	0	0.00280898876404494	0	0	0.961904761904762	0	0	0.00740740740740741
NES	0.271562214785519	0.00458715596330275	0.00367047308319739	0.0141796083727211	0.00126742712294043	0.241573033707865	0.0294117647058824	0	3.03809523809524	0	0	0.437037037037037
SEMA3B	0.00726346212351689	0	0.000611745513866232	0.00337609723160027	0	0.0702247191011236	0.0735294117647059	0	0.961904761904762	0	0	0.00740740740740741
AC005747.1	0.00642683297839976	0.036697247706422	0.00407830342577488	0.116812964213369	0.00887198986058302	0.0140449438202247	0	0	0.980952380952381	0	0	0.0518518518518519
TNC	0.0119029510191664	0.00229357798165138	0.000203915171288744	0.00135043889264011	0	0.429775280898876	0	0	1	0	0	0.0222222222222222
TTYH1	0.00296623060541527	0	0.00224306688417618	0.00135043889264011	0	0.0168539325842697	0	0	0.876190476190476	0.0434782608695652	0	0
COL5A3	0.00197748707027685	0	0.00101957585644372	0	0	0.404494382022472	0	0	0.895238095238095	0	0	0
SOX10	0.00152114390021296	0	0.000407830342577488	0	0	0	0	0	0.847619047619048	0	0	0
COL20A1	0.00114085792515972	0	0.000203915171288744	0	0	0	0	0	0.79047619047619	0	0	0
FOXD3-AS1	0.000114085792515972	0	0.000203915171288744	0	0	0	0	0	0.780952380952381	0	0	0
TSPAN11	0.0266960754487374	0	0.00142740619902121	0.00270087778528022	0	0.0252808988764045	0.0147058823529412	0	0.961904761904762	0	0	0.037037037037037
MPZ	0.0106099787039854	0.00458715596330275	0.00570962479608483	0.00675219446320054	0	0.0421348314606742	0	0	0.857142857142857	0	0	0.00740740740740741
PLPP1	0.072178278065105	0.0206422018348624	0.0360929853181077	0.0357866306549629	0.0202788339670469	0.412921348314607	0.0294117647058824	0	1.4	0	0.0512820512820513	2.14814814814815
MXRA8	0.0328186796470946	0	0.0018352365415987	0.00270087778528022	0	0.474719101123595	0.0294117647058824	0	1.00952380952381	0	0	0
METRN	0.0559020383328263	0.0275229357798165	0.0346655791190865	0.0432140445644835	0.0101394169835234	0.294943820224719	0	0	1.20952380952381	0.0869565217391304	0.0256410256410256	0.37037037037037
SLC15A3	0.0020535442652875	0	0.00224306688417618	0.395678595543552	0.0190114068441065	0.0589887640449438	0.0441176470588235	0	0.914285714285714	0	0.0384615384615385	0.303703703703704
TFAP2A	0.00908883480377244	0	0.000611745513866232	0.000675219446320054	0	0.00561797752808989	0	0	0.761904761904762	0.0434782608695652	0	0
CNN3	0.379791603285671	0.0252293577981651	0.0222267536704731	0.0263335584064821	0.0228136882129278	1.51404494382022	0.102941176470588	0.0833333333333333	3.22857142857143	0	0.0128205128205128	1.45185185185185
LGI4	0.00642683297839976	0.00229357798165138	0.000407830342577488	0.00135043889264011	0	0.0898876404494382	0	0	0.742857142857143	0	0.0128205128205128	0
NGFR	0.0223227867356252	0.00688073394495413	0.0018352365415987	0.00337609723160027	0.00253485424588086	0.191011235955056	0	0	0.828571428571429	0	0.0128205128205128	0
CYTL1	0.00798600547611804	0.00229357798165138	0.000815660685154976	0.00810263335584065	0	0.0140449438202247	0	0	0.723809523809524	0	0	0.244444444444444
HSPB2	0.0219425007605719	0.00229357798165138	0.00122349102773246	0.00135043889264011	0.00253485424588086	0.188202247191011	0	0	0.80952380952381	0	0	0
KCTD12	0.031335564344387	0.00688073394495413	0.00672920065252855	0.426738690074274	0.00887198986058302	0.126404494382022	0.0147058823529412	0	1.00952380952381	0	0.0641025641025641	0.407407407407407
FXYD1	0.00330848798296319	0.0137614678899083	0.0271207177814029	0.00742741390952059	0.0304182509505703	0.286516853932584	0.0294117647058824	0	0.714285714285714	0	0.0128205128205128	0.00740740740740741
ANXA5	0.239618192881047	0.0756880733944954	0.197797716150082	1.5388251181634	0.105196451204056	1.53370786516854	0.176470588235294	0.0833333333333333	2.84761904761905	0.217391304347826	0.192307692307692	1.53333333333333
TNFAIP6	0.0197368421052632	0	0.000407830342577488	0.111411208642809	0	0.334269662921348	0	0	0.780952380952381	0	0	0.00740740740740741
FSTL3	0.0261256464861576	0.00688073394495413	0.0032626427406199	0.0243079000675219	0.00506970849176172	0.157303370786517	0.0147058823529412	0	0.771428571428571	0	0	0
EDNRB	0.00038028597505324	0.00229357798165138	0.000203915171288744	0.0283592167454423	0	0.143258426966292	0.0147058823529412	0	0.647619047619048	0	0	1.02962962962963
FABP7	0.000684514755095832	0	0	0	0	0	0	0	0.6	0	0	0
FST	0.028407362336477	0	0.00265089722675367	0.00135043889264011	0	0.047752808988764	0	0	0.742857142857143	0	0	0
EMP2	0.0179494980225129	0.00229357798165138	0.0032626427406199	0.0695476029709656	0.00380228136882129	0.379213483146067	0	0	0.742857142857143	0.0434782608695652	0	0.674074074074074
NRXN1	0.797079403711591	0.00458715596330275	0.0134584013050571	0.0486158001350439	0.0253485424588086	0.112359550561798	0.0147058823529412	0.116666666666667	4.72380952380952	0	0	0.155555555555556
PAPPA	0.0285975053240036	0.00229357798165138	0.000815660685154976	0.00202565833896016	0.00126742712294043	0.165730337078652	0	0	0.733333333333333	0	0	0.0296296296296296
GPC1	0.131769090355948	0.00688073394495413	0.00550570962479608	0.0087778528021607	0.00380228136882129	0.0955056179775281	0.0294117647058824	0.0166666666666667	1.25714285714286	0	0	0.0222222222222222
LYPD1	0.00924094919379373	0	0	0.00135043889264011	0	0.109550561797753	0	0	0.619047619047619	0	0	0.00740740740740741
CDC42EP1	0.00148311530270764	0	0.000203915171288744	0.0276839972991222	0	0.278089887640449	0.0735294117647059	0.0166666666666667	0.60952380952381	0	0	0.540740740740741
FRMD6	0.011028293276544	0.00229357798165138	0.00285481239804241	0.00270087778528022	0.00126742712294043	0.157303370786517	0.0147058823529412	0	0.628571428571429	0	0	0.207407407407407
KIRREL3	0.0493230909644052	0	0.00122349102773246	0.00742741390952059	0.00253485424588086	0.0196629213483146	0.0147058823529412	0.0166666666666667	0.8	0	0.0641025641025641	0.0222222222222222
VWA1	0.0049056890781868	0.00458715596330275	0.000203915171288744	0.00202565833896016	0.00126742712294043	0.0252808988764045	0	0	0.647619047619048	0	0	2.86666666666667
ANXA2	1.64610587161545	0.213302752293578	0.247756933115824	1.949358541526	0.121673003802281	2.50561797752809	0.25	0.0666666666666667	9.7047619047619	0.217391304347826	0.294871794871795	3.95555555555556
IL1RAPL2	0.0192044417401886	0	0.000611745513866232	0.00270087778528022	0	0.00561797752808989	0.0441176470588235	0	0.638095238095238	0	0	0.00740740740740741
ABCA8	0.00125494371767569	0	0.000611745513866232	0.00135043889264011	0	0.342696629213483	0.0294117647058824	0	0.571428571428571	0	0	0.00740740740740741
PMP2	0.000114085792515972	0.00229357798165138	0.000407830342577488	0	0	0	0	0	0.533333333333333	0	0	0
STARD13	0.0100775783389109	0	0.000203915171288744	0.0573936529372046	0	0.162921348314607	0	0	0.60952380952381	0	0	0.237037037037037
COL7A1	0.0316397931244296	0	0.00101957585644372	0.00742741390952059	0.00126742712294043	0.00842696629213483	0	0	0.676190476190476	0	0	0.0148148148148148
COL9A3	0.00167325829023426	0	0.000203915171288744	0.00675219446320054	0.026615969581749	0.00561797752808989	0	0	0.533333333333333	0.0869565217391304	0.0256410256410256	0.00740740740740741
COL15A1	0.00193945847277152	0.00458715596330275	0.000203915171288744	0.00337609723160027	0.00126742712294043	0.0814606741573034	0	0	0.6	0	0	3.1037037037037
IL1RAP	0.00152114390021296	0.00688073394495413	0.00672920065252855	0.0614449696151249	0.00887198986058302	0.050561797752809	0	0	0.542857142857143	0	0.0256410256410256	0.0222222222222222
HSPG2	0.00646486157590508	0	0.00305872756933116	0.00675219446320054	0.00380228136882129	0.345505617977528	0.0147058823529412	0	0.704761904761905	0	0	5.94814814814815
ITGA6	0.0165044113173106	0.0275229357798165	0.0670880913539967	0.0216070222822417	0.00253485424588086	0.00561797752808989	0	0	0.676190476190476	0.0434782608695652	0.0128205128205128	1.2
RHOC	0.217751749315485	0.291284403669725	0.116435562805873	0.225523295070898	0.0468948035487959	1.11516853932584	0.102941176470588	0.0333333333333333	1.80952380952381	0.0434782608695652	0.243589743589744	1.94074074074074
PALM2AKAP2	0.0433526011560694	0.018348623853211	0.0177406199021207	0.0398379473328832	0.0570342205323194	0.387640449438202	0.0147058823529412	0.0333333333333333	0.780952380952381	0.0434782608695652	0.0769230769230769	1.00740740740741
MMP14	0.00197748707027685	0	0.000407830342577488	0.173531397704254	0.00506970849176172	0.258426966292135	0	0	0.571428571428571	0	0	0.296296296296296
MYO10	0.00779586248859142	0.00688073394495413	0.00387438825448613	0.0276839972991222	0.00126742712294043	0.0393258426966292	0.0441176470588235	0	0.552380952380952	0	0	0.607407407407407
SLC35F1	0.0391314268329784	0	0.00142740619902121	0.00675219446320054	0.00380228136882129	0.0393258426966292	0.0147058823529412	0	0.666666666666667	0	0	0.00740740740740741
TNS3	0.0131578947368421	0	0.00367047308319739	0.174206617150574	0.0114068441064639	0.317415730337079	0	0	0.60952380952381	0.0869565217391304	0.0384615384615385	0.318518518518519
KRT17	0.0349102525098874	0.00229357798165138	0.00163132137030995	0.00472653612424038	0	0.0842696629213483	0.0147058823529412	0	0.638095238095238	0	0	0
KCNS3	0.0217523577730453	0.00229357798165138	0.00142740619902121	0.00202565833896016	0.00126742712294043	0.109550561797753	0	0	0.580952380952381	0	0	0.0222222222222222
PTN	0.403445390933982	0.0114678899082569	0.00999184339314845	0.0182309250506415	0.0139416983523447	0.47752808988764	0.0147058823529412	0.0166666666666667	2.27619047619048	0	0	0.0666666666666667
VCL	0.0861728019470642	0.0412844036697248	0.0181484502446982	0.0513166779203241	0.0329531051964512	0.612359550561798	0.0588235294117647	0.05	0.923809523809524	0	0.153846153846154	0.274074074074074
RAB32	0.0146410100395497	0.0137614678899083	0.00591353996737357	0.594868332207968	0.00380228136882129	0.24438202247191	0.0588235294117647	0	0.704761904761905	0	0.0256410256410256	0.237037037037037
CDC42EP5	0.00129297231518102	0.00229357798165138	0.000407830342577488	0.00135043889264011	0	0.207865168539326	0	0	0.485714285714286	0	0	0.481481481481481
ALDH1A3	0.00262397322786736	0	0	0	0	0.210674157303371	0	0	0.476190476190476	0	0	0
LRRCC1	0.0510724064496501	0.0114678899082569	0.0142740619902121	0.0290344361917623	0.0101394169835234	0.106741573033708	0.0147058823529412	0	0.685714285714286	0.0434782608695652	0.0512820512820513	0.0222222222222222
FRMD4A	0.225699726194098	0	0.0144779771615008	0.232275489534099	0.0101394169835234	0.25561797752809	0.0735294117647059	0.0166666666666667	1.46666666666667	0	0.0128205128205128	0.422222222222222
SEMA3C	0.0333510800121692	0	0.00163132137030995	0.0344361917623228	0	0.320224719101124	0.0147058823529412	0	0.60952380952381	0	0.0512820512820513	0.00740740740740741
CLIC4	0.103209613629449	0.00688073394495413	0.00570962479608483	0.0992572586090479	0.0925221799746515	0.544943820224719	0.0441176470588235	0	0.952380952380952	0.347826086956522	0.0384615384615385	0.837037037037037
XKR4	0.0553316093702464	0.00458715596330275	0.00407830342577488	0.00742741390952059	0.00506970849176172	0.0842696629213483	0.0147058823529412	0	0.676190476190476	0	0.0128205128205128	0.037037037037037
MDFI	0.0009507149376331	0	0.000203915171288744	0.000675219446320054	0	0.0786516853932584	0	0	0.447619047619048	0	0	0.185185185185185
SPATA6	0.0687557042896258	0.00229357798165138	0.00285481239804241	0.0297096556380824	0.00760456273764259	0.129213483146067	0	0	0.733333333333333	0	0	0.155555555555556
TGFBR2	0.00399300273805902	0.123853211009174	0.190864600326264	0.159351789331533	0.0937896070975919	0.275280898876405	0.0294117647058824	0.0166666666666667	0.695238095238095	0	0.333333333333333	1.59259259259259
PPFIBP1	0.133822634621235	0.00688073394495413	0.0138662316476346	0.0114787305874409	0.0240811153358682	0.412921348314607	0.0441176470588235	0.0166666666666667	1.02857142857143	0	0.0384615384615385	1.31111111111111
PRNP	0.199954365682994	0.0871559633027523	0.109094616639478	0.37947332883187	0.103929024081115	0.323033707865169	0.161764705882353	0.0666666666666667	1.41904761904762	0.217391304347826	0.115384615384615	0.244444444444444
NRXN3	0.0410328567082446	0	0.00142740619902121	0.00202565833896016	0.00760456273764259	0.0702247191011236	0.0147058823529412	0	0.59047619047619	0	0	0.111111111111111
THBS2	0.011028293276544	0	0.000203915171288744	0.00202565833896016	0	0.429775280898876	0	0	0.485714285714286	0	0	0.00740740740740741
ZCCHC24	0.000722543352601156	0.00458715596330275	0.00122349102773246	0.012829169480081	0	0.219101123595506	0	0	0.438095238095238	0	0	0.118518518518519
H2AJ	0.080050197748707	0.272935779816514	0.245309951060359	0.738014854827819	0.0975918884664132	0.837078651685393	0.25	0.166666666666667	1.15238095238095	0.217391304347826	0.153846153846154	0.459259259259259
DAG1	0.0631274718588379	0.0114678899082569	0.00856443719412724	0.0216070222822417	0.00887198986058302	0.134831460674157	0.0294117647058824	0	0.676190476190476	0	0.0384615384615385	0.155555555555556
ZEB2	0.219919379373289	0.474770642201835	0.0999184339314845	1.0067521944632	0.217997465145754	0.862359550561798	0.367647058823529	0.0333333333333333	1.6	0	0.371794871794872	0.155555555555556
QKI	0.239656221478552	0.135321100917431	0.0642332789559543	0.642808912896691	0.0633713561470216	0.446629213483146	0.382352941176471	0.0333333333333333	1.52380952380952	0.130434782608696	0.435897435897436	0.962962962962963
SH3PXD2A	0.160176452692425	0.00688073394495413	0.015089722675367	0.0418636056718433	0.0164765525982256	0.280898876404494	0.0588235294117647	0.0833333333333333	1.01904761904762	0	0.128205128205128	0.274074074074074
PLEC	0.0619866139336781	0.0344036697247706	0.0650489396411093	0.12221471978393	0.0329531051964512	0.300561797752809	0.0294117647058824	0.05	0.714285714285714	0.0434782608695652	0.115384615384615	0.637037037037037
NFIX	0.0028521448128993	0.00458715596330275	0.00224306688417618	0.00675219446320054	0.0139416983523447	0.196629213483146	0.0441176470588235	0.05	0.40952380952381	0	0	0.0740740740740741
FAM114A1	0.040956799513234	0.00229357798165138	0.00224306688417618	0.0344361917623228	0	0.376404494382022	0.0147058823529412	0	0.561904761904762	0.0434782608695652	0.0128205128205128	0.244444444444444
GPR17	0.00019014298752662	0	0.000407830342577488	0	0	0	0	0	0.380952380952381	0	0	0
CDH6	0.0820276848189839	0.00229357798165138	0.00265089722675367	0.00810263335584065	0.00380228136882129	0.25	0	0.0333333333333333	0.695238095238095	0	0	0.0148148148148148
SPHK1	0.00399300273805902	0	0.00387438825448613	0.0911546252532073	0.00253485424588086	0.126404494382022	0	0	0.419047619047619	0.0434782608695652	0.141025641025641	0.274074074074074
LOXL2	0.0159339823547308	0	0.0018352365415987	0.00270087778528022	0.00126742712294043	0.367977528089888	0	0	0.447619047619048	0	0	0.259259259259259
MX2	0.00387891694554305	0.055045871559633	0.0721859706362153	0.332883187035787	0.135614702154626	0.351123595505618	0.0147058823529412	0	0.542857142857143	0	0.179487179487179	0.725925925925926
MAML2	0.0279510191664131	0.0688073394495413	0.0872756933115824	0.149898717083052	0.0747782002534854	0.429775280898876	0	0	0.59047619047619	0	0.0256410256410256	0.42962962962963
TAX1BP3	0.117204137511409	0.0298165137614679	0.0477161500815661	0.134368669817691	0.0659062103929024	0.455056179775281	0.0294117647058824	0.05	0.885714285714286	0.0869565217391304	0.551282051282051	0.748148148148148
MYOT	0.00406905993306967	0	0.000815660685154976	0.00135043889264011	0	0.00280898876404494	0	0	0.371428571428571	0	0	0
FHDC1	0.01350015211439	0.00229357798165138	0.000407830342577488	0.00202565833896016	0	0.00561797752808989	0	0	0.4	0	0	0.0148148148148148
ITGB8	0.0754867660480681	0.00458715596330275	0.00224306688417618	0.0141796083727211	0.00506970849176172	0.0842696629213483	0.0147058823529412	0	0.619047619047619	0	0	0.0148148148148148
IGLC3	0.00943109218132035	0.018348623853211	0.0157014681892333	0.0243079000675219	2.35614702154626	0.0449438202247191	0.0294117647058824	0.0333333333333333	0.0285714285714286	1842	0.448717948717949	0.0222222222222222
IGHG1	0.00783389108609675	0.00458715596330275	0.0110114192495922	0.0175557056043214	0.23447401774398	0.00842696629213483	0	0	0	660.565217391304	0.0384615384615385	0.00740740740740741
IGHG3	0.00467751749315485	0.0114678899082569	0.0195758564437194	0.0216070222822417	0.152091254752852	0.0196629213483146	0	0	0.019047619047619	601.608695652174	0.0512820512820513	0.00740740740740741
IGHG4	0.0247566169759659	0.00688073394495413	0.0161092985318108	0.024983119513842	0.073510773130545	0.00842696629213483	0	0.0333333333333333	0	618.347826086957	0.0128205128205128	0.0444444444444444
IGHA1	0.00684514755095832	0.0206422018348624	0.00978792822185971	0.00945307224848076	0.106463878326996	0.0168539325842697	0	0	0	142.608695652174	0.0641025641025641	0.00740740740740741
IGHGP	3.8028597505324e-05	0	0.00142740619902121	0	0.0202788339670469	0	0	0	0	55.0434782608696	0.0128205128205128	0
IGHG2	0.000532400365074536	0	0.000815660685154976	0.00135043889264011	0.0608365019011407	0.00280898876404494	0	0	0	25.1304347826087	0	0
IGLL5	0.00711134773349559	0	0.00265089722675367	0.00405131667792032	0.0608365019011407	0.00842696629213483	0	0	0	14.0434782608696	0	0.00740740740740741
IGLV2-14	0.000266200182537268	0	0.000407830342577488	0.00270087778528022	0.00506970849176172	0	0	0	0	7.60869565217391	0	0
DERL3	0.00676909035594767	0	0.00367047308319739	0.00675219446320054	0.0684410646387833	0.0561797752808989	0	0	0	5.65217391304348	1.33333333333333	0
IGLV1-40	0.000304228780042592	0	0.00101957585644372	0.000675219446320054	0.00253485424588086	0	0	0	0	4.91304347826087	0	0
XBP1	0.336819288104655	0.357798165137615	0.443515497553018	0.603646185010128	0.183776932826362	0.519662921348315	0.161764705882353	0.0833333333333333	0.314285714285714	22.5217391304348	1.52564102564103	0.244444444444444
FKBP11	0.0464329175540006	0.172018348623853	0.196574225122349	0.0202565833896016	0.0430925221799747	0.384831460674157	0.0294117647058824	0	0.238095238095238	7.43478260869565	0.0897435897435897	0.177777777777778
IGKV3-15	0.000152114390021296	0	0.000407830342577488	0	0.00126742712294043	0	0	0	0	2.60869565217391	0	0
IGHV3-23	0.000114085792515972	0	0.000203915171288744	0	0.00633713561470215	0	0	0	0	2	0	0
ANKRD28	0.114275935503499	0.149082568807339	0.0538336052202284	0.139095205941931	0.0342205323193916	0.297752808988764	0.117647058823529	0	0.19047619047619	4.1304347826087	0.230769230769231	0.311111111111111
IGLV3-1	0.000304228780042592	0	0.000815660685154976	0.00135043889264011	0.00506970849176172	0	0	0	0	1.69565217391304	0	0
SSR4	1.4471402494676	0.802752293577982	1.06831158238173	1.53072248480756	0.64638783269962	1.46348314606742	0.397058823529412	0.383333333333333	1.6	25.8695652173913	3.80769230769231	1.47407407407407
ANKRD37	0.0533160937024643	0.213302752293578	0.18026101141925	0.243754220121539	0.172370088719899	0.210674157303371	0.0735294117647059	0.0166666666666667	0.0952380952380952	3.17391304347826	0.384615384615385	0.0222222222222222
FKBP2	0.158731365987222	0.107798165137615	0.0911500815660685	0.230925050641458	0.0798479087452472	0.432584269662921	0.308823529411765	0.0166666666666667	0.238095238095238	4.08695652173913	0.576923076923077	0.177777777777778
CCDC144A	0.0268481898387587	0.0206422018348624	0.0110114192495922	0.00540175557056043	0.0291508238276299	0.0140449438202247	0.0147058823529412	0	0	1.8695652173913	0	0.00740740740740741
IGLV6-57	7.6057195010648e-05	0	0	0	0.00760456273764259	0	0	0	0	1.47826086956522	0	0
IGKV3-11	0.000494371767569212	0	0.000815660685154976	0.00135043889264011	0.00380228136882129	0	0	0	0	1.43478260869565	0	0
SEL1L3	0.0154015819896562	0.0252293577981651	0.0338499184339315	0.0898041863605672	0.128010139416984	0.0168539325842697	0	0	0.019047619047619	1.47826086956522	0.666666666666667	0.0518518518518519
AC012236.1	0.00019014298752662	0	0	0.00202565833896016	0.0443599493029151	0.00280898876404494	0	0	0	1.17391304347826	0	0
PRDM1	0.00129297231518102	0.139908256880734	0.0772838499184339	0.38082376772451	0.0101394169835234	0.0393258426966292	0	0.0166666666666667	0.00952380952380952	1.52173913043478	0.0256410256410256	0.274074074074074
TNFRSF17	0.00038028597505324	0	0.000203915171288744	0	0.0405576679340938	0	0	0	0	1.1304347826087	0.0512820512820513	0
TRAM1	0.110625190142988	0.208715596330275	0.275489396411093	0.461174881836597	0.228136882129278	0.558988764044944	0.0735294117647059	0.0833333333333333	0.561904761904762	2.65217391304348	0.67948717948718	0.62962962962963
SDF2L1	0.22121235168847	0.19954128440367	0.200244698205546	0.458474004051317	0.091254752851711	0.283707865168539	0.191176470588235	0.05	0.361904761904762	3.30434782608696	0.282051282051282	0.259259259259259
SPCS3	0.153901734104046	0.215596330275229	0.215130505709625	0.515867656988521	0.14575411913815	0.317415730337079	0.102941176470588	0.0333333333333333	0.352380952380952	2.73913043478261	0.833333333333333	0.637037037037037
ITM2C	0.553544265287496	0.584862385321101	0.348694942903752	0.169480081026334	0.172370088719899	0.637640449438202	0.176470588235294	0.05	1.01904761904762	5.82608695652174	4.79487179487179	0.133333333333333
ELL2	0.0170748402798905	0.139908256880734	0.0632137030995106	0.347062795408508	0.0760456273764259	0.101123595505618	0.0882352941176471	0	0.0761904761904762	1.17391304347826	0.346153846153846	0.133333333333333
PDIA4	0.20242622452084	0.0756880733944954	0.090742251223491	0.279540850776502	0.0608365019011407	0.362359550561798	0.0882352941176471	0.05	0.457142857142857	2.39130434782609	0.384615384615385	0.355555555555556
SSR3	0.38907058107697	0.162844036697248	0.263254486133768	0.87373396353815	0.181242078580482	0.862359550561798	0.161764705882353	0.1	0.628571428571429	4.1304347826087	1.16666666666667	0.777777777777778
PRDX4	0.59564192272589	0.0573394495412844	0.0615823817292006	0.295746117488184	0.0506970849176172	0.674157303370786	0.117647058823529	0.0666666666666667	0.752380952380952	4.8695652173913	0.115384615384615	0.42962962962963
PLPP5	0.12963948889565	0.055045871559633	0.048531810766721	0.0708980418636057	0.261089987325729	0.109550561797753	0.0588235294117647	0.0166666666666667	0.2	1.73913043478261	0.0769230769230769	0.244444444444444
UBE2J1	0.25699726194098	0.137614678899083	0.121329526916803	0.269412559081702	0.29531051964512	0.216292134831461	0.102941176470588	0.0833333333333333	0.171428571428571	2.60869565217391	0.794871794871795	0.674074074074074
CPNE5	0.00988743535138424	0	0.00203915171288744	0.00337609723160027	0.0899873257287706	0.0112359550561798	0	0	0.00952380952380952	0.782608695652174	0	0.444444444444444
SEC11C	0.913599026467904	0.178899082568807	0.233890701468189	0.345712356515868	0.136882129277567	0.120786516853933	0.676470588235294	0.1	0.352380952380952	6.60869565217391	0.846153846153846	0.281481481481481
DPEP1	0.00125494371767569	0	0	0	0.00506970849176172	0	0	0	0	0.695652173913043	0	0.0222222222222222
LINC02362	0.00171128688773958	0.00229357798165138	0.00122349102773246	0.00270087778528022	0.00506970849176172	0.00561797752808989	0	0	0	0.695652173913043	0	0
DNAJB9	0.278521448128993	0.190366972477064	0.213091353996737	0.213369345037137	0.196451204055767	0.210674157303371	0.117647058823529	0.116666666666667	0.180952380952381	2.69565217391304	0.692307692307692	0.0814814814814815
TXNDC11	0.042135686035899	0.055045871559633	0.0560766721044046	0.0884537474679271	0.0418250950570342	0.0365168539325843	0.0441176470588235	0.0166666666666667	0.0476190476190476	1	0.192307692307692	0.0666666666666667
ZBP1	0.000912686340127776	0.105504587155963	0.031810766721044	0.0148548278190412	0.0709759188846641	0	0	0	0	0.695652173913043	0	0
ERLEC1	0.255704289625799	0.0779816513761468	0.0952283849918434	0.136394328156651	0.0671736375158428	0.435393258426966	0.0735294117647059	0.0666666666666667	0.352380952380952	2.26086956521739	0.205128205128205	0.4
SLAMF7	0.0017493154852449	0.0825688073394495	0.0277324632952692	0.237002025658339	0.00760456273764259	0.0168539325842697	0	0	0.019047619047619	0.739130434782609	0.41025641025641	0
PKHD1L1	0.000912686340127776	0	0	0.000675219446320054	0.0291508238276299	0.0224719101123595	0	0	0	0.608695652173913	0	0.0148148148148148
LMAN1	0.3321417706115	0.0940366972477064	0.150285481239804	0.25118163403106	0.0760456273764259	0.564606741573034	0.102941176470588	0.05	0.457142857142857	2.56521739130435	0.243589743589744	0.533333333333333
SDC1	0.0325524794645573	0	0.000611745513866232	0.00270087778528022	0	0.00561797752808989	0.0441176470588235	0	0	0.739130434782609	0	0.00740740740740741
IGHV5-51	0	0	0.000203915171288744	0	0	0	0	0	0	0.565217391304348	0	0
SEL1L	0.113515363553392	0.073394495412844	0.0489396411092985	0.141796083727211	0.0304182509505703	0.205056179775281	0.0294117647058824	0.0166666666666667	0.20952380952381	1.21739130434783	0.0769230769230769	0.2
MYDGF	0.472505324003651	0.26605504587156	0.24510603588907	0.981769074949359	0.14828897338403	0.884831460674157	0.0882352941176471	0.0333333333333333	1.22857142857143	3.47826086956522	0.730769230769231	0.903703703703704
BHLHE41	0.0117508366291451	0	0.000611745513866232	0.0465901417960837	0.0126742712294043	0.0702247191011236	0	0	0.019047619047619	0.608695652173913	0	0
PDK1	0.0526315789473684	0.0252293577981651	0.0448613376835237	0.0384875084402431	0.0392902408111534	0.0280898876404494	0.0147058823529412	0	0.00952380952380952	0.826086956521739	0.0256410256410256	0.0444444444444444
AC016831.5	0.0017493154852449	0.0711009174311927	0.0636215334420881	0.0472653612424038	0.0608365019011407	0.0196629213483146	0.0294117647058824	0	0.00952380952380952	0.608695652173913	0.192307692307692	0.0222222222222222
CFLAR	0.0935883784606024	0.435779816513761	0.230424143556281	0.900742741390952	0.139416983523447	0.345505617977528	0.0441176470588235	0.0333333333333333	0.180952380952381	1.47826086956522	0.448717948717949	0.837037037037037
CRELD2	0.182613325220566	0.121559633027523	0.146003262642741	0.170155300472654	0.0773130544993663	0.258426966292135	0.0294117647058824	0.0333333333333333	0.266666666666667	1.56521739130435	0.192307692307692	0.274074074074074
SERP1	0.589557347125038	0.701834862385321	1.10970636215334	1.91964888588791	1.03422053231939	0.991573033707865	0.720588235294118	0.216666666666667	0.933333333333333	5	2.65384615384615	0.740740740740741
IFNAR2	0.0539625798600548	0.0435779816513761	0.0774877650897227	0.174206617150574	0.0329531051964512	0.0842696629213483	0	0	0.142857142857143	0.869565217391304	0.551282051282051	0.125925925925926
JSRP1	0.00543808944326133	0.00458715596330275	0.00367047308319739	0.00337609723160027	0.00380228136882129	0.00561797752808989	0	0	0	0.521739130434783	0	0
FNDC3B	0.0324764222695467	0.0458715596330275	0.0195758564437194	0.302498311951384	0.00506970849176172	0.485955056179775	0.0588235294117647	0	0.380952380952381	0.782608695652174	0.0256410256410256	0.718518518518519
U62317.4	0.000418314572558564	0	0.00142740619902121	0.145172180958812	0.0367553865652725	0	0	0	0	0.521739130434783	0.166666666666667	0
PPP1R15A	0.281753878916946	0.830275229357798	0.710236541598695	2.51046590141796	0.689480354879594	1.42696629213483	0.720588235294118	0.0833333333333333	0.619047619047619	3.17391304347826	2.5	0.948148148148148
PIK3CG	0.000646486157590508	0.0504587155963303	0.041394779771615	0.0492910195813639	0.0443599493029151	0.00280898876404494	0	0	0	0.521739130434783	0.346153846153846	0.0518518518518519
P2RX1	0.000912686340127776	0.00229357798165138	0.00305872756933116	0.0189061444969615	0.0291508238276299	0.00561797752808989	0.0441176470588235	0	0	0.478260869565217	0.41025641025641	0
ICAM2	0.0173410404624277	0.0963302752293578	0.137642740619902	0.131667792032411	0.0709759188846641	0.050561797752809	0.0147058823529412	0	0.0571428571428571	0.695652173913043	0.0384615384615385	1.46666666666667
DNAAF1	0.00391694554304837	0.00229357798165138	0.00285481239804241	0.0925050641458474	0.00380228136882129	0.00842696629213483	0.0147058823529412	0	0	0.478260869565217	0.0384615384615385	0
SELENOS	0.6942881046547	0.19954128440367	0.202079934747145	0.562457798784605	0.102661596958175	0.646067415730337	0.191176470588235	0.0333333333333333	0.771428571428571	3.65217391304348	1.47435897435897	0.637037037037037
ST6GAL1	0.0862108305445695	0.0435779816513761	0.0938009787928222	0.0844024307900068	0.207858048162231	0.0449438202247191	0	0	0.20952380952381	0.91304347826087	0.115384615384615	0.214814814814815
TPD52	0.161051110435047	0.0527522935779817	0.0558727569331158	0.062120189061445	0.361216730038023	0.0140449438202247	0.0735294117647059	0.0333333333333333	0.00952380952380952	1.17391304347826	0.0512820512820513	0.0444444444444444
PTPN2	0.150555217523578	0.181192660550459	0.193311582381729	0.24442943956786	0.159695817490494	0.148876404494382	0.0441176470588235	0.0166666666666667	0.142857142857143	1.26086956521739	0.423076923076923	0.133333333333333
TMED9	0.388043808944326	0.208715596330275	0.226957585644372	0.568534773801486	0.181242078580482	0.693820224719101	0.161764705882353	0.05	1.12380952380952	2.34782608695652	0.615384615384615	0.659259259259259
DUSP5	0.0190903559476726	0.073394495412844	0.122756933115824	0.108035111411209	0.111533586818758	0.106741573033708	0.0294117647058824	0.0166666666666667	0.0285714285714286	0.652173913043478	2.14102564102564	0.17037037037037
MANF	0.422231518101612	0.211009174311927	0.224510603588907	0.340985820391627	0.124207858048162	0.474719101123595	0.147058823529412	0.0833333333333333	0.533333333333333	2.30434782608696	0.705128205128205	0.340740740740741
IRF7	0.0270763614237907	0.256880733944954	0.184135399673736	0.602970965563808	0.296577946768061	0.300561797752809	0.102941176470588	0	0.257142857142857	0.91304347826087	7.55128205128205	0.451851851851852
IFI35	0.00737754791603286	0.121559633027523	0.105831973898858	0.439567859554355	0.0937896070975919	0.5	0.0441176470588235	0	0.504761904761905	0.652173913043478	0.282051282051282	0.57037037037037
IGHV4-59	0.000304228780042592	0	0.000611745513866232	0.00135043889264011	0.00126742712294043	0	0	0	0	0.391304347826087	0	0
SPCS2	1.22014755095832	0.412844036697248	0.40089722675367	0.638082376772451	0.403041825095057	0.873595505617977	0.617647058823529	0.15	1.22857142857143	5.43478260869565	0.974358974358974	0.874074074074074
RASSF6	0.000874657742622452	0	0.00367047308319739	0	0.017743979721166	0.00280898876404494	0	0	0	0.391304347826087	0	0
CDK2AP2	0.177479464557347	0.254587155963303	0.279567699836868	0.25388251181634	0.211660329531052	0.247191011235955	0.161764705882353	0.0666666666666667	0.314285714285714	1.34782608695652	1.01282051282051	0.244444444444444
GLRX	0.242090051718893	0.162844036697248	0.242659053833605	1.00540175557056	0.198986058301648	0.221910112359551	0.0294117647058824	0.133333333333333	0.0571428571428571	1.69565217391304	0.448717948717949	0.333333333333333
TOR3A	0.05164283541223	0.0619266055045872	0.0603588907014682	0.327481431465226	0.0849176172370089	0.0730337078651685	0	0	0.133333333333333	0.695652173913043	0.423076923076923	0.0888888888888889
TXNDC15	0.265972010952236	0.0779816513761468	0.0795269168026101	0.113436866981769	0.0405576679340938	0.22752808988764	0.0735294117647059	0.05	0.333333333333333	1.43478260869565	0.102564102564103	0.162962962962963
QPRT	0.0537344082750228	0.00688073394495413	0.0118270799347471	0.190411883862255	0.00760456273764259	0.154494382022472	0.0441176470588235	0	0.0380952380952381	0.608695652173913	0.0512820512820513	0
MGAT1	0.0643824155765135	0.114678899082569	0.107667210440457	0.864280891289669	0.064638783269962	0.210674157303371	0.0441176470588235	0.05	0.180952380952381	0.869565217391304	0.205128205128205	0.503703703703704
AC090498.1	0.117508366291451	0.0412844036697248	0.148654159869494	0.37204591492235	0	0.196629213483146	0	0	0	0.956521739130435	0	0.0296296296296296
IRF4	0.000912686340127776	0.0458715596330275	0.050163132137031	0.0236326806212019	0.0671736375158428	0.00280898876404494	0	0	0	0.434782608695652	2.47435897435897	0
H2BC8	0.0859826589595376	0.0458715596330275	0.0348694942903752	0.024983119513842	0.0329531051964512	0.0112359550561798	0	0.0333333333333333	0	0.695652173913043	0.294871794871795	0.00740740740740741
ST6GALNAC4	0.072178278065105	0.0160550458715596	0.033442088091354	0.0452397029034436	0.0430925221799747	0.0786516853932584	0	0.0666666666666667	0.0380952380952381	0.652173913043478	0.358974358974359	0.0666666666666667
KLF13	0.321379677517493	0.224770642201835	0.247756933115824	0.0850776502363268	0.124207858048162	0.176966292134831	0.323529411764706	0.1	0.219047619047619	1.69565217391304	0.320512820512821	0.318518518518519
SPAG4	0.00726346212351689	0.0206422018348624	0.0124388254486134	0.0101282916948008	0.0152091254752852	0.0140449438202247	0	0	0	0.391304347826087	0.0769230769230769	0.0222222222222222
ARSA	0.0309933069668391	0.036697247706422	0.0399673735725938	0.141120864280891	0.0215462610899873	0.0533707865168539	0	0	0.123809523809524	0.521739130434783	0.115384615384615	0.0740740740740741
ODF3B	0.00266200182537268	0.0344036697247706	0.0130505709624796	0.234976367319379	0.0405576679340938	0.207865168539326	0.0588235294117647	0.0333333333333333	0.171428571428571	0.434782608695652	0.153846153846154	0.281481481481481
RP11-16E12.2	0.000152114390021296	0	0	0	0	0	0	0	0	0.347826086956522	0	0
IGKV4-1	0.000228171585031944	0	0.000407830342577488	0	0.00633713561470215	0	0	0	0	0.347826086956522	0	0
SMPDL3B	0.00114085792515972	0.00229357798165138	0.000203915171288744	0.00202565833896016	0	0.00280898876404494	0	0	0	0.347826086956522	0	0
DNAJC3	0.0849939154243991	0.126146788990826	0.108482871125612	0.211343686698177	0.073510773130545	0.379213483146067	0.205882352941176	0	0.447619047619048	0.782608695652174	0.243589743589744	0.340740740740741
ATP5F1EP2	0.0546851232126559	0.0114678899082569	0.0307911908646003	0.108035111411209	0.00506970849176172	0.0449438202247191	0.0294117647058824	0	0.0857142857142857	0.565217391304348	0	0.0814814814814815
CHPF	0.115112564648616	0.018348623853211	0.0144779771615008	0.0202565833896016	0.00633713561470215	0.196629213483146	0.0294117647058824	0	0.39047619047619	0.739130434782609	0.0512820512820513	0.0296296296296296
CCPG1	0.0441131731061758	0.018348623853211	0.024673735725938	0.0985820391627279	0.0215462610899873	0.191011235955056	0.0147058823529412	0	0.0476190476190476	0.521739130434783	0.0128205128205128	0.155555555555556
RAB30	0.121349254639489	0.0160550458715596	0.0436378466557912	0.0155300472653612	0.195183776932826	0.134831460674157	0.0294117647058824	0.0166666666666667	0.0571428571428571	0.782608695652174	0.0256410256410256	0.0962962962962963
BCL2L11	0.0435807727411013	0.0596330275229358	0.106851549755302	0.087778528021607	0.0950570342205323	0.0252808988764045	0.0294117647058824	0	0.00952380952380952	0.565217391304348	0.448717948717949	0.0740740740740741
BET1	0.0964405232735017	0.0206422018348624	0.0454730831973899	0.0735989196488859	0.0722433460076046	0.134831460674157	0.0735294117647059	0.0333333333333333	0.0952380952380952	0.695652173913043	0.102564102564103	0.177777777777778
TAPBP	0.0927517493154852	0.435779816513761	0.413539967373573	0.602295746117488	0.392902408111534	0.480337078651685	0.102941176470588	0.0666666666666667	0.80952380952381	1.08695652173913	0.756410256410256	0.77037037037037
LAX1	0.00076057195010648	0.055045871559633	0.0438417618270799	0.00405131667792032	0.00760456273764259	0.00561797752808989	0	0	0.00952380952380952	0.347826086956522	0	0
SLC17A9	0.00863249163370855	0.0206422018348624	0.00693311582381729	0.0357866306549629	0.0304182509505703	0.0280898876404494	0.0147058823529412	0	0.0380952380952381	0.347826086956522	0	0
IGLV5-45	0	0	0	0.000675219446320054	0.00253485424588086	0	0	0	0	0.304347826086957	0	0
SPCS1	0.900897474901126	0.380733944954128	0.603588907014682	0.758946657663741	0.420785804816223	0.890449438202247	0.264705882352941	0.266666666666667	1.05714285714286	3.69565217391304	3.98717948717949	0.733333333333333
IGKV1-5	0.000114085792515972	0	0.000203915171288744	0	0.00126742712294043	0	0	0	0	0.304347826086957	0	0
TRADD	0.00707331913599026	0.0596330275229358	0.188417618270799	0.158676569885213	0.0773130544993663	0.123595505617978	0.0147058823529412	0.0166666666666667	0.19047619047619	0.478260869565217	0.0897435897435897	0.162962962962963
APOL2	0.0297763918466687	0.0298165137614679	0.0373164763458401	0.0634706279540851	0.017743979721166	0.106741573033708	0	0	0.104761904761905	0.434782608695652	0.0128205128205128	0.111111111111111
ITGA6-AS1	0.000304228780042592	0.0137614678899083	0.00611745513866232	0.00810263335584065	0.0114068441064639	0.00561797752808989	0	0	0	0.304347826086957	0	0.037037037037037
EDEM1	0.0207636142379069	0.0252293577981651	0.0530179445350734	0.180283592167454	0.0798479087452472	0.0421348314606742	0.0147058823529412	0.0333333333333333	0.0761904761904762	0.434782608695652	0.384615384615385	0.103703703703704
KCNK6	0.00277608761788865	0.0321100917431193	0.0365008156606852	0.108710330857529	0.00760456273764259	0.0308988764044944	0	0	0.00952380952380952	0.347826086956522	0.0384615384615385	0.0888888888888889
AC104699.1	0.00304228780042592	0	0.000611745513866232	0	0.017743979721166	0	0	0	0	0.304347826086957	0	0.00740740740740741
RAB9A	0.0700867052023121	0.103211009174312	0.100938009787928	0.226873733963538	0.0621039290240811	0.120786516853933	0.0735294117647059	0.0166666666666667	0.219047619047619	0.608695652173913	0.115384615384615	0.0740740740740741
MEI1	0.00505780346820809	0.055045871559633	0.0707585644371941	0.0114787305874409	0.0215462610899873	0.0196629213483146	0	0	0.00952380952380952	0.347826086956522	0.0128205128205128	0
SELENOK	0.798866747794341	1.0894495412844	1.15456769983687	1.7947332883187	0.798479087452472	0.769662921348315	0.882352941176471	0.533333333333333	0.838095238095238	3.73913043478261	1.66666666666667	0.733333333333333
FUT8	0.0919531487678734	0.0573394495412844	0.0679037520391517	0.0351114112086428	0.0468948035487959	0.0955056179775281	0.0294117647058824	0.05	0.123809523809524	0.608695652173913	0.0512820512820513	0.0814814814814815
C16orf54	0.00057042896257986	0.135321100917431	0.16068515497553	0.0263335584064821	0.0798479087452472	0	0	0.0333333333333333	0	0.391304347826087	0.115384615384615	0
SVIP	0.145307271067843	0.073394495412844	0.163539967373573	0.0722484807562458	0.0785804816223067	0.0617977528089888	0.0588235294117647	0.0333333333333333	0.0857142857142857	0.826086956521739	0.294871794871795	0.2
PDIA6	0.784986309704898	0.247706422018349	0.249184339314845	0.770425388251182	0.262357414448669	0.887640449438202	0.235294117647059	0.0666666666666667	1.59047619047619	2.82608695652174	0.576923076923077	1.06666666666667
GAS6	0.0656373592941892	0.00229357798165138	0.00469004893964111	0.172856178257934	0.00380228136882129	0.443820224719101	0.0294117647058824	0.0333333333333333	0.019047619047619	0.521739130434783	1.06410256410256	0.844444444444444
AC058791.1	0.00669303316093702	0.139908256880734	0.141109298531811	0.0729237002025658	0.0798479087452472	0.0421348314606742	0.0294117647058824	0	0	0.391304347826087	0.346153846153846	0.0222222222222222
GMPPB	0.0307651353818071	0.0252293577981651	0.0322185970636215	0.0675219446320054	0.026615969581749	0.0786516853932584	0.0294117647058824	0	0.00952380952380952	0.391304347826087	0.192307692307692	0.0148148148148148
TRAM2	0.00764374809857012	0.0206422018348624	0.00815660685154975	0.0189061444969615	0.00380228136882129	0.0926966292134832	0	0	0.152380952380952	0.304347826086957	0.0128205128205128	0.177777777777778
SEC24D	0.0443793732887131	0.036697247706422	0.0222267536704731	0.108035111411209	0.0190114068441065	0.26685393258427	0	0	0.133333333333333	0.434782608695652	0.0897435897435897	0.17037037037037
HM13	0.431396410100395	0.139908256880734	0.159461663947798	0.455097906819716	0.0544993662864385	0.365168539325843	0.0588235294117647	0.1	0.542857142857143	1.65217391304348	0.487179487179487	0.488888888888889
WIPI1	0.00452540310313356	0.0412844036697248	0.0103996737357259	0.074949358541526	0.00506970849176172	0.109550561797753	0.0294117647058824	0	0.0761904761904762	0.304347826086957	0.141025641025641	0.148148148148148
CHST2	0.0146029814420444	0.110091743119266	0.0371125611745514	0.0891289669142471	0.0342205323193916	0.0870786516853933	0.0147058823529412	0	0.00952380952380952	0.347826086956522	0.0128205128205128	0.0148148148148148
EHMT1	0.224558868268938	0.103211009174312	0.0919657422512235	0.0985820391627279	0.135614702154626	0.129213483146067	0.0441176470588235	0	0.19047619047619	0.956521739130435	0.102564102564103	0.185185185185185
LILRA4	0.000228171585031944	0	0.000815660685154976	0.0162052667116813	0.00506970849176172	0.00280898876404494	0	0.0166666666666667	0	0.0434782608695652	3.11538461538462	0
PLD4	0.000798600547611804	0	0.00142740619902121	0.140445644834571	0.129277566539924	0	0.0147058823529412	0	0	0	3.17948717948718	0
SCT	0.000456343170063888	0.018348623853211	0.00203915171288744	0.000675219446320054	0	0.00280898876404494	0	0	0.0666666666666667	0	2.47435897435897	0
NAPSB	0.00144508670520231	0.00229357798165138	0.00265089722675367	0.331532748143147	0.130544993662864	0.00280898876404494	0	0.0166666666666667	0	0	2.30769230769231	0
PTCRA	0.00163522969272893	0	0.0613784665579119	0.0425388251181634	0.00126742712294043	0	0	0	0	0	2.03846153846154	0.0148148148148148
IL3RA	0.024528445390934	0	0.00244698205546493	0.0384875084402431	0.0152091254752852	0.0955056179775281	0.0147058823529412	0	0.0380952380952381	0	1.74358974358974	0.666666666666667
LINC00996	0.000874657742622452	0.139908256880734	0.00265089722675367	0.189736664415935	0.0202788339670469	0	0	0.0166666666666667	0	0	1.42307692307692	0
RAB11FIP1	0.0309172497718284	0.211009174311927	0.151101141924959	0.194463200540176	0.215462610899873	0.0224719101123595	0.0441176470588235	0	0.0285714285714286	0.304347826086957	2.05128205128205	0.0962962962962963
RGS2	0.256274718588378	0.392201834862385	0.358890701468189	2.23092505064146	0.826362484157161	0.134831460674157	0.338235294117647	0.2	0.104761904761905	1.73913043478261	5.87179487179487	0.0296296296296296
DNASE1L3	0.00171128688773958	0	0.00387438825448613	0.403106009453072	0.0329531051964512	0.0196629213483146	0	0	0	0	1.30769230769231	0.333333333333333
THEMIS2	0.00342257377547916	0.0665137614678899	0.0365008156606852	0.524645509790682	0.0544993662864385	0.0280898876404494	0	0	0.0285714285714286	0.347826086956522	1.38461538461538	0.0666666666666667
PTPRE	0.0185959841801034	0.155963302752294	0.081973898858075	0.601620526671168	0.0773130544993663	0.216292134831461	0.0294117647058824	0.0166666666666667	0.352380952380952	0	1.66666666666667	0.533333333333333
GNA15	0.00171128688773958	0.0481651376146789	0.0528140293637847	0.155300472653612	0.00126742712294043	0.00280898876404494	0.0441176470588235	0	0	0	1.14102564102564	0
MT1G	0.00250988743535138	0.0412844036697248	0.159869494290375	0.50371370695476	0.00887198986058302	0.098314606741573	0.264705882352941	0	0.00952380952380952	0	1.43589743589744	0
C12orf75	0.389450867052023	0.373853211009174	0.341557911908646	0.0445644834571236	0.215462610899873	0.22752808988764	0.0441176470588235	0.0666666666666667	0.266666666666667	0.173913043478261	4.41025641025641	0.0222222222222222
CCDC50	0.267379069059933	0.0917431192660551	0.0568923327895595	0.176232275489534	0.200253485424588	0.252808988764045	0.0441176470588235	0.0833333333333333	0.380952380952381	0.478260869565217	3.03846153846154	0.785185185185185
NEK8	0.0149832674170977	0.00458715596330275	0.0163132137030995	0.0108035111411209	0.0671736375158428	0.0196629213483146	0.0147058823529412	0	0.0476190476190476	0.173913043478261	1	0.00740740740740741
MYBL2	0.206723456038941	0.0114678899082569	0.0205954323001631	0.0209318028359217	0.11660329531052	0.0112359550561798	0	0.0666666666666667	0.0285714285714286	0.217391304347826	2.37179487179487	0.0148148148148148
JAML	0.00250988743535138	0.0504587155963303	0.185970636215334	0.413909520594193	0.0126742712294043	0.00561797752808989	0	0.0166666666666667	0	0	1.24358974358974	0
SLC7A5	0.0603513842409492	0.201834862385321	0.0874796084828711	0.0931802835921675	0.0304182509505703	0.050561797752809	0.0147058823529412	0	0.0380952380952381	0.217391304347826	1.32051282051282	0.037037037037037
NR3C1	0.093892607240645	0.222477064220183	0.239600326264274	0.243754220121539	0.224334600760456	0.396067415730337	0.132352941176471	0.0166666666666667	0.352380952380952	0.217391304347826	1.85897435897436	0.42962962962963
ERN1	0.0293961058716155	0.126146788990826	0.126427406199021	0.197839297771776	0.00887198986058302	0.050561797752809	0.0147058823529412	0	0.0380952380952381	0.391304347826087	1.16666666666667	0.0296296296296296
CLEC4C	0.000836629145117128	0.00229357798165138	0	0.000675219446320054	0.00887198986058302	0.00280898876404494	0	0	0	0	0.705128205128205	0
ZC3HAV1	0.0983419531487679	0.330275229357798	0.445758564437194	0.262660364618501	0.220532319391635	0.199438202247191	0.0588235294117647	0.0666666666666667	0.19047619047619	0.0869565217391304	1.98717948717949	0.422222222222222
TSPYL2	0.0800121691512017	0.325688073394495	0.292414355628059	0.132343011478731	0.102661596958175	0.182584269662921	0.132352941176471	0	0.0761904761904762	0.0869565217391304	1.61538461538462	0.0592592592592593
SLC15A4	0.0776163675083663	0.0963302752293578	0.0193719412724307	0.0742741390952059	0.0544993662864385	0.0533707865168539	0	0.0666666666666667	0.114285714285714	0	1.23076923076923	0.0518518518518519
LRRC26	0.0439990873136599	0	0.00346655791190865	0.00675219446320054	0.00506970849176172	0	0	0.0166666666666667	0	0.0434782608695652	0.961538461538462	0.0148148148148148
H2BC4	0.0220185579555826	0.0275229357798165	0.0230424143556281	0.0222822417285618	0.0304182509505703	0.0112359550561798	0.0147058823529412	0	0	0.173913043478261	0.858974358974359	0
CYB561A3	0.0817234560389413	0.0321100917431193	0.058931484502447	0.328156650911546	0.297845373891001	0.0646067415730337	0.0147058823529412	0.05	0.133333333333333	0.0434782608695652	1.3974358974359	0.0592592592592593
PLAAT3	0.0225509583206571	0.139908256880734	0.074021207177814	0.103983794733288	0.00633713561470215	0.286516853932584	0.132352941176471	0.0166666666666667	0.304761904761905	0.0434782608695652	0.974358974358974	0.281481481481481
LDLRAD4	0.143405841192577	0.229357798165138	0.250407830342577	0.195813639432816	0.262357414448669	0.151685393258427	0.0441176470588235	0	0.0571428571428571	0	1.93589743589744	0.2
PLP2	0.187404928506237	0.243119266055046	0.3586867862969	0.259959486833221	0.216730038022814	0.469101123595506	0.132352941176471	0.0666666666666667	0.561904761904762	0.652173913043478	2.34615384615385	0.148148148148148
RUBCN	0.0675768177669608	0.0596330275229358	0.0469004893964111	0.0600945307224848	0.0937896070975919	0.0280898876404494	0	0.0166666666666667	0.0857142857142857	0.260869565217391	1.07692307692308	0.0666666666666667
AC009404.1	0.0143748098570125	0.0298165137614679	0.00815660685154975	0.0337609723160027	0.0114068441064639	0.00280898876404494	0	0	0.0476190476190476	0	0.692307692307692	0.0148148148148148
SERPINF1	0.540766656525707	0.00229357798165138	0.050978792822186	0.480081026333558	0.0202788339670469	1.65449438202247	0.0147058823529412	0.0333333333333333	0.00952380952380952	0.0434782608695652	3.66666666666667	0.0222222222222222
ARID3A	0.0728627928202008	0.0504587155963303	0.0295676998368679	0.12424037812289	0.073510773130545	0.047752808988764	0.0441176470588235	0	0.019047619047619	0.260869565217391	1.01282051282051	0.0222222222222222
PRMT9	0.0998250684514755	0.428899082568807	0.419249592169657	0.49696151249156	0.162230671736375	0.0842696629213483	0.0294117647058824	0.0666666666666667	0.0380952380952381	0.260869565217391	1.66666666666667	0.0814814814814815
RUNX2	0.00695923334347429	0.0344036697247706	0.0407830342577488	0.0391627278865631	0.00760456273764259	0.0365168539325843	0	0	0.161904761904762	0	0.628205128205128	0
UGCG	0.206647398843931	0.0321100917431193	0.057300163132137	0.239702903443619	0.0811153358681876	0.514044943820225	0.0147058823529412	0.0666666666666667	0.466666666666667	0.0434782608695652	1.70512820512821	0.207407407407407
H1-2	0.19778673562519	0.185779816513761	0.199836867862969	0.12221471978393	0.290240811153359	0.0786516853932584	0.0882352941176471	0.466666666666667	0.0761904761904762	0.565217391304348	1.75641025641026	0.155555555555556
LAMP5	0.0236157590508062	0	0.000611745513866232	0.0175557056043214	0.0202788339670469	0.0168539325842697	0.0147058823529412	0	0.104761904761905	0.0869565217391304	0.641025641025641	0
ABHD15	0.00250988743535138	0.0779816513761468	0.0171288743882545	0.037812288993923	0.0468948035487959	0.0112359550561798	0	0	0.00952380952380952	0	0.564102564102564	0.0148148148148148
EGLN3	0.187975357468817	0.00458715596330275	0.00958401305057096	0.0594193112761648	0.0101394169835234	0.0449438202247191	0.0147058823529412	0	0.00952380952380952	0	1.3974358974359	0.155555555555556
SIDT1	0.00501977487070277	0.055045871559633	0.0242659053833605	0.0162052667116813	0.100126742712294	0.0252808988764045	0	0	0.00952380952380952	0.0434782608695652	0.564102564102564	0.0148148148148148
ZFAT	0.0187480985701247	0.0137614678899083	0.00754486133768352	0.0087778528021607	0.0152091254752852	0.0140449438202247	0	0	0.00952380952380952	0.0434782608695652	0.58974358974359	0.037037037037037
IFIT2	0.0135762093094007	0.0298165137614679	0.0197797716150082	0.451046590141796	0.0975918884664132	0.449438202247191	0.0147058823529412	0	0.285714285714286	0	0.730769230769231	0.177777777777778
ETV3	0.0391694554304837	0.0435779816513761	0.0895187601957586	0.206617150573937	0.0392902408111534	0.0308988764044944	0.0294117647058824	0	0.0952380952380952	0	0.794871794871795	0.0814814814814815
GLIPR1	0.00540006084575601	0.25	0.244902120717781	0.585415259959487	0.191381495564005	0.174157303370787	0.0294117647058824	0	0.247619047619048	0.130434782608696	0.897435897435897	0
SEMA7A	0.0124353513842409	0.00917431192660551	0.00876835236541599	0.0357866306549629	0.0456273764258555	0	0.0294117647058824	0.0166666666666667	0	0	0.538461538461538	0.037037037037037
CSF2RB	0.000532400365074536	0.00229357798165138	0.00244698205546493	0.12356515867657	0.0164765525982256	0.00842696629213483	0	0	0	0	0.5	0.0592592592592593
BCL11A	0.252547916032857	0.00688073394495413	0.043026101141925	0.12896691424713	0.555133079847909	0.047752808988764	0.220588235294118	0.0333333333333333	0.019047619047619	0	1.67948717948718	0.0148148148148148
RPS6KA4	0.00958320657134165	0.0229357798165138	0.0244698205546493	0.12288993923025	0.0101394169835234	0.0365168539325843	0	0.0166666666666667	0.0285714285714286	0.0869565217391304	0.551282051282051	0.0518518518518519
UNC93B1	0.00129297231518102	0.0206422018348624	0.0165171288743883	0.384199864956111	0.0773130544993663	0.0421348314606742	0.0441176470588235	0	0.123809523809524	0.0869565217391304	0.576923076923077	0.103703703703704
CDKN1A	0.082864313964101	0.110091743119266	0.153140293637847	0.893315327481431	0.297845373891001	0.544943820224719	0.264705882352941	0.0166666666666667	0.152380952380952	0.695652173913043	1.21794871794872	0.518518518518518
SEC61B	1.59952083967143	0.520642201834862	0.803425774877651	1.34638757596219	0.585551330798479	1.79494382022472	0.808823529411765	0.516666666666667	1.75238095238095	5.39130434782609	8.17948717948718	1.57777777777778
RASD1	0.0616443565561302	0.00458715596330275	0.0101957585644372	0.0263335584064821	0.00760456273764259	0.258426966292135	0.0294117647058824	0.0166666666666667	0	0.173913043478261	0.717948717948718	0.155555555555556
DRD4	0.00676909035594767	0.00458715596330275	0.000611745513866232	0.000675219446320054	0	0.00280898876404494	0	0	0.00952380952380952	0	0.461538461538462	0.00740740740740741
GRAMD1B	0.0236157590508062	0.0252293577981651	0.0242659053833605	0.0405131667792032	0.00253485424588086	0.00842696629213483	0.0294117647058824	0	0	0	0.551282051282051	0.037037037037037
CHAF1A	0.111423790690599	0.0137614678899083	0.0258972267536705	0.0634706279540851	0.0329531051964512	0.0252808988764045	0	0	0.019047619047619	0	0.897435897435897	0.0222222222222222
DIPK2A	0.0122452083967143	0.055045871559633	0.0324225122349103	0.0857528696826469	0.0608365019011407	0.0730337078651685	0.0147058823529412	0	0.019047619047619	0.0434782608695652	0.525641025641026	0.0814814814814815
B4GALT1	0.0154015819896562	0.261467889908257	0.143964110929853	0.415259959486833	0.204055766793409	0.595505617977528	0.0441176470588235	0.0166666666666667	0.114285714285714	0.217391304347826	0.756410256410256	0.251851851851852
CXCR3	0.000798600547611804	0.105504587155963	0.12989396411093	0.00810263335584065	0.0101394169835234	0	0	0	0	0.0869565217391304	0.525641025641026	0
SLC20A1	0.124315485244904	0.128440366972477	0.0970636215334421	0.240378122889939	0.0506970849176172	0.185393258426966	0.0588235294117647	0.05	0.161904761904762	0.0869565217391304	1.03846153846154	0.237037037037037
SH2B3	0.0171889260724064	0.0229357798165138	0.0216150081566069	0.2491559756921	0.0494296577946768	0.0955056179775281	0	0	0.123809523809524	0	0.564102564102564	0.466666666666667
KDM6B	0.226080012169151	0.543577981651376	0.25	0.742066171505739	0.365019011406844	0.25	0.338235294117647	0.0166666666666667	0.133333333333333	0.0434782608695652	1.70512820512821	0.17037037037037
SELPLG	0.00220565865530879	0.151376146788991	0.138254486133768	0.138419986495611	0.00633713561470215	0.00561797752808989	0	0.0333333333333333	0	0.0434782608695652	0.551282051282051	0
MDFIC	0.0028521448128993	0.0779816513761468	0.125203915171289	0.12086428089129	0.0494296577946768	0.219101123595506	0.0147058823529412	0.0166666666666667	0.0380952380952381	0.130434782608696	0.551282051282051	0.237037037037037
THBD	0.00152114390021296	0.00229357798165138	0.000611745513866232	0.222147197839298	0	0.0280898876404494	0.0441176470588235	0	0	0	0.461538461538462	0.585185185185185
H2AC6	0.174779434134469	0.0596330275229358	0.131933115823817	0.0945307224848076	0.139416983523447	0.0926966292134832	0.0294117647058824	0.0833333333333333	0.0666666666666667	0.347826086956522	1.16666666666667	0.162962962962963
CCDC69	0.00414511712808032	0.188073394495413	0.138662316476346	0.0803511141120864	0.162230671736375	0.0168539325842697	0.0735294117647059	0	0.0285714285714286	0.347826086956522	0.538461538461538	0.0444444444444444
P2RY14	0.0103437785214481	0.00688073394495413	0.00938009787928222	0.0337609723160027	0.0367553865652725	0.115168539325843	0	0	0	0	0.435897435897436	0.00740740740740741
N4BP2L1	0.186682385153636	0.201834862385321	0.160073409461664	0.147873058744092	0.172370088719899	0.106741573033708	0.0294117647058824	0.05	0.152380952380952	0.0434782608695652	1.21794871794872	0.0962962962962963
SMPD3	0.102829327654396	0.0137614678899083	0.0411908646003263	0.0155300472653612	0.00506970849176172	0.0112359550561798	0	0.05	0.00952380952380952	0	0.756410256410256	0.0148148148148148
FERMT3	0.00642683297839976	0.128440366972477	0.168637846655791	0.510465901417961	0.0836501901140684	0.0168539325842697	0.102941176470588	0.0166666666666667	0.0380952380952381	0.0869565217391304	0.58974358974359	0.0444444444444444
MALT1	0.0581076969881351	0.0848623853211009	0.115008156606852	0.147197839297772	0.141951837769328	0.050561797752809	0.0735294117647059	0	0.0571428571428571	0.0434782608695652	0.666666666666667	0.125925925925926
CD2AP	0.0628232430787952	0.0894495412844037	0.0795269168026101	0.12559081701553	0.0633713561470216	0.098314606741573	0.0294117647058824	0	0.180952380952381	0.130434782608696	0.653846153846154	0.296296296296296
TNFSF9	0.000836629145117128	0.0596330275229358	0.0428221859706362	0.103308575286968	0.0215462610899873	0.0168539325842697	0	0	0.00952380952380952	0.130434782608696	0.397435897435897	0
TNFRSF21	0.0479540614542136	0.00229357798165138	0.0050978792822186	0.0958811613774477	0.0139416983523447	0.0898876404494382	0	0.0333333333333333	0.00952380952380952	0	0.525641025641026	0.0518518518518519
CNPY3	0.28114542135686	0.130733944954128	0.216353996737357	0.835921674544227	0.257287705956907	0.207865168539326	0.0882352941176471	0.0333333333333333	0.276190476190476	0.0869565217391304	1.61538461538462	0.259259259259259
RNF149	0.117280194706419	0.160550458715596	0.203303425774878	0.456448345712357	0.0697084917617237	0.137640449438202	0.0441176470588235	0	0.104761904761905	0.130434782608696	0.961538461538462	0.22962962962963
AC023590.1	0.00623668999087314	0.00458715596330275	0.0065252854812398	0.037137069547603	0.0405576679340938	0.00280898876404494	0	0	0.0571428571428571	0.130434782608696	0.371794871794872	0.00740740740740741
CBFA2T3	0.0111804076665653	0.00229357798165138	0.00428221859706362	0.0297096556380824	0.0342205323193916	0.0393258426966292	0.0147058823529412	0	0	0.0434782608695652	0.384615384615385	0.0148148148148148
FAM53C	0.205088226346212	0.334862385321101	0.167618270799347	0.197164078325456	0.187579214195184	0.146067415730337	0.0735294117647059	0.1	0.228571428571429	0.217391304347826	1.19230769230769	0.0888888888888889
MX1	0.0413370854882872	0.13302752293578	0.106035889070147	0.62930452397029	0.198986058301648	0.691011235955056	0.0147058823529412	0	0.542857142857143	0.173913043478261	0.743589743589744	1.92592592592593
OPN3	0.0483343474292668	0.00917431192660551	0.0248776508972268	0.112086428089129	0.0583016476552598	0.0365168539325843	0.0147058823529412	0	0.0285714285714286	0.130434782608696	0.525641025641026	0.0444444444444444
PLVAP	0.00296623060541527	0.00229357798165138	0.000611745513866232	0.0216070222822417	0.00253485424588086	0.0252808988764045	0	0.0166666666666667	0	0	0.217948717948718	7.05925925925926
VWF	0.00737754791603286	0.00229357798165138	0.00101957585644372	0.00540175557056043	0.00126742712294043	0.0449438202247191	0.0147058823529412	0	0	0	0	5.8962962962963
ENG	0.010686035898996	0.0344036697247706	0.0146818923327896	0.258609047940581	0.0202788339670469	0.426966292134831	0.0147058823529412	0	0.2	0	0	5.56296296296296
EGFL7	0.0049056890781868	0	0.0032626427406199	0.0405131667792032	0.00253485424588086	0.0730337078651685	0.0147058823529412	0	0.019047619047619	0	0	4.57777777777778
SOX18	0.00057042896257986	0	0.00387438825448613	0.000675219446320054	0	0.00280898876404494	0	0	0	0	0	3.17037037037037
AQP1	0.00661697596592638	0	0.000407830342577488	0.000675219446320054	0	0.247191011235955	0.0147058823529412	0	0.0952380952380952	0	0	3.23703703703704
FLT1	0.00308031639793124	0	0.0154975530179445	0.0303848750844024	0.0139416983523447	0.0786516853932584	0	0.0166666666666667	0.00952380952380952	0	0	3.02222222222222
CD34	0.000988743535138424	0	0.000407830342577488	0.00202565833896016	0.00506970849176172	0.134831460674157	0	0	0	0	0	2.60740740740741
CLDN5	0.0331609370246425	0	0.00387438825448613	0.000675219446320054	0	0.00561797752808989	0	0	0.00952380952380952	0	0.0128205128205128	3.21481481481481
ID1	0.0586020687557043	0.0894495412844037	0.0609706362153344	0.037812288993923	0.0304182509505703	0.390449438202247	0.0588235294117647	0.0166666666666667	0.0666666666666667	0	0.423076923076923	4.15555555555556
PECAM1	0.00148311530270764	0.0481651376146789	0.0797308319738989	0.268062120189061	0.0291508238276299	0.0196629213483146	0	0	0.00952380952380952	0.260869565217391	0.141025641025641	3.19259259259259
CLEC14A	0.000418314572558564	0.00229357798165138	0	0.00405131667792032	0.00126742712294043	0.00561797752808989	0	0	0.019047619047619	0	0	2.33333333333333
HTRA1	0.0066550045634317	0.00229357798165138	0.000611745513866232	0.0162052667116813	0.00126742712294043	0.426966292134831	0.0147058823529412	0	0.228571428571429	0	0	2.48888888888889
CD93	0.00117888652266504	0.00229357798165138	0.00469004893964111	0.168129642133693	0	0.0280898876404494	0	0	0.00952380952380952	0	0.0512820512820513	2.34814814814815
FAM167B	0.00266200182537268	0.00917431192660551	0.00387438825448613	0.000675219446320054	0.00253485424588086	0.0196629213483146	0	0	0.0666666666666667	0	0	2.2
ADGRL4	0.000912686340127776	0	0.000407830342577488	0.00135043889264011	0	0.00280898876404494	0	0	0.180952380952381	0	0	2.08148148148148
PODXL	0.0255552175235777	0	0.000611745513866232	0.00472653612424038	0	0.0842696629213483	0	0	0	0	0	2.41481481481481
CDH5	0.000532400365074536	0	0.000407830342577488	0.000675219446320054	0	0.00280898876404494	0	0	0	0	0	1.85925925925926
SLC9A3R2	0.105225129297232	0.00688073394495413	0.00815660685154975	0.00810263335584065	0.00760456273764259	0.252808988764045	0.0147058823529412	0	0.571428571428571	0.0434782608695652	0.0641025641025641	3.52592592592593
ESAM	0.00186340127776088	0.00229357798165138	0.00101957585644372	0.00202565833896016	0.0126742712294043	0.280898876404494	0.0147058823529412	0	0.00952380952380952	0	0	1.9037037037037
TM4SF18	0.000456343170063888	0	0.000203915171288744	0	0	0.00280898876404494	0.0294117647058824	0	0	0	0	1.78518518518519
FCN3	0.00038028597505324	0	0	0	0	0	0	0	0	0	0	1.77777777777778
ESM1	0.00140705810769699	0	0.000611745513866232	0.000675219446320054	0.00126742712294043	0.00280898876404494	0.0147058823529412	0	0	0	0	1.78518518518519
PLPP3	0.0193565561302099	0	0.00142740619902121	0.0823767724510466	0.00760456273764259	0.247191011235955	0.0147058823529412	0	0.0380952380952381	0	0	2.13333333333333
ECSCR	0.000798600547611804	0.00229357798165138	0.000611745513866232	0.000675219446320054	0	0.00842696629213483	0	0	0.00952380952380952	0	0	1.74074074074074
EMCN	0.00262397322786736	0.00229357798165138	0.000407830342577488	0	0.00253485424588086	0.0196629213483146	0	0	0	0	0	1.73333333333333
KDR	0.00148311530270764	0	0	0	0	0.00561797752808989	0	0	0	0	0	1.61481481481481
CALCRL	0.00262397322786736	0.00229357798165138	0.00346655791190865	0.0222822417285618	0.00126742712294043	0.0758426966292135	0	0	0	0	0.0512820512820513	1.62962962962963
ARHGAP29	0.11028293276544	0.0114678899082569	0.00346655791190865	0.00540175557056043	0.00126742712294043	0.651685393258427	0.117647058823529	0	0.019047619047619	0	0	3.05185185185185
ANGPT2	0.0518329783997566	0.00688073394495413	0.0187601957585644	0.0135043889264011	0.0228136882129278	0.623595505617977	0	0.0166666666666667	0.0285714285714286	0.0434782608695652	0.0128205128205128	2.32592592592593
ROBO4	0.00228171585031944	0	0.000815660685154976	0.000675219446320054	0	0.00280898876404494	0	0	0.00952380952380952	0.0434782608695652	0	1.51111111111111
INSR	0.221516580468512	0.0137614678899083	0.00876835236541599	0.0465901417960837	0.0253485424588086	0.289325842696629	0.0147058823529412	0.0333333333333333	0.0952380952380952	0.0869565217391304	0.0641025641025641	4.22222222222222
APLNR	0.00057042896257986	0	0.000407830342577488	0.00135043889264011	0	0.185393258426966	0	0	0	0	0.0128205128205128	1.42962962962963
TNFSF10	0.00171128688773958	0.119266055045872	0.127650897226754	0.719783929777178	0.064638783269962	0.23876404494382	0.132352941176471	0	0.152380952380952	0.217391304347826	0.0384615384615385	2.15555555555556
DIPK2B	0.000836629145117128	0	0.000407830342577488	0	0	0.00561797752808989	0	0	0	0	0	1.32592592592593
WWTR1	0.0077578338910861	0	0.00122349102773246	0.00270087778528022	0	0.339887640449438	0.0147058823529412	0	0.361904761904762	0	0	1.44444444444444
TMEM204	0.00308031639793124	0.0137614678899083	0.0540375203915171	0.00270087778528022	0.00380228136882129	0.205056179775281	0	0	0.0285714285714286	0	0	1.35555555555556
CAVIN2	0.000722543352601156	0	0.000203915171288744	0.0283592167454423	0	0.050561797752809	0	0	0	0	0	1.19259259259259
ELK3	0.00676909035594767	0.0344036697247706	0.0469004893964111	0.0648210668467252	0.0430925221799747	0.112359550561798	0.0147058823529412	0	0.266666666666667	0.0869565217391304	0.0256410256410256	1.37777777777778
TNFRSF4	0.00562823243078795	0.107798165137615	0.182096247960848	0.142471303173531	0.00506970849176172	0.252808988764045	0.0147058823529412	0	0	0	0.128205128205128	1.62962962962963
LDB2	0.0513386066321874	0.0711009174311927	0.00632137030995106	0.00337609723160027	0.00380228136882129	0.205056179775281	0	0	0	0	0	1.65925925925926
DUSP6	0.0432385153635534	0.055045871559633	0.0340538336052202	0.347738014854828	0.0392902408111534	0.176966292134831	0.161764705882353	0.0166666666666667	0.152380952380952	0.0434782608695652	0.0256410256410256	1.82222222222222
ITGA5	0.00209157286279282	0.0642201834862385	0.0324225122349103	0.0790006752194463	0.00380228136882129	0.210674157303371	0	0	0.114285714285714	0	0	1.17777777777778
PLXND1	0.0129677517493155	0.0206422018348624	0.0114192495921697	0.194463200540176	0.00253485424588086	0.157303370786517	0.0294117647058824	0	0.314285714285714	0	0.0256410256410256	1.28888888888889
LMO2	0.00281411621539398	0	0.000611745513866232	0.131667792032411	0.0380228136882129	0.0112359550561798	0.0588235294117647	0	0.00952380952380952	0	0.0256410256410256	1.12592592592593
TGM2	0.000874657742622452	0	0.00428221859706362	0.074949358541526	0.00380228136882129	0.0533707865168539	0.0147058823529412	0.0166666666666667	0.00952380952380952	0.304347826086957	0.0128205128205128	1.05185185185185
RAMP2	0.62093094006693	0.0137614678899083	0.0083605220228385	0.0243079000675219	0.00887198986058302	0.112359550561798	0	0.15	0.104761904761905	0.0434782608695652	0.0128205128205128	6.11851851851852
CRIM1	0.0125494371767569	0.0206422018348624	0.0122349102773246	0.0216070222822417	0.00760456273764259	0.25561797752809	0.0294117647058824	0.0166666666666667	0.00952380952380952	0	0.0512820512820513	1.12592592592593
GBP4	0.00764374809857012	0.11697247706422	0.0974714518760196	0.230249831195138	0.0595690747782003	0.157303370786517	0	0	0.247619047619048	0.0869565217391304	0	1.32592592592593
PCAT19	0.00167325829023426	0	0.00122349102773246	0.000675219446320054	0	0.0140449438202247	0.0147058823529412	0	0	0	0	0.962962962962963
MYCT1	0.002700030422878	0	0	0	0	0.00561797752808989	0	0	0	0	0	0.955555555555556
STOM	0.046014602981442	0.172018348623853	0.0884991843393148	0.256583389601621	0.0101394169835234	0.651685393258427	0.0147058823529412	0.1	0.0761904761904762	0.0434782608695652	0.0384615384615385	1.63703703703704
MMRN2	0.00254791603285671	0.00229357798165138	0.000815660685154976	0	0	0.0252808988764045	0	0	0	0	0	0.955555555555556
PTPRB	0.0119029510191664	0	0.000815660685154976	0.00135043889264011	0	0.0224719101123595	0.0147058823529412	0	0.0761904761904762	0	0	1.00740740740741
IFIT1	0.10035746881655	0.0298165137614679	0.0230424143556281	0.353814989871708	0.0595690747782003	0.867977528089888	0.0441176470588235	0	0.638095238095238	0	0.0256410256410256	1.98518518518519
ACVRL1	0.00551414663827198	0	0.000611745513866232	0.074949358541526	0	0.162921348314607	0	0	0.0285714285714286	0	0	0.985185185185185
TIE1	0.00212960146029814	0.00688073394495413	0.000815660685154976	0.00202565833896016	0.00126742712294043	0.00561797752808989	0	0	0	0	0	0.896296296296296
TFF3	0.0009507149376331	0	0.000203915171288744	0.000675219446320054	0	0	0	0	0	0	0	0.881481481481482
DYSF	0.0039549741405537	0.00458715596330275	0.00305872756933116	0.0681971640783255	0	0.0112359550561798	0	0	0.00952380952380952	0	0	0.933333333333333
CYYR1	0.0197368421052632	0	0.000203915171288744	0.00607697501688049	0	0.0140449438202247	0.0147058823529412	0	0.00952380952380952	0	0.0897435897435897	1.01481481481481
JCAD	0.00878460602372984	0	0.000611745513866232	0.00135043889264011	0.00126742712294043	0.0674157303370786	0	0	0.0476190476190476	0	0	0.933333333333333
TMEM255B	0.0038028597505324	0	0.000407830342577488	0.0330857528696826	0.00253485424588086	0.0140449438202247	0	0	0	0	0.0128205128205128	0.888888888888889
RBP7	0.00216763005780347	0	0.00101957585644372	0.135719108710331	0.00126742712294043	0.00561797752808989	0	0	0	0	0	0.911111111111111
F2R	0.0605795558259811	0.0504587155963303	0.0322185970636215	0.0101282916948008	0.00506970849176172	0.424157303370786	0	0	0.476190476190476	0	0	1.34074074074074
PALMD	0.00197748707027685	0	0.000203915171288744	0	0.00126742712294043	0.0112359550561798	0.0147058823529412	0	0	0	0	0.822222222222222
SYNPO	0.0066550045634317	0.00229357798165138	0	0.00135043889264011	0.00380228136882129	0.154494382022472	0	0	0.142857142857143	0	0	0.866666666666667
OAS2	0.00129297231518102	0.0504587155963303	0.0575040783034258	0.209993247805537	0.064638783269962	0.235955056179775	0.0294117647058824	0	0.133333333333333	0.130434782608696	0.166666666666667	0.992592592592593
RAMP3	0.217751749315485	0.00229357798165138	0.0032626427406199	0.012829169480081	0.00253485424588086	0.185393258426966	0	0.0166666666666667	0.0285714285714286	0	0.0128205128205128	2.25925925925926
FILIP1	0.0208396714329176	0	0.000611745513866232	0.000675219446320054	0	0.230337078651685	0	0	0.019047619047619	0	0	0.903703703703704
RASIP1	0.00574231822330392	0.00229357798165138	0.0032626427406199	0.00607697501688049	0.00380228136882129	0.0168539325842697	0	0	0.0285714285714286	0	0.0128205128205128	0.792592592592593
GRB10	0.0513766352296927	0	0.00632137030995106	0.00675219446320054	0.00126742712294043	0.047752808988764	0	0.0166666666666667	0.180952380952381	0	0.0128205128205128	1.08148148148148
KANK3	0.00254791603285671	0.00688073394495413	0.00693311582381729	0.00135043889264011	0	0.0112359550561798	0	0	0.00952380952380952	0	0	0.755555555555556
HEG1	0.0229692728932157	0.0435779816513761	0.023858075040783	0.0222822417285618	0.00253485424588086	0.252808988764045	0	0	0.0952380952380952	0	0	0.933333333333333
ERG	0.00414511712808032	0.00229357798165138	0.000815660685154976	0.000675219446320054	0.00506970849176172	0.0421348314606742	0	0	0	0	0	0.755555555555556
MMP2	0.0884545177973836	0	0.0018352365415987	0.0290344361917623	0.00380228136882129	0.294943820224719	0	0.0166666666666667	0.304761904761905	0	0	1.31111111111111
PCDH12	0.000988743535138424	0	0.000815660685154976	0.00405131667792032	0.00126742712294043	0.0112359550561798	0	0	0.0285714285714286	0	0	0.703703703703704
ARL15	0.0941588074231822	0.00917431192660551	0.0173327895595432	0.0850776502363268	0.0228136882129278	0.143258426966292	0.0147058823529412	0	0.0952380952380952	0	0.0128205128205128	1.31111111111111
WARS1	0.0832445999391542	0.0160550458715596	0.0244698205546493	0.449696151249156	0.0316856780735108	0.196629213483146	0.0294117647058824	0.0333333333333333	0.733333333333333	0.347826086956522	0.115384615384615	1.4
NOSTRIN	0.00635077578338911	0.00229357798165138	0.00122349102773246	0.000675219446320054	0	0.0646067415730337	0.0147058823529412	0	0	0	0	0.725925925925926
TMEM88	0.0256312747185884	0.0412844036697248	0.0130505709624796	0.0546927751519244	0.0139416983523447	0.0140449438202247	0	0	0.0285714285714286	0	0.0769230769230769	0.866666666666667
TFPI2	0.000798600547611804	0.00229357798165138	0	0.000675219446320054	0	0.148876404494382	0	0	0.0285714285714286	0	0	0.688888888888889
AFAP1L1	0.0113325220565866	0	0.00122349102773246	0.00472653612424038	0.00253485424588086	0.00842696629213483	0.0147058823529412	0	0.152380952380952	0	0	0.733333333333333
GNAI2	0.292744143595984	0.426605504587156	0.390089722675367	1.43214044564483	0.240811153358682	0.617977528089888	0.0294117647058824	0.05	1.44761904761905	0.130434782608696	0.833333333333333	3.40740740740741
SLCO2A1	0.000722543352601156	0	0.00101957585644372	0	0	0.00842696629213483	0	0	0	0	0	0.659259259259259
THBS1	0.00243383024034074	0.0206422018348624	0.00999184339314845	0.178933153274814	0.00126742712294043	0.435393258426966	0.0882352941176471	0	0.257142857142857	0	0	0.777777777777778
DOCK6	0.00638880438089443	0.00458715596330275	0.00142740619902121	0.00405131667792032	0.017743979721166	0.117977528089888	0.0147058823529412	0.0166666666666667	0.0761904761904762	0	0	0.703703703703704
H19	0.0912306054152723	0.00917431192660551	0.00713703099510604	0.0141796083727211	0.00506970849176172	0.303370786516854	0	0.166666666666667	0	0	0.0128205128205128	1.20740740740741
BCL6B	0.000494371767569212	0	0.000815660685154976	0	0	0.00561797752808989	0	0	0	0	0	0.651851851851852
PRCP	0.0792896257986005	0.0412844036697248	0.057300163132137	0.37947332883187	0.0849176172370089	0.168539325842697	0.0441176470588235	0	0.238095238095238	0.304347826086957	0.141025641025641	1.31851851851852
PDPN	0.00106480073014907	0	0.000203915171288744	0.0229574611748818	0	0.0814606741573034	0	0	0.0476190476190476	0	0	0.666666666666667
RHOJ	0.0009507149376331	0	0.000203915171288744	0.00202565833896016	0	0.0646067415730337	0	0	0.123809523809524	0	0	0.651851851851852
FZD4	0.00144508670520231	0	0	0.000675219446320054	0	0.0842696629213483	0.0147058823529412	0	0.019047619047619	0	0	0.651851851851852
UNC5B	0.0411849710982659	0.00229357798165138	0.000611745513866232	0.0222822417285618	0.00126742712294043	0.148876404494382	0	0	0.161904761904762	0	0	0.874074074074074
LPAR6	0.00920292059628841	0.0458715596330275	0.0666802610114192	0.333558406482107	0.00253485424588086	0.160112359550562	0.0735294117647059	0	0.133333333333333	0.130434782608696	0	0.866666666666667
PTPRG	0.0983799817462732	0	0.00203915171288744	0.0114787305874409	0.00380228136882129	0.412921348314607	0.0735294117647059	0.0333333333333333	0.0952380952380952	0.0869565217391304	0	1.2
RSAD2	0.0055521752357773	0.0389908256880734	0.0307911908646003	0.180958811613774	0.0316856780735108	0.0533707865168539	0.0147058823529412	0	0.0666666666666667	0	0.0256410256410256	0.748148148148148
RFLNB	0.0479920900517189	0.018348623853211	0.105016313213703	0.0553679945982444	0	0.0224719101123595	0.0147058823529412	0.0333333333333333	0.0571428571428571	0.0869565217391304	0.115384615384615	0.985185185185185
PREX2	0.00159720109522361	0	0	0.00270087778528022	0	0.0196629213483146	0	0	0	0	0	0.6
ADAMTS9	0.0306130209917858	0	0.00122349102773246	0.00135043889264011	0	0.22752808988764	0.0294117647058824	0.0166666666666667	0.180952380952381	0	0	0.77037037037037
RASGRP3	0.00498174627319744	0.00917431192660551	0.0269168026101142	0.139770425388251	0.134347275031686	0.0112359550561798	0	0.05	0.00952380952380952	0.130434782608696	0	0.703703703703704
PLEKHG1	0.0124353513842409	0	0.00632137030995106	0.00337609723160027	0.120405576679341	0.0786516853932584	0.0294117647058824	0	0.333333333333333	0.0434782608695652	0.0128205128205128	0.688888888888889
PCDH17	0.220337693945847	0.00458715596330275	0.0018352365415987	0.00945307224848076	0.00253485424588086	0.0617977528089888	0	0.183333333333333	0.019047619047619	0	0	1.74074074074074
DLL4	0.000912686340127776	0	0.000203915171288744	0.000675219446320054	0	0.0168539325842697	0	0	0.00952380952380952	0	0	0.585185185185185
HECW2	0.101650441131731	0	0.00570962479608483	0.012153950033761	0.0101394169835234	0.047752808988764	0.0147058823529412	0	0.0571428571428571	0	0	1.1037037037037
IL6ST	0.0816093702464253	0.0389908256880734	0.145595432300163	0.178257933828494	0.0418250950570342	0.839887640449438	0.0735294117647059	0.0333333333333333	0.485714285714286	0.130434782608696	0.128205128205128	1.24444444444444
TP53I11	0.0591344691207788	0.0114678899082569	0.0110114192495922	0.0384875084402431	0.0316856780735108	0.112359550561798	0.0147058823529412	0.0166666666666667	0.00952380952380952	0.0434782608695652	0.217948717948718	0.896296296296296
RBPMS	0.0228932156982051	0	0.00244698205546493	0.00472653612424038	0.00126742712294043	0.485955056179775	0.0294117647058824	0	0.247619047619048	0	0.0128205128205128	0.711111111111111
GBP1	0.00349863097048981	0.0412844036697248	0.111133768352365	0.62255232950709	0.0481622306717364	0.578651685393258	0	0	0.580952380952381	0	0	0.911111111111111
STAB1	0.00384088834803772	0	0.00142740619902121	0.385550303848751	0	0	0.0147058823529412	0	0	0.0434782608695652	0	0.681481481481481
IFIT3	0.105225129297232	0.0642201834862385	0.0360929853181077	0.466576637407157	0.115335868187579	0.932584269662921	0.0147058823529412	0	0.828571428571429	0	0.256410256410256	1.34074074074074
CRIP2	0.439724672954061	0.0114678899082569	0.0277324632952692	0.0256583389601621	0.0190114068441065	0.811797752808989	0	0.133333333333333	0.742857142857143	0	0.0256410256410256	2.82222222222222
