"Bridge"	"connecting Chromaffin cells"	"Neuroblasts"	"cycling Neuroblasts"	"SCPs"	"cycling SCPs"	"Chromaffin"
"CDH9"	3.55394638262194	0.319494343736451	0.0627639494716913	0.135025688092948	0.0741911254666909	0.0604430878879929	0.315752498780533
"CSMD3"	1.61827265292041	0.0446691427852739	0.0302988437189302	0.0486671387505518	0.0639959510932349	0.0980116293709648	0.24367882127983
"VWDE"	2.72210402745117	0.298240396643569	0.140030829634714	0.122743280968794	0.324546449025453	0.849469695467686	0.206237385598199
"CTTNBP2"	1.45937097432227	0.153230516574377	0.0611037879915137	0.0746186845232174	0.223011784639206	0.341273740858784	0.103009006237158
"OLFM3"	1.42062013310787	0.22808063953871	0.162061758456967	0.0594423926657406	0.0414037821929948	0.0120020409975372	0.158709994058523
"CACNA2D1"	10.8548295794603	2.99675394720286	1.92102335589689	2.55986640654964	1.03587087704371	1.56662264695529	2.32803552084956
"ZNF804A"	15.874844778501	3.54747645753968	2.24949659838935	2.56105473932417	2.05453917440797	2.48002016463774	3.82379656014888
"DPYD"	8.94926596078188	1.98098904635587	1.73508893397774	2.17844807875189	1.22061202775692	2.09308513565175	2.45645438041465
"ERBB4"	5.1693030224956	1.45042013494056	0.143144493395257	0.209470789543944	5.82878287717566	13.3230267298586	0.320693773974851
"RBMS1"	7.64876734381251	1.99625430077878	1.90096933388864	2.00559525193573	1.48409054291983	2.61596457768432	2.39819679493243
"FNDC5"	0.699038735464751	0.170682894481176	0.156268537199104	0.0903540165677826	0.111959029899091	0.143899801453244	0.145932537985243
"CACNA2D3"	1.38055823662038	7.00239612152592	11.9538674319843	10.4551082552936	0.383046707692514	0.261619909778427	6.48928345504891
"CCDC171"	2.87677503008083	0.773963551330244	0.714723246177513	0.820969475323973	0.84135993070324	2.1130650421966	0.240972439536138
"NELL2"	2.94131915028376	0.341649701343024	0.710607247077927	0.702415812074292	0.955822959126565	2.12706650101108	0.29334472672031
"RP11-282I1.1"	1.43271668160272	0.0976154283245198	0.0956303333212956	0.123947347135907	0.138077978382136	0.172022631103241	0.0804773627895772
"SAMD11"	1.01423524595677	0.210858971981723	0.332973945802416	0.312405520994839	0.396800513507307	0.796639754761764	0.120896522048726
"DCC"	3.07027664039009	0.482335236938758	0.424432261801671	0.433830357450519	0.733565989128104	0.611034634735374	0.730976262172102
"DPYD-AS1"	1.46284035311019	0.5913439001473	0.21677225581465	0.302651336527976	0.186381601064221	0.249490473799053	0.470999737706613
"TBX2"	1.98934113062882	0.438541961171961	0.61976197393213	0.657466603146777	1.31919271381833	2.84831660621747	0.104063835953517
"RBFOX1"	3.60578846895815	21.4588398511158	45.7526585898581	39.7556177913183	1.27798228840347	1.04128091987241	10.1260658325238
"FAM160A1"	1.09977734570735	0.261308115358485	0.0443974394541583	0.0440740905189414	0.106948362114534	0.0687412569930681	0.553991813220837
"RP11-624C23.1"	0.78116390279454	0.0400323514397487	0.124628235760963	0.0344825448104408	0.103112583362774	0.031609250229197	0.110972367764407
"DACH2"	1.73970467439732	0.475244297825792	0.45493654478414	0.417700021921747	0.320915456703586	0.421278688775767	0.285835316756258
"RP11-776H12.1"	1.44391766477972	0.0343648907740694	0.0129548320526949	0.0104235186805395	1.52236719516357	1.83720081105323	0.0227841642985286
"GREB1L"	3.25407133027425	1.17800703515936	0.750928196304467	1.00694773155792	0.145031673624055	0.130142047914975	1.17169285021548
"PTCHD4"	0.606103416436393	0.251982313278821	0.0179853737711055	0.047943131645878	0.0266680861902995	0.0340262997614542	0.0851638106201336
"CAMK4"	4.21226132685118	2.14379798571589	1.28719350263062	1.54113372149138	0.165999640256606	0.169907776726551	2.11146700317319
"GLCE"	1.16096604548532	0.415298166107891	0.271403033655689	0.242250999194859	0.207391586299153	0.316975179331418	0.14441192905251
"EML5"	18.4067817159739	10.5031181874373	9.11508988795896	7.81521513973982	0.608799848626757	0.537037402300046	4.61129686104229
"TBX20"	1.70829316917873	0.409466010022185	0.497645135819115	0.359908523952598	0.035961091672339	0.0339822402521682	0.814994322625166
"ROBO2"	9.62539440621836	6.8673579941844	2.72804501256868	3.49102558511137	1.3031727838121	2.26732324390826	5.64841534492998
"RP11-436K8.1"	1.50537948655451	0.0777346707224255	0.00767465114413692	0.0117581539028788	1.70658552432295	2.8719544179603	0.0731792380217635
"NRG1"	1.6688689163222	6.57921574660456	12.6817041064213	13.0303126181905	0.429944286896601	0.168755807114898	4.96657131725319
"MIAT"	2.18920073931123	1.30867046890754	0.732967593557285	0.442854951926225	0.0649946579298901	0.086761046936928	0.962446844165772
"TTL"	1.285790008815	0.41688266672777	0.328777339639434	0.410288900259136	0.251452473771645	0.60764391626461	0.415727792553647
"STARD4-AS1"	1.33527218192402	0.317303114069356	0.623820673253275	0.518007093660775	0.411327265571939	0.493257335146348	0.276268293975521
"HAND2"	3.84383502879655	2.18515340113717	1.72530633289841	2.09168368207716	0.385321291884544	0.54100657986225	1.06764243960752
"RP11-296E23.1"	0.540617679690974	0.167426576507645	0.166740759200465	0.131118650520348	0.0278131975318997	0.0391061835819138	0.262944068842312
"NREP"	1.59965922015124	0.658648522533647	0.86063134731875	0.733270192901755	0.760082188769117	1.02509867478163	0.36581563613373
"SHD"	0.519150288350594	0.307947818730817	0.175099402506335	0.286765810031651	0.0701891027173116	0.13899528739831	0.123379260298847
"KCNK2"	0.664305974780867	0.0337137051696794	0.0526433893270388	0.0726326273381721	0.390172326156328	0.469334411807591	0.0507899497030838
"EPHA7"	1.15417915994338	0.215080423380771	0.325367179856515	0.335476093894428	0.354099419577225	0.319504503145749	0.0842287017344386
"BMPR1B"	0.672641179883924	2.62813793109721	5.4753973416756	5.01285209695657	0.237468676140278	0.180954241872989	2.22271046306043
"MEIS1"	5.09597220035933	1.83182342539497	2.83462476805497	2.41454899231234	0.826625843315347	1.27777792951075	1.28785667107321
"BCL11A"	0.574673594236914	0.200945129425814	0.104610752155815	0.150824984588188	0.211176731944595	0.427930204434459	0.169565461192357
"HEATR5A"	0.876209909378603	0.239204111990582	0.209943656540509	0.191198209345949	0.130164305883133	0.225528497447932	0.116303827885633
"KCNJ6"	1.43793345305559	0.681520129563584	0.048521491212639	0.0664901286760771	0.128523452621122	0.0435857083855335	1.01469676190272
"HAND2-AS1"	4.31039762220936	3.04207046121356	2.26015365355758	2.17662483325384	0.289013873131463	0.545177452233507	1.59777558539644
"TLX2"	0.483954925062708	0.0427630618157986	0.189294040522102	0.207858689391673	0.0367264561466437	0.155962748399717	0.0746210033206552
"NLGN1"	4.06037074946198	0.847000043617116	0.211487298266445	0.41167962018428	6.74153108029541	14.4169638123462	1.97952396004442
"ZNF804B"	1.88960751354453	0.733202836206714	0.0336382983712617	0.0580286027393481	0.76278491057028	0.512008655626156	0.166258606384829
"DLG2"	8.76055743225461	3.30277318324912	3.83166482980282	2.99821379316798	1.8185479472254	3.57488967394284	2.58584104514596
"TMEM132C"	0.0304668725274129	0.960341902433737	4.30316599273438	3.38240437881158	0.117622739903549	0.0966885193369804	0.652496502630023
"TEAD1"	7.12620577047718	4.94457977122115	4.06481415160172	4.32977866908479	3.14901719952268	4.82772136731425	3.73040011725567
"NFIA"	2.97989308823428	0.681677958080431	0.292533785463422	0.318228333929075	3.35838623852922	6.93443255173315	0.653306916019291
"LINC00511"	1.14803954351392	0.376540420131235	0.0629302462291863	0.131923123344669	1.12418184848578	1.60313850582738	0.767396123861094
"KCNT2"	2.64531924148108	1.21267470105147	0.703860363630914	0.934365060785902	1.05199689898961	2.20758571432017	1.35065234538279
"HIST1H2AC"	1.28314763514538	0.435471783727459	0.23111692075413	0.259144379798805	0.46087392435408	0.378415669090803	0.357340822379372
"ANKUB1"	1.38865735295316	0.433557040626263	0.371066070094167	0.440748025437504	0.464946402684784	0.961233908990778	0.293901936205271
"SORBS2"	0.35856095855981	1.47155710768427	2.99745484683805	2.03911610108824	1.06642148278571	1.49991790504023	1.67150880185697
"CHRNA3"	1.0617645696349	0.735158326028047	0.426269256384962	0.327460294018085	0.0642763717562308	0.0909677380128965	0.421349911589452
"PCDH17"	1.14317173829145	0.436558915681594	0.295037236259323	0.25570224718622	0.264335397747999	0.406343279477059	0.15289448743228
"SPOCK1"	0.40444871141767	2.29988008489681	2.25032070768637	2.31168152995025	0.224589647704484	0.328798848077996	2.10146408515855
"TENM1"	1.72586881110373	0.849362675423089	0.56267045047106	0.571241227359872	0.148060884631522	0.122497837769749	0.790208346935452
"LINC01122"	1.2416678372367	0.698885510923244	0.420779387326408	0.382521162511422	0.149873640849466	0.43463156849316	0.346279010542387
"RNF13"	1.14384776356489	0.387679428561724	0.398625855314275	0.28662697811258	0.493000759039032	0.494045760113308	0.25082231330221
"SOX6"	2.0054617025532	0.271931494187984	0.445794400448557	0.247689703465057	4.49021813901002	6.51712020553642	0.219601328833959
"TLN2"	0.823160465999433	2.22714671662956	2.35622099805644	1.90717739693493	0.909781969252648	1.0608830377087	2.22453453752009
"NOL4"	1.18326924682996	0.582133745679382	0.556976940606008	0.479666493106738	0.0705876719527617	0.0430321669131545	0.516734690902521
"DPP6"	7.04880970011822	14.3730815788248	15.7684975302633	14.5012186741266	0.868408800475606	0.757237462676935	16.67478993727
"KCND2"	4.56144455247001	1.19990830845551	1.16150724437975	1.21102407728965	0.252364433930735	0.201928660252643	1.96793922529622
"PLCB4"	3.24682051956352	1.28233155761196	0.685732939139828	1.0427992135419	2.17874808169767	4.31566775143222	1.64790993194201
"CHD7"	2.76305060393543	0.892426302367532	0.536207037912278	0.680535081521162	2.38833496009169	4.27157062993465	0.844794103225525
"RGS5"	0.301820209118953	2.21340897557765	1.93524958747226	1.91607832892021	0.210940288602603	0.182362039399766	1.4177197921613
"MAP7"	0.326775818147308	1.59698453904559	1.92699675583769	1.58532363888106	0.092207015527425	0.132582721899771	1.04399095100597
"NEGR1"	4.65547128097399	1.72941754595386	1.72936832924273	1.98738297057322	1.3172425193061	2.16373238280759	1.64935374309718
"GPC6"	11.3499526943153	3.91426773284309	4.85398626259412	7.23531453602578	10.5955187695593	21.2928770153225	5.02183658493534
"EYA1"	0.164956115379727	1.56722089841628	2.89761996077297	3.3275418146283	0.361517385539472	0.341154588690654	0.438716349873412
"LRTM1"	0.0860067414150165	0.621706097157928	1.06477906994492	0.812120184265223	0.0426505463627152	0.0201271791226699	0.548520590321156
"MAGI2"	3.82403431317145	6.13152240564218	6.79333411286647	5.07598310772847	2.04836706485994	2.5015749764608	6.91811824700413
"RGS7"	0.267567364918507	1.18420950686968	2.4751578057926	2.17509917375811	0.136486127963571	0.127025980943409	0.680744072223069
"KIF26B"	0.270228874320372	2.14537238037943	2.5444884716499	1.87104348777319	0.332513406927826	0.616222790733361	0.780473447809303
"SYN3"	0.177813375855282	0.312713772747627	2.98352213637163	1.87959877198594	0.415252086821418	0.657540065792375	0.191243821023795
"LRP4"	1.31444918843945	1.27595772461213	1.22324544024454	1.12792522024375	0.969672750690274	2.01016722331792	0.848354554633107
"CADM2"	10.3414408845736	8.14983030644026	6.58163295648972	8.70335656674493	2.34206706873039	2.64903322509507	4.98702202081278
"TANC2"	2.03342748964115	6.97407206011263	5.40129246962655	5.92563601317504	1.01576919556134	1.57370613222362	6.71741634056399
"CREB5"	0.165031631379605	0.389416369213706	1.66389259259281	1.95886846793141	1.63046810855651	1.89502861627889	0.163416154581688
"CACNA1C"	0.274053144036602	1.28717590993353	0.83539234938638	1.00565558848484	0.135089865516827	0.12759558651201	2.14404887515328
"SYNPO2"	0.0511877947996003	0.184239077823881	2.52586482354077	2.00577568662147	0.0879792256078088	0.111171526159513	0.123873650927552
"HS6ST2"	0.103427678995149	0.820081223858771	1.04034785585129	1.11642012803987	0.469506105848636	0.85732133269789	1.09602583365968
"SEZ6L"	0.376035089997432	1.29169372792876	1.89340830391167	1.73549143720723	0.111660092495468	0.0352292382499716	1.33867435104588
"SPOCK3"	1.96522146967286	0.487838647234183	0.406322770662285	0.575766311010116	0.0728639218993209	0.0970016794818943	0.798256190193221
"RP11-125B21.2"	1.25823417492166	1.10708330225586	0.302145183386078	0.466318776439988	0.0845341148427222	0.13586422552708	0.6996135317194
"PTPRN2"	0.448113243333896	0.973846330452285	1.55509306087001	1.58125333544604	0.152002326247971	0.219908516165689	2.78712548958177
"NXPH1"	0.0943353634342157	0.680783757322022	1.71891756496451	2.37520951126173	0.0729643909774737	0.00526930970156789	0.441354271917577
"TMEM132D"	0.232074848233117	0.46386479983882	2.0048917680502	1.89052940969089	0.147190469078224	0.27185046059295	1.45643860438512
"EBF1"	0.166138218348555	0.308437243056446	2.39927175377741	1.71715143514305	0.17263553873847	0.268950470693942	0.189972939068181
"XYLT1"	0.639046459226719	2.79360259600815	1.41078221746502	1.65168318694294	1.37593665136488	1.85555442092444	4.96414609929861
"TMOD1"	0.0920006229883201	0.240640042297067	0.991899031308524	0.883836220197246	0.0716616472606348	0.0922465647655432	0.367505736577375
"PTPRR"	2.37958129478702	0.910456128719452	0.921869136760393	0.888348654570852	0.0398770248235856	0.122487052778304	0.391971693130462
"GRID1"	0.374960120395941	1.40923429760956	1.98464001515303	1.761420325833	0.114768571347458	0.139267835965552	0.857264435445111
"ZNF385D"	1.22154081852765	0.546881611199939	0.0815085978619688	0.228394855290652	0.139355403751915	0.265897771386532	0.221767677510983
"NCAM2"	8.05026426261264	1.45605688812119	2.09278102167141	1.65941421263427	5.40118664058852	6.19552615752771	3.04292637858214
"SLCO3A1"	0.352818435498588	0.703680581819337	1.43123341761994	1.32122396914599	0.44481062821878	0.907209076394499	0.900877027163854
"TMEM178B"	1.40067374091558	3.00793268229061	2.30804533629029	2.30555553612555	3.6342110719509	5.0163810863636	2.0071725461222
"CHRNA7"	0.874597760929189	1.55688330677074	2.25330071210855	1.61467016104499	0.244911687738875	0.27862805171866	2.14212119947314
"SYTL4"	0.0752345193883981	0.359122357239964	1.02829876527542	0.983726921704216	0.0641342234338351	0.050905680218687	0.516503918541795
"EGFLAM"	0.223457741406655	1.33431331446035	0.160181956309476	0.146653666408137	1.3344927368214	2.34077650654035	1.62925086049571
"AFF3"	0.19713766378914	0.633287765780356	1.08799086973052	1.06975532147361	1.59953090875964	2.77232605034854	0.416034674418369
"EPHA6"	0.0826195164977835	0.209420032401785	1.3830265025424	1.04608466080813	0.125808571902533	0.156909382247662	0.413869560089968
"RORA"	3.54600553863975	3.67247619585522	7.61244399811837	8.3342770026965	3.10455175901425	4.81905706909958	3.33062095381069
"KCNH1"	0.548163735856177	1.86881562353481	2.25615747330085	2.08358233134313	0.150419130622574	0.316669224269275	1.0159554959467
"SDK1"	0.416237186058869	0.631078994759969	1.43980740978123	2.20340941636908	0.624784354380647	2.26332614121246	1.60165874284066
"RIMS2"	1.98906905881836	2.58430905940394	3.38033096746167	4.22011009118123	0.503171659700758	0.498541965537792	3.44108819194335
"STMN2"	0.384949838336488	1.18111346599041	2.33520533400724	2.20834936410656	0.223363797716493	0.333276650978546	0.508838703133084
"SLC18A2"	0.0831577417495899	0.97173449280737	0.326030407403866	0.311545347047014	0.0555771690309509	0.0929129334600797	2.18940834536277
"SCARB1"	0.550490420909213	0.918195926895716	0.78552099607287	0.799449355612709	0.693585950833318	1.03150674143938	1.41479046058705
"CPNE8"	0.296801425807932	1.18446785907294	1.32159208481863	1.36182655399375	0.127144378586348	0.243428215766531	1.48368775730956
"GAP43"	0.0587103895295934	0.122184646781374	0.884728203472496	0.689269333968354	0.0786922646443128	0.0791448724348433	0.245692456656518
"GRIA1"	0.155612842684789	0.572787251407793	1.02762382492105	0.480864261534532	0.0317774258563652	0.0266287240068102	0.488567957888828
"CDH4"	0.252037744700556	0.834278493306882	0.753178124236015	0.89809247961332	0.391197995243309	0.828572494532294	0.896937509950931
"RP11-267N12.1"	0.166216313302551	1.18922885450532	0.891522845152903	0.90329830104835	0.0483952960916708	0.0482168902040464	0.558181002485111
"GNAS"	3.38937907382953	10.5023005351518	4.54714630742068	6.40414002032003	2.48037506624183	3.3971571088782	15.6977292070471
"CNTNAP5"	1.51426962441486	0.508523220047078	0.275257942686473	0.63786199014256	0.0709372397739499	0.035737738391628	0.616769809140551
"SLC38A1"	0.0602674333697931	0.520984628792304	0.766212208595755	0.817948441986096	0.047954297687497	0.115404168236235	0.290013932781765
"ARHGAP26"	0.576014740803241	1.01674442542148	1.66343166845243	1.24402272816952	0.926490095595873	1.30159798377754	1.18234906296498
"PTPRM"	0.441685547337603	0.360494529592336	0.952604370986046	0.86782555649249	2.33621235096727	2.81063821874453	1.17143060400563
"DCLK1"	0.829210476939109	1.04008363725736	1.93417920959548	1.71809929018408	0.198515256984601	0.371127803090339	1.59457331694154
"TIMP3"	0.535777380720682	0.823052831224499	1.3574029207532	1.3371724372551	2.08504983948908	2.37968965571123	0.794410904933635
"LAMA3"	0.0981806212849167	0.618227963066658	0.291382687047096	0.819393205844315	0.0671266375547224	0.0670580856975566	0.692978422929058
"XKR4"	0.0874659021999262	0.0720768999546696	0.652115311959231	0.458828919918998	4.50099240268917	4.15093016900332	0.227061333327766
"KCNB2"	0.102266182887114	0.0903905185551366	1.27295188052719	1.21537660743446	0.0489094909813814	0.0702942982290177	0.376168926557255
"BACH2"	0.102054208883384	0.105178415665365	0.774157923413249	0.891685823652531	1.16673169163738	2.22049329537835	0.0969748841873963
"TH"	0.352394520451437	1.95374579634745	0.446438042026082	0.579656731907198	0.144027751034859	0.10829826229823	6.0931451445785
"ANK3"	0.356966796975761	0.333665411608303	1.41590568212303	1.27560700314542	1.33330888163398	1.71845950672956	0.328144980542727
"PLXNA4"	0.497339220503297	0.529106550176042	3.63187043459378	2.367196050862	0.813150085372596	0.747283308760163	0.403183638227447
"AC037445.1"	0.413097982619891	2.02264896816458	1.31740374854086	1.55838604646679	0.199809877759744	0.249243839016951	1.74213639802387
"LAMA4"	0.181075666843721	0.100843914098259	0.449365062964801	0.389218085241672	1.70927417752905	2.06102897907078	0.0791197491220877
"GCH1"	0.219559844213564	0.548215424612849	0.501308613804329	0.40895560769224	0.069090296147088	0.0986844582659732	2.51289532528325
"MYT1L"	1.2137363161256	1.93415663744198	2.44516206556309	1.97576834356759	0.100738872427949	0.0711267732704618	1.5425273631142
"GALNTL6"	0.622284626942428	2.16819031987488	0.631322223339684	0.466874175338915	0.185867828378581	0.322613318932347	2.18597271377607
"SEPT6"	0.509526150325684	0.903857024625926	0.959763497131945	0.986355272698844	0.298806637897803	0.42545552460411	1.18908012869675
"CTC-340A15.2"	2.59807916643305	0.224397834636204	1.00211249839929	1.25466364907788	0.31524987690878	0.294513953697482	0.839084862105227
"ZNF608"	0.462632121258661	0.75080100288501	1.06954880219268	1.16667749301301	1.01868060026455	1.86544668634967	0.653749563657722
"RAP1GAP2"	0.204741859554456	0.483257505753008	0.877039930332958	0.793298315946758	0.0833870843397135	0.0605332785739795	0.646052064522
"PTPRD"	1.09516727979264	0.556426203608598	1.8842259447277	1.93916499148845	2.65713295237823	4.73566981983594	1.54559661352456
"SEMA6D"	1.11080993770401	0.719673031112206	5.28054736710266	4.44105145088772	0.740802106799656	1.10057670324637	0.581017854611809
"FDX1"	1.00713116051414	1.40677381883931	1.56850081912857	1.36729347670294	1.65535614587863	1.3307300983804	1.52894077367229
"HSP90AA1"	1.37725981854676	2.13081831860635	2.59538849248448	3.37308541870253	2.37218341408636	4.89807495386431	6.08223096562475
"FRMD4B"	0.147758603108956	0.555129299279941	0.631695699399939	1.00260892804763	0.171187693786775	0.348984786574558	0.439001494711702
"CYP17A1"	0.993661003710968	0.634817722700801	1.49183488201969	1.39402811679306	1.29788130741819	0.954902018983191	1.72214936548628
"STXBP5L"	0.117664574644524	0.308152594670353	0.637437459099315	1.01664144124474	0.0539693961864883	0.0577822786712241	0.42614638210511
"SGIP1"	0.591120220522565	0.828651921956834	1.49527217351956	1.21257000040718	0.167195594591989	0.34905529423578	2.50098864309138
"DTNA"	0.293609403650455	0.292031940840351	1.21845110732585	0.849210258808214	0.405872476985766	0.464922088348377	0.286502810981952
"CYP11B1"	0.474036818234837	0.196546897984322	0.830117190480776	0.839404624890508	0.764249097334281	0.640476996242983	0.780997027502478
"RAMP1"	0.196753782116041	0.558025081913399	0.378592908970759	0.563020389879538	0.0789243819069592	0.0334253015460561	1.28357466580073
"MAPT"	0.15485935306378	0.362261862322678	1.00567340179108	0.763084051720794	0.0546913309971782	0.0518201780258908	0.229947870183596
"STAR"	1.37755217369555	1.08620059012706	1.61920417031678	1.59314519163925	1.65967350743373	0.892340773209691	1.54482525665957
"NCKAP5"	0.144674014977759	0.366839763163272	0.741907656878821	0.410015790159087	0.144483883021631	0.223531472974208	1.28830774379963
"NELL1"	0.570932285878631	2.09539209208004	2.11385948174626	2.40362208598915	0.0849686849081337	0.0739893840334875	1.0230125845035
"DOCK4"	0.918472363046015	0.897897697568082	2.31004335302434	2.37314576976643	1.03162405131528	1.51205203734524	0.543829709901867
"BCL2"	0.766714577918751	0.747650407387088	2.51802418647463	2.17319285319185	1.10915098243262	1.45071834835539	0.597106555391062
"AGBL4"	2.39427575835291	4.12316507382218	2.02936582314409	3.81844157086838	0.209768862432132	0.282224240881568	8.11005574769294
"HS6ST3"	1.68078389600281	1.30627726167771	0.675160313087902	0.576749078783944	3.08568717433426	5.5605362988897	3.77718995359816
"CHGB"	1.70739649768601	1.67646888363366	1.94737103972777	1.74718121140119	0.37977077323621	0.346399263336956	4.94864226219708
"PCDH11X"	0.499295005353424	0.169990621553966	0.160373870416606	0.173708407092359	0.25870761489202	0.668300530505583	0.228248103578636
"UTRN"	0.336322448967477	0.425148887184825	0.856242370773462	0.685820094129906	2.05437764154218	3.69388323894571	0.298134913173122
"GRID2"	0.952786643132252	0.308814798468156	0.584303434866066	2.00833292610037	5.70363682593358	12.6650639511032	1.41372638719015
"SCG2"	0.124974850969289	0.18278185543494	0.463461795062817	0.509199496924507	0.0742739656938584	0.0593109339997951	1.18725688204012
"DBH"	0.985454644394475	2.54222573021869	1.13678722030804	1.09894613897683	0.212616487864386	0.170843362528452	3.91360296947659
"CAMK1D"	0.465926062623235	0.515654463397589	1.19846318615836	1.62061835110875	0.319732840266853	0.78685594021099	0.67662690494746
"SH3BP5"	0.398745714062363	0.333601416665459	0.587633555761156	0.491586997188506	0.585821637760544	0.388017730090905	0.45086470320815
"RP11-40F8.2"	0.264321825529603	0.109760750631145	1.42655387135984	1.34453814618969	0.194813888382204	0.365765645067088	0.147074983374547
"CYTH3"	0.366527037022605	0.887629379983041	0.338986762079241	0.326369811532962	1.14500842417445	1.22005957141348	2.32257228874713
"CELF2"	0.258186898706002	0.261440380402917	0.0982871277017638	0.162219780862342	2.67611899177001	4.45475923847216	0.536453865188246
"UNC5D"	0.273409672409302	0.301717948142215	1.13978913042161	0.713278760174642	0.107494346229008	0.301448652758041	0.490276591411254
"RBM47"	0.566361471890239	0.467440629412022	0.564612941666346	0.64125873513297	0.543058174063561	0.744738784147919	0.564063218090906
"ZNF331"	0.11936127434018	1.30898550805207	0.256205492337174	0.493836634920926	0.1499266172859	0.571237350787687	3.55763641135083
"SIK1"	0.186910756909076	1.10053126768516	0.369738671120004	0.288151153692303	0.0873245763315464	0.236079527740579	2.1963949381125
"ATP1B3"	0.382109875831863	0.454741785914684	0.453201801159105	0.704843388206906	0.599161171092778	1.31317957490633	1.91777133136583
"STARD13"	0.633011451103069	0.972869845484239	0.283480092291954	0.448165219483364	5.33631421620427	8.07680895001779	0.958209631100465
"RPL13A"	0.848175644410797	0.664816772315311	0.946637057322314	0.899578716499849	1.11053179699375	1.0154151487958	0.784691325969116
"PAM"	1.3137427967421	1.7867624956041	0.990548325386202	1.15386174320767	0.98381106531432	1.48439507346581	7.15150441575842
"HBG2"	1.57728995561016	1.18625518364899	2.08876376846056	2.2591378276149	2.80473142074557	3.78745447294468	1.90549684800169
"RP11-39M21.1"	0.347068595260902	0.432721383999088	0.966697128847588	1.04122518784483	0.227452782186487	0.427336308606152	0.363028180095409
"PAPSS2"	0.31504111907055	0.402092967554384	0.496909274589738	0.449759714557757	0.486967802019189	0.921388458055877	0.47016233133812
"SOBP"	0.826370885585768	2.83367763782668	1.027231062031	1.5194398957182	0.195171896035144	0.221327924310482	3.52622601446068
"FRAS1"	0.292770670945783	0.1529304348339	0.053502291161382	0.10375463925785	1.85887276294988	1.99583160871824	1.21042570138653
"ALK"	1.68747732415892	2.29326172702701	4.87188337123776	6.21545170461808	0.577309767268371	1.12600086903797	1.26167224032424
"PRUNE2"	0.172624376304378	0.370233418614261	0.85291423566337	0.394621989581516	0.0679882981547795	0.122978980088271	0.586652817181689
"ZDBF2"	0.295207664968346	1.16603582651185	0.484030543671608	0.496404838484833	0.173609376822672	0.34263179508758	3.83028603048339
"APOE"	0.948354552152981	0.602110922908209	1.3678562614976	1.23948228534623	1.90109467238964	1.26152361601984	1.5177958682527
"NRXN3"	0.511599561771354	0.150890991894177	0.193102399452938	0.362237596104044	6.11427687517753	6.90027156086938	2.08622659750808
"PDE10A"	0.514107450296805	0.942475348661939	0.638958514224598	0.763259301441712	0.844096161945595	1.56921711410607	4.57632856660721
"CDKN1C"	1.42774124360616	3.7990553979652	0.669083403898518	0.878007840490796	0.674599075396927	0.7768584828334	4.34436158865483
"CDH13"	1.11209034553716	2.05899230586358	0.256806120428734	0.348451504611886	0.479946401445234	0.801525891343069	1.3889700377144
"SNCA"	1.06451759946247	1.72842643748662	0.243091562430044	0.296178395738231	0.635535237978719	1.13475004795785	1.16595773544103
"DDC"	0.88818924284711	3.39910817472542	0.612978094465715	0.779188953698753	0.112415320570899	0.0855184947216116	3.20173772951352
"EPAS1"	0.65568492097211	1.67171023540819	0.593973962920202	1.0246049511232	0.12697810922883	0.111206114381534	1.04142168758511
"GPR139"	0.0650888147006376	0.723406418313356	0.0764459881995279	0.122264982182516	0.0122836853608672	0.0148065649412539	0.444292535061711
"MEG8"	5.49998245769003	9.22008886053859	2.82663573361324	4.4532199609364	2.18395079023209	3.73236833153195	13.2938673840668
"RP11-123M6.2"	2.83889911734845	6.72545686602751	1.48088571948013	2.01172960964046	0.581357831660283	0.73817358585037	10.4931004822842
"AFF1"	0.772067532918522	1.79530613986566	0.579636315230541	0.740484371661163	0.346773037087975	0.537712152563947	0.897954810846977
"MEG3"	17.5752274028056	31.5423239350594	11.1134287418574	14.0270348213905	5.19472776892533	5.65939580839191	50.7328860534863
"SLC18A1"	1.79687899535803	3.62547190721427	1.27687616129356	1.31296349930853	0.128576800802799	0.171354653160223	4.32433524282896
"KCNQ1OT1"	3.47144906257715	4.89970589945496	1.06343847226994	1.07499332526283	2.11074315218687	3.22772727277379	10.0896665401368
"LZTS1"	0.217295564065676	0.687660290676657	0.282082280814421	0.457468096425736	0.10129763023341	0.207953305626491	0.399002886521246
"AL132709.5"	1.39218377956791	2.97752816563659	0.959197125951038	1.50943461679488	0.62204969271183	0.876247186355545	3.75669959191333
"KCND3"	0.0213402636116895	0.572269695807404	0.00892530722369403	0.16409062651806	0.0131674193302663	0.0182497663974131	0.776954167338252
"HTR1E"	0.732517259389075	0.914215720303914	0.227737396308735	0.41493484769041	0.189448979704102	0.173117247168756	0.452760063600131
"GRIK3"	1.13209027258237	1.7867256480485	0.304484122492103	0.549605523962674	1.27445479615175	1.68691315901387	1.87281415890543
"CCSER1"	6.12598861595076	8.08682265319124	2.17024691086254	3.49377169589063	0.3943942520229	0.294109558547408	15.3251965372434
"AL132709.8"	0.725214913581764	1.57396359248446	0.486660440849473	0.784436865943055	0.313917189657805	0.746046432907181	2.19165145852367
"RP11-909M7.3"	0.790533779668699	1.3821534182921	0.590384865686846	0.749711085444768	0.347468367395969	0.926552170957941	1.6735225629187
"CACNA1D"	2.01031672986711	2.48338832384684	0.440366010532499	0.709526338727655	0.50566315533823	0.741097529498061	1.96094701044077
"ZMAT4"	0.274168432113277	1.49004449289416	0.900604022381097	1.28107786596703	0.0422771929247137	0.0605033575646492	0.321699422671277
"BTBD11"	0.0675285100254007	0.434160870772358	0.174234868171425	0.159027297188429	0.0261305878377713	0.0488989751259213	0.403046749489897
"TBL1X"	1.76791388234898	2.16345441527259	1.14368992992154	1.08509800842772	0.797391274178914	1.16560877336842	2.20509710204812
"SLC8A3"	0.263877127361938	0.587673003859135	0.36089047493849	0.400416890741606	0.0223282308061154	0.0101482029769923	0.22425763378317
"LZTS1-AS1"	0.0849985712932367	0.466793310086519	0.157681747529268	0.17971682803759	0.0317286969774357	0.0594851326729094	0.214988801535387
"VEGFA"	0.214058828557987	0.955900348463661	0.215477063271015	0.449421653291464	0.155418654936139	0.228751029264808	1.15305548665416
"TMEM51"	0.234955332157888	0.527156038430562	0.106183229952617	0.232020552078416	0.0511397080452351	0.137501673887191	0.549569214602426
"AC007563.5"	0.362868595814865	0.784792364888163	0.469146960005204	0.23136248150808	0.183989728161782	0.113160641941273	0.511300292354055
"FAM222A-AS1"	0.492988503467195	0.764290229733064	0.319420927296385	0.334539087462989	0.139000955794517	0.167489073900619	0.673043227854976
"AMPD2"	0.121475906100858	0.300686079555567	0.0662291620652016	0.0619479713283486	0.107173571049932	0.0596524582906858	0.431702312935321
"P4HA1"	0.599649536154596	1.24908860416845	0.444853595170405	0.646387507312147	0.600315238475483	1.07605229143321	0.941412921126531
"NOD1"	0.121764889175527	0.266721626259159	0.042073976251985	0.106959498601806	0.136483368952003	0.20535136142055	0.122651934042665
"KCNIP4"	2.49505907714262	5.23680007486099	1.47170552761804	1.51803291826659	0.428495476694119	0.452198043912058	3.99794780759371
"GATA2"	0.427656274907718	1.16763774311359	0.865465106017059	0.737270069642148	0.0947101805891576	0.0756926494845485	0.756369170250946
"HIST1H4C"	0.54267502431558	0.777251820654059	0.48763344384719	1.49340009432984	0.567356480577954	2.31341590577319	0.417259303246256
"RGS4"	0.412145963434651	1.09174683541524	0.531496118939832	0.564702359760867	0.0841499900676666	0.153274839075529	0.710944347823998
"ADM"	0.700041756312522	0.629583752917034	0.108852900408757	0.173657217364534	0.0291000781487723	0.0320801188325719	0.373589009242694
"FREM1"	0.319893871809909	1.02517613531361	0.265787068954912	0.274205369540954	0.754998954223096	1.65244234956348	0.191663898664785
"ADAMTS2"	0.0486929436155503	0.563302171564543	0.440212717336283	0.481564489486441	0.0519695638338377	0.0385915952022296	0.580378750035912
"FGF13"	1.29846106690254	0.698489462032059	4.36694559669833	4.05704612118189	0.914145600851069	1.68604552216706	0.0915578090227106
"H3F3B"	1.87727198185357	2.16974853892194	1.17079593084859	1.44572194783982	1.27367799190429	2.04708938394506	1.67765501134653
"DST"	3.09805518822451	1.90979933032984	2.68575868805341	2.73837314768663	9.30061276468579	11.0328392439833	1.43240472264792
"TOX"	2.82905296067746	1.26401766363014	3.74124573198187	3.53085787100255	2.22333213871873	4.02444213846746	0.647548115845644
"PCDH11Y"	0.656975249847655	0.250018458914076	0.125665646886703	0.120853582548909	0.0237088984977371	0.119137678648938	0.351507849895717
"THSD7A"	1.66686361739142	0.944577620204995	2.28550455388168	2.675701755322	2.32254273164396	4.24976385500311	1.02387387385246
"XIST"	3.84903935875957	2.64046176072078	2.68904436106071	3.11563801344125	2.78798339256099	4.87110620336929	2.59462035730668
"SORBS1"	0.293617767494321	0.194253080872568	0.731065141039888	0.762019744380149	1.3813707736052	1.28487821590018	0.092599562032143
"RTN1"	0.0349035063842972	0.107223811797633	0.762877252872639	0.739069955314898	0.0761937225094269	0.0304086114801747	0.110201447603096
"TLE4"	1.89799839916103	0.639527828594068	1.64171478536519	1.57194698456833	2.02573058883391	2.96505238086917	0.612992345444075
"SCN9A"	0.947358298596386	0.713030838579808	2.04019629491615	1.72627261150161	1.13482036050355	1.24997325470105	0.374079507049961
"RYR2"	0.740388449668146	0.361965545182818	1.08039988080878	0.910917094890323	0.0887327469530498	0.11395289110433	1.26181413192563
"ELAVL2"	0.266481061011842	0.100890957301874	1.33248060728291	0.715484359783823	0.0518395826971941	0.0398267950845876	0.108906610251889
"IL7"	0.483865824054688	0.471448107267894	2.20837910080912	1.68385622747197	0.244062429389252	0.284881638141815	0.224309674450613
"MTUS1"	0.343962972319258	0.221434169409424	0.901743131034109	0.916856494448704	0.165915970297009	0.105272224396783	0.254069229866758
"KIF21A"	0.641154914928988	0.555622438297613	2.44568769272024	2.88229132527656	0.355834324866383	0.837669976540318	0.48878723006706
"HIF3A"	0.71981481336914	0.398150689032003	0.123906702439863	0.2186081334443	0.663064968190723	0.891928759583311	1.03827527118697
"TRPM3"	2.04225332988318	0.220752259232342	0.185499829186541	0.192703070362934	9.25114977244354	13.1218741683037	0.533249538996968
"CASC15"	1.10919820574284	0.379117564870907	1.39724639272832	0.810236707469293	3.78592435958153	5.45569774594289	0.137250363144046
"TMTC2"	2.71382253306372	0.84148417565706	1.04682820560924	0.758728593865099	2.95251236311485	5.58180581507431	0.196753799915821
"LRRTM4"	0.429710621247408	0.200689567119016	0.144701421250205	0.188500075337451	7.76556912004448	7.91599200998686	0.884238828733842
"HBA2"	0.682204673069301	0.487049811304348	0.882406033101598	1.0726611166807	1.28198106342903	1.74745347151955	0.780586159545838
"ADAM23"	0.43455018283968	0.264592929069035	0.229846870374548	0.272753565490604	3.41341673018728	5.87625252988441	0.316246506915124
"MGAT4C"	0.505698842848223	0.46029084261285	0.595113581910221	0.597975600019742	0.426032823660485	0.422578545024101	2.02044583545444
"ZEB2"	1.26915064969594	0.927460544311736	1.0119596755063	1.15508587410165	6.94373043086042	10.7903160785352	0.607754316512523
"NKAIN3"	1.06314945519543	0.751733980981524	0.358126441900469	0.460509848256923	8.16266878345511	12.1155795089197	0.577372175491737
"SLC35F1"	1.22963587205189	0.402124553850492	0.391262771483292	0.361330473875388	7.46412509236699	10.5915611303863	0.259964245097302
"IL1RAPL1"	1.04474092211221	0.332917492896473	0.223719928457169	0.212194106608815	8.18346274445252	12.4711266554444	0.163733672288437
"COL5A2"	0.466161342973885	0.111605227275531	0.119160504125644	0.127289182424905	5.49723977115375	9.2395496922528	0.116983013712276
"HS3ST5"	0.0293182606985913	0.082505123811143	0.757221009623194	0.921003971149275	0.108563605007323	0.125544417139258	0.061748072080446
"MARCH11"	0.0120349601827118	0.00736435213217642	0.805596039678643	0.680598348658078	0.0126989011487166	0.00792221852354493	0.0219289251226428
"KCNQ5"	6.44676747201374	6.4106293663118	12.7459302082978	14.2285119650855	0.343135504619158	1.03638058375604	4.07757504098765
"ZFHX3"	1.28129632448901	1.42102870466283	3.75621618062146	3.57988489656743	1.2153680562914	2.59260769861744	0.804146039380814
"ELAVL4"	0.845390254829361	0.66569142575735	1.76134359100568	1.41970801043031	0.126580382780863	0.148710864409038	0.386524339782517
"DLC1"	9.70051015927746	7.49210712438615	13.1039506202786	12.481042499556	2.0644773033454	3.82094750253851	6.50542914363198
"ANK2"	2.92456797813799	3.17245700090923	6.65283652639826	6.14217161906166	1.8068864443019	2.51163628718099	2.89105825309328
"IGF2BP2"	4.37281929279773	2.96685896471872	1.86014988808621	2.15784810675205	3.7732321711071	6.22730891451968	3.58445962424977
"COL18A1"	0.552361455567822	0.407358301481583	0.133257183794897	0.183711618469779	1.68254408465093	2.21183736850418	1.1282271046664
"PRICKLE2"	1.07064286042699	1.09219288591823	0.16170105282506	0.156247445340411	2.62306142727711	4.13243406351937	1.05016079191489
"SORCS1"	3.3721096552555	1.15399019025878	0.488867147146859	0.749263725463334	4.71407321357992	6.32617574769618	1.91426381999232
"GAS7"	0.489571294636154	0.521896145580432	0.131755666370764	0.283499991028093	2.90702741052396	3.32417843896226	0.879652191450846
"RALYL"	6.12377074600834	2.85796650240243	0.758324445937188	1.16380280913108	1.99381637907659	3.9153757455227	4.59216825493712
"ST18"	1.40159914254957	1.08240839212026	0.159041572891939	0.164100962874396	0.0739357265540255	0.04361942744	2.4468026546062
"PTPRJ"	0.951425992937454	0.728372557906236	0.225243522008575	0.530182736398678	6.09834174569607	7.66921399589668	0.671607115824426
"AKAP6"	1.35062997268008	1.32832685058066	2.59854680363491	1.91552502790079	0.286893244889681	0.468879817811336	0.925364842089243
"LINC00693"	2.2669656888868	1.12450858205488	2.76594946928993	3.05936195016718	0.548551467986682	1.11449190982144	0.604423057425435
"LINGO2"	2.96519999983639	4.3293989700959	6.7246787264504	5.58816345818392	1.53438130466302	2.37451356031099	2.59217646141216
"PCDH9"	7.15463478235645	3.02709184552869	1.0278303804475	1.27493452375124	4.7165513642136	7.05273259187611	3.30787881264915
"ROBO1"	13.8419941757754	12.0622947098002	2.84595182446011	3.08051937898843	2.53090063031625	4.30362843127351	19.7047917351257
"CTNNA2"	4.44963655032961	3.23993128300024	6.21067892938971	5.53913126724359	0.419450466214177	0.385340725981089	3.93217633673805
"TMEFF2"	0.407319400051848	0.0566978939855988	0.664402161352607	0.585449072333634	0.0739858781685542	0.118118784387787	0.0535600133521222
"QKI"	0.91246226842275	0.8872371600177	0.434916294257927	0.725636994300587	5.6741463536349	8.45448737662257	0.830747567701551
"HS3ST4"	0.608612775554092	1.06492231798641	0.195480926700865	0.296142107894964	2.58001932830223	4.71967758877665	1.12175322441082
"ST8SIA4"	0.138800049496511	0.0364259943277041	0.893214343667888	0.637999256431621	0.0173169783154102	0.025809325874155	0.0612471363507904
"LSAMP"	7.07443884761681	4.29267993128946	2.96403180937551	3.48601718389838	10.4426100702435	14.7288177220985	5.7290492074135
"FMN1"	0.0597755898373502	0.114769519319749	0.689497702534568	0.348147137575951	0.0418840651835005	0.121671506281691	0.0289016977224661
"PARD3B"	1.12421407796321	0.497288688175084	0.281140785385508	0.227636647803623	3.9824907965168	6.02491087312015	0.731364475568926
"GULP1"	1.93075849191016	0.70317329790329	0.713339510487023	0.884176051116586	2.34108915585215	4.28550940567812	1.13761119364152
"HECW1"	0.0256025654806473	0.159919267816081	0.481225581847722	0.43741004492727	0.0274311824350195	0.0280951885775017	0.0348718335050707
"MAML2"	1.3129911939451	1.77847916717991	0.98651441264493	1.0946506449934	3.55745638003336	6.70124263878079	1.17875795732141
"PHACTR1"	0.838604853044966	0.875027686991473	2.11135405512973	2.55594020177559	0.415475380031595	0.89985890628861	0.680619668769372
"ISL1"	0.250326076482955	0.275788187268203	0.900850932101766	0.929599661729938	0.0445736866478144	0.0414190454957936	0.0959120418247452
"MOXD1"	0.517681123275511	0.177539350056183	0.0746312272126158	0.106818736312348	4.6961790444671	7.93048391648785	0.320655524179744
"PRPH"	0.154915726533738	0.516210368404274	0.53367864262144	0.231775733197591	0.0317215610172435	0.0225567965931959	0.0304887899879245
"EYA4"	0.845753828398952	0.980341456005624	1.66850489377608	2.20725236685741	0.12124601015776	0.191990062945042	0.434385893838384
"KCNK10"	0.0298163369403554	0.086689023545402	0.487275036448906	0.438823785537038	0.0171028609271608	0.00914834894419598	0.0141049893625211
"TMC2"	0.0448305241302955	0.233065189984937	0.50254938531441	0.272942191633507	0.0227182676736803	0.0178954773513774	0.140207936123908
"RP11-145O15.3"	1.32234130631517	0.796259348961152	1.81587662629077	1.78028915676894	0.0897992750543574	0.261556627936622	0.555772604558576
"ANKFN1"	0.0540126896993816	0.303494931916808	0.710548198368001	0.445624105776537	0.0443367087870127	0.0319665554135479	0.167136795405118
"SLC8A1"	2.08801158676917	2.30019666322636	4.13435398964755	3.55261723003894	0.501688083905295	0.875789769544553	1.50145127127819
"SNAP91"	0.482609860247215	0.941880299115022	1.70198411999096	1.55844651629296	0.0602513638155215	0.0428474010418309	0.619528699358379
"RP3-399L15.3"	0.112882287379706	0.0321996064978717	0.757633912328986	0.907502245421355	0.191081077337355	0.358454694415674	0.0566655178453313
"SLC6A2"	0.0606350705844777	0.389192719226701	0.955492264913506	0.768278435800958	0.0293785567558878	0.0166931164128328	0.0946035382264974
"DAB1"	0.683247360710409	1.13776748747948	0.314208470081616	0.403166744384726	2.00979052084129	3.05600313751336	0.991600191856538
"STMN4"	0.0490337517172572	0.14133268738396	0.534029995099101	0.451636449289572	0.0418982799969465	0.00573329914376052	0.099420891562874
"CNTN4"	1.78966127211993	1.05875751459593	0.519973199584022	0.931803022773632	2.988272703331	4.57836066640493	0.85232834062425
"PTPRZ1"	0.510559836391746	0.0895595635965027	0.0560419526332613	0.0987506987270372	5.1863299931982	7.23951440022287	0.0830683388817532
"CNKSR2"	0.230120837141151	0.425394120092588	0.943830814578356	0.738739743182288	0.0668248906396557	0.109650820415152	0.178906536393373
"TCF7L2"	0.673940545083853	0.815986545212338	0.272028961896658	0.323822080606936	1.59331016928306	2.92847780607224	1.05978867717101
"FAM155A"	13.6289681287886	16.5838513647101	6.13314916259036	9.51833795123581	2.14205140437801	4.16531117675143	28.6765515911161
"CDC14B"	0.69212532026255	0.335746488146458	0.111251869668148	0.127322095038458	0.734179497149389	1.15352369231217	1.12227471614921
"CDK14"	0.958888718157799	0.578087386118956	0.216308017899181	0.399457733849054	2.17039475718919	3.94213858133033	0.420819665512626
"TCF7L1"	0.509417230508407	0.577370173470685	0.0834570882182498	0.0809706292016384	1.52230832994706	2.39783889060578	0.175926653508316
"FIGN"	0.545266725505681	0.748508102001405	0.284896307947456	0.712950258876313	2.40846889704851	3.85640022372533	0.409459536960557
"DNAJC1"	0.530367677726486	0.571849024527822	0.233584816607428	0.52371232758968	1.78691907321295	2.8904624920852	0.698338834645652
"PARK2"	1.63791529602874	1.24378284489319	0.450612486752805	0.392715116319938	1.12749405772253	1.55359820880776	2.97762589324759
"MIR137HG"	1.9706211437478	0.647146670098548	1.87928346798442	1.3479805278547	0.12565444008827	0.122842422215755	0.444144981567996
"SHANK2"	0.099065819702169	0.152095591160302	0.652138157794736	0.450889082456926	0.244997572281521	0.132822117033471	0.196031556321361
"MMP17"	0.393354959499451	0.59742324376794	0.162417523278619	0.171891981247145	0.942016083129244	1.37045924493919	0.472424998820308
"KCNQ1"	1.83136739128186	2.74908810042577	0.547588979496705	0.543372708808649	0.910234900893287	1.26611371263331	5.11746892173671
"TUBA1A"	1.08103643432915	1.52041205727642	2.37247241578222	2.65306583658077	0.984488655496701	1.13402939493407	0.666308776418056
"SCN3A"	0.43409337478149	0.353996990672471	0.856730261588214	0.714761560817625	0.0234912919458359	0.0155497002086966	0.298180506267949
"HMGA2"	0.594826762155121	0.561488000784508	0.268795677812646	0.32602563000564	5.42096099065959	8.88215003643274	0.275056498698414
"SLC44A5"	0.0697714095110941	0.12764872806985	1.33991731497187	1.176747477219	0.540701343991208	0.664298195920232	0.0688022028319693
"FAM69A"	0.0706476473304515	0.0445485517232602	0.496600453321393	0.271602246051844	0.0644283524074919	0.0781893235627532	0.0438986311199716
"PDS5B"	2.21181644405957	2.78026529386963	1.41433237088771	2.04145771434144	1.73184020349306	3.71523177453861	3.15934805598691
"SDK2"	0.113521391415785	0.192134611913934	0.0775336673170712	0.0688320236308671	1.01958697264747	1.35057303094778	0.520388545830292
"ADARB1"	0.364023542128548	0.404083616502302	0.176850882328044	0.181627176910397	0.852162906344946	1.04281583153459	1.0660848442625
"HDAC9"	3.20215934622103	2.30526916295146	0.773914264921436	1.01010169943803	1.02988825432173	1.5956061363989	5.28485765211081
"CUX2"	1.15515621057904	0.167861895457253	2.02023761681666	1.98433981654413	0.143908442606788	0.354127883560551	0.0112514470306098
"MEF2C"	0.69899680769878	0.478977392275333	0.389192178706125	0.343733062446689	4.61573597543303	6.55607332583228	0.554220170916488
"NAALADL2"	0.998827959274365	0.358306187626489	0.27151099054318	0.467193820359246	3.52200799327044	5.18048654659041	0.551894773211478
"PMEPA1"	0.324851167760303	0.800443202340958	0.346925194390618	0.348119463960291	0.942252908488965	1.26831973963042	1.05975804801824
"PDZRN3"	1.80185202624586	1.26599022325726	0.666842663931624	0.910028087252207	2.57305390626759	3.52334489580952	0.592514417569706
"RUNDC3B"	0.208995562344966	0.123085106285165	0.525086144995278	0.463135808850663	0.0522777327636979	0.150322475762398	0.113294201466595
"STK32B"	0.254394938594481	0.467490889668765	0.0576860270298458	0.119771750070984	0.235870907408757	0.589278355528545	1.04853260036759
"SASH1"	0.317894790976673	0.356095947845923	0.128584028200066	0.143456791303124	1.77158842502183	2.63949134044561	0.329821024809679
"TTC39C"	0.532781536155044	0.746936806717471	1.46679714976945	1.34045267426952	0.436776824062944	0.740499614323828	0.66727891836626
"PAK3"	0.563241619676295	0.904303537826854	1.39676417454795	1.20605212151055	0.0758609785002225	0.103314435593072	0.862563344953301
"SLC7A5"	0.158350652327403	1.34717113462561	0.161987976132451	0.289325571837607	0.0747768703483505	0.157710047089652	2.74385078052101
"CDH6"	1.99464425252924	0.0911760812700698	0.111450977927738	0.064374179882087	6.04977738538879	7.93790515792842	0.0137420256146393
"PPFIBP1"	1.29965521337539	0.378308108435373	0.173937654537716	0.129723696150647	3.48748863761424	5.00763273196372	0.234987133093485
"AC010127.3"	0.948331294331044	0.548664919892046	1.30492563146481	1.09005267381136	0.73166939812637	0.88020075132454	0.274954668604505
"NR4A1"	0.118542091590038	0.839041120330731	0.274361012661691	0.250854121637037	0.111981953642854	0.248001008243681	1.89888583307515
"CTC-340D7.1"	0.0199608416481175	0.0661267072329028	0.503174107883738	0.532394494851788	0.0402311465078086	0.0210273213302363	0.131951449677306
"ARHGEF28"	0.973711540976876	1.07947384183983	2.3527352915053	2.24383059407851	0.199302185262972	0.187104363004719	0.721895487585737
"NRP2"	0.198644549412334	0.337966423529247	0.851847207042363	0.681531113872424	0.258927733021505	0.354685896859261	0.216616845016868
"CUX1"	1.96000518784213	2.13526119970984	1.34093440987055	1.94209420819298	2.00419900272896	3.3612942768903	3.49393881680774
"GNA14"	0.0967554481940565	0.764884077676032	0.177144629149587	0.41463505982629	0.0464804408356547	0.104578881474458	1.50992627013058
"SFMBT2"	0.275917104320574	0.272169903113118	0.11504620125523	0.166111146941891	0.22488779945785	0.243877919496463	1.25146854898843
"TRIM2"	1.19133160241446	0.701649696247316	1.68266731173759	1.57744635344208	0.695457894414487	0.928840551099939	0.600046731025243
"COL25A1"	0.601216252637264	0.143648955129775	0.0775839789776485	0.0602523293973501	2.3336497722931	3.10491502178971	0.164872411426854
"FOS"	0.111402236156849	0.590080186487225	0.145597148511979	0.28184086527195	0.113460450093342	0.248114976635411	1.0036922071672
"ASTN1"	0.285579282770824	0.198070234294743	0.849209629567587	0.710759927338998	0.0781580717665773	0.0627070300943652	0.245261214455433
"CADPS"	0.908656556535725	1.20532841745059	2.41382158275439	1.41212410468115	0.111232760339609	0.129051281475145	1.33492914984136
"CCBE1"	0.0598913218521095	0.114575548800994	0.470532241530564	0.236005613897426	0.0823405346328001	0.196449729499037	0.0880599355586931
"DOCK1"	0.488962730768305	0.360517532765081	0.166578820311825	0.263892329886831	1.71410430651893	2.30288646524512	0.233910431569928
"MEIS2"	0.757239847861281	1.48596557770602	2.68545429725649	3.86870112322789	0.528682138019119	1.08959735612404	0.885572177416523
"PIK3R1"	0.219130372471286	0.373172794637829	1.00065867700454	0.866578228412614	0.540686877964313	0.795097498539669	0.26104727987299
"RP11-426C22.5"	0.143214473218088	0.43860843681571	0.101380330647962	0.0941232320808132	0.150123519651201	0.0837881722239981	1.14034430620055
"NMNAT2"	0.0970636330381709	0.308752642427814	0.82722570560181	0.475822438230604	0.0399916988600147	0.0271213861055244	0.415072432362588
"STAC"	0.825989453191066	1.03328590750805	1.63753499741169	1.92577407952258	0.155873428895961	0.18682391077304	0.62628441531514
"PCSK6"	0.178534049978733	0.428962379490962	0.0691407582126669	0.105130636276623	0.588142428736855	0.848595435729204	0.750241410248621
"NR2F2-AS1"	0.425853949722339	0.13979980687615	0.153281064014145	0.135321603476004	2.70457608660439	3.76004909628705	0.172017687687003
"GPR137C"	0.495551467234235	0.353686501007682	1.12145070958269	1.10828493928313	0.30990981293228	0.713411347648238	0.27100679649605
"ARHGAP42"	0.353457555528244	0.0717592868158907	0.132463713491315	0.105087982935054	1.56862196538758	2.66067562325587	0.247021614257633
"GLI3"	0.189780934057869	0.116776808342181	0.0827447673723714	0.0790733290194859	1.76468837841274	2.53983592755617	0.0712654607022502
"ADRBK2"	2.29312505619751	1.19446165119544	2.68035586937387	2.49719981460492	0.412869431465318	0.651470864567773	0.633850710579628
"SLC2A3"	0.177666160192793	0.705516635110063	0.142728715629648	0.329552102555692	0.108620565979841	0.178247974677183	1.72235136482074
"PLXNC1"	0.195011320346235	0.16077984731252	0.495221824966521	0.474570543028127	0.0515985017356422	0.221170066250722	0.190820651268626
"FOSL2"	0.374502918581304	0.844644385705671	0.128557011317881	0.181482954649011	0.114550073839369	0.107658533760622	1.15462394474134
"TGFBR2"	0.259882140349321	0.0950178535811008	0.0918137846908727	0.136829691969492	2.61014734509793	2.95074564264382	0.0965840397759987
"ADAM22"	0.269148657998959	0.232572282900834	1.04104172443457	1.25214320362699	0.17439001972157	0.403075696875959	0.206162450700091
"CHGA"	2.73334363183714	4.14508251936299	1.35883719144824	1.83950655356716	0.445643317652411	0.346790866877302	5.59662460273075
"LRP6"	0.706301672954548	0.629749489716815	0.467206889783582	0.540565026786363	1.25466960226798	1.61793848128512	1.83023804215467
"ATP8A1"	1.57269294234215	0.781417874743334	1.30541233563792	0.948839743358314	0.430794188710604	0.431893713300952	0.499125555475164
"VCAN"	0.324233678144401	0.176793336555168	0.176343193152929	0.251454936617756	3.55135663057211	5.01316612445294	0.13136326462239
"TUBB2B"	0.31518263320785	0.442223463354704	0.871948915555312	0.797038817765219	0.170525569588635	0.123289406550898	0.187034431365975
"SNTB1"	0.211491087857624	0.0771865404920738	0.103477787603262	0.114513353940051	3.51598078213266	5.98674171379697	0.1036249308485
"MAT2A"	0.479499200098559	0.638116946783424	0.427484188823989	0.474061446523803	0.317097232935448	0.661627157940126	1.77190310455555
"KHDRBS3"	1.3649159393011	1.792520800544	1.27751543562118	0.999429199822103	1.27226203007245	2.18151272619051	3.7484018162365
"TFAP2B"	0.254902632300273	0.347314124860738	0.912513779673876	0.758367167892225	0.300082432307917	0.578749258833252	0.216489953640396
"POSTN"	0.690053724616181	0.218731259469173	0.145960671183318	0.149671921707939	2.23088463463023	3.16248635404062	0.122574591819622
"KCNQ3"	0.0122854092101182	0.233033943429397	0.554994558200796	0.620511400298823	0.0484547467448619	0.178268457358817	0.348391770884569
"NCOA7"	0.631064938758574	0.654205787434204	1.24483841332267	0.980041309921972	0.385914187547705	0.551592040098142	0.736500038523763
"PCBP3"	0.879039628286446	0.941634377054181	1.6637137342397	1.36356202730855	0.230869187734266	0.949130791679048	1.00692811316415
"ANKRD50"	0.482475334918113	0.222237827313386	0.114693482458395	0.156499307371387	2.19805709046734	3.34963409346474	0.0669871871849033
"PRKG1"	1.2743916059881	0.611959134047025	0.446768809391397	0.540015923044448	4.64903046511777	8.01025700377814	0.374102907099511
"KIAA1217"	0.545606551205305	0.299718757129787	0.176527186607516	0.15529400971344	1.68627680702248	2.81968043940422	0.230756617360151
"KIAA1244"	0.5553897228808	0.436613454901708	0.22813970289664	0.376452850226459	0.0515336829860124	0.0653800247983788	2.83564348263531
"LARGE"	1.02820802675167	1.13978140062275	0.743645744326981	1.54761345148975	2.0501014894973	3.89094308014894	1.98998647045268
"UCHL1"	0.275740270793123	0.496648984240175	0.660358940826355	0.587521907998074	0.231564155315969	0.197961833258511	0.359547912244307
"DLGAP1"	2.26164467797135	2.32799786823063	1.857800913559	1.57646316141474	6.60314840049111	10.1340228958706	2.19888718134081
"MAPK4"	0.168411734996422	0.253664605617493	0.435813190510679	0.516057944697978	0.0979251149869312	0.278391314221932	0.181022362934134
"CD44"	0.209815554667948	0.212402012111125	0.539554543318233	0.344794514135094	0.152816584976273	0.139940055074444	0.332421784283121
"HSPA1A"	0.47926518644437	0.511735534954466	0.463256501964355	0.662473318178779	0.709001539379582	2.41680028548354	1.34629505099813
"USP36"	0.151366944985932	0.229318293285393	0.137087312544193	0.144435942813682	0.149843918266019	0.237386643039487	1.30061673970776
"DIAPH3"	0.162396323664388	0.263876952417437	0.194621109337475	2.75400320911462	0.247303625396002	4.88363796761927	0.134636481549682
"RP11-147N17.1"	0.0847052973268798	0.115572432731129	0.443467226416838	0.546868035432255	0.0953051531845411	0.178493686527994	0.0684807529646792
"CNTNAP2"	10.320251448429	4.34456548739416	6.20394514819667	3.94836975860115	3.06383018137603	4.80695120103959	5.1505756832813
"NAV2"	1.45369516902082	0.373882020982768	0.45304361821633	0.977365127418473	0.700781258520691	3.68827793482926	1.20433699914456
"RANBP2"	0.429981275796911	0.681079598930244	0.608082674066249	0.574582630296324	0.395545934885446	0.668557119140924	2.50181860818105
"FAT3"	0.185661143487252	0.352337371320851	0.789979143649956	0.945572105786817	0.141696366151506	0.581880323076864	0.135544369595674
"FNDC3A"	1.71085349473618	2.18704051155281	1.82125152799116	2.10917575976533	1.16289568358062	1.7429204399385	5.23344231016028
"NRXN1"	4.3057585589203	2.64831243627749	1.9304299493077	1.61354224384533	12.955256941042	17.4070283454409	2.67033489137519
"SOX5"	2.14343254518035	0.576507964252414	0.851344152997192	0.655008466614088	5.66862967024922	6.07060351054783	0.40058208671712
"APOLD1"	0.129721366597124	0.123677688787132	0.17322388355935	2.2802627175197	0.106995273579346	4.08258276636491	0.0830770302624289
"ARHGAP11B"	0.100878461083948	0.077439617747738	0.142358251791053	1.95047185753547	0.148390565752335	4.94115794445259	0.0650451060771983
"TOP2A"	0.108370000079378	0.0911919244916924	0.13287997104995	2.16742716618233	0.188531088051223	3.22999742963993	0.0746615785702989
"ASPM"	0.0420278539036207	0.158762273721172	0.0908671815496672	1.85495683941782	0.152482731254641	3.3915721414935	0.0622701926239173
"BRIP1"	0.065274632193168	0.339699752133153	0.153987049880699	1.75017840693561	0.195265171151584	2.48617275688739	0.0547338472067476
"CEP128"	0.248136125923285	0.172996504021964	0.543099563484349	1.95784419367081	0.239546273948076	2.05061864947483	0.163634454603506
"C21orf58"	0.111228809349979	0.0708902104307862	0.0780886409846544	1.16530264144106	0.111592748612786	2.32028259432328	0.0886158898867042
"ATAD2"	0.123789545135099	0.170039963031837	0.232107227565331	1.64859702916267	0.185119577081485	2.00575206643615	0.150942077708031
"CASC5"	0.0411162748318005	0.0335531176482923	0.113014273113811	1.13007450235171	0.0692989217179084	1.97240575410973	0.0347553273349703
"PRC1"	0.0853197308553754	0.0499257509596175	0.171804963214173	1.28197763688721	0.0917235713690368	1.93736653816778	0.0455559998141076
"RP1-167A14.2"	0.0526354887954504	0.0359197284414379	0.081348804646164	0.837357180344499	0.0642307343918929	1.51584721326953	0.0632496511847007
"CIT"	0.0417671605043837	0.0411349011955183	0.105101288101439	1.06686337517319	0.174204976630172	1.50212546379345	0.0447201172768961
"C2orf48"	0.00859256688577888	0.00571632040424144	0.0176531729186203	0.669934516650881	0.0430015794844433	1.81985500680001	0.00799152053472858
"NUSAP1"	0.0522783981427341	0.0420574435213441	0.0687523299246351	0.897228349855268	0.0860151986272911	1.28348185497095	0.0590579372267324
"GTSE1"	0.020600598441483	0.0176487593130621	0.0523448481446202	0.805947871245598	0.0340061544617603	1.08119641835648	0.02087388346425
"POLQ"	0.0497265806524851	0.0519483219379373	0.0749622482217924	0.832997591209207	0.075634285768874	1.46843744845565	0.0397318360039469
"KIF18B"	0.0250273632997612	0.015134537494267	0.0367565660790591	0.669514304142866	0.0401729453265224	1.28463411535137	0.0303968400276947
"SPC25"	0.0495847709707906	0.0424610964286261	0.0770111114749421	0.843832510531304	0.0801597216058898	1.38894532585551	0.0516802705084789
"CDC25C"	0.0269671509351769	0.0128114047001962	0.029646271372474	0.701583131851812	0.0245112378081037	1.26810966445593	0.0185404864552748
"KIAA1524"	0.0926939129491029	0.091290860745039	0.116981778801427	0.759918190655762	0.0573497713186471	1.01799951581368	0.0638565362500115
"MELK"	0.0237019291885746	0.114379520916567	0.0734316184915642	0.85411471796743	0.0653040612909919	1.61562941356642	0.0220262456424449
"KIF15"	0.0220028647212697	0.0324327923329905	0.0753597856794258	0.8264409225513	0.0575864376771574	1.24416252823778	0.0374663717284426
"DTL"	0.012430899838487	0.0652657993809059	0.0761358856229616	0.772183594773868	0.0531878879508296	0.789568163349389	0.0199741982003537
"MXD3"	0.00986913863207436	0.132134215003095	0.0242263609695008	0.516843589482298	0.0377300860005803	0.793912988464524	0.0149286987945325
"NCAPG"	0.0320877003066912	0.0649253320419196	0.0495215127892745	0.683766972489456	0.0391305462239847	1.34108692022391	0.0265374898120866
"CLSPN"	0.0140286445412146	0.0201414590580079	0.0628479642003601	0.69010365049468	0.0694748357098577	0.53762434538429	0.0291189066480187
"IQGAP3"	0.00440309631762535	0.00689240840086085	0.011612330589657	0.446726556952814	0.0243415277655635	0.656483459936499	0.00968070701519175
"NUF2"	0.079896094571076	0.0516340775262494	0.107456652747691	0.907090482359772	0.0745601128717747	1.46835893379191	0.042006701795839
"DEPDC1B"	0.020271383973899	0.0365880398130991	0.0520055235028905	0.61060830135694	0.0919858682240951	1.07668417198636	0.0276851731721675
"SMC4"	0.201326393852505	0.190042377144271	0.23071322012392	1.66897356222996	0.344391191179603	3.27122484808391	0.137422882856207
"RFC3"	0.964447692491038	0.666818592086876	0.994000625825139	3.37121132505632	0.49865111892639	2.98159542559221	0.278774739022923
"BRCA1"	0.0355082229857735	0.0579933877659963	0.100623336748334	0.713791509257021	0.127612477962979	0.978411202543541	0.0405619719261669
"RGS3"	0.129599853188782	0.0945955309143365	0.293955232205558	1.13641780679899	0.0818146945738316	0.293667292523306	0.0933653714772416
"CDCA2"	0.0169614266365122	0.00735961754666306	0.0208741734330207	0.382613711860004	0.0108515042685829	0.909071112801997	0.00725750609133621
"AURKB"	0.015964322941204	0.0169132329350099	0.023257649802592	0.583612383637947	0.0371871146788404	0.888580558902737	0.0276545599294107
"MKI67"	0.0363634543753156	0.028298804495812	0.10665823686352	1.08774523460299	0.145116990098173	2.10704381461154	0.0483085162290665
"ANLN"	0.0485054531075857	0.0255169138668155	0.0795084595303304	0.599328953140544	0.0640334367227055	1.38638802437048	0.0241475164400749
"TPX2"	0.0356469234995693	0.0290774461589558	0.048438047037415	0.723422225745819	0.0733149350313201	1.101939113455	0.0689915595645151
"CEP152"	0.0631100626155176	0.0125461746425307	0.0338796426768479	0.441418260355053	0.0843960928738866	0.619086297963854	0.0157271500842418
"SYNE2"	0.544342628859278	0.271280916096821	0.733194225350961	2.81658459849631	0.664955107344882	3.28583192495081	0.206483379482468
"KIF14"	0.0228873746290538	0.0235910138605973	0.0534724602954109	0.704380846744762	0.0480709662725573	0.997156478557742	0.0179164847178893
"KIFC1"	0.0143127666240932	0.0178636084842187	0.0241510843862022	0.414484979168332	0.0312608067916518	0.620533195580476	0.0121005782287797
"RTKN2"	0.0166542756143478	0.0803517945584868	0.0328087745441038	0.551797250968884	0.0564160535633884	1.01149835740878	0.00969157029027156
"CENPK"	0.0441430097195482	0.0467755765508455	0.163387689800913	0.940438875009912	0.171744057384108	2.08101469922714	0.0525507515303976
"KIF11"	0.0425290033914784	0.0545764816558575	0.0416697087200439	0.642038898211688	0.0516457548340811	1.38376256381367	0.0488073420767688
"BUB1B"	0.0261791685754562	0.0198763885435207	0.0426860109864516	0.452865370363418	0.0283297963482294	1.38888385550743	0.0144039801608965
"CENPF"	0.0926855478004921	0.14913007824661	0.208934531365071	2.12788194564171	0.341758515120561	4.38132822599349	0.0802314617033519
"KIF4A"	0.01783697544064	0.0461629479667338	0.0356926462777207	0.499060592090143	0.0616334261361947	1.38938385554631	0.0294542601780429
"KIF23"	0.0130721211366643	0.0476183361646887	0.0390557577552197	0.494393718155238	0.0479835687652575	1.04898770521351	0.0130663323652422
"EZH2"	0.332452452677232	0.180535078156879	0.433524454446867	1.82830848326615	0.581168567237914	3.6395569186619	0.149551887542691
"KIF20B"	0.0589422372545751	0.0568259539189367	0.10581753164593	0.92308296382036	0.125608939941032	1.69271864940413	0.0967008562279107
"FANCI"	0.0438997626477628	0.0298043818697225	0.0987275753174422	0.776688814983451	0.101862839549242	1.36827838037408	0.0384730171412344
"ECT2"	0.0331708916830584	0.128346349326898	0.069541469223279	0.629927799826466	0.0534015488451973	1.06069399518676	0.0316399939359514
"PARPBP"	0.0627785322413636	0.0476731388954446	0.0568382610228348	0.57064510150485	0.0573367797293024	1.26587045866456	0.0183873140208068
"MCM10"	0.0103654097909671	0.011194754836754	0.0289521066068541	0.384610996130443	0.0333496644685673	0.468351327438722	0.00978367832851441
"CENPE"	0.0400198406679261	0.0337878679464958	0.0610868655020263	0.829250875830103	0.0540042581438581	2.22363084659141	0.0434336670520263
"NDC80"	0.0470366097099113	0.0185333331716857	0.0287913216046813	0.409471410228574	0.0390949668265207	0.993292791578734	0.0156453235902267
"KIF2C"	0.0148641246176704	0.0159311686723013	0.0247660572008555	0.359850623548282	0.0293884829360512	0.562214978670079	0.0100632815135675
"CENPP"	0.651209062801608	0.526648447086912	0.787598866913435	3.02402843214182	0.527436233913014	3.38465896395941	0.310751697780679
"CDK1"	0.0266881721868325	0.0524085388537671	0.0626712712957764	0.587817951924137	0.0524344717437839	1.09155327313359	0.0546443367642537
"NCAPG2"	0.0407111501027171	0.0527880345559124	0.1159698651353	0.720736866898062	0.100144278094508	1.02823208723393	0.074534711190682
"DLGAP5"	0.0192697651122211	0.032425146083192	0.030993072249947	0.519674032532614	0.0366052541675458	0.924497611184947	0.00906137767756562
"DNA2"	0.053464501566667	0.0737174090146707	0.0846400422174367	0.654087243693252	0.0717666835419787	0.667264058934788	0.0347479269468606
"KIF18A"	0.0189466297934904	0.0186488598143744	0.0332071207594963	0.525331940592644	0.0277203872659003	1.00362193030083	0.028519496964671
"CENPI"	0.0290715996054052	0.030630889057424	0.0457425882927132	0.469575471049825	0.063624760658715	0.888821574796085	0.0194499058730417
"FANCA"	0.0572559592576892	0.205364617841687	0.273567056082833	1.12620428864007	0.150650937786656	1.01808242568893	0.101038116104408
"PBK"	0.0136115810217953	0.019087442931469	0.0403391251835588	0.429900709846178	0.0601314416993877	0.841156561986714	0.0184211463475937
"AP001347.6"	0.142698460382038	0.0602584997468416	0.447170070994458	1.24618343494726	0.318512680587048	2.21009656656565	0.0405991936327911
"RAD51AP1"	0.0307330052333303	0.0397800125906386	0.0425739177452743	0.367712138153706	0.032481583098804	0.70033819875375	0.0135832498319271
"ZNF367"	0.0161906453889893	0.0124836165245409	0.0385251287994072	0.47029872278504	0.0486646299519643	0.395503183627062	0.023865203941508
"NCAPD3"	0.168209985436408	0.197039073954795	0.121932293656208	0.778616549604098	0.150775601024161	0.926795023552964	0.0876283329222271
"ARHGAP11A"	0.0131596651841596	0.0189656850852143	0.0616784598300657	0.389514366140268	0.0480231816109006	0.727802927406257	0.0232119018536443
"MMS22L"	0.155766291181281	0.152892847370646	0.278066576254586	1.28382064290825	0.371653449819873	1.96945901383905	0.0838276247321801
"BLM"	0.0574421526989802	0.196442318988702	0.0478946577100303	0.479761586103848	0.0860196961674267	0.979994000552261	0.027702958075635
"MIS18BP1"	0.355854374170637	0.207711128260399	0.29989881366774	1.31022850227553	0.280991860418967	2.96865300537815	0.159950019681329
"BUB1"	0.0208448716571123	0.0235581085758744	0.0275661895767672	0.387215930296608	0.0390572667873206	0.623467364679301	0.0191645368885248
"RACGAP1"	0.107266368712416	0.0271714719847205	0.0511193482302693	0.440908850245104	0.0436090671233926	0.526716660571011	0.0687539199238805
"CCNF"	0.067222522942117	0.104694814555874	0.0516357735436597	0.459985234597967	0.0418932308746619	0.783408869432205	0.0442993900634375
"GLYATL2"	0.0815412737917922	0.076050709722833	0.300853088691481	0.846598731579034	0.180443227371406	0.823559093407554	0.0361587099719165
"C4orf21"	0.17471047817259	0.0893140234781996	0.208306401709411	0.795405699865915	0.134594997026133	1.07730494659576	0.124078576939402
"SGOL2"	0.0400893546993346	0.023274439238282	0.0469241095852074	0.365422974870926	0.0611605340728221	1.19146726548603	0.0196254344486724
"HELLS"	0.390827519030352	0.411362989688895	0.5275662609524	1.6580430859222	0.463315703116611	2.608437166632	0.249589017010032
"AC004158.2"	0.175809794667854	0.149007253315361	0.17121784785317	0.888187170435817	0.222486148320463	2.32187209723207	0.0835016122462969
"SMC2"	0.104213321177023	0.221378897430639	0.149900676906756	0.611722946472514	0.190626385855721	0.851366034544567	0.0622484415088561
"KNTC1"	0.0547287500838307	0.0839777784515826	0.111172590421591	0.693937674382932	0.156127562944504	1.07469112671541	0.0426738368884291
"CTC-260E6.6"	0.220829016376943	0.272330512020112	0.26842846332599	0.935608219097258	0.279969170829484	1.85233920694684	0.137076191905947
"LMNB1"	0.0609875974764312	0.0377854139044424	0.115290619486603	0.669768908596577	0.164037487589631	1.24095712240197	0.0584964208283927
"CNTLN"	0.428002995625786	0.339224676893107	0.58559393809858	1.40295712168042	0.694572977970952	1.96060376952589	0.238872793657157
"PRIM2"	0.307003407703633	0.329231855182061	0.400734167952823	1.22024586196779	0.530677359921941	2.69177144091283	0.197558372219004
"ATAD5"	0.212285645420567	0.0955931095746915	0.256231949166665	0.825819490739379	0.216041848178596	1.25149094775418	0.164878193609963
"TMPO"	0.401173530779108	0.193128238031619	0.272879084466245	1.0486957657685	0.37157332151314	2.57342478988711	0.106621691843306
"WHSC1"	0.840346451810086	0.720220718341452	0.783065149880047	1.91083084616824	0.67350273258501	3.10509696412955	0.717894624271035
"ESR2"	0.126861718693099	0.102901279869318	0.225722416308834	0.573930754584673	0.131210920846048	0.717390553017036	0.0972001592807859
"RBL1"	0.189681306973889	0.113522760978684	0.227517593152637	0.732985358469722	0.232229906028368	1.16259274191242	0.121709479219992
"RAD18"	0.183619665081873	0.0948988376485386	0.368606481105252	0.855584063424157	0.249344844084697	1.22538103823993	0.100748040634333
"ATRNL1"	1.26674520987782	1.02650196386658	1.72649242814489	2.60779208030246	0.885949554385388	2.0299631531657	0.963316050876419
"PBX3"	0.727372448028982	0.676707398510388	1.62037925630762	2.54650887969234	0.845025477753257	2.43526134859467	0.556557752304432
"SLC4A8"	0.731676088765889	0.805722536280855	1.24519376826394	1.87082155456217	0.0507959652599165	0.425528065224262	0.516474959977688
"PKP4"	0.459912456275018	0.473662166193266	0.254023451721044	0.886187082899609	0.354624535174671	1.13086997735997	0.245262758460466
"HMGB2"	0.261623787269842	0.22763119261805	0.197679505304208	1.17021936049554	0.348769793818022	1.81171030709405	0.15020791511946
"BAI3"	21.4195718098612	17.2800587471658	9.31990754099365	8.31065366686726	11.2887248282836	17.0406681774258	14.1712007684239
"LINC00669"	0.243735753360811	0.428986905294539	0.248502700505023	1.59973787361779	0.492620082866182	5.37542297591565	0.263486384063416
"MAGI1"	0.599174500936849	0.566722678233963	1.17352565398301	1.95653114417406	1.10855377039673	2.73152172632944	0.41674115815343
"CCDC18"	0.198760853905437	0.149431136630511	0.121183600133094	0.62260640073162	0.177080619917764	1.64023642362818	0.137984386466974
"CDK5RAP2"	0.542509630613656	0.306003926148877	0.427877614300616	1.38215278545987	0.577857672394609	2.67582455174807	0.320165004228338
"PPM1E"	1.54400990471365	1.07736046621475	1.53808164933146	2.39555956476049	0.310080873361925	1.10821486161205	1.08398935495813
"SCLT1"	0.863703474527017	0.692180849896263	0.756934896672852	2.02230863057901	0.920358516069528	3.92834713307906	0.800475437705073
"RP11-120D5.1"	0.0542012852388315	0.0415825627923267	0.082802852258855	0.416713134353675	0.21393037150147	1.9302479719473	0.0500798999148396
"PDE3B"	0.429865333142933	0.447829426850256	0.460231929545971	0.923823033385917	0.297649677494139	1.05590155768124	0.135486666528041
"TUBA1B"	0.326266600351613	0.512252498108446	0.67900469289202	2.03080967906563	0.810535827597338	2.90651219704403	0.356748410528734
"BNC2"	0.427639657874511	0.834446963484879	1.74687501747761	2.14382836248091	0.757367245444975	1.29790201971666	0.138847236497379
"PTPRG"	0.710139137792603	1.21707062246212	1.78732222524788	2.16014385377958	1.47296053049112	2.31467589785047	0.468783007627878
"STAT3"	0.403100793565939	0.515854061609852	0.265948872154371	0.172835470955343	0.42768089340032	0.52996061424514	0.93697287042593
"PCSK2"	0.643337327010662	0.870282946840944	0.507231803516029	0.269620741533973	0.527763184850283	0.867946490308803	1.55525918499559
"KLHL29"	0.57391089556022	0.511097525600744	0.540523870899904	0.372491029620838	1.29734883275987	1.92854352518497	1.38475968832236
"NCALD"	0.451017214715243	0.244043148680814	0.336001255389448	0.232244140286538	2.19305997374993	3.63302234291451	0.254444601799738
"IL1RAPL2"	0.195657692512517	0.0982595291108054	0.0547561910327222	0.0466967884622021	5.13407913950194	5.59832615914703	0.0729394650371931
"CDH19"	0.149005680033831	0.0321447646452253	0.0152421971109247	0.023359832434418	3.82970024254226	4.28183470864502	0.0181383156344175
"PDZRN4"	1.54252157923783	0.143421376300451	0.0470017302738441	0.0653626970071363	4.83208781756405	11.0651841153622	0.14725487489253
"NKAIN2"	0.69410222251842	0.0469968586050681	0.0764670099386505	0.0647084722422903	3.22771918977863	4.06946649926036	0.0798677798733143
"OLFML2A"	0.0176028716689006	0.00741410166388183	0.0159900290628978	0.0226489765483897	1.8430290056371	1.70440828123186	0.0115596234763269
"MEGF10"	0.11555809783542	0.0193536555526525	0.0175624269299056	0.0316029603525397	1.97399359488225	3.02590268010835	0.0131223850695798
"INSC"	0.0600198382028842	0.00480983557836693	0.00585535038497839	0.00399066875634494	1.65572172704157	2.08681707187316	0.00298660498454948
"GPR126"	0.279978484738734	0.0234084306332217	0.021139032818193	0.0206942589220953	1.8169346080467	2.84428202369646	0.0179544354941463
"ABCA8"	0.092781468182951	0.0536133829307066	0.0114653147613264	0.0257824110364763	1.35563029610138	1.58459911499261	0.012854361415358
"PKNOX2"	0.1201965886166	0.0129386896851003	0.0447964014454505	0.0532767152611232	1.5539830942987	2.44693681196382	0.0131041509729134
"RP11-152K4.2"	0.534731389435445	0.0154171948469113	0.027211769088228	0.0187170652122182	1.28800129452502	1.52334393400353	0.0109557207521839
"SYNPR"	0.20763188507466	0.115769003457448	0.0275375979957481	0.0819781301612783	1.17249299272465	1.01851452065314	0.0750997123499789
"ADAM12"	0.25196233883993	0.148308761816628	0.0539970671410175	0.158877929186455	1.77442979623861	2.6796964248069	0.135764560700988
"PPAP2A"	0.623288527712579	0.291806540863955	0.295882182294966	0.397890861421113	2.48404878700186	2.8333667399107	0.24311230126272
"WWTR1"	0.42177947005136	0.251346741708855	0.259173278309809	0.184234357957831	1.99977513991052	2.3280762545841	0.180672533361985
"SEMA3C"	0.0853149806795268	0.0408242080901541	0.100878919843712	0.148716946342132	1.37500353415711	1.36727268440157	0.0375673128371463
"GPM6B"	0.776028330832391	0.0690133601314654	0.150925809156342	0.13533804540971	1.75276389615226	2.33897864472275	0.0962676311869181
"CHST9"	0.0277340562096049	0.0103590540127406	0.0243965649924934	0.0260814115004051	1.08571179633214	1.5023956741493	0.0146934991102262
"POLR2F"	0.112931808134511	0.285454238954347	0.119203846845858	0.128769289102105	1.32482792421817	0.930652332885754	0.110347975238372
"EDNRB"	0.176160679447913	0.0465230531304513	0.0461649671762105	0.0385892703070506	1.32562638194162	1.52113314057842	0.0465613006371114
"RP11-366L20.2"	0.0670493126235916	0.0351914558880937	0.0392542510438792	0.0318959341011935	1.0673212599643	1.58898050571779	0.0240932387795652
"ZNF536"	2.09065663753718	1.16141354900631	1.54569976108049	1.78621336151035	5.54351531075295	8.92364638014476	1.54826710882531
"SPRED1"	0.195034159686774	0.153629500987534	0.282969866453746	0.217326438897703	1.69132528060862	3.08249545666901	0.151759875835961
"LINC00478"	0.711305506141647	0.532055974750949	0.495153379844694	0.494715877409853	2.54740393294641	4.05266747053423	0.436144711844658
"FHDC1"	0.0567698769390743	0.0133374314971608	0.0134582080561437	0.0333804664366073	0.841011200005167	1.02068235438643	0.0214424639773291
"TMEM132B"	0.0639580894611467	0.00223210826370782	0.0141842229430418	0.0331823553850587	0.921766390156488	0.938471606929762	0.012707007662128
"EPS8"	0.268216201427029	0.0760803543297445	0.0726028424724981	0.180535097425138	1.33060205520242	2.25218396061905	0.0523722821021829
"ALDH1A1"	0.103551949230233	0.0117495279429233	0.0249163110027825	0.0338032682411736	1.00395270647745	2.48900216964544	0.0316719189596757
"PLS3"	0.208388297048541	0.101009697384554	0.063583995493386	0.0994905344129036	1.33495883035355	1.9725534243181	0.0738723214132666
"MAP3K1"	0.375684356863505	0.265172840523152	0.318578209460492	0.363231911470784	1.90863289611564	2.66901165867609	0.183352857200191
"MPZ"	0.052337318629158	0.00417964480985383	0.015409527699179	0.00902935244663838	0.813421662006206	0.628785056623107	0.00613799780767744
"TMEM117"	0.303390337387635	0.102658475069631	0.12008833798989	0.279711599880732	1.40930080832013	2.24839703156228	0.140305223199231
"ITGA4"	0.0285548923936483	0.0233963945999677	0.0202030695234284	0.0431761038530526	0.850787640940898	1.42716602912269	0.0435765112740942
"RFTN2"	0.282743378422071	0.0792610401758686	0.0460290463244937	0.0618374725606402	0.90840054194329	1.1516645496225	0.0464036513004176
"AQP4-AS1"	0.114781604278922	0.0799139442918414	0.0778720029600718	0.143466874476993	0.935040202671385	1.29679008690971	0.031650287877143
"PLAT"	0.131889139910192	0.050850782943795	0.0680930049896458	0.0585223083457396	1.0629222117978	0.966807445258587	0.107591721372055
"ERBB3"	0.117201785337171	0.00618639057966632	0.00463084897318875	0.0124299394466226	0.687224594998088	0.846576761515387	0.00878847279791202
"PLP1"	0.122290671393156	0.01257698622765	0.0144160003595183	0.00956920988829135	0.840726966089112	0.930915963682588	0.0181409728243327
"ARHGAP15"	0.0199438208019925	0.0112220901579858	0.0440217772691581	0.0568697109682353	0.747117257027927	1.22567529401842	0.0225660300821204
"FRMD6"	0.470156777999741	0.0409640335673666	0.0625596369956365	0.0611378634018636	1.10884751780494	1.53585185518294	0.0602482293555869
"AHR"	0.0792639711214808	0.0131917110364214	0.0219078852019407	0.01892447915617	0.963326700973035	0.957758959033554	0.019729700671265
"RP11-242P2.1"	0.0415941979944977	0.00287131554557987	0.00704670633785828	0.0370757224202659	0.817320693296677	0.942879374635788	0.255855730537564
"COL4A2"	0.192526210542125	0.14600237113149	0.190589798929731	0.264076287647109	1.26006088546494	2.12134956384454	0.190179863718817
"ITGB5"	0.0777979893412334	0.053325774822673	0.0279420987016088	0.0371755553164221	0.788226801533633	0.980111445752775	0.0806257951098714
"ARHGEF26"	0.178667745425666	0.0417895422555221	0.0262451768397858	0.0263724545476184	0.95892322387468	1.73935455077138	0.061338801919435
"PRIMA1"	0.211137829245024	0.0456236017994418	0.0715299263183157	0.0703735909409256	0.754509998628407	0.963140695745085	0.0388723986975558
"SHC4"	0.0458916200794516	0.0225081544996357	0.0147136088227568	0.00963111218980729	0.722675615695883	0.822280084995376	0.00786435089164012
"SOX10"	0.0353165485941784	0.00749408796710656	0.0176750972453528	0.0144873704375297	0.668858025275264	0.933013462820662	0.0159191891474558
"BCHE"	0.742394667476736	0.0665389892793562	0.101511596470956	0.121968091521432	0.983137200400009	1.42728781310765	0.13628305475555
"DAAM2"	0.0529025321488149	0.0812050035366511	0.085984068029446	0.0872880033702342	0.791123330044293	0.924636860189842	0.0673937766538133
"NOTCH2"	0.159474674214732	0.0693372553539172	0.106674453994868	0.0840858912582276	0.852487327134985	1.15602276428872	0.080511517697535
"HMCN1"	0.0858411798076354	0.103869446434685	0.0252172988170145	0.0382233474200137	0.671216471321355	0.81384462005065	0.0319184670409689
"PLA2G4A"	0.0404295008457618	0.00670331020253047	0.00811464505588386	0.0130725383634032	0.606852077485791	0.862224947164773	0.00611393519902527
"KIAA1755"	0.0987499470499279	0.0150805261775108	0.0134255124023134	0.0184102429677389	0.58654643843932	0.808336561495358	0.00904734113080887
"S100B"	0.0195288002116651	0.0193639651581972	0.0200805223765157	0.0086521717450284	0.628188383159336	0.310729945588012	0.0169209519930642
"PREX1"	0.188722752592168	0.078216705653208	0.0275160411167237	0.0370810666231713	0.698974830371245	1.34063758615563	0.0661364464589394
"ETS1"	0.12106996957923	0.174703720947526	0.0771142724392146	0.0393540447611962	0.803131207434119	1.07499888866175	0.0510626151779488
"RHOJ"	0.202973430787981	0.0129651384717685	0.0163924264147918	0.0169436880384639	0.55933544926994	0.639967034416292	0.0170393370721042
"LGI4"	0.0955558590814574	0.0179382955919359	0.00773033775731161	0.00596069482560267	0.64268595698908	0.816769655692351	0.0177523347691988
"AFAP1L2"	0.0132605311858902	0.00444328494608841	0.0100217139537801	0.00514788254633386	0.506674625529319	0.53498713118165	0.00705078744803348
"RBMS3"	8.11953562704647	5.63036882439612	8.35843632721675	7.70360473743238	17.3957358463678	25.2560122071908	4.06069465516648
"GRIN2B"	0.00290156255081551	0.0103518775139456	0.00791854600510197	0.00616276291166931	0.407542190038688	0.476327326617782	0.00435016637111858
"VCAN-AS1"	0.0228678231709554	0.0494615383773732	0.00721208959699544	0.00774990357454837	0.463729105909547	0.579135100769025	0.00322155115071372
"CYP27C1"	0.14407548595422	0.0174373261925414	0.0297495081833589	0.0298147682448587	0.563699780209839	0.521076550274316	0.0249576717349127
"LMO3"	0.0135339131377582	0.00303194626902367	0.0101508224054844	0.0132429327011761	0.47019086014979	0.619495785083283	0.00717433989024715
"RASGEF1C"	0.0145895767576064	0.0149782211665684	0.0185826582059622	0.0193038301617158	0.387175077688373	0.397302899596037	0.0207944361936005
"RP11-452H21.1"	2.08472437445199	3.8605891156457	2.93834783891638	2.63361926171097	0.611734453472898	1.13724073571619	4.74045518448329
"RIMBP2"	1.54450796696646	2.69718218296552	2.5263564612101	2.17285582918545	0.103128850401627	0.177563270520933	2.03675929785126
"SLIT3"	3.92711300740834	7.01873089155621	8.37985406350723	6.92979504661572	0.812244374975813	1.18702747738177	4.34994022792813
"UNC5C"	7.27700417136159	5.84986318638646	4.99325623404899	6.21517670133873	0.565154555422425	1.0260120985326	6.94490305901242
"SYT1"	4.8854915333964	4.0892230743659	4.97387674953046	5.35494148922944	0.384966702672324	1.09653485271583	5.04917836325259
"CNTN1"	4.03210460956112	5.34149319040876	5.05228742463756	4.20401503504742	0.40303750683535	0.452303550106963	5.60315201171238
"FGF14"	13.4662034750669	12.8517125883114	9.53439454550604	10.9118004149607	0.590727212625816	0.710354196048124	12.3115024046529
"PRKCA"	0.899006872043633	0.589730397105742	0.675942800267895	0.672983559484571	2.70915995923737	4.72798367639603	0.489853303884163
"CRISPLD1"	0.11435782201963	0.0306800335157975	0.031535847282593	0.0789161027346197	0.677088784641864	1.23362452247964	0.0546926623689458
"PLEKHA4"	0.0474449165329181	0.141143042549008	0.0232691093782175	0.0268678730060731	0.450563792097128	0.640728380226454	0.0235039916918862
"GAB2"	2.37704946687515	3.43433335919485	3.29990265802816	3.01162720984983	0.913075126993534	1.76334848770778	4.53951751618651
"KIRREL"	0.345149481148508	0.254367680404429	0.0538875157099428	0.0850577504272937	0.818824241318054	1.26786442678475	0.107678657968012
"PTPN14"	0.215975584472173	0.0869999291688581	0.09751166198529	0.142408377105227	0.8745561639475	1.18222999515509	0.111102663719336
"KCNH8"	1.18204443067297	0.359596907529493	0.524326867697727	0.272964942472831	2.23566513060653	2.38137070414685	0.374214487422197
"TNS3"	0.776013580430876	0.118520927082095	0.100082727282644	0.112445687113295	0.928915632398193	1.35088081334352	0.163681551821157
"STXBP6"	0.0208032330683115	0.00557034861712629	0.00876630752956988	0.0121328733711662	0.528995803778703	1.29558827440805	0.0269310159417898
"YAP1"	0.186749645938966	0.172958458400819	0.128482857058616	0.158702790815098	0.958991407265015	1.8773504763851	0.134444617749674
"PLCE1"	0.0402536455782478	0.0552314874347103	0.0861739993629756	0.176037515815647	0.768770859466889	1.39397199213627	0.0693536070742415
"DGKB"	2.23564545089707	1.5764378532486	2.84722213321377	2.76337203723113	0.46816233379811	0.229029420365275	3.64809748672381
"CHL1"	0.0420029442330803	0.207613063080123	0.224868789208698	0.133396188918388	0.931648705380512	1.43680875389105	0.0141947095968487
"SRRM4"	1.97921491150321	2.00158340144566	2.06317087530359	1.54302830385497	0.174311318379257	0.128666093723215	1.79387574513742
"PARD3"	2.93000933233161	1.5972642950677	2.2510764743989	2.96211288590995	6.3689520931894	9.67651245882464	1.69799579464049
"ITGA1"	0.807120711046661	0.529435733017565	0.662463724378608	0.755681587515989	2.56124483515281	4.49125013583449	0.335224758323006
"NUDT4"	0.251847019790512	0.236126414533874	0.110102681293936	0.165149845515518	1.02149551631456	1.15528193305975	0.123788904115378
"TANC1"	0.484411985034588	0.210371723431032	0.194230513792897	0.20372723076794	1.19822992517081	1.91968796379307	0.119885426064224
"RP11-308N19.1"	0.0512241823596885	0.0254888530942809	0.0905821088032405	0.0542939461238015	0.946050868558265	1.70486204564495	0.0413182410385959
"TTYH1"	0.0346703960697083	0.0157534489735181	0.0275322975714973	0.00986616034243025	0.364524285935032	0.340274100332648	0.0175554958586472
"SGK223"	0.0633357753755514	0.0308089453507439	0.0425568693990803	0.0459884233350978	0.581906788625453	0.91914702454858	0.0168419403832358
"CTD-3088G3.8"	0.0202945744743211	0.0164790714016726	0.0243002057493975	0.0782080616808745	0.845392525574431	1.12964210865805	0.0317694283372142
"GAB1"	1.03782501622552	0.697389777739346	0.491849781213229	0.462367040614013	2.12517995620038	3.30570569418969	0.30610825194905
"DISC1"	0.186728800874777	0.177896260482698	0.12244234557677	0.0851512617786084	1.09174900599609	1.73861572493172	0.116029899384296
"LMO4"	0.415936215090367	0.0249165370789909	0.0515501889476285	0.09417888386131	0.638276825634351	0.904890868561153	0.0467193204613977
"COL9A3"	0.285250411717033	0.0119185062736346	0.00783148320001858	0.00678766485481034	0.392965842059428	0.648013125355738	0.0142216231859641
"GAREM"	0.594096157577697	0.161769652574227	0.243377004083866	0.278572464918701	1.39814031986191	2.13207589775248	0.302357657094787
"ARAP2"	0.137156696570629	0.0172343440941523	0.0128279681299931	0.0164244857700467	0.486298593787851	1.23338841150588	0.0965672259100388
"RARB"	0.183927961291496	0.107508316307733	0.0690494406204578	0.131831436649859	0.653401060316985	1.12438060976183	0.0440505584617568
"NOTCH1"	0.19052296429343	0.0226880229157244	0.0190240580535876	0.0310225645863906	0.499436033301677	0.905501411628692	0.0185449995279953
"GINS3"	0.00569850657348661	0.00803056672648374	0.0176063599899881	0.0480510275681314	0.448413520792748	0.366624777944033	0.0127247478961379
"FAM163A"	3.33171575257425	1.97414522944539	1.13283387401396	1.24174347625895	0.131882628416834	0.231184943774666	2.4828711036276
"NID1"	0.13290374981999	0.0606949175682835	0.0620489266137072	0.0592018190421883	0.682668133050085	0.890710451983809	0.160172064450609
"PCLO"	2.85736089702201	1.93042843853943	1.91111742554329	1.60409031007074	0.295149108439942	0.403821558640757	1.97291887591293
"SHISA9"	0.0265507020849797	0.00492043844497495	0.0520242156418836	0.0419169385443756	0.754394840431659	0.787598442028511	0.0229055787057903
"MYO10"	0.18990657110239	0.103939871814387	0.0808067245460687	0.0899129223424801	0.770368646596632	1.25434241252652	0.0647371499353063
"MAP4K4"	1.09088374471887	0.835992479367464	1.31145571370358	1.52249376282155	3.33381953251025	4.83705090644471	0.465045546146557
"SOX13"	0.171605362499845	0.0384608734749833	0.0249906940763892	0.0294280388107599	0.419920266920707	0.702913176166808	0.028740750477996
"VCL"	0.126635496179033	0.142154530772372	0.155995032459793	0.12613569950317	1.01458581500488	1.22352232921676	0.172967988277009
"CTNND2"	1.79935103741378	2.08727057080775	2.99928541618381	2.91831604756766	0.576876892279511	0.776371029117918	3.82978901957881
"GLCCI1"	3.05617467754157	3.48490109672956	3.23061911836833	3.87280754454838	0.551585616036974	1.03638932489813	2.18925681314677
"ITGA2"	0.211214953580357	0.0725326970590164	0.0247266870239497	0.0257278610401988	0.486764351973919	0.826742526949083	0.0157199270113551
"ICA1"	2.07731419242607	2.09035579052994	2.31377701599893	2.31437635507855	0.185743506411117	0.190712813034959	1.05311520127458
"ARHGAP31"	0.120827482646462	0.0301695590516199	0.0333476506591852	0.0449592162399295	0.452608944516277	0.384392299388493	0.0275307372530774
"ITGA6"	0.0921889179702905	0.113863899693718	0.0417036981825768	0.0357024236675318	0.582713819895323	0.745787809657561	0.089315186012085
"C4orf19"	0.0629103177166759	0.0480396098758849	0.0231237988832946	0.0608409675985974	0.512068833817625	0.86309750640674	0.0374211831113327
"MIR181A1HG"	0.131305537773254	0.0858418304842814	0.122909708676064	0.109672935709474	0.614486185544587	1.20771005922724	0.0434168181137984
"TMEM2"	0.244742863807498	0.043448605559101	0.072419807813396	0.0846271234406223	0.972963285093006	1.73363822677971	0.0860625603212928
"OAF"	0.20392554412774	0.136934914153493	0.0547412240389209	0.0599410241603255	0.675263421876251	0.743168379057592	0.0793091270277609
"PTPN13"	0.481709458195452	0.159170617688689	0.147431323292223	0.132281660742111	0.833387217166101	1.11584179968613	0.125873474327783
"TCF4"	7.59367741310901	5.02550201542051	3.68614595121557	3.58814120844527	1.96672965089029	3.12827999495923	5.05896275774452
"ASAP2"	0.364157728826073	0.385869892666717	0.435315061987273	0.832588675052712	1.74000700196698	3.09093990924959	0.203097131909319
"NGFR"	0.163538198821383	0.0477089899983018	0.0396204778968042	0.0148024575690619	0.483495645998796	0.691856769484422	0.0192366555114691
"MCAM"	0.0660114653686991	0.0659249726230388	0.129303550313614	0.115247796093921	0.742044287001286	0.780377391775697	0.0718503512333126
"PHLDB2"	0.189269104584284	0.145604043396808	0.0396375465433403	0.0775544157686423	0.70031370552867	1.09643590815818	0.0467639899312091
"C10orf11"	0.242368585376346	0.187506029060007	0.237006894639018	0.239000065501238	1.41483884688248	3.18815501768909	0.269006852265413
"FRMD4A"	2.06105962311141	1.29183820207239	2.23271199655539	1.89200833557432	4.79915450703786	6.57367932594493	0.874934082483167
"CACNA1B"	0.847963147704595	1.29711732485316	1.27850260106003	0.905104830982207	0.0631409316434104	0.0416518229830662	0.993416222912045
"CDK18"	0.0830132910203405	0.0228776382566697	0.0191537179883269	0.0137850452668732	0.322955225143841	0.313623159552622	0.0380341371299702
"FOXO1"	0.385101552762772	0.534456243338619	0.244048223533373	0.265422435280322	1.44250154247239	2.4984482997645	0.362902813487558
"RAB3C"	1.38017288332068	1.20635624968941	1.10996426014378	1.06714607221851	0.075780364764192	0.0918929402980075	1.35247053230759
"LPP"	1.04441678111738	0.733758843747986	1.04702928458859	0.79379852115271	3.16059312727203	5.38681931323877	1.03904323874136
"SIPA1L1"	0.593126307472114	0.432103584175998	0.446792807364563	0.641542013503197	2.05982380132327	3.9572738959571	0.646302661272462
"IL1RAP"	0.0407507425720507	0.0111028654542909	0.0403124263445407	0.0313094188129108	0.579172720110047	0.926469437307697	0.106181352828627
"CNTN6"	0.118826482327805	0.0920986084111206	0.0621589855638161	0.0389522610274474	0.620351725757828	0.877433813898273	0.0505417643194393
"COL4A1"	0.20974855701454	0.137130203263286	0.134927118414715	0.0965535862188568	0.861670068730847	1.22346220881107	0.104220534891361
"ARHGEF10"	0.10494060676033	0.125039035252956	0.0977804407497253	0.2559196791364	0.743906776266309	1.30649589291695	0.108617002380081
"WLS"	0.164682009770525	0.0558185075316428	0.105323763588146	0.0735127704250362	0.555637366434065	1.03157075466661	0.0481273277425364
"CAMTA1"	2.06248149797896	2.80772280996908	3.05074487471965	3.20124054632767	0.940990775344009	2.04734850702993	3.15824280184165
"GRIA2"	1.46635196739971	1.10480656024029	1.02209866403287	0.976710323417902	0.0711423567545544	0.0273503382460393	1.01901006969611
"SRGAP2"	0.732203234799294	0.387235042639921	0.387654327011385	0.741801066742845	1.49795194201626	2.62154986192414	0.208270421976841
"NPAS3"	0.259864073621391	0.212070882944689	0.586191112484572	0.722873521339878	1.8722376301495	2.34796086187456	0.211446123851475
"NCAM1"	5.89548289093126	3.83009519109314	4.60851995714373	5.32350355650157	1.81688343901018	3.44034277445515	3.17012126931858
"ID3"	0.640509968407006	0.16364020875325	0.178278343005646	0.23560193226266	1.6029403733341	2.06591948487318	0.212917883392635
"RGL1"	0.146082385086036	0.0704606196825458	0.130881339636508	0.158016781134813	0.731337948463961	1.0049604494578	0.137698963193463
"ANXA2"	0.0599985801172468	0.121759305530108	0.351009374552359	0.230324294613944	1.17287638779509	1.07412661589016	0.0949033633709982
"WIPF1"	0.253865463535277	0.0788144372247032	0.0638951474872199	0.0666527234949202	0.66338215609611	1.41943815982277	0.157242129147255
"GNG12-AS1"	0.217274862428541	0.0364413818976286	0.0506887376637484	0.0534174495763666	0.468477519539995	0.716265199040933	0.0536377970544749
"SRRM3"	0.744635901311341	0.621837952295287	0.971267444675369	0.735438320356202	0.0415528598999407	0.0546487071229341	0.823521984624779
"SH3D19"	0.157397953322963	0.374697515602771	0.278808320806534	0.24654626770994	1.13229333240454	1.65033773140409	0.389233027364824
"COL5A1"	0.0586239512347038	0.079137672872894	0.0507031004426808	0.0492903164455339	0.364451886229807	0.404069885132017	0.050808920565634
"GFRA1"	0.453617358697369	0.225541357527082	0.11855160132631	0.297322168206594	0.78832262270657	1.63716470573858	0.0551942777203642
"OSBPL10"	0.061065403152677	0.0667484631016479	0.146233002128909	0.147227406706744	0.732127537428285	1.10463830390965	0.0744359484768611
"EPB41L3"	1.39327563452506	1.45936798438519	1.27373662545321	1.81169299808985	0.334003478737915	0.382940015834959	2.46193946314569
"LAMA2"	0.0900159931483408	0.240218297838788	0.124884397430481	0.116117995359826	0.966290340311895	1.34048462575732	0.124476137888678
"KIF13B"	0.901142882578226	0.309911115272651	0.335276819601614	0.420737662654146	1.84980091908377	3.05510397061383	0.519595260913388
"ROR1"	1.24444251035794	0.729404446324287	0.925894100669764	0.615775345610179	1.93866646747229	3.64850305217255	0.486516056630585
"CTDSPL"	0.245484961493439	0.120746270282786	0.206240693828307	0.375300205573895	1.10832885250236	1.2883209632971	0.155180877861403
"GSN"	0.0947356659793565	0.164577806078682	0.0695948873742503	0.0752354767326528	0.566627298931725	0.541893565712323	0.112325957992601
"FAM13A"	0.683194913541762	0.386749705044176	0.184489323204298	0.18728361428019	1.00065415163578	1.62742227580404	0.221721348373043
"NHS"	0.393979950158009	0.12226375995313	0.471224366063238	0.513584481123983	1.59548875521144	3.29532753778078	0.406360753678819
"FGD4"	1.02190331980459	0.303818590029577	0.37261886167811	0.342886312877237	1.31228951431924	2.74342660691328	0.232939406376733
"KAT2B"	0.37431737590451	0.248349291476779	0.198339228902064	0.248162582535513	0.970203989914231	1.2060257472799	0.10652537247575
"UNC79"	1.41884236858026	1.1098790035445	1.31145874171623	1.17002347544819	0.177599990230214	0.109982503794339	1.23050371823098
"COL11A1"	0.379978190047258	0.150691748479649	0.132634186091099	0.142055550296197	1.02739854340221	1.23196359110299	0.145444369405281
"STK3"	0.637439414368394	0.309168051174349	0.214622187740995	0.199877598878953	0.969590049388232	1.80021943974006	0.284946430700924
"SSFA2"	0.194335018427424	0.10676642977324	0.0928496560315444	0.136173105810751	0.688306933299556	1.35471484696005	0.107102557079839
"GNAO1"	0.605136037713553	0.896838929045683	0.975807251050308	0.965068520130025	0.049142708689466	0.0316314758594273	0.700348143354948
"ANKRD44"	0.865834186196028	0.649722953529591	0.613936984094825	0.961093324225097	2.30648668230324	3.52048547937736	0.689192875515983
"ZFPM2"	1.22707654502841	1.13813470638425	1.77964462996595	2.21376854224625	0.202265394553038	0.423518828563065	1.14362674022694
"DOCK3"	0.720365634034189	0.74295666323819	1.06924368706897	1.10921151324702	0.117627339256928	0.199132366544136	1.12672362933701
"SAMHD1"	0.0516073045610211	0.0146195675522373	0.0573260190208495	0.0663527156823686	0.47309939161345	0.539082389854444	0.0450834670610283
"MEGF9"	0.758340685314631	0.169524108665206	0.334330973283501	0.356705470701239	1.27882792302416	1.4750968183917	0.179292996581837
"PDE4B"	1.01158826852125	0.243348161274344	0.681662181654119	0.993061506710972	2.05637325160846	5.11413148938687	0.403802187333797
"LAMC1"	0.191189280695649	0.235370311351432	0.190913564038233	0.185329846252428	0.89685343302293	0.949861304217591	0.182220525168279
"ZFP36L1"	0.132100252112204	0.127045130643223	0.129934641742885	0.154077288046102	0.893382808500024	1.2650395713312	0.147018849606794
"LHFPL2"	0.166508594762824	0.0395059292082434	0.269636905731647	0.288484591771951	0.992043245067095	1.65781749866699	0.0664809359567925
"MOB3B"	0.139906428717644	0.0975524381234965	0.0711505923211794	0.0481174708431912	0.515277016176307	0.969289076750444	0.0948865444778312
"INPP4B"	0.201815698560665	0.246795869089103	0.393233142746571	0.27884735477912	1.20058876598833	1.04040716239526	0.112275151804114
"KCNMA1"	0.90102868284907	1.07524497710537	0.830925583197402	0.979828265052977	0.271688264317414	0.322897294386496	2.35967820719555
"UNC80"	1.51940011160417	1.40040403252642	1.11476796568844	1.11833523705584	0.286483067902756	0.237508490753296	1.57539612022127
"CYP7B1"	0.144277428424808	0.0749425298222944	0.061148729956727	0.104163593351861	0.727897588995018	0.972227737931341	0.129861916995667
"ASTN2"	3.21434337306288	1.73212984846606	1.9996739547003	1.65299733815821	0.536973875298248	0.674481896897725	1.66160300159335
"NBEA"	4.73894054839518	4.6292521388979	4.05149475506022	3.63541923464961	1.7605643642415	2.03553681856089	3.06936851173131
"PHLPP1"	0.212655404555145	0.331497671483241	0.373961045526952	0.598896407365086	1.35578868178938	2.14910819230334	0.238812819786442
"NR6A1"	1.07301696408302	0.388499967640219	0.496697942793185	0.729373416548986	1.72462674774545	3.19550350176242	0.564787789262515
"METRN"	0.231567756347359	0.123473485982879	0.0922562572952802	0.105871458708853	0.724829027645944	1.05075238064649	0.109018550371841
"CYB561"	0.354319840809784	0.748872946504284	0.417000750470536	0.406192509360906	0.0409807178754307	0.0490768551768177	1.38906182434734
"PLEKHG1"	0.170067755717155	0.0866917961926667	0.114918850773128	0.0979818143697165	0.526004861990223	0.552368259013542	0.0895310300859596
"GATA3"	0.961628268859984	0.795940662377942	1.04900702261196	1.15424121341178	0.0919412514168689	0.0480802885055955	0.441638204673653
"PLXDC2"	1.19518258877544	1.21443901594739	0.80773579253764	0.803578205931413	2.74307548376713	3.25481385575534	1.08517195109503
"HSPA12A"	0.0771952598246404	0.120063382025372	0.0940378599295173	0.0896509574042653	0.425441026521726	0.497970465873362	0.040063696440584
"DOK6"	0.778392236770212	0.15522408317356	0.313930555105924	0.378670602770284	0.884985357060905	1.30971885101345	0.141527004293275
"RP11-141M1.3"	0.229577384719194	0.139340877760158	0.067004658943416	0.0609318355080404	0.7525643579879	0.958553957889968	0.15242925974134
"CPED1"	0.285233604694814	0.0679728439880113	0.0593185584435494	0.0975814761223486	0.513664170396799	1.26683856145437	0.126240646598598
"RAI14"	0.0823776222043358	0.0966779432493467	0.161479860255937	0.290562934504807	0.636139512519548	1.22331641974906	0.078673320481364
"SPTBN1"	0.742343156858316	0.732480755983786	1.07295602320856	1.27003083765235	2.33754234038227	3.15822660970316	0.474539072994637
"PHLDB1"	0.347133194016075	0.279632351944045	0.1871190194142	0.13855064900732	0.646418675383811	0.863105890766883	0.173335785904618
"MAPRE2"	0.775473629458643	0.77882645422555	0.702704914925526	0.668144563789144	2.13968813812633	2.55110487462345	0.462500243916528
"LPCAT2"	0.168056413796288	0.0827809410612702	0.0922120983931538	0.0656720326703514	0.470303888828442	0.596482617092231	0.0230673370426874
"ZNF521"	0.349386940006424	0.236586468186279	0.290205346273116	0.282034198229181	0.92258231064762	1.59510757860817	0.287194946183293
"LIMA1"	0.22000421285544	0.224991308254943	0.168231661486184	0.147672868956257	0.699201483030993	1.17560530339955	0.101215043675471
"OXR1"	0.536869712935323	0.432827058418878	0.349609792632114	0.375336505863144	1.61860949636915	2.95610505738395	0.350360270290369
"KCNIP1"	0.112926042928869	0.0509253181993931	0.179428792136897	0.328848874928177	0.587505210223251	1.16812255641428	0.14247291559837
"MAP1B"	1.22186058661499	1.12571907737178	2.30195394159339	2.44949036644868	0.2928810560717	0.663289510582854	0.857234460067587
"SCN7A"	0.0129249756325564	0.0403648616175292	0.167750810818216	0.0815991066334366	0.583301199629119	0.475300149998664	0.0366421349930029
"ST5"	0.176105031421592	0.146983896980782	0.180350355215127	0.222955903201261	0.598560276034765	1.17855606468322	0.078482940309157
"ALCAM"	2.88569104606371	3.87671431927127	4.03556089133696	2.81789808536272	1.30917212293516	1.74542661930615	3.3840294393819
"USP53"	0.120248306986064	0.123182726233392	0.0780173448327496	0.120228858550058	0.532569118674134	0.795065807431021	0.0674268960430587
"LGR4"	0.446577743193243	0.696343049534504	0.227801372347487	0.273099301746285	1.05236078741436	1.73144244577784	0.229067715841056
"GABRB3"	1.16894776297907	0.889688445213458	1.11858995622373	1.49947414406834	0.212939017963142	0.161019195556947	0.954242045890711
"EPB41L2"	0.401915699870681	0.297386830575916	0.217738321527921	0.408264670388187	0.969509470191001	2.12669048595937	0.187265627416084
"GRIK2"	4.78996295352701	2.92100942320138	3.74825309323939	3.44948787726111	7.00349923126793	10.5393273191466	2.34240090695572
"KCNMB4"	0.131614707452112	0.0717829612556239	0.101935517138942	0.0884742969023047	0.463617777021652	0.396516109270481	0.0343859607066489
"FBN1"	0.240184487092637	0.148899298427798	0.10029082453657	0.221552587673626	0.595296922164675	1.01077604669887	0.0821735018002859
"CREB3L2"	0.276440485448252	0.0906736229421478	0.151738661627141	0.182904282275644	0.653390470361906	0.879768308633503	0.154974507914792
"UST"	0.381979968668201	0.150736875699769	0.267823045241213	0.263570370268167	0.964578224207173	1.31317704978945	0.189617878112879
"PRKD1"	0.875897605675975	0.726647379585481	0.368992438934054	0.510210908038625	1.65009418387591	3.58821970455062	0.434616892031539
"GRK5"	1.78295122026733	1.99419072970679	1.25639047356718	1.44932871079768	0.452804340865881	1.01340949933085	2.95613494575728
"CELF4"	0.536105084718622	0.467577858705358	0.872216857062688	1.05910266346597	0.0641070329671033	0.06046779470064	0.649714482257961
"SUCLG2"	0.246972586422322	0.250972587265777	0.149575583533798	0.151746611638416	0.633874919704094	1.35122252328552	0.194959345067516
"NR2F2"	0.207209033475718	0.1206056042844	0.155770428668791	0.160318533112405	0.564659805098597	0.898293851089524	0.0930724448177825
"ST6GALNAC3"	0.564514335876918	0.323914830137878	0.801563078477538	1.12572417185004	1.89778551754038	2.84590192369121	0.254479361250679
"COL1A2"	0.395610552538883	0.576805273213564	0.339773872227821	0.358022703421446	1.21178289296741	1.73375589732591	0.434411817000799
"CTNNA3"	0.640742350556271	0.359420780845647	0.350874677823334	0.339216619843527	1.51105897699143	3.06979285616087	0.298862866744399
"SPATA6"	0.394567848422307	0.246058752994885	0.366347565456466	0.281981585135851	0.969776194978315	1.23949668050519	0.249855018978712
"RALGPS2"	0.267810428753232	0.232385570366396	0.478202583636924	0.71651265704238	1.33340272238941	2.1790654850764	0.331674906766711
"CALD1"	0.577908897431209	0.54649806576701	0.524119692250448	0.454129621878046	1.34349290262379	1.66722837433867	0.354986823975561
"CEP112"	0.250418053634768	0.343218108796448	0.106299167549849	0.363116535463729	0.753336858265202	2.99495934040378	0.321323021008043
"PLEKHA6"	1.51493722399219	0.820565962778814	0.742897693208917	0.628055100682919	0.154230605938775	0.163348666411872	0.700757351144239
"ERBB2IP"	0.945196578333695	0.641339707291937	0.628931306350395	0.85498857384209	1.68134841915552	3.39227226515867	0.454348646099331
"HSPG2"	0.106861244887953	0.150624575317965	0.141206517438832	0.192785334827112	0.522072124936918	0.785404044294276	0.146946461588541
"FLNA"	0.145737154476974	0.132445470454478	0.160568316532809	0.162273087209683	0.56349291375622	0.646971097807518	0.0961189079192534
"RP11-37B2.1"	0.163036457001973	0.176546706147406	0.174526973743224	0.137899993626782	0.578886432959337	0.751364152650487	0.0717880791790576
"NLGN4X"	1.47063664221184	1.51181356407871	1.48664073081734	1.87410286094291	3.45264820736616	4.90470016626489	0.904156215750317
"RAP1GDS1"	0.448600599467885	0.307012470523251	0.412230681719822	0.455648269814981	1.25103531412079	2.19277857393574	0.351505750440008
"SNAP25-AS1"	0.509348878228866	0.8332488271712	1.03750019686994	1.21347314384713	0.222655928250907	0.340171835961154	1.05456090801387
"PDE7B"	0.0933611268782275	0.144021325416063	0.126032218731396	0.0828824021677808	0.867718725390913	1.44465057562253	0.152394371133683
"RNF130"	1.34592516005281	0.970681885846589	0.948740220179946	1.0110391263691	1.94167728957669	2.58836342130365	0.632942922618864
"TRPS1"	0.394492712463299	0.272535015370381	0.224965062495254	0.140050014993165	0.926355962562783	1.64881819082993	0.318835765790861
"FMN2"	0.476252004430431	0.532654534081891	0.953790073176849	1.10790207232958	0.112696889183761	0.337321177785965	0.622351431606683
"KIF5C"	0.552081581694261	0.903598439209142	1.2511274856083	1.14019671315698	0.192561356534814	0.308003217940832	0.963159864178555
"ANTXR1"	0.604161963505991	0.186969993551327	0.236101333733443	0.199638149284799	0.810883055080675	1.49848881564056	0.217754703086532
"DPY19L3"	0.449926431163836	0.262839445017099	0.196113861009135	0.251489175924209	0.892213948022078	1.12087584048401	0.271660561073044
"VIM"	0.42735463124375	0.752236458515192	0.917195333020037	1.08695358952711	2.24059235215684	2.74966638188137	0.453328085458071
"RIMS1"	1.08154396662559	0.608923630237182	0.848901226797531	0.877117465854742	0.145510085201476	0.34639684640825	0.873783091922008
"FAM3C"	0.290584526311568	0.13981645262874	0.220439872892244	0.197311373372468	0.762366034999743	1.39764267325161	0.217039619223148
"GNG4"	0.457870881959386	0.649677510157289	0.83574414296386	1.15391268488125	0.10220251266578	0.0749813551568325	0.822920645930018
"SGSM1"	0.957411949453316	1.0289269224692	0.722962305686537	0.500088178865519	0.0847815418378158	0.0694966755039444	0.530101461142363
"MAP4K5"	0.712813786386456	0.73326065092868	0.810741855984454	0.88076403674856	1.77158964527462	2.68995765493054	0.664409982843433
"PEAK1"	0.517030720641764	0.413765122005658	0.300204456873639	0.32928304462637	1.13679067341534	1.85775235670507	0.338645113031325
"NTNG1"	0.769303371908408	0.63931045327959	0.813302181433188	0.65385235518624	0.0694250527070036	0.315945668123628	1.13475042361895
"FBN2"	0.244551625576601	0.183260620223645	0.279336660701662	0.283965359450469	1.07794754526724	1.49948104368534	0.235949749095929
"MID1"	0.0787183298395305	0.172058309148043	0.158606244976697	0.306820662242563	0.596847123260876	1.82462966048888	0.133967684903941
"VSTM2L"	0.23025902166019	0.449937978054317	0.900324741638791	0.781606408546983	0.0369829364581828	0.0558667552974032	0.302079531293266
"COL1A1"	0.44925618835248	0.624286399989183	0.385820668789137	0.358634944963313	1.10907926176106	1.28959803910631	0.378279514672192
"STOX2"	0.45803439595825	0.66223640585911	0.619531543289085	0.85072356224407	1.5524807236189	2.06667540987671	0.395404560395809
"SCN2A"	0.379488737144099	0.41490170318337	0.650730214458135	0.383504284649195	0.0404337604677441	0.0317450944710068	0.441240525115472
"NYAP2"	0.245956467169885	0.205161912894985	0.590390765807684	0.652594277224322	0.0233507827402147	0.0436261275413192	0.419822345541598
"CASZ1"	0.887472989807568	0.90119385115888	0.561694730708152	0.579867721837889	0.059996052015627	0.182973440723091	0.622658131720471
"ADAMTS9"	0.525722619359281	0.29009301645957	0.206158658698456	0.156665824614254	0.723398403443055	1.33133884387825	0.409737668415066
"STXBP1"	0.684795712277314	0.595042375754706	0.596546012369169	0.633931032574771	0.138836847552946	0.340753112636549	0.870797611274229
"LTBP1"	0.212495868695892	0.208199986955371	0.259137202811144	0.20304481931494	0.694946619849865	1.11972959053682	0.14469584743117
"LINC01057"	0.74584028192614	0.22053542271772	0.0876760212575493	0.127029859992443	0.688877756696946	1.0663807310104	0.302607912767576
"SCN8A"	0.542952408520153	0.522633108817747	0.760468403321926	0.780119903179839	0.0896652876532923	0.10432430624365	0.479305509993983
"EYS"	1.17537529944202	0.774018112238315	1.32804152926195	0.746055395334734	0.182102950083392	0.161131162189732	0.947322538421112
"PALLD"	0.321493188316449	0.490106868496144	0.391367900517127	0.391480702456485	1.08019842802259	1.92369190638115	0.258299222696181
"MARCKS"	0.723383831037783	0.368844779018902	0.488011455875965	0.632754111820244	1.67164940584642	1.67700142052282	0.274732707225972
"SYT14"	0.359178898500156	0.400108702296256	0.707511625399966	0.849647902829032	0.0771815109576838	0.0468849340183595	0.418500171226973
"UBL3"	0.444871633151387	0.165263059185968	0.276351274897291	0.265710886779058	0.963373779383256	1.64285668010156	0.277530088844316
"NRIP1"	0.797086223757955	0.231627260077271	0.478393187864861	0.531523841942355	1.1811568424342	1.70288582751603	0.368151810864942
"PDE3A"	1.09859597156985	1.39726642062865	1.26058436395881	1.50394415386	0.489524023346914	0.935255885198256	1.83617271883297
"RAD51B"	0.958726944150936	0.59833496529368	0.466778041363064	0.765185818724048	1.60576129726394	4.99226260883142	0.541918851547619
"GTDC1"	0.72341055083188	0.711083273772813	0.653110287082515	0.84506266595224	1.73928959990583	3.52721987554122	0.507635975281609
"MICAL3"	0.387465864145594	0.520481536983724	0.525381607665354	0.925767869840976	1.23815037156954	2.11249966177461	0.348035957220044
"RP11-545G3.1"	0.160474273270196	0.464599305350204	0.345959770304989	0.342133501318831	0.0188581339877193	0.0166112272924819	0.582913258544424
"COL19A1"	0.160244099517115	0.145075151721508	0.0769392707029373	0.0872167208390102	0.395482960735843	0.464872655751247	0.109761958455858
"NFASC"	0.683391999147228	0.808746387113843	0.541864852559961	0.455229682391214	0.111249938650478	0.130911320258574	0.46399606018995
"ANO6"	0.691744937297747	0.85827024241054	1.74063930175094	1.78269540736759	0.425503532659661	1.03403590293489	0.84120154406956
"KCNH5"	1.58817995773312	0.590351829994723	0.589230292283113	0.449994342038787	0.0854779704549163	0.0477095873741485	0.753835913205055
"CAMK2D"	0.823512373338556	0.581925867894874	0.659552617023533	0.471860630743681	1.11456048298738	1.75502764647231	0.332788114696681
"PHOX2A"	0.689102200471814	0.701952135384957	0.551246156597064	0.500796292792969	0.0526493668551054	0.060420419626143	0.352820281610745
"LAMB1"	0.487259278605869	0.452094224892467	0.419865019294484	0.46287638924696	0.958911423748716	1.08877777845699	0.250758149720494
"TNIK"	0.946919433347734	0.482765926300402	0.702464131435601	0.559899705517306	1.56543728426148	2.64459350053543	0.428957243502855
"EFNB2"	0.677138379764387	0.103379019953584	0.263063897544587	0.418541323736943	1.06601595301459	1.76193073552281	0.159708032341123
"POU2F2"	0.349308174827703	0.240613344346488	0.613072502864925	0.660054799329315	0.0388293062658235	0.111813158067571	0.299951819767152
"FAM162B"	0.6918146563011	0.645924790988149	0.362381560447619	0.428065857342548	0.040884009374359	0.0872240137727239	0.419992301627659
"PPP2R2B"	0.124482017288586	0.0709909400582709	0.575428328733258	0.35093911607221	1.43347963468479	2.34667526017021	0.0696020548669173
"NEBL"	0.274623924117993	0.337347986672859	0.569704736155206	0.539750721413	0.0504776806831798	0.0156444055460244	1.15928372073583
"RP11-444D3.1"	1.12106298682376	0.347245895053356	1.36378056538075	0.967849121808479	2.0050279263051	2.38160679264081	0.253759791635019
"UNC13A"	0.201695739851948	0.392144643831262	0.2935584039215	0.296066589205298	0.0399728764056113	0.0407275056662628	0.667770871466007
"IMMP2L"	5.53067928098737	2.30796067782909	1.57633557004794	1.70588499054656	3.88148971606616	6.53315870631344	1.96741579911734
"MGAT5"	2.46134646781082	2.08113048647757	2.24235329225747	2.15106322941493	0.657580653605085	1.36646302045106	1.01194039228481
"SETBP1"	1.64647292449499	0.814181020584975	0.73588167029492	1.13363717561386	0.358680232510031	0.607243618367971	1.01115630995799
"TGFBR3"	0.293432686213283	0.245697533795599	0.31116190880737	0.379557963363288	0.906917334026647	1.16728287713156	0.313049241382754
"KIAA2022"	0.243539027929142	0.342518474345099	0.586960205321029	0.732426297903625	0.0622179615146344	0.0491458583417268	0.453402688527773
"NSG2"	0.149818492846541	0.439206914030675	0.555113637241725	0.384229857125354	0.0445324447019403	0.0479120069599933	0.430899746759619
"KCTD16"	0.887789116103293	0.920088190265069	0.88431964963422	0.702776928734081	0.0696527089512061	0.279571119423271	1.0002782007429
"SNAP25"	0.907611741344769	0.635693411491151	0.9617813666004	1.13483744819918	0.302556081426876	0.385107522637988	1.0190700799329
"RP1-78O14.1"	0.284121493038459	0.361272331750989	0.458143967096243	0.449751875486203	0.0425153030288667	0.109432465580697	0.55263182658332
"LRRC4C"	3.04536962566531	2.39206279589555	1.85384394961205	1.73254953139947	1.09559843408547	2.71887590707076	2.3965218817894
"SCN3B"	0.190832514198302	0.34639847876155	0.584896659760886	0.387368049456589	0.034032235455678	0.0807420183638833	0.284779775372041
"RAPGEF4"	0.250755337001511	0.581849585564152	0.590188391313733	0.7514406171703	0.0990288331526477	0.174775446857978	0.370114359335573
"LRRC7"	0.170128238289063	0.491678242062935	0.702091526527766	0.444680864260831	1.17754393925619	1.85690625334253	0.110859409705023
"SLC8A1-AS1"	0.444657381906312	0.576470967996236	0.901194201061141	0.780978199622577	0.103454281001135	0.221514881761342	0.298021586466653
"AHI1"	0.945442511539979	1.2615760244537	1.07325616716394	1.9660570241944	0.665768757433012	1.70203108314148	2.46140563616821
"SYP"	0.421302920612557	0.411106794444237	0.331544043465331	0.25787311410741	0.0565583537745706	0.153368596317074	0.788936620995282
"MTMR7"	0.24363152644147	0.428474068576135	0.494126036421038	0.659405260150559	0.014324682898526	0.0315172343772725	0.334712225154419
"APBA1"	0.901600161501375	0.852896755798135	0.963245065479002	0.703248092420435	0.283675084059819	0.443331678230525	1.04793621981131
"KDM4C"	0.635025886940175	0.70265657823784	0.895923166319101	0.876171421658297	0.333425508100378	0.398961351132393	1.22735870533375
"ATP6V0A1"	0.975353064259885	0.937961662734416	0.645061467567441	0.617213310859751	0.254655422793167	0.452716377448134	1.0208334004481
"FRY"	0.311679728495962	0.387927589615277	0.737826147090011	0.771019166451795	0.115790109501655	0.199352104606607	0.405949208841687
"AGTPBP1"	0.613864083152793	0.825327515575068	2.28339081165254	2.29306033604136	0.530639154552138	0.850501700172966	0.791746565746269
"PRICKLE1"	0.1171178864445	0.0759723884023907	0.231646800937257	0.284027302059273	0.654552154795399	1.00357547905924	0.126056747691393
"KSR2"	0.221713596771694	0.268813545629962	0.244010750863983	0.270922815556593	0.0518723766516881	0.0888435648354388	0.995895401174033
"ABLIM1"	0.183678921684139	0.743785467495156	0.603721031950099	0.438764643882619	0.114996872828103	0.105236331592107	0.53529138238716
"RIC3"	0.333907787782548	0.363238501192464	0.34968960225947	0.320271536288031	0.0582405121492693	0.0609653932388543	0.451325907101267
"PVRL1"	0.101638805690724	0.594519085264462	0.287258725946001	0.34532931649787	0.0410420446165594	0.123066272539703	0.556868729781909
"VAT1L"	0.323865061294425	0.475517344477626	0.675784887784188	0.709073343071149	0.181686036831486	0.283607205913427	0.982958687784192
"HIVEP3"	0.947608723177663	0.971541360108061	1.26905478881378	1.12959928818703	0.342796013589718	0.636243095566611	0.556887675684307
"VPS13C"	1.41502093801108	2.0435301982415	1.1401904949585	1.16885210838778	0.79698127009825	0.983414069462219	2.21457901777139
"ADAMTS6"	0.488963103538324	0.324853070858218	0.274858139373729	0.243820847901363	0.966685241858323	1.39671486755724	0.347347313732416
"ATP11A"	0.78889271065512	1.26923042114337	1.00459506897792	0.835391919245188	0.418034845818408	0.76825996647193	1.28508598521803
"ANKRD36C"	1.62083898872145	1.12103487936344	0.839531678947427	1.18841477250136	0.498710618833412	1.03071267632316	1.06112748100127
"KCNQ2"	0.279919507663398	0.38702352333175	0.32559451219603	0.365679882596218	0.112525819493609	0.102581905363037	0.547014378811246
"PKIA"	0.754470014082123	0.947179469856987	0.780520150204563	0.942106669303894	0.263604163311441	0.511340482194374	0.95474586645646
"CPEB3"	0.925364610838483	0.702108638048434	0.856934872125956	0.930691220087321	0.283180293511464	0.582300638991219	0.741924359701846
"FHOD3"	0.530394971324537	0.846074342800938	0.958064586529204	1.31010976844353	0.307509982313455	0.665998155170221	1.14872578399181
"XKR6"	1.6877287757141	1.35883690153382	1.57341738226656	1.36845669853277	0.745141212276246	1.24170033487346	1.33069491996549
"DLK1"	2.11123100051576	3.50989609345521	1.63804184338409	2.43276655930979	1.69177489400035	1.72017367582773	5.4269068082345
"CSMD1"	0.821552384958813	0.289552548323517	0.495261845537883	0.392710116992226	1.37995848272932	0.786359398947941	0.220022244250798
"FAM49B"	1.96812560664338	1.31947336780386	0.965119729036306	1.09442656842031	0.472343160131075	1.02817101152696	0.98999419823704
"MCF2L2"	0.350046839757482	0.494690061091154	0.694372870379546	0.515476706698809	0.186132631080938	0.436957078872606	0.566819103081481
"CACNG4"	0.47088999672142	0.854246861691906	0.393937873877336	0.483528622653578	0.118856818351644	0.286463800255034	0.736988429214757
"LONRF2"	0.1396269197718	0.146656392129576	0.372790055770093	0.407692670410547	0.0764168615415045	0.247754624745566	0.787366447756409
"PCSK1N"	0.39084223985959	0.462894469852686	0.693156347278946	0.865838823198722	0.17020282678453	0.186604484342505	0.679487347620173
"PPFIA2"	0.671122357678442	0.214768510995214	0.438475015263022	0.484941098958879	0.0695129851840221	0.125769087150069	0.50624346986605
"GRIA4"	0.860809769286909	0.801683184712157	0.459174278908435	0.494769939342297	0.108794006380769	0.151887301677298	0.500590499163263
"BASP1"	0.307617801881746	0.469668832221214	1.21056598799312	1.39960076838892	0.256029846707926	0.281288174359578	0.396792346756516
"ELMO1"	0.453833931506097	0.563803952648826	0.864181850959423	0.720719323585904	0.114594094984899	0.205198593625744	0.492073996625463
"CDH18"	0.978393886227357	0.705803126800958	0.35268091029555	0.304935099851167	0.0878791155083615	0.186748577898194	0.693714576957589
"GAL"	0.155895974851217	0.8114436834983	0.486630221362244	0.500767660739795	0.0874048203195172	0.196992677201185	0.541362967500126
"CPE"	0.507471860156376	0.359583202878875	0.576696114853044	0.722559752214069	0.139976488328844	0.167238666611757	0.880393541940905
"RP11-650J17.1"	0.389999451583247	0.741029798738849	0.863794241584518	0.948962615680182	0.222834486927538	0.279418058885178	0.506250652083142
"MCF2L"	0.497811908342447	0.366512445247077	0.389802887928619	0.284677602602247	0.201920188676726	0.237122439363424	1.14931245629584
"KLHL13"	0.760898261528323	1.13394665263506	1.95300001569537	1.97498821476555	0.635474389299953	1.02875485722001	1.23142953471627
"CDH12"	1.10587233101002	0.89009722754229	0.677948829491031	0.814874472890788	0.375998212790935	0.49462166359179	1.84288510202705
"TENM4"	0.469083951040441	0.560674231044781	1.2839595499788	1.48590629117467	0.316804372448359	0.597767564504454	0.567999032380101
"RP11-160H12.2"	0.904568863904248	0.422147597734191	0.507848976006107	0.346169476292932	0.117694082123542	0.255172391102916	0.362310127235636
"GPR98"	0.301732593279652	0.243203185780785	0.109900479762001	0.262536303643991	0.562043067027881	1.0141395419046	0.266756585280007
"FANCB"	0.0219368008900579	0.0383502334854168	0.0341153590521306	0.214392806859538	0.0726826824261985	0.773491998461101	0.00675422951734884
"RP11-366L20.3"	0.00717636393917223	0.0166817621988339	0.00527874075426407	0.00622953903571924	0.195538002478162	0.383794656622692	0.00140516778053123
"GLRA2"	0.0147755154705377	0.0457229959579715	0.0476015013881183	0.357433286152705	0.0734380029456407	0.803631885757903	0.0264195678047922
"CCDC150"	0.0455841805622772	0.0360136839140727	0.0891516356106958	0.363097344439073	0.0786388982276166	0.788489326161683	0.0591533635876159
"TACC3"	0.0197261983840839	0.112926659555775	0.0307965859271457	0.443798667403661	0.0470375092520132	1.2139043500738	0.0202166625354896
"FBN3"	0.0798026622005172	0.0235660240103977	0.0710026160548944	0.137030882931524	0.331499411997125	0.836424195724458	0.0153736495391733
"STIL"	0.0197197392768376	0.0319231486696657	0.0295673434811844	0.446307198560194	0.0446005735856923	0.66725476518502	0.0203779806628333
"GAS2L3"	0.116983832460485	0.0190491249440321	0.0254998268418898	0.329062690146541	0.158347267394308	1.15689427437085	0.0232124956004987
"RP11-413B19.2"	0.16228006771304	0.00186172686990213	0.00443259234192376	0.00357522545405092	0.345962592275953	0.828340641531029	0.00396709716972779
"NCAPD2"	0.0580341039507573	0.0507323624962088	0.0803732463435855	0.336029540026345	0.091545949754792	0.923071471587317	0.0626136468763654
"UACA"	0.279329992411766	0.149675801415763	0.0544950405231882	0.0879142402401921	0.465428518296912	1.5907262555744	0.135365250366076
"NDE1"	0.0521188447216309	0.0294633897923306	0.0263155738428392	0.228674645225872	0.208076871612001	0.891711284898156	0.0182039408733567
"BARD1"	0.0985365968733468	0.130725262471729	0.0520954820018916	0.278182295048286	0.226929448585224	1.10672236595493	0.0364239885434067
"PIF1"	0.0186408571855976	0.00778404290434694	0.0144923083605737	0.325240026703017	0.0215166868130809	0.688783118129353	0.017657928060853
"GINS1"	0.0167898122306928	0.0130209019600235	0.0669081557917305	0.327741026292151	0.0890006786358155	0.662932508702843	0.0186165000490276
"SPATA5"	0.473705243713711	0.236730627636964	0.423448930974768	0.830247490028441	0.675319056262147	2.74979419515534	0.29041946914754
"COL2A1"	0.0567481935000255	0.0549613548853453	0.0563530448410185	0.0442502676777668	0.396169164817789	0.730655311148965	0.0156499779704111
"COL23A1"	0.082439393779064	0.0633804639701129	0.0495778644634888	0.0913902644195052	0.45651684825858	0.728355551902949	0.0636036879390263
"ST8SIA5"	0.0793938946382117	0.0248784208461495	0.0557270350911669	0.119134018814202	0.452771744924828	0.866423822050914	0.0616909752030377
"HOXB3"	0.331315479558085	0.0638988951138882	0.0857777103043773	0.0768963594783489	0.403316410203458	1.00567876519833	0.0522447287088049
"MDFIC"	0.0628607091226631	0.0373861408035877	0.071017346054204	0.0612154651775838	0.335032676958701	0.814133633487615	0.0668720843505236
"CDC14A"	0.342521176908085	0.197058961320893	0.127453702904973	0.139012267600731	0.619655098158214	1.26560804958162	0.127453202136117
"CENPJ"	0.115384388908367	0.0792873256949048	0.231239381686214	0.521377168055863	0.144793508337383	0.96725844654132	0.0452262616769384
"ITGB3BP"	0.348741979577214	0.13621237713324	0.205043753303956	0.638073287351826	0.368069080811649	1.40579698651792	0.152079885695346
"VRK1"	0.0900610723893198	0.214093718023736	0.188218215275086	0.6142970013937	0.16845113953243	1.56015226525743	0.0730489288229043
"PRELID2"	0.295865306355277	0.327967957290483	0.148907504162754	0.205747935246534	0.567774459639517	1.37555368596519	0.127422017449411
"CHST11"	0.49566866422453	0.568243368290392	0.408867987164204	0.453023111198364	0.905241262620203	1.93643643162702	0.195557113674078
"AFF2"	0.261642529991292	0.0462630641038304	0.19191424731831	0.181670812504492	0.606605164553236	1.14277791661775	0.0950390081278935
"AC011043.1"	0.951127509180291	0.523495933870373	0.693891963848238	1.28488842436186	1.0523420674337	2.49960187909035	0.235558817746282
"RBPMS"	0.323640211586096	0.288713096547377	0.188220337599122	0.240426678834157	0.734899029247497	1.39606635263414	0.227958047073007
"RTTN"	0.337564807230715	0.141730714649358	0.156764239035899	0.485014617995109	0.216038802273646	1.05514605124463	0.129818201297428
"CEP135"	0.250016731036215	0.219837177163803	0.262235244993402	0.696918678194816	0.251674073232104	1.09399451766684	0.0903396934789595
"ZNF730"	0.155017116424917	0.097230876847267	0.178507437083582	0.547389141869425	0.223336770558865	0.893546554731787	0.0377261642494614
"E2F3"	0.0963231022083687	0.120523283603242	0.147575877085719	0.511400923027266	0.304888959483971	1.10100475925866	0.0735299708521285
"HUNK"	0.132016895872156	0.143006527966235	0.263085360373505	0.480336102674052	0.402066460190543	1.12913073677144	0.158238657571833
"G2E3"	0.227936844494466	0.170190843602838	0.304753359554068	0.714996143026761	0.245549486987267	1.577714693739	0.171438029854347
"CKAP2"	0.232721946425101	0.0958349784023733	0.155013758370266	0.493424760439737	0.0849791988054351	1.73875436599655	0.0624467495027455
"RP11-222A11.1"	0.111413081838377	0.125729994270944	0.0961669476673446	0.200373567881135	0.223103621187778	1.0364176611916	0.249978747987962
"POLA1"	0.319561836752923	0.412592072713546	0.306101641237031	1.0497825722606	0.39974847519687	1.79039977857365	0.171870318630328
"LRCH1"	0.4939945113648	0.25083279519233	0.416961882547195	0.379874692372981	0.944712572584292	2.02072302317927	0.453804497765636
"PKD2"	0.57995218764014	0.39038206149978	0.456772106589659	0.651155278661856	0.927631388964876	1.92229341195148	0.309740204729182
"CEP192"	0.481185180793905	0.534630623150127	0.379455670351661	1.11028501606319	0.414670167474724	2.33161802965417	0.336827981457743
"BICC1"	0.316726170625765	0.235463059328002	0.222991237272391	0.344861874890836	0.767018899784339	1.80875138621844	0.297928417297775
"FBXL7"	3.62548955613592	1.31994745365685	2.66068331650478	3.07316102842887	3.43881972884662	9.24749111470852	1.3732350757178
"GPC3"	0.675608821619073	0.527087046653282	0.339374587299065	0.453191123827961	0.914921233213888	1.6916111623402	0.264095819895956
"LMCD1-AS1"	0.748366358866729	0.821561846898562	0.458684500703965	0.658110545116972	1.20900672381984	2.86112778387849	0.562852269772598
"HP1BP3"	0.719681465139345	0.449821593534009	0.567067884413584	1.34258310433689	1.01311130740767	3.51946737537277	0.514781140454441
"MIR4435-1HG"	0.0345516870879315	0.019901810480332	0.0430492239258778	0.0905819259177143	0.381928017380611	0.663153809714619	0.0609489293347368
"TRAF3IP2-AS1"	0.826992867535753	0.670489277964108	0.562263994553415	1.02341041580474	1.06979073506056	2.6582447176023	0.468578276367003
"NUCKS1"	0.628190543277996	0.515929760096375	0.478624024121678	1.07267119059139	0.697902418072878	2.69513370594955	0.496473361860245
"CKAP5"	0.359571497280899	0.389011679415037	0.30391936652936	1.00772248231468	0.319856112924228	2.09879212270033	0.278312095751194
"PDE4D"	0.530946945662999	0.462084935012233	0.559650188414491	0.868693398907079	1.30057179045485	2.59291312143584	0.546128565957393
"WDPCP"	1.01831042931891	0.636663349698242	0.686097662220372	0.811739743436995	0.941719510791582	2.49473926646605	0.61859326157863
"KHDRBS2"	0.560637334362648	0.365732141169571	0.265764278470127	0.244876137704432	0.308717038602716	0.741202639766527	0.157576265190079
"PCDH7"	0.932271156680327	1.05051720292089	1.96410102071337	2.12768402569296	2.49633940843525	3.80984480401711	0.874994323196178
"SVIL"	0.428352132246173	0.681102807172699	0.30158653808457	0.389763185863766	1.02847513850529	1.60480085817012	0.637937801305225
"MMP16"	1.58319898808601	0.537151226047278	0.847717362970523	1.01529441636609	1.52603480439242	2.7298570636083	0.628440262621561
"ZEB1"	2.22547951243202	1.51334795266861	2.31421309785453	2.11978514492983	1.2166368586293	1.41425144143379	1.25843844949258
"SRGAP3"	2.03204399389845	0.926935953544626	1.49503216370056	0.961642062963391	0.516667307939917	0.52982411123783	0.711043262633386
"PPP3CA"	1.42609183803906	1.08405130541543	1.66409433330512	1.64134521402139	0.707922053200043	1.98242876405959	1.24037143966266
"IGF2"	0.729501447727215	1.17612424599861	1.01046485840046	1.00367713108182	1.00208254654869	0.924868649010483	1.74102770037355
"MAPK10"	2.03706987150802	0.995243155228886	1.57444110908193	1.34627726288119	0.607081778276454	1.58957339884267	1.32691376522079
"CPEB4"	0.623642540133538	0.649594967308277	0.588754657461797	0.657400414252732	0.486684093398383	0.427892116139336	1.18091902937051
"CTIF"	0.584674487744205	0.42323046711968	0.799497128736952	0.703671828980596	0.27117281380484	0.2534552911472	0.460287417264168
"JAZF1"	1.48805874807991	0.635767462493382	1.15658354732523	1.20119849694377	0.480303195735742	1.05851602493514	1.06140158760358
"RAB11A"	0.827716969615146	1.16366071851686	1.0280924545738	0.779994049179247	0.537218954537161	0.879591961651887	1.08403163988474
"AP000462.2"	1.29674593549611	1.71105423449586	1.79959944447673	1.6448927870038	1.04199392898579	1.38626152307701	1.64669129803074
"RPL7"	0.518999926641543	0.383914028432997	0.586955873593532	0.631724707122553	0.675000803081379	0.681664920838287	0.580040489119332
"SLC24A2"	0.127290889201833	0.176750063802583	0.0362892382937677	0.234637868602216	0.0935546044393826	0.0549485777341802	2.29596363803066
"GEM"	0.015640304202149	0.123175633884971	0.130172316129918	0.185596452076547	0.0212483439656555	0.0717651711152624	2.33752450735687
"LINC-PINT"	0.463789890753255	0.535254955481209	0.231866969093812	0.0976318403580343	0.201677676615813	0.138333738930022	1.42897487011494
"RP11-466A17.1"	0.143678676465533	0.752120922538226	0.0788313932594091	0.183571109752513	0.0137438392078654	0.0162106691877785	1.06508340565459
"ELL2"	0.0862495214251761	0.191864966706625	0.056963100476825	0.121087738283031	0.239818798790251	0.213977585307475	1.19251056093257
"FAM46A"	0.113813258145203	0.192069268429893	0.0521076345491038	0.0440233303593587	0.256704306944436	0.243167079218649	1.28120055732526
"SORCS3"	0.175941952951981	0.395677906411954	0.0911625144552294	0.114538832050403	0.263061009445127	0.311692673720805	1.0748988663381
"CARTPT"	0.0349137134970548	0.229071053677105	0.0388626779015032	0.088404369727436	0.0220267907844106	0.0256149794358291	1.24306588720699
"TIPARP"	0.0483422574573381	0.0355645990931848	0.0534574717897382	0.0566565949901176	0.0417175579102555	0.148551358176815	0.620750455484348
"PENK"	0.115140648978371	0.0203279960699357	0.0412332716617298	0.0803073923486267	0.0374046314683224	0.0284870552326306	0.55803754349853
"CNTN3"	0.148651784835375	0.0273954494190401	0.0245973006539549	0.0747873441698483	0.116603690203419	0.0898199082009448	0.600779966827462
"DUSP2"	0.0074721346956488	0.0139576851943885	0.0108055993940267	0.0409188935106585	0.0164054049281523	0.00824474069670671	0.556922976985745
"KCNK9"	0.0119903386364177	0.268031927010383	0.0276705072271304	0.0553715806805679	0.0103079496512544	0.00839887681168801	0.734350789746991
"HS3ST2"	0.0502347560669184	0.281426486618381	0.117935544670931	0.127824351229335	0.0160750626405838	0.0677741078192986	0.914154890759146
"LINC00473"	0.0460561999943821	0.122847792134515	0.0526343291640139	0.057564229582396	0.0503384153158191	0.0298769588309722	0.790986082799049
"FAM135B"	0.094574599558091	0.0842810884785359	0.0579106282039507	0.171266214221148	0.124392016305345	0.100244396871796	0.691469761491843
"PACRG"	0.125392898262767	0.271932482775788	0.1025490003759	0.089511741051506	0.0665463441518986	0.045390530578438	0.943733083831275
"IQSEC3"	0.13851318560379	0.124321258952283	0.134107297241882	0.10893032164539	0.0286693461665074	0.0408211498922945	0.564615905596484
"GNAS-AS1"	0.0465668432474822	0.124552782754822	0.0843544909998521	0.12483253626323	0.0548361174317533	0.146152245147421	0.478281382198996
"NR4A3"	0.0391684316692742	0.158693028900936	0.0774200791933661	0.0831148634821656	0.0547781491192245	0.118908725595144	0.603807603398557
"BEGAIN"	0.0315212714703513	0.159764990187894	0.0398909865632711	0.142137487707454	0.0259976321804285	0.0219260488090609	0.555207292073855
"VGF"	0.0236464097569771	0.0722018931993937	0.0270162914183057	0.0930444654255997	0.0247458705190301	0.00984988852141638	0.634991887460465
"SPRY4"	0.0255831486556824	0.05817720145324	0.0232873746956327	0.0272887798311379	0.173639244120795	0.273006386037865	0.419925851981782
"PTPRN"	0.182050605573414	0.230624813092557	0.129338454995732	0.132309437985221	0.0180840862960927	0.0193132406707943	0.748291971901927
"PER1"	0.0635037860145607	0.209402868184821	0.0316872813869391	0.0610646210489545	0.0573418068647039	0.0387306576937413	0.354095207182355
"DUSP4"	0.0407534660280531	0.253902452526225	0.0461192489230863	0.0367215341067788	0.0879968181048784	0.203848524873872	0.357408056313022
"SIK2"	0.860053981038306	0.717667659890624	0.338439310549408	0.420616229558672	0.424865400216382	0.744184634714533	1.83275501773328
"CHST8"	0.026559015658517	0.277315353899445	0.145244971061418	0.0668890802949131	0.0186369036058068	0.0384043171282929	0.720530974896516
"ECEL1"	0.104750009182062	0.0933026486100004	0.146964247279562	0.0442876653810281	0.0201113944673632	0.00901837563438811	0.806403536539584
"DNAJB1"	0.0840618955457563	0.0364956988542698	0.0652117757837024	0.325672276961526	0.231295333420739	0.294857017325619	0.429741223084955
"KALRN"	2.55691508351987	1.66144955105054	2.00848232401186	1.71821311755934	3.0723933382672	4.33848097710197	0.673774321549288
"TRAPPC9"	1.08504225472008	1.50161998166561	0.701775034846014	0.74989902554135	0.813973203395984	1.53850865936292	2.0843131459246
"SOGA2"	0.336992219904381	0.330924706152619	0.267021378751813	0.351497774075471	0.188423316397308	0.204411457027595	1.3086497169523
"HSPH1"	0.20048467767369	0.325743731309729	0.437764520591047	0.531401773320189	0.45179735285842	0.640581470829977	1.57015100770426
"KLF12"	1.05897240416795	0.726038553304348	1.45091599737582	1.79686739298014	2.12711160461148	4.06596376284722	0.518401471569758
"NDRG1"	0.181759296877842	0.373864213067924	0.148477477293506	0.0813366256968878	0.143833254643434	0.0870593338929117	0.925917848220983
"SOX4"	1.08714281405373	0.670680738637283	1.27624650129733	1.26273327674991	1.9781049621483	2.17149983383108	0.270371478114084
"JUNB"	0.116514902595195	0.13844058730035	0.0418080520451708	0.0952547426911873	0.06933061860563	0.0673742382714188	0.441119456981552
"FGFR1"	0.119199072242955	0.35692223227294	0.238781144650035	0.228877193308308	0.202292271403982	0.370278395835055	1.31261070440555
"RP11-385J1.2"	0.0901812160027842	0.0707547524899216	0.0783437091124628	0.207492505918772	0.272807554128389	0.472648248051807	1.09784848286397
"KCNMB2"	0.0887324036324555	0.06036040553842	0.0753207409038092	0.259779452337091	0.321221983266756	0.445029089593906	1.0492505039265
"GALNT18"	0.0318687378041563	0.47151814470036	0.0541495704573132	0.0926968328681853	0.101721438606141	0.0784681725334427	0.604989532357107
"RBMS3-AS3"	1.51891865277701	1.07735157516481	1.82281233409811	1.75764570958724	3.02895343394587	4.11107344848262	0.738890786806953
"CDH7"	0.184536330789299	0.366918964111851	0.0594385249276353	0.0432900240972497	0.0544518106492079	0.0555393720027254	0.514001846690859
"MIDN"	0.154071472361741	0.244425476583998	0.158082574260973	0.155262527076303	0.128610164406127	0.16567516628461	0.521103443724958
"ENOX1"	2.41253089202451	0.98144265227859	3.25210432457018	2.28317831477435	3.16250128475462	4.41956455963359	0.771369578293608
"NFIB"	0.770693557265517	0.647727407977537	1.21938721491189	1.43672389941027	1.10500356649595	2.46747628117909	0.287306876084807
"APCDD1L"	0.0240517543152697	0.216629228781364	0.0439395449045612	0.111350965953753	0.0232356075281084	0.00568705934212083	0.707225493178575
"ESYT2"	0.66990209337305	0.888316131992855	0.574540693588297	0.530901167966042	0.388121526571202	0.888561989986547	1.94245988873061
"SIK3"	1.68514716733526	1.60683624613804	1.19649541374267	1.42047634160131	1.88152350161534	3.10613421132262	3.45226898944345
"RALGAPA1"	1.58930416847205	1.42533525200357	1.12506466799233	1.11930404478561	1.07499834479542	1.47608088526654	2.59856037636254
"PCDH15"	0.809555559591726	0.560578129983483	0.606896693713596	0.622122468918411	0.434738723459321	1.33716926535883	1.69354581338249
"LYN"	0.503371416312106	0.331417368919237	0.0843274677132883	0.205051254537173	0.0620475526682125	0.0675920762851258	0.500142742946428
"RUNX1T1"	0.467564373588973	0.36162554117942	1.18757486619157	1.62146788454947	1.61323445267859	2.14771294568019	0.2712248523569
"GRM8"	0.427388109877518	0.41099276191969	0.266702745785929	0.781836785063684	0.0572912234152449	0.0456199438570543	0.951073168446631
"CPLX1"	0.0514055731759484	0.039672667698434	0.116960347966035	0.108667946016495	0.0303863373715791	0.0963964606976777	0.339932100067698
"EIF4A3"	0.0856457023215945	0.243000125205317	0.110451818227388	0.217423691549119	0.0763405264268313	0.214056602084154	0.621831968435199
"IRS2"	0.217864937359658	0.331779970135552	0.213182862107085	0.263388568596575	0.209774429187064	0.122148730112499	0.745463180601194
"KCNN3"	0.190849312571469	0.247717310444999	0.0640238523577511	0.0494244862634387	0.0406947950392348	0.0286109868425857	0.360210840323064
"ANKRD11"	1.42700456896182	1.41054222507803	1.02992074336244	1.31154377001626	1.46425939759877	2.82734129739348	2.09271323375123
"HTATSF1"	0.267257025745425	0.346834835977711	0.194694902791811	0.324985879175523	0.15203752012861	0.22939525805082	0.671745105342489
"CNTNAP3"	0.274086507596137	0.146543457461623	0.0467827441466552	0.0780771912276718	0.04115763084466	0.0633897773761885	0.408341705871498
"BTBD9"	1.33122568519129	1.30183868153359	0.972229225706418	0.80992777190585	1.2499495347004	2.18923779108076	2.43319787818357
"SH3RF3"	0.0200665614712706	0.241280768617479	0.028760143370018	0.0603311349855816	0.283644726243248	0.171216462291547	0.900786199798803
"VAV2"	0.717743068377662	0.739906784558315	0.501649110959917	0.42824394341757	0.28536815467916	0.530112645326551	1.2186629534419
"ABR"	0.381900636355087	0.363820758057669	0.363141514296812	0.359996252013924	0.194049884465463	0.221374731641845	0.77387377255263
"BMP7"	0.118490024495016	0.133313409977093	0.142459125031448	0.129344586006379	0.00607310848430936	0.0346063441106718	0.404695324372632
"NARS2"	0.46742272650136	0.548950828279209	0.475755362867151	0.316059010413283	0.398093896722301	0.583433275713255	1.31673724321137
"PRMT10"	0.158671585765615	0.304331020075292	0.209299306503349	0.186752897845946	0.193075014153406	0.269899199396263	0.871552850624545
"EPB41L4B"	0.0557256292542539	0.41918506425992	0.325429721512369	0.194397284313453	0.147380354516336	0.0721745377307802	0.837315711594793
"MEST"	0.373172718748911	0.832144046954469	0.47287044458686	0.452752178079523	0.224164554047298	0.307878234981065	1.27917272982937
"PRR16"	0.20243831986838	0.317559505918245	0.151801510306702	0.185025466750409	0.162506842375167	0.174861950134034	0.580454589438966
"TNS1"	0.264385127656561	0.152986069339891	0.0827842857189254	0.0662087326829571	0.356211059542687	0.589095101096486	0.659360660048278
"TENM3"	4.43033105057699	2.55259167995613	4.38194288790466	5.26889148631035	8.03663684313904	13.1918108298358	3.03442832346093
"BTAF1"	0.416155426680383	0.500689492232009	0.437434261766046	0.567468345448015	0.425205982972577	0.88459325811409	1.05609001948906
"EML6"	0.660668216490663	0.334186683573474	0.256487604008075	0.39657971940201	0.064753911180689	0.209115182049035	0.587788231710041
"JUND"	0.495065025397379	0.554805719968721	0.582453301980884	0.597731202183234	0.424651997855596	0.556078405211654	1.16667552343973
"SLC2A1"	0.0905559358190252	0.645326504329661	0.195386276341713	0.215542165000975	0.157642884594509	0.172770629291444	0.760017177621515
"PBX1"	1.88528471709448	0.688388850844389	1.63695194105431	1.40464497568474	2.3464774836153	4.35023424156062	0.722231581495306
"GNG2"	0.553090640534628	0.553312706899558	1.08117867717609	0.762031624476121	1.13433635273086	2.05092195627505	0.285495824646121
"GARNL3"	1.15672740227946	0.685208425758669	1.43296530085427	1.29360283866492	0.713798798971005	1.18670814951	0.322554303240792
"HDAC4"	0.688969656502692	0.653156432773401	0.567653646947755	0.671273010821024	1.06135023520788	1.60317229411334	1.72949734261583
"HOMER1"	0.0746319878192126	0.0545444169211608	0.131958186467383	0.145814551813845	0.146294343092965	0.219428917790481	0.512465368569438
"PRKCE"	1.46885804338144	1.34582133693775	2.05307981640367	1.99768093267714	1.69090231768245	2.49319234984215	2.65354779712386
"ELOVL5"	0.281623666516387	0.561503101464371	0.37822764507891	0.418371976518759	0.290500750350664	0.821261307260529	0.915809945695709
"CADPS2"	0.380683353148829	0.530951454076296	0.277944110208802	0.337412416629519	0.310729864870345	0.503469722247732	0.850752196486115
"XPR1"	0.686736578514417	0.649245915964398	0.520607434980632	0.473938612066766	0.364773066180716	0.53156257791561	1.00045229377612
"PTPLAD1"	0.619359710282955	0.611533591175406	0.584865049996139	0.873736294877223	0.500933002672156	1.125638856917	1.20123448669089
"ZNF704"	3.53813657388305	3.02910909640795	2.70298262475864	3.59107261056253	2.00945357276488	3.84933454963538	1.37329709918675
"TMSB10"	0.771372355633359	1.19349545571157	1.18006434476971	1.69583049105416	1.18473032666486	1.17682411321903	0.770897152876783
"GPR158"	0.0524761435346962	0.115103520700085	0.375445067742039	0.410435148630234	0.0346666792288929	0.0521780239713558	0.922331479320446
"CACNB2"	2.66957306796747	1.93902115952862	1.51713794589975	1.50108748114765	0.951040630268974	1.52607968491594	3.22893444706426
"CREM"	0.502007621145155	0.41631057660748	0.343761029983285	0.488469204311193	0.407900967037335	0.687644576025381	1.06980366133298
"DLEU1"	0.328578457595164	0.266488518173422	0.587093580946075	0.912326341161092	1.02788244235165	1.69385508253074	0.204395205276112
"EIF2AK3"	0.194862370721432	0.162416196985403	0.185484089143044	0.259397287555475	0.171827096408186	0.531064018375811	0.489254096281667
"CTNNAL1"	0.461873834217846	1.12445212298071	0.652270160354119	0.825751258352092	0.784073682018672	1.11428319355844	2.34837004613531
"EFR3B"	0.103812065822271	0.423549642650619	0.119585129155819	0.184361796351844	0.194581729589083	0.29924256059314	0.602180233038218
"DCLK2"	0.665889811538586	0.268064541431765	0.724358508692191	1.03685703057353	0.728732255924983	1.27388507426128	0.24266843881332
"ADAMTS19"	0.349192813621649	0.244486666352313	0.166025144615168	0.204763054059422	0.117609140269086	0.386189116849165	0.543321616426609
"HSPA5"	0.454598431997232	0.320282499066272	0.372433716751848	0.328027147529703	0.558982903791683	0.69593064261184	0.949773348821253
"KIAA0922"	0.339991433326743	0.214469460107702	0.552510568317778	0.671253784536011	0.915528577508856	1.65870786366516	0.173900649677156
"PLCL1"	0.299700885791095	0.59028358866407	0.771841815792091	0.631241209842237	0.396150865147191	0.305357883514807	0.21961520978726
"CHN1"	0.474713459064599	0.310193386094015	0.877996563193013	1.30745682184304	0.563101112097069	1.00662572323109	0.292329626483151
"PARVA"	0.907180260397304	0.244226501191784	0.520252286088349	0.338786092143667	0.506007889803307	0.813024715917619	0.147281731678167
"ARIH1"	1.20146587785192	1.45187319532787	1.1532938537143	1.14232549059518	1.09092735394198	2.05258193389668	2.36937981059912
"EPB41L4A"	0.63675888525807	0.460054790736057	0.812674079288358	0.547858983375431	1.31303525816941	2.12695954535389	0.351243439861106
"OPCML"	0.112786226065442	0.115075454299303	0.171920182219163	0.169428785224944	0.104075596853663	0.191760102597458	0.452971225289595
"KIAA1211"	0.842222027313276	0.424186657182329	1.00243512383131	0.952481419088619	0.351632331538816	0.746318726980683	0.296996734533667
"ZC2HC1A"	0.60715133895393	0.505483051914764	0.742980462996883	0.699612396920432	0.360008270043164	0.540644346196938	0.223107151951526
"BCAR3"	0.137418789409768	0.168369283636945	0.228472760565304	0.132153228068654	0.744698233679288	0.980575576522462	0.917832970208509
"ITPK1"	0.516465076940615	0.61310471562008	0.298311715259743	0.323791976729692	0.528460090212153	0.785794409105829	0.895205109011544
"SAMD5"	0.208941306320995	0.0735832549629811	0.0403424380702257	0.122828258036323	0.590096510962013	0.734378541365378	0.721975852009909
"FKBP5"	0.388035540311964	0.642586461062123	0.306550327802954	0.572445491175883	0.332277468576188	0.782711923674578	0.922912706698621
"EML4"	0.847721232342774	0.725376776559004	0.726752495425818	0.759121833143323	0.689721157956913	1.42252244496096	1.63433641249113
"TSPAN5"	0.63097496976277	0.36103901718783	0.972048789013052	1.24621987757458	0.582800047408562	0.968103442765427	0.295871558922567
"RP11-475O6.1"	0.0753850708134149	0.235244188466057	0.15691671274705	0.146741986388297	0.163639104708698	0.258026357812268	0.630967820698982
"FILIP1L"	0.322538179452286	0.391042298662282	0.498893008574911	0.850907470326648	0.814082686479443	1.97944982150129	0.914383687607456
"TUBB"	0.515816914161735	0.647573696131835	0.976178184038405	1.6300284168379	0.788033096944528	1.67978275973303	0.313455882889437
"TCERG1L"	0.139925675936228	0.32484066532337	0.243765257603975	0.362093959425824	0.0647127918694541	0.0797665706727716	0.541717805144897
