[2025-11-10 10:58:55] [TRACE]   [OmnipathR] Reading JSON from `/home/marcelo.hurtado/.cache/OmnipathR/cache.json` (encoding: UTF-8).
[2025-11-10 10:58:55] [TRACE]   [OmnipathR] JSON validation successful: TRUE
[2025-11-10 10:58:55] [INFO]    [OmnipathR] Initialized cache: `/home/marcelo.hurtado/.cache/OmnipathR`.
[2025-11-10 10:58:55] [INFO]    [OmnipathR] Package `OmnipathR` packaged: 2025-11-05 10:18:26 UTC; marcelo.hurtado
[2025-11-10 10:58:55] [INFO]    [OmnipathR] Package `OmnipathR` date/publication: NA
[2025-11-10 10:58:55] [INFO]    [OmnipathR] Package `OmnipathR` built: R 4.3.1; ; 2025-11-05 10:18:27 UTC; unix
[2025-11-10 10:58:55] [INFO]    [OmnipathR] Package `OmnipathR` version: 3.17.9
[2025-11-10 10:58:55] [INFO]    [OmnipathR] Package `OmnipathR` repository: NA
[2025-11-10 10:58:55] [INFO]    [OmnipathR] Session info: [version=R version 4.3.1 (2023-06-16); os=Ubuntu 24.04.1 LTS; system=x86_64, linux-gnu; ui=RStudio; language=(EN); collate=en_US.UTF-8; ctype=en_US.UTF-8; tz=Europe/Paris; date=2025-11-10; rstudio=2024.09.1+394 Cranberry Hibiscus (desktop); pandoc=3.2 @ /usr/lib/rstudio/resources/app/bin/quarto/bin/tools/x86_64/ (via rmarkdown)]
[2025-11-10 10:58:56] [INFO]    [OmnipathR] External libraries: [cairo=1.18.0; cairoFT=; pango=1.52.1; png=1.6.43; jpeg=8.0; tiff=LIBTIFF, Version 4.3.0; tcl=8.6.14; curl=8.5.0; zlib=1.3; bzlib=1.0.8, 13-Jul-2019; xz=5.4.5; PCRE=10.42 2022-12-11; ICU=70.1; TRE=TRE 0.8.0 R_fixes (BSD); iconv=glibc 2.39; readline=8.2; BLAS=/usr/lib/x86_64-linux-gnu/openblas-pthread/libblas.so.3; lapack=/usr/lib/x86_64-linux-gnu/openblas-pthread/libopenblasp-r0.3.26.so; lapack_version=3.12.0]
[2025-11-10 10:58:56] [INFO]    [OmnipathR] Loaded packages: abind 1.4-5(2016-07-21); ADImpute 1.12.0(2023-10-24); annotate 1.80.0(2023-10-24); AnnotationDbi 1.64.1(2023-11-03); ape 5.8(2024-04-11); aplot 0.2.3(2024-06-17); backports 1.5.0(2024-05-23); base64enc 0.1-3(2015-07-28); beachmat 2.18.1(2024-02-14); Biobase 2.62.0(2023-10-24); BiocGenerics 0.48.1(2023-11-01); BiocParallel 1.36.0(2023-10-24); BiocSingular 1.18.0(2023-10-24); Biostrings 2.70.3(2024-03-13); bit 4.0.5(2022-11-15); bit64 4.0.5(2020-08-30); bitops 1.0-8(2024-07-29); blob 1.2.4(2023-03-17); Boruta 8.0.0(2022-11-12); broom 1.0.10(2025-09-13); C50 0.2.0(2025-04-03); cachem 1.1.0(2024-05-16); car 3.1-2(2023-03-30); carData 3.0-5(2022-01-06); caret 6.0-94(2023-03-21); caTools 1.18.2(2021-03-28); cellranger 1.1.0(2016-07-27); CellTFusion 0.0.0.9000(2025-11-10); checkmate 2.3.2(2024-07-29); class 7.3-22(2023-05-03); cli 3.6.5(2025-04-23); cluster 2.1.4(2022-08-22); codetools 0.2-19(2023-02-01); colorspace 2.1-1(2024-07-26); cowplot 1.1.3(2024-01-22); crayon 1.5.3(2024-06-20); Cubist 0.5.0(2025-04-03); curl 5.2.2(2024-08-26); data.table 1.16.0(2024-08-27); DBI 1.2.3(2024-06-02); decoupleR 2.9.7(2025-11-04); DelayedArray 0.28.0(2023-10-24); DelayedMatrixStats 1.24.0(2023-10-24); dendextend 1.17.1(2023-03-25); dichromat 2.0-0.1(2022-05-02); digest 0.6.37(2024-08-19); doParallel 1.0.17(2022-02-07); DOSE 3.28.2(2023-12-10); dplyr 1.1.4(2023-11-17); enrichplot 1.22.0(2023-10-24); evaluate 0.24.0(2024-06-10); factoextra 1.0.7(2020-04-01); fansi 1.0.6(2023-12-08); farver 2.1.2(2024-05-13); fastmap 1.2.0(2024-05-15); fastmatch 1.1-4(2023-08-18); fgsea 1.28.0(2023-10-24); fontBitstreamVera 0.1.1(2017-02-01); fontLiberation 0.1.0(2016-10-15); fontquiver 0.2.1(2017-02-01); foreach 1.5.2(2022-02-02); foreign 0.8-84(2022-12-06); Formula 1.2-5(2023-02-24); fs 1.6.4(2024-04-25); future 1.67.0(2025-07-29); future.apply 1.11.2(2024-03-28); gdtools 0.4.4(2025-10-06); generics 0.1.3(2022-07-05); GenomeInfoDb 1.38.8(2024-03-15); GenomeInfoDbData 1.2.11(2024-04-22); GenomicRanges 1.54.1(2023-10-29); ggforce 0.4.2(2024-02-19); ggfun 0.2.0(2025-07-15); ggiraph 0.9.2(2025-10-07); ggplot2 4.0.0(2025-09-11); ggplotify 0.1.2(2023-08-09); ggraph 2.2.1(2024-03-07); ggrepel 0.9.5(2024-01-10); ggtree 4.1.1(2025-10-30); glmnet 4.1-8(2023-08-22); globals 0.18.0(2025-05-08); glue 1.8.0(2024-09-30); GO.db 3.18.0(2024-08-04); GOSemSim 2.28.1(2024-01-17); gower 1.0.1(2022-12-22); gplots 3.1.3.1(2024-02-02); graph 1.80.0(2023-10-24); graphlayouts 1.1.1(2024-03-09); gridExtra 2.3(2017-09-09); gridGraphics 0.5-1(2020-12-13); GSEABase 1.64.0(2023-10-24); GSVA 1.50.5(2024-04-15); gtable 0.3.6(2024-10-25); gtools 3.9.5(2023-11-20); hardhat 1.4.2(2025-08-20); HDF5Array 1.30.1(2024-02-14); HDO.db 0.99.1(2024-08-04); Hmisc 5.2-3(2025-03-16); hms 1.1.3(2023-03-21); htmlTable 2.4.3(2024-07-21); htmltools 0.5.8.1(2024-04-04); htmlwidgets 1.6.4(2023-12-06); httr 1.4.7(2023-08-15); httr2 1.0.3(2024-08-22); igraph 2.0.3(2024-03-13); inum 1.0-5(2023-03-09); ipred 0.9-15(2024-07-18); IRanges 2.36.0(2023-10-24); irlba 2.3.5.1(2022-10-03); iterators 1.0.14(2022-02-05); jsonlite 1.8.8(2023-12-04); KEGGREST 1.42.0(2023-10-24); kernlab 0.9-33(2024-08-13); KernSmooth 2.23-21(2023-05-03); knitr 1.50(2025-03-16); later 1.3.2(2023-12-06); lattice 0.21-8(2023-04-05); lava 1.8.0(2024-03-05); lazyeval 0.2.2(2019-03-15); libcoin 1.0-10(2023-09-27); lifecycle 1.0.4(2023-11-07); listenv 0.9.1(2024-01-29); logger 0.3.0(2024-03-05); lubridate 1.9.3(2023-09-27); magrittr 2.0.3(2022-03-30); MASS 7.3-60(2023-05-04); Matrix 1.6-4(2023-11-30); MatrixGenerics 1.14.0(2023-10-24); matrixStats 1.3.0(2024-04-11); memoise 2.0.1(2021-11-26); ModelMetrics 1.2.2.2(2020-03-17); mvtnorm 1.2-6(2024-08-17); nlme 3.1-162(2023-01-31); nnet 7.3-19(2023-05-03); OmnipathR 3.17.9(2025-11-05); org.Hs.eg.db 3.18.0(2024-08-04); parallelly 1.45.1(2025-07-24); partykit 1.2-24(2025-05-02); patchwork 1.3.0.9000(2025-04-26); pheatmap 1.0.12(2019-01-04); pillar 1.9.0(2023-03-22); pipeML 0.0.1(2025-11-10); pkgconfig 2.0.3(2019-09-22); plyr 1.8.9(2023-10-02); png 0.1-8(2022-11-29); polyclip 1.10-7(2024-07-23); prettyunits 1.2.0(2023-09-24); pROC 1.18.5(2023-11-01); prodlim 2024.06.25(2024-06-24); progress 1.2.3(2023-12-06); purrr 1.1.0(2025-07-10); qvalue 2.34.0(2023-10-24); R.methodsS3 1.8.2(2022-06-13); R.oo 1.26.0(2024-01-24); R.utils 2.12.3(2023-11-18); R6 2.5.1(2021-08-19); rappdirs 0.3.3(2021-01-31); RColorBrewer 1.1-3(2022-04-03); Rcpp 1.1.0(2025-07-02); RCurl 1.98-1.16(2024-07-11); readr 2.1.5(2024-01-10); readxl 1.4.3(2023-07-06); recipes 1.3.1(2025-05-21); reshape2 1.4.4(2020-04-09); rhdf5 2.46.1(2023-11-29); rhdf5filters 1.14.1(2023-11-06); Rhdf5lib 1.24.2(2024-02-07); rlang 1.1.6(2025-04-11); rmarkdown 2.28(2024-08-17); rpart 4.1.19(2022-10-21); RSQLite 2.3.7(2024-05-27); rstatix 0.7.2(2023-02-01); rstudioapi 0.17.1(2024-10-22); rsvd 1.0.5(2021-04-16); rvest 1.0.4(2024-02-12); S4Arrays 1.2.1(2024-03-04); S4Vectors 0.40.2(2023-11-23); S7 0.2.0(2024-11-07); ScaledMatrix 1.10.0(2023-10-24); scales 1.4.0(2025-04-24); scatterpie 0.2.3(2024-06-05); sessioninfo 1.2.2(2021-12-06); shadowtext 0.1.4(2024-07-18); shape 1.4.6.1(2024-02-23); SingleCellExperiment 1.24.0(2023-10-24); SparseArray 1.2.4(2024-02-11); sparseMatrixStats 1.14.0(2023-10-24); stringi 1.8.4(2024-05-06); stringr 1.5.1(2023-11-14); SummarizedExperiment 1.32.0(2023-10-24); survival 3.8-3(2024-12-17); systemfonts 1.3.1(2025-10-01); tibble 3.2.1(2023-03-20); tidygraph 1.3.1(2024-01-30); tidyr 1.3.1(2024-01-24); tidyselect 1.2.1(2024-03-11); tidytree 0.4.6(2023-12-12); timechange 0.3.0(2024-01-18); timeDate 4032.109(2023-12-14); treeio 1.26.0(2023-10-24); tweenr 2.0.3(2024-02-26); tzdb 0.4.0(2023-05-12); utf8 1.2.4(2023-10-22); vctrs 0.6.5(2023-12-01); viridis 0.6.5(2024-01-29); viridisLite 0.4.2(2023-05-02); withr 3.0.2(2024-10-28); xfun 0.52(2025-04-02); xgboost 1.7.10.1(2025-04-22); XML 3.99-0.17(2024-06-25); xml2 1.3.6(2023-12-04); xtable 1.8-4(2019-04-21); XVector 0.42.0(2023-10-24); yaml 2.3.10(2024-07-26); yulab.utils 0.1.7(2024-08-26); zip 2.3.1(2024-01-27); zlibbioc 1.48.2(2024-03-13)
[2025-11-10 10:58:56] [INFO]    [OmnipathR] CURL: version: 8.5.0; ssl_version: OpenSSL/3.0.13; libz_version: 1.3; libssh_version: libssh/0.10.6/openssl/zlib; libidn_version: 2.3.7; host: x86_64-pc-linux-gnu; protocols: dict, file, ftp, ftps, gopher, gophers, http, https, imap, imaps, ldap, ldaps, mqtt, pop3, pop3s, rtmp, rtmpe, rtmps, rtmpt, rtmpte, rtmpts, rtsp, scp, sftp, smb, smbs, smtp, smtps, telnet, tftp; ipv6: TRUE; http2: TRUE; idn: TRUE
[2025-11-10 10:58:56] [TRACE]   [OmnipathR] Reading JSON from `/home/marcelo.hurtado/R/x86_64-pc-linux-gnu-library/4.3/OmnipathR/db/db_def.json` (encoding: UTF-8).
[2025-11-10 10:58:56] [TRACE]   [OmnipathR] JSON validation successful: TRUE
[2025-11-10 10:58:56] [TRACE]   [OmnipathR] Reading JSON from `/home/marcelo.hurtado/R/x86_64-pc-linux-gnu-library/4.3/OmnipathR/internal/magic_bytes.json` (encoding: UTF-8).
[2025-11-10 10:58:56] [TRACE]   [OmnipathR] JSON validation successful: TRUE
[2025-11-10 10:58:56] [TRACE]   [OmnipathR] Reading JSON from `/home/marcelo.hurtado/R/x86_64-pc-linux-gnu-library/4.3/OmnipathR/internal/urls.json` (encoding: UTF-8).
[2025-11-10 10:58:56] [TRACE]   [OmnipathR] JSON validation successful: TRUE
[2025-11-10 10:58:56] [TRACE]   [OmnipathR] Reading JSON from `/home/marcelo.hurtado/R/x86_64-pc-linux-gnu-library/4.3/OmnipathR/internal/id_types.json` (encoding: UTF-8).
[2025-11-10 10:58:56] [TRACE]   [OmnipathR] JSON validation successful: TRUE
[2025-11-10 10:58:56] [INFO]    [OmnipathR] Loading database `Ensembl and OMA organism names`.
[2025-11-10 10:58:56] [INFO]    [OmnipathR] Looking up in cache `https://www.ensembl.org/info/about/species.html`: key=7332486db7400730697234bad76ca0c8e4d00799, latest version=1.
[2025-11-10 10:58:56] [TRACE]   [OmnipathR] Cache file path: /home/marcelo.hurtado/.cache/OmnipathR/7332486db7400730697234bad76ca0c8e4d00799-1.html
[2025-11-10 10:58:56] [TRACE]   [OmnipathR] Downloading by `generic_downloader`.
[2025-11-10 10:58:56] [TRACE]   [OmnipathR] Looking up in cache: `https://omabrowser.org/All/oma-species.txt`.
[2025-11-10 10:58:56] [TRACE]   [OmnipathR] Loaded data from RDS `/home/marcelo.hurtado/.cache/OmnipathR/30e690cbb55dfc63b5903ab337f34ffc2f4be397-1.rds`.
[2025-11-10 10:58:56] [TRACE]   [OmnipathR] Downloading by `generic_downloader`.
[2025-11-10 10:58:56] [TRACE]   [OmnipathR] Looking up in cache: `https://ftp.expasy.org/databases/uniprot/current_release/knowledgebase/complete/docs/speclist.txt`.
[2025-11-10 10:58:56] [TRACE]   [OmnipathR] Loaded data from RDS `/home/marcelo.hurtado/.cache/OmnipathR/56ad6544dc07a2222fa6013d8d83e6e5a35fdf33-1.rds`.
[2025-11-10 10:58:56] [INFO]    [OmnipathR] Loaded database `Ensembl and OMA organism names`.
[2025-11-10 10:58:56] [TRACE]   [OmnipathR] Processing args for OmniPath query
[2025-11-10 10:58:56] [TRACE]   [OmnipathR] Arguments for OmniPath query: [loops=TRUE,extra_attrs=TRUE,organisms=9606,genesymbols=TRUE,query_type=interactions,datasets=collectri]
[2025-11-10 10:58:56] [TRACE]   [OmnipathR] Organism(s): 9606
[2025-11-10 10:58:56] [TRACE]   [OmnipathR] Orthology targets: 
[2025-11-10 10:58:56] [TRACE]   [OmnipathR] Looking up in cache: `https://omnipathdb.org/interactions?genesymbols=yes&datasets=collectri&organisms=9606&fields=extra_attrs,sources,references,curation_effort&loops=yes&license=academic`
[2025-11-10 10:58:57] [TRACE]   [OmnipathR] Loaded data from RDS `/home/marcelo.hurtado/.cache/OmnipathR/76e3673f92890910194d45678b3125a5674920d6-1.rds`.
[2025-11-10 10:58:57] [INFO]    [OmnipathR] Loaded from cache: `https://omnipathdb.org/interactions?genesymbols=yes&datasets=collectri&organisms=9606&fields=extra_attrs,sources,references,curation_effort&loops=yes&license=academic`
[2025-11-10 10:58:57] [TRACE]   [OmnipathR] Converting JSON column `extra_attrs` to list.
[2025-11-10 10:59:00] [SUCCESS] [OmnipathR] Loaded 64979 interactions from cache.
[2025-11-10 10:59:00] [TRACE]   [OmnipathR] Processing args for OmniPath query
[2025-11-10 10:59:00] [TRACE]   [OmnipathR] Arguments for OmniPath query: [genesymbols=TRUE,resources=CollecTRI,strict_evidences=TRUE,extra_attrs=TRUE,query_type=interactions,datasets=tf_mirna]
[2025-11-10 10:59:00] [TRACE]   [OmnipathR] Organism(s): 9606
[2025-11-10 10:59:00] [TRACE]   [OmnipathR] Orthology targets: 
[2025-11-10 10:59:00] [TRACE]   [OmnipathR] Reading JSON from `https://omnipathdb.org/resources` (encoding: UTF-8).
[2025-11-10 10:59:00] [TRACE]   [OmnipathR] JSON validation successful: TRUE
[2025-11-10 10:59:00] [TRACE]   [OmnipathR] Looking up in cache: `https://omnipathdb.org/interactions?genesymbols=yes&resources=CollecTRI&datasets=tf_mirna&organisms=9606&fields=extra_attrs,evidences,sources,references,curation_effort&license=academic`
[2025-11-10 10:59:00] [TRACE]   [OmnipathR] Loaded data from RDS `/home/marcelo.hurtado/.cache/OmnipathR/911416570c2aaa914be32ebf7b85e1eb3d1ff162-1.rds`.
[2025-11-10 10:59:00] [INFO]    [OmnipathR] Loaded from cache: `https://omnipathdb.org/interactions?genesymbols=yes&resources=CollecTRI&datasets=tf_mirna&organisms=9606&fields=extra_attrs,evidences,sources,references,curation_effort&license=academic`
[2025-11-10 10:59:00] [TRACE]   [OmnipathR] Converting JSON column `extra_attrs` to list.
[2025-11-10 10:59:00] [TRACE]   [OmnipathR] Converting JSON column `evidences` to list.
[2025-11-10 10:59:00] [TRACE]   [OmnipathR] Restricting interaction records to datasets: tf_mirna; and resources: CollecTRI
[2025-11-10 10:59:00] [TRACE]   [OmnipathR] Filtering evidence columns: positive, negative, directed, undirected; to datasets: tf_mirna; and resources: CollecTRI; excluding resources: none
[2025-11-10 10:59:01] [SUCCESS] [OmnipathR] Loaded 207 interactions from cache.
[2025-11-10 10:59:04] [TRACE]   [OmnipathR] Processing args for OmniPath query
[2025-11-10 10:59:04] [TRACE]   [OmnipathR] Arguments for OmniPath query: [loops=TRUE,extra_attrs=TRUE,organisms=9606,genesymbols=TRUE,query_type=interactions,datasets=collectri]
[2025-11-10 10:59:04] [TRACE]   [OmnipathR] Organism(s): 9606
[2025-11-10 10:59:04] [TRACE]   [OmnipathR] Orthology targets: 
[2025-11-10 10:59:04] [TRACE]   [OmnipathR] Looking up in cache: `https://omnipathdb.org/interactions?genesymbols=yes&datasets=collectri&organisms=9606&fields=extra_attrs,sources,references,curation_effort&loops=yes&license=academic`
[2025-11-10 10:59:04] [TRACE]   [OmnipathR] Loaded data from RDS `/home/marcelo.hurtado/.cache/OmnipathR/76e3673f92890910194d45678b3125a5674920d6-1.rds`.
[2025-11-10 10:59:04] [INFO]    [OmnipathR] Loaded from cache: `https://omnipathdb.org/interactions?genesymbols=yes&datasets=collectri&organisms=9606&fields=extra_attrs,sources,references,curation_effort&loops=yes&license=academic`
[2025-11-10 10:59:04] [TRACE]   [OmnipathR] Converting JSON column `extra_attrs` to list.
[2025-11-10 10:59:07] [SUCCESS] [OmnipathR] Loaded 64979 interactions from cache.
[2025-11-10 10:59:07] [TRACE]   [OmnipathR] Processing args for OmniPath query
[2025-11-10 10:59:07] [TRACE]   [OmnipathR] Arguments for OmniPath query: [genesymbols=TRUE,resources=CollecTRI,strict_evidences=TRUE,extra_attrs=TRUE,query_type=interactions,datasets=tf_mirna]
[2025-11-10 10:59:07] [TRACE]   [OmnipathR] Organism(s): 9606
[2025-11-10 10:59:07] [TRACE]   [OmnipathR] Orthology targets: 
[2025-11-10 10:59:07] [TRACE]   [OmnipathR] Reading JSON from `https://omnipathdb.org/resources` (encoding: UTF-8).
[2025-11-10 10:59:08] [TRACE]   [OmnipathR] JSON validation successful: TRUE
[2025-11-10 10:59:08] [TRACE]   [OmnipathR] Looking up in cache: `https://omnipathdb.org/interactions?genesymbols=yes&resources=CollecTRI&datasets=tf_mirna&organisms=9606&fields=extra_attrs,evidences,sources,references,curation_effort&license=academic`
[2025-11-10 10:59:08] [TRACE]   [OmnipathR] Loaded data from RDS `/home/marcelo.hurtado/.cache/OmnipathR/911416570c2aaa914be32ebf7b85e1eb3d1ff162-1.rds`.
[2025-11-10 10:59:08] [INFO]    [OmnipathR] Loaded from cache: `https://omnipathdb.org/interactions?genesymbols=yes&resources=CollecTRI&datasets=tf_mirna&organisms=9606&fields=extra_attrs,evidences,sources,references,curation_effort&license=academic`
[2025-11-10 10:59:08] [TRACE]   [OmnipathR] Converting JSON column `extra_attrs` to list.
[2025-11-10 10:59:08] [TRACE]   [OmnipathR] Converting JSON column `evidences` to list.
[2025-11-10 10:59:08] [TRACE]   [OmnipathR] Restricting interaction records to datasets: tf_mirna; and resources: CollecTRI
[2025-11-10 10:59:08] [TRACE]   [OmnipathR] Filtering evidence columns: positive, negative, directed, undirected; to datasets: tf_mirna; and resources: CollecTRI; excluding resources: none
[2025-11-10 10:59:08] [SUCCESS] [OmnipathR] Loaded 207 interactions from cache.
[2025-11-10 10:59:11] [TRACE]   [OmnipathR] Processing args for OmniPath query
[2025-11-10 10:59:11] [TRACE]   [OmnipathR] Arguments for OmniPath query: [loops=TRUE,extra_attrs=TRUE,organisms=9606,genesymbols=TRUE,query_type=interactions,datasets=collectri]
[2025-11-10 10:59:11] [TRACE]   [OmnipathR] Organism(s): 9606
[2025-11-10 10:59:11] [TRACE]   [OmnipathR] Orthology targets: 
[2025-11-10 10:59:11] [TRACE]   [OmnipathR] Looking up in cache: `https://omnipathdb.org/interactions?genesymbols=yes&datasets=collectri&organisms=9606&fields=extra_attrs,sources,references,curation_effort&loops=yes&license=academic`
[2025-11-10 10:59:11] [TRACE]   [OmnipathR] Loaded data from RDS `/home/marcelo.hurtado/.cache/OmnipathR/76e3673f92890910194d45678b3125a5674920d6-1.rds`.
[2025-11-10 10:59:11] [INFO]    [OmnipathR] Loaded from cache: `https://omnipathdb.org/interactions?genesymbols=yes&datasets=collectri&organisms=9606&fields=extra_attrs,sources,references,curation_effort&loops=yes&license=academic`
[2025-11-10 10:59:11] [TRACE]   [OmnipathR] Converting JSON column `extra_attrs` to list.
[2025-11-10 10:59:14] [SUCCESS] [OmnipathR] Loaded 64979 interactions from cache.
[2025-11-10 10:59:14] [TRACE]   [OmnipathR] Processing args for OmniPath query
[2025-11-10 10:59:14] [TRACE]   [OmnipathR] Arguments for OmniPath query: [genesymbols=TRUE,resources=CollecTRI,strict_evidences=TRUE,extra_attrs=TRUE,query_type=interactions,datasets=tf_mirna]
[2025-11-10 10:59:14] [TRACE]   [OmnipathR] Organism(s): 9606
[2025-11-10 10:59:14] [TRACE]   [OmnipathR] Orthology targets: 
[2025-11-10 10:59:14] [TRACE]   [OmnipathR] Reading JSON from `https://omnipathdb.org/resources` (encoding: UTF-8).
[2025-11-10 10:59:15] [TRACE]   [OmnipathR] JSON validation successful: TRUE
[2025-11-10 10:59:15] [TRACE]   [OmnipathR] Looking up in cache: `https://omnipathdb.org/interactions?genesymbols=yes&resources=CollecTRI&datasets=tf_mirna&organisms=9606&fields=extra_attrs,evidences,sources,references,curation_effort&license=academic`
[2025-11-10 10:59:15] [TRACE]   [OmnipathR] Loaded data from RDS `/home/marcelo.hurtado/.cache/OmnipathR/911416570c2aaa914be32ebf7b85e1eb3d1ff162-1.rds`.
[2025-11-10 10:59:15] [INFO]    [OmnipathR] Loaded from cache: `https://omnipathdb.org/interactions?genesymbols=yes&resources=CollecTRI&datasets=tf_mirna&organisms=9606&fields=extra_attrs,evidences,sources,references,curation_effort&license=academic`
[2025-11-10 10:59:15] [TRACE]   [OmnipathR] Converting JSON column `extra_attrs` to list.
[2025-11-10 10:59:15] [TRACE]   [OmnipathR] Converting JSON column `evidences` to list.
[2025-11-10 10:59:15] [TRACE]   [OmnipathR] Restricting interaction records to datasets: tf_mirna; and resources: CollecTRI
[2025-11-10 10:59:15] [TRACE]   [OmnipathR] Filtering evidence columns: positive, negative, directed, undirected; to datasets: tf_mirna; and resources: CollecTRI; excluding resources: none
[2025-11-10 10:59:15] [SUCCESS] [OmnipathR] Loaded 207 interactions from cache.
[2025-11-10 10:59:18] [TRACE]   [OmnipathR] Processing args for OmniPath query
[2025-11-10 10:59:18] [TRACE]   [OmnipathR] Arguments for OmniPath query: [loops=TRUE,extra_attrs=TRUE,organisms=9606,genesymbols=TRUE,query_type=interactions,datasets=collectri]
[2025-11-10 10:59:18] [TRACE]   [OmnipathR] Organism(s): 9606
[2025-11-10 10:59:18] [TRACE]   [OmnipathR] Orthology targets: 
[2025-11-10 10:59:18] [TRACE]   [OmnipathR] Looking up in cache: `https://omnipathdb.org/interactions?genesymbols=yes&datasets=collectri&organisms=9606&fields=extra_attrs,sources,references,curation_effort&loops=yes&license=academic`
[2025-11-10 10:59:18] [TRACE]   [OmnipathR] Loaded data from RDS `/home/marcelo.hurtado/.cache/OmnipathR/76e3673f92890910194d45678b3125a5674920d6-1.rds`.
[2025-11-10 10:59:18] [INFO]    [OmnipathR] Loaded from cache: `https://omnipathdb.org/interactions?genesymbols=yes&datasets=collectri&organisms=9606&fields=extra_attrs,sources,references,curation_effort&loops=yes&license=academic`
[2025-11-10 10:59:18] [TRACE]   [OmnipathR] Converting JSON column `extra_attrs` to list.
[2025-11-10 10:59:21] [SUCCESS] [OmnipathR] Loaded 64979 interactions from cache.
[2025-11-10 10:59:21] [TRACE]   [OmnipathR] Processing args for OmniPath query
[2025-11-10 10:59:21] [TRACE]   [OmnipathR] Arguments for OmniPath query: [genesymbols=TRUE,resources=CollecTRI,strict_evidences=TRUE,extra_attrs=TRUE,query_type=interactions,datasets=tf_mirna]
[2025-11-10 10:59:21] [TRACE]   [OmnipathR] Organism(s): 9606
[2025-11-10 10:59:21] [TRACE]   [OmnipathR] Orthology targets: 
[2025-11-10 10:59:21] [TRACE]   [OmnipathR] Reading JSON from `https://omnipathdb.org/resources` (encoding: UTF-8).
[2025-11-10 10:59:22] [TRACE]   [OmnipathR] JSON validation successful: TRUE
[2025-11-10 10:59:22] [TRACE]   [OmnipathR] Looking up in cache: `https://omnipathdb.org/interactions?genesymbols=yes&resources=CollecTRI&datasets=tf_mirna&organisms=9606&fields=extra_attrs,evidences,sources,references,curation_effort&license=academic`
[2025-11-10 10:59:22] [TRACE]   [OmnipathR] Loaded data from RDS `/home/marcelo.hurtado/.cache/OmnipathR/911416570c2aaa914be32ebf7b85e1eb3d1ff162-1.rds`.
[2025-11-10 10:59:22] [INFO]    [OmnipathR] Loaded from cache: `https://omnipathdb.org/interactions?genesymbols=yes&resources=CollecTRI&datasets=tf_mirna&organisms=9606&fields=extra_attrs,evidences,sources,references,curation_effort&license=academic`
[2025-11-10 10:59:22] [TRACE]   [OmnipathR] Converting JSON column `extra_attrs` to list.
[2025-11-10 10:59:22] [TRACE]   [OmnipathR] Converting JSON column `evidences` to list.
[2025-11-10 10:59:22] [TRACE]   [OmnipathR] Restricting interaction records to datasets: tf_mirna; and resources: CollecTRI
[2025-11-10 10:59:22] [TRACE]   [OmnipathR] Filtering evidence columns: positive, negative, directed, undirected; to datasets: tf_mirna; and resources: CollecTRI; excluding resources: none
[2025-11-10 10:59:22] [SUCCESS] [OmnipathR] Loaded 207 interactions from cache.
[2025-11-10 10:59:26] [TRACE]   [OmnipathR] Processing args for OmniPath query
[2025-11-10 10:59:26] [TRACE]   [OmnipathR] Arguments for OmniPath query: [loops=TRUE,extra_attrs=TRUE,organisms=9606,genesymbols=TRUE,query_type=interactions,datasets=collectri]
[2025-11-10 10:59:26] [TRACE]   [OmnipathR] Organism(s): 9606
[2025-11-10 10:59:26] [TRACE]   [OmnipathR] Orthology targets: 
[2025-11-10 10:59:26] [TRACE]   [OmnipathR] Looking up in cache: `https://omnipathdb.org/interactions?genesymbols=yes&datasets=collectri&organisms=9606&fields=extra_attrs,sources,references,curation_effort&loops=yes&license=academic`
[2025-11-10 10:59:26] [TRACE]   [OmnipathR] Loaded data from RDS `/home/marcelo.hurtado/.cache/OmnipathR/76e3673f92890910194d45678b3125a5674920d6-1.rds`.
[2025-11-10 10:59:26] [INFO]    [OmnipathR] Loaded from cache: `https://omnipathdb.org/interactions?genesymbols=yes&datasets=collectri&organisms=9606&fields=extra_attrs,sources,references,curation_effort&loops=yes&license=academic`
[2025-11-10 10:59:26] [TRACE]   [OmnipathR] Converting JSON column `extra_attrs` to list.
[2025-11-10 10:59:29] [SUCCESS] [OmnipathR] Loaded 64979 interactions from cache.
[2025-11-10 10:59:29] [TRACE]   [OmnipathR] Processing args for OmniPath query
[2025-11-10 10:59:29] [TRACE]   [OmnipathR] Arguments for OmniPath query: [genesymbols=TRUE,resources=CollecTRI,strict_evidences=TRUE,extra_attrs=TRUE,query_type=interactions,datasets=tf_mirna]
[2025-11-10 10:59:29] [TRACE]   [OmnipathR] Organism(s): 9606
[2025-11-10 10:59:29] [TRACE]   [OmnipathR] Orthology targets: 
[2025-11-10 10:59:29] [TRACE]   [OmnipathR] Reading JSON from `https://omnipathdb.org/resources` (encoding: UTF-8).
[2025-11-10 10:59:30] [TRACE]   [OmnipathR] JSON validation successful: TRUE
[2025-11-10 10:59:30] [TRACE]   [OmnipathR] Looking up in cache: `https://omnipathdb.org/interactions?genesymbols=yes&resources=CollecTRI&datasets=tf_mirna&organisms=9606&fields=extra_attrs,evidences,sources,references,curation_effort&license=academic`
[2025-11-10 10:59:30] [TRACE]   [OmnipathR] Loaded data from RDS `/home/marcelo.hurtado/.cache/OmnipathR/911416570c2aaa914be32ebf7b85e1eb3d1ff162-1.rds`.
[2025-11-10 10:59:30] [INFO]    [OmnipathR] Loaded from cache: `https://omnipathdb.org/interactions?genesymbols=yes&resources=CollecTRI&datasets=tf_mirna&organisms=9606&fields=extra_attrs,evidences,sources,references,curation_effort&license=academic`
[2025-11-10 10:59:30] [TRACE]   [OmnipathR] Converting JSON column `extra_attrs` to list.
[2025-11-10 10:59:30] [TRACE]   [OmnipathR] Converting JSON column `evidences` to list.
[2025-11-10 10:59:30] [TRACE]   [OmnipathR] Restricting interaction records to datasets: tf_mirna; and resources: CollecTRI
[2025-11-10 10:59:30] [TRACE]   [OmnipathR] Filtering evidence columns: positive, negative, directed, undirected; to datasets: tf_mirna; and resources: CollecTRI; excluding resources: none
[2025-11-10 10:59:30] [SUCCESS] [OmnipathR] Loaded 207 interactions from cache.
[2025-11-10 10:59:33] [TRACE]   [OmnipathR] Processing args for OmniPath query
[2025-11-10 10:59:33] [TRACE]   [OmnipathR] Arguments for OmniPath query: [loops=TRUE,extra_attrs=TRUE,organisms=9606,genesymbols=TRUE,query_type=interactions,datasets=collectri]
[2025-11-10 10:59:33] [TRACE]   [OmnipathR] Organism(s): 9606
[2025-11-10 10:59:33] [TRACE]   [OmnipathR] Orthology targets: 
[2025-11-10 10:59:33] [TRACE]   [OmnipathR] Looking up in cache: `https://omnipathdb.org/interactions?genesymbols=yes&datasets=collectri&organisms=9606&fields=extra_attrs,sources,references,curation_effort&loops=yes&license=academic`
[2025-11-10 10:59:33] [TRACE]   [OmnipathR] Loaded data from RDS `/home/marcelo.hurtado/.cache/OmnipathR/76e3673f92890910194d45678b3125a5674920d6-1.rds`.
[2025-11-10 10:59:33] [INFO]    [OmnipathR] Loaded from cache: `https://omnipathdb.org/interactions?genesymbols=yes&datasets=collectri&organisms=9606&fields=extra_attrs,sources,references,curation_effort&loops=yes&license=academic`
[2025-11-10 10:59:33] [TRACE]   [OmnipathR] Converting JSON column `extra_attrs` to list.
[2025-11-10 10:59:36] [SUCCESS] [OmnipathR] Loaded 64979 interactions from cache.
[2025-11-10 10:59:36] [TRACE]   [OmnipathR] Processing args for OmniPath query
[2025-11-10 10:59:36] [TRACE]   [OmnipathR] Arguments for OmniPath query: [genesymbols=TRUE,resources=CollecTRI,strict_evidences=TRUE,extra_attrs=TRUE,query_type=interactions,datasets=tf_mirna]
[2025-11-10 10:59:36] [TRACE]   [OmnipathR] Organism(s): 9606
[2025-11-10 10:59:36] [TRACE]   [OmnipathR] Orthology targets: 
[2025-11-10 10:59:36] [TRACE]   [OmnipathR] Reading JSON from `https://omnipathdb.org/resources` (encoding: UTF-8).
[2025-11-10 10:59:37] [TRACE]   [OmnipathR] JSON validation successful: TRUE
[2025-11-10 10:59:37] [TRACE]   [OmnipathR] Looking up in cache: `https://omnipathdb.org/interactions?genesymbols=yes&resources=CollecTRI&datasets=tf_mirna&organisms=9606&fields=extra_attrs,evidences,sources,references,curation_effort&license=academic`
[2025-11-10 10:59:37] [TRACE]   [OmnipathR] Loaded data from RDS `/home/marcelo.hurtado/.cache/OmnipathR/911416570c2aaa914be32ebf7b85e1eb3d1ff162-1.rds`.
[2025-11-10 10:59:37] [INFO]    [OmnipathR] Loaded from cache: `https://omnipathdb.org/interactions?genesymbols=yes&resources=CollecTRI&datasets=tf_mirna&organisms=9606&fields=extra_attrs,evidences,sources,references,curation_effort&license=academic`
[2025-11-10 10:59:37] [TRACE]   [OmnipathR] Converting JSON column `extra_attrs` to list.
[2025-11-10 10:59:37] [TRACE]   [OmnipathR] Converting JSON column `evidences` to list.
[2025-11-10 10:59:37] [TRACE]   [OmnipathR] Restricting interaction records to datasets: tf_mirna; and resources: CollecTRI
[2025-11-10 10:59:37] [TRACE]   [OmnipathR] Filtering evidence columns: positive, negative, directed, undirected; to datasets: tf_mirna; and resources: CollecTRI; excluding resources: none
[2025-11-10 10:59:37] [SUCCESS] [OmnipathR] Loaded 207 interactions from cache.
[2025-11-10 10:59:40] [TRACE]   [OmnipathR] Processing args for OmniPath query
[2025-11-10 10:59:40] [TRACE]   [OmnipathR] Arguments for OmniPath query: [loops=TRUE,extra_attrs=TRUE,organisms=9606,genesymbols=TRUE,query_type=interactions,datasets=collectri]
[2025-11-10 10:59:40] [TRACE]   [OmnipathR] Organism(s): 9606
[2025-11-10 10:59:40] [TRACE]   [OmnipathR] Orthology targets: 
[2025-11-10 10:59:40] [TRACE]   [OmnipathR] Looking up in cache: `https://omnipathdb.org/interactions?genesymbols=yes&datasets=collectri&organisms=9606&fields=extra_attrs,sources,references,curation_effort&loops=yes&license=academic`
[2025-11-10 10:59:40] [TRACE]   [OmnipathR] Loaded data from RDS `/home/marcelo.hurtado/.cache/OmnipathR/76e3673f92890910194d45678b3125a5674920d6-1.rds`.
[2025-11-10 10:59:40] [INFO]    [OmnipathR] Loaded from cache: `https://omnipathdb.org/interactions?genesymbols=yes&datasets=collectri&organisms=9606&fields=extra_attrs,sources,references,curation_effort&loops=yes&license=academic`
[2025-11-10 10:59:40] [TRACE]   [OmnipathR] Converting JSON column `extra_attrs` to list.
[2025-11-10 10:59:45] [SUCCESS] [OmnipathR] Loaded 64979 interactions from cache.
[2025-11-10 10:59:45] [TRACE]   [OmnipathR] Processing args for OmniPath query
[2025-11-10 10:59:45] [TRACE]   [OmnipathR] Arguments for OmniPath query: [genesymbols=TRUE,resources=CollecTRI,strict_evidences=TRUE,extra_attrs=TRUE,query_type=interactions,datasets=tf_mirna]
[2025-11-10 10:59:45] [TRACE]   [OmnipathR] Organism(s): 9606
[2025-11-10 10:59:45] [TRACE]   [OmnipathR] Orthology targets: 
[2025-11-10 10:59:45] [TRACE]   [OmnipathR] Reading JSON from `https://omnipathdb.org/resources` (encoding: UTF-8).
[2025-11-10 10:59:45] [TRACE]   [OmnipathR] JSON validation successful: TRUE
[2025-11-10 10:59:45] [TRACE]   [OmnipathR] Looking up in cache: `https://omnipathdb.org/interactions?genesymbols=yes&resources=CollecTRI&datasets=tf_mirna&organisms=9606&fields=extra_attrs,evidences,sources,references,curation_effort&license=academic`
[2025-11-10 10:59:45] [TRACE]   [OmnipathR] Loaded data from RDS `/home/marcelo.hurtado/.cache/OmnipathR/911416570c2aaa914be32ebf7b85e1eb3d1ff162-1.rds`.
[2025-11-10 10:59:45] [INFO]    [OmnipathR] Loaded from cache: `https://omnipathdb.org/interactions?genesymbols=yes&resources=CollecTRI&datasets=tf_mirna&organisms=9606&fields=extra_attrs,evidences,sources,references,curation_effort&license=academic`
[2025-11-10 10:59:45] [TRACE]   [OmnipathR] Converting JSON column `extra_attrs` to list.
[2025-11-10 10:59:45] [TRACE]   [OmnipathR] Converting JSON column `evidences` to list.
[2025-11-10 10:59:45] [TRACE]   [OmnipathR] Restricting interaction records to datasets: tf_mirna; and resources: CollecTRI
[2025-11-10 10:59:45] [TRACE]   [OmnipathR] Filtering evidence columns: positive, negative, directed, undirected; to datasets: tf_mirna; and resources: CollecTRI; excluding resources: none
[2025-11-10 10:59:45] [SUCCESS] [OmnipathR] Loaded 207 interactions from cache.
[2025-11-10 10:59:48] [TRACE]   [OmnipathR] Processing args for OmniPath query
[2025-11-10 10:59:48] [TRACE]   [OmnipathR] Arguments for OmniPath query: [loops=TRUE,extra_attrs=TRUE,organisms=9606,genesymbols=TRUE,query_type=interactions,datasets=collectri]
[2025-11-10 10:59:48] [TRACE]   [OmnipathR] Organism(s): 9606
[2025-11-10 10:59:48] [TRACE]   [OmnipathR] Orthology targets: 
[2025-11-10 10:59:48] [TRACE]   [OmnipathR] Looking up in cache: `https://omnipathdb.org/interactions?genesymbols=yes&datasets=collectri&organisms=9606&fields=extra_attrs,sources,references,curation_effort&loops=yes&license=academic`
[2025-11-10 10:59:49] [TRACE]   [OmnipathR] Loaded data from RDS `/home/marcelo.hurtado/.cache/OmnipathR/76e3673f92890910194d45678b3125a5674920d6-1.rds`.
[2025-11-10 10:59:49] [INFO]    [OmnipathR] Loaded from cache: `https://omnipathdb.org/interactions?genesymbols=yes&datasets=collectri&organisms=9606&fields=extra_attrs,sources,references,curation_effort&loops=yes&license=academic`
[2025-11-10 10:59:49] [TRACE]   [OmnipathR] Converting JSON column `extra_attrs` to list.
[2025-11-10 10:59:52] [SUCCESS] [OmnipathR] Loaded 64979 interactions from cache.
[2025-11-10 10:59:52] [TRACE]   [OmnipathR] Processing args for OmniPath query
[2025-11-10 10:59:52] [TRACE]   [OmnipathR] Arguments for OmniPath query: [genesymbols=TRUE,resources=CollecTRI,strict_evidences=TRUE,extra_attrs=TRUE,query_type=interactions,datasets=tf_mirna]
[2025-11-10 10:59:52] [TRACE]   [OmnipathR] Organism(s): 9606
[2025-11-10 10:59:52] [TRACE]   [OmnipathR] Orthology targets: 
[2025-11-10 10:59:52] [TRACE]   [OmnipathR] Reading JSON from `https://omnipathdb.org/resources` (encoding: UTF-8).
[2025-11-10 10:59:52] [TRACE]   [OmnipathR] JSON validation successful: TRUE
[2025-11-10 10:59:52] [TRACE]   [OmnipathR] Looking up in cache: `https://omnipathdb.org/interactions?genesymbols=yes&resources=CollecTRI&datasets=tf_mirna&organisms=9606&fields=extra_attrs,evidences,sources,references,curation_effort&license=academic`
[2025-11-10 10:59:52] [TRACE]   [OmnipathR] Loaded data from RDS `/home/marcelo.hurtado/.cache/OmnipathR/911416570c2aaa914be32ebf7b85e1eb3d1ff162-1.rds`.
[2025-11-10 10:59:52] [INFO]    [OmnipathR] Loaded from cache: `https://omnipathdb.org/interactions?genesymbols=yes&resources=CollecTRI&datasets=tf_mirna&organisms=9606&fields=extra_attrs,evidences,sources,references,curation_effort&license=academic`
[2025-11-10 10:59:52] [TRACE]   [OmnipathR] Converting JSON column `extra_attrs` to list.
[2025-11-10 10:59:52] [TRACE]   [OmnipathR] Converting JSON column `evidences` to list.
[2025-11-10 10:59:52] [TRACE]   [OmnipathR] Restricting interaction records to datasets: tf_mirna; and resources: CollecTRI
[2025-11-10 10:59:52] [TRACE]   [OmnipathR] Filtering evidence columns: positive, negative, directed, undirected; to datasets: tf_mirna; and resources: CollecTRI; excluding resources: none
[2025-11-10 10:59:52] [SUCCESS] [OmnipathR] Loaded 207 interactions from cache.
[2025-11-10 10:59:55] [TRACE]   [OmnipathR] Processing args for OmniPath query
[2025-11-10 10:59:55] [TRACE]   [OmnipathR] Arguments for OmniPath query: [loops=TRUE,extra_attrs=TRUE,organisms=9606,genesymbols=TRUE,query_type=interactions,datasets=collectri]
[2025-11-10 10:59:55] [TRACE]   [OmnipathR] Organism(s): 9606
[2025-11-10 10:59:55] [TRACE]   [OmnipathR] Orthology targets: 
[2025-11-10 10:59:55] [TRACE]   [OmnipathR] Looking up in cache: `https://omnipathdb.org/interactions?genesymbols=yes&datasets=collectri&organisms=9606&fields=extra_attrs,sources,references,curation_effort&loops=yes&license=academic`
[2025-11-10 10:59:55] [TRACE]   [OmnipathR] Loaded data from RDS `/home/marcelo.hurtado/.cache/OmnipathR/76e3673f92890910194d45678b3125a5674920d6-1.rds`.
[2025-11-10 10:59:55] [INFO]    [OmnipathR] Loaded from cache: `https://omnipathdb.org/interactions?genesymbols=yes&datasets=collectri&organisms=9606&fields=extra_attrs,sources,references,curation_effort&loops=yes&license=academic`
[2025-11-10 10:59:55] [TRACE]   [OmnipathR] Converting JSON column `extra_attrs` to list.
[2025-11-10 10:59:58] [SUCCESS] [OmnipathR] Loaded 64979 interactions from cache.
[2025-11-10 10:59:58] [TRACE]   [OmnipathR] Processing args for OmniPath query
[2025-11-10 10:59:58] [TRACE]   [OmnipathR] Arguments for OmniPath query: [genesymbols=TRUE,resources=CollecTRI,strict_evidences=TRUE,extra_attrs=TRUE,query_type=interactions,datasets=tf_mirna]
[2025-11-10 10:59:58] [TRACE]   [OmnipathR] Organism(s): 9606
[2025-11-10 10:59:58] [TRACE]   [OmnipathR] Orthology targets: 
[2025-11-10 10:59:58] [TRACE]   [OmnipathR] Reading JSON from `https://omnipathdb.org/resources` (encoding: UTF-8).
[2025-11-10 10:59:59] [TRACE]   [OmnipathR] JSON validation successful: TRUE
[2025-11-10 10:59:59] [TRACE]   [OmnipathR] Looking up in cache: `https://omnipathdb.org/interactions?genesymbols=yes&resources=CollecTRI&datasets=tf_mirna&organisms=9606&fields=extra_attrs,evidences,sources,references,curation_effort&license=academic`
[2025-11-10 10:59:59] [TRACE]   [OmnipathR] Loaded data from RDS `/home/marcelo.hurtado/.cache/OmnipathR/911416570c2aaa914be32ebf7b85e1eb3d1ff162-1.rds`.
[2025-11-10 10:59:59] [INFO]    [OmnipathR] Loaded from cache: `https://omnipathdb.org/interactions?genesymbols=yes&resources=CollecTRI&datasets=tf_mirna&organisms=9606&fields=extra_attrs,evidences,sources,references,curation_effort&license=academic`
[2025-11-10 10:59:59] [TRACE]   [OmnipathR] Converting JSON column `extra_attrs` to list.
[2025-11-10 10:59:59] [TRACE]   [OmnipathR] Converting JSON column `evidences` to list.
[2025-11-10 10:59:59] [TRACE]   [OmnipathR] Restricting interaction records to datasets: tf_mirna; and resources: CollecTRI
[2025-11-10 10:59:59] [TRACE]   [OmnipathR] Filtering evidence columns: positive, negative, directed, undirected; to datasets: tf_mirna; and resources: CollecTRI; excluding resources: none
[2025-11-10 10:59:59] [SUCCESS] [OmnipathR] Loaded 207 interactions from cache.
[2025-11-10 11:03:44] [TRACE]   [OmnipathR] Processing args for OmniPath query
[2025-11-10 11:03:44] [TRACE]   [OmnipathR] Arguments for OmniPath query: [loops=TRUE,extra_attrs=TRUE,organisms=9606,genesymbols=TRUE,query_type=interactions,datasets=collectri]
[2025-11-10 11:03:44] [TRACE]   [OmnipathR] Organism(s): 9606
[2025-11-10 11:03:44] [TRACE]   [OmnipathR] Orthology targets: 
[2025-11-10 11:03:44] [TRACE]   [OmnipathR] Looking up in cache: `https://omnipathdb.org/interactions?genesymbols=yes&datasets=collectri&organisms=9606&fields=extra_attrs,sources,references,curation_effort&loops=yes&license=academic`
[2025-11-10 11:03:44] [TRACE]   [OmnipathR] Loaded data from RDS `/home/marcelo.hurtado/.cache/OmnipathR/76e3673f92890910194d45678b3125a5674920d6-1.rds`.
[2025-11-10 11:03:44] [INFO]    [OmnipathR] Loaded from cache: `https://omnipathdb.org/interactions?genesymbols=yes&datasets=collectri&organisms=9606&fields=extra_attrs,sources,references,curation_effort&loops=yes&license=academic`
[2025-11-10 11:03:44] [TRACE]   [OmnipathR] Converting JSON column `extra_attrs` to list.
[2025-11-10 11:03:47] [SUCCESS] [OmnipathR] Loaded 64979 interactions from cache.
[2025-11-10 11:03:47] [TRACE]   [OmnipathR] Processing args for OmniPath query
[2025-11-10 11:03:47] [TRACE]   [OmnipathR] Arguments for OmniPath query: [genesymbols=TRUE,resources=CollecTRI,strict_evidences=TRUE,extra_attrs=TRUE,query_type=interactions,datasets=tf_mirna]
[2025-11-10 11:03:47] [TRACE]   [OmnipathR] Organism(s): 9606
[2025-11-10 11:03:47] [TRACE]   [OmnipathR] Orthology targets: 
[2025-11-10 11:03:47] [TRACE]   [OmnipathR] Reading JSON from `https://omnipathdb.org/resources` (encoding: UTF-8).
[2025-11-10 11:03:48] [TRACE]   [OmnipathR] JSON validation successful: TRUE
[2025-11-10 11:03:48] [TRACE]   [OmnipathR] Looking up in cache: `https://omnipathdb.org/interactions?genesymbols=yes&resources=CollecTRI&datasets=tf_mirna&organisms=9606&fields=extra_attrs,evidences,sources,references,curation_effort&license=academic`
[2025-11-10 11:03:48] [TRACE]   [OmnipathR] Loaded data from RDS `/home/marcelo.hurtado/.cache/OmnipathR/911416570c2aaa914be32ebf7b85e1eb3d1ff162-1.rds`.
[2025-11-10 11:03:48] [INFO]    [OmnipathR] Loaded from cache: `https://omnipathdb.org/interactions?genesymbols=yes&resources=CollecTRI&datasets=tf_mirna&organisms=9606&fields=extra_attrs,evidences,sources,references,curation_effort&license=academic`
[2025-11-10 11:03:48] [TRACE]   [OmnipathR] Converting JSON column `extra_attrs` to list.
[2025-11-10 11:03:48] [TRACE]   [OmnipathR] Converting JSON column `evidences` to list.
[2025-11-10 11:03:48] [TRACE]   [OmnipathR] Restricting interaction records to datasets: tf_mirna; and resources: CollecTRI
[2025-11-10 11:03:48] [TRACE]   [OmnipathR] Filtering evidence columns: positive, negative, directed, undirected; to datasets: tf_mirna; and resources: CollecTRI; excluding resources: none
[2025-11-10 11:03:48] [SUCCESS] [OmnipathR] Loaded 207 interactions from cache.
[2025-11-10 11:03:51] [TRACE]   [OmnipathR] Processing args for OmniPath query
[2025-11-10 11:03:51] [TRACE]   [OmnipathR] Arguments for OmniPath query: [loops=TRUE,extra_attrs=TRUE,organisms=9606,genesymbols=TRUE,query_type=interactions,datasets=collectri]
[2025-11-10 11:03:51] [TRACE]   [OmnipathR] Organism(s): 9606
[2025-11-10 11:03:51] [TRACE]   [OmnipathR] Orthology targets: 
[2025-11-10 11:03:51] [TRACE]   [OmnipathR] Looking up in cache: `https://omnipathdb.org/interactions?genesymbols=yes&datasets=collectri&organisms=9606&fields=extra_attrs,sources,references,curation_effort&loops=yes&license=academic`
[2025-11-10 11:03:51] [TRACE]   [OmnipathR] Loaded data from RDS `/home/marcelo.hurtado/.cache/OmnipathR/76e3673f92890910194d45678b3125a5674920d6-1.rds`.
[2025-11-10 11:03:51] [INFO]    [OmnipathR] Loaded from cache: `https://omnipathdb.org/interactions?genesymbols=yes&datasets=collectri&organisms=9606&fields=extra_attrs,sources,references,curation_effort&loops=yes&license=academic`
[2025-11-10 11:03:51] [TRACE]   [OmnipathR] Converting JSON column `extra_attrs` to list.
[2025-11-10 11:03:54] [SUCCESS] [OmnipathR] Loaded 64979 interactions from cache.
[2025-11-10 11:03:54] [TRACE]   [OmnipathR] Processing args for OmniPath query
[2025-11-10 11:03:54] [TRACE]   [OmnipathR] Arguments for OmniPath query: [genesymbols=TRUE,resources=CollecTRI,strict_evidences=TRUE,extra_attrs=TRUE,query_type=interactions,datasets=tf_mirna]
[2025-11-10 11:03:54] [TRACE]   [OmnipathR] Organism(s): 9606
[2025-11-10 11:03:54] [TRACE]   [OmnipathR] Orthology targets: 
[2025-11-10 11:03:54] [TRACE]   [OmnipathR] Reading JSON from `https://omnipathdb.org/resources` (encoding: UTF-8).
[2025-11-10 11:03:54] [TRACE]   [OmnipathR] JSON validation successful: TRUE
[2025-11-10 11:03:54] [TRACE]   [OmnipathR] Looking up in cache: `https://omnipathdb.org/interactions?genesymbols=yes&resources=CollecTRI&datasets=tf_mirna&organisms=9606&fields=extra_attrs,evidences,sources,references,curation_effort&license=academic`
[2025-11-10 11:03:54] [TRACE]   [OmnipathR] Loaded data from RDS `/home/marcelo.hurtado/.cache/OmnipathR/911416570c2aaa914be32ebf7b85e1eb3d1ff162-1.rds`.
[2025-11-10 11:03:54] [INFO]    [OmnipathR] Loaded from cache: `https://omnipathdb.org/interactions?genesymbols=yes&resources=CollecTRI&datasets=tf_mirna&organisms=9606&fields=extra_attrs,evidences,sources,references,curation_effort&license=academic`
[2025-11-10 11:03:54] [TRACE]   [OmnipathR] Converting JSON column `extra_attrs` to list.
[2025-11-10 11:03:54] [TRACE]   [OmnipathR] Converting JSON column `evidences` to list.
[2025-11-10 11:03:54] [TRACE]   [OmnipathR] Restricting interaction records to datasets: tf_mirna; and resources: CollecTRI
[2025-11-10 11:03:54] [TRACE]   [OmnipathR] Filtering evidence columns: positive, negative, directed, undirected; to datasets: tf_mirna; and resources: CollecTRI; excluding resources: none
[2025-11-10 11:03:55] [SUCCESS] [OmnipathR] Loaded 207 interactions from cache.
[2025-11-10 11:03:58] [TRACE]   [OmnipathR] Processing args for OmniPath query
[2025-11-10 11:03:58] [TRACE]   [OmnipathR] Arguments for OmniPath query: [loops=TRUE,extra_attrs=TRUE,organisms=9606,genesymbols=TRUE,query_type=interactions,datasets=collectri]
[2025-11-10 11:03:58] [TRACE]   [OmnipathR] Organism(s): 9606
[2025-11-10 11:03:58] [TRACE]   [OmnipathR] Orthology targets: 
[2025-11-10 11:03:58] [TRACE]   [OmnipathR] Looking up in cache: `https://omnipathdb.org/interactions?genesymbols=yes&datasets=collectri&organisms=9606&fields=extra_attrs,sources,references,curation_effort&loops=yes&license=academic`
[2025-11-10 11:03:58] [TRACE]   [OmnipathR] Loaded data from RDS `/home/marcelo.hurtado/.cache/OmnipathR/76e3673f92890910194d45678b3125a5674920d6-1.rds`.
[2025-11-10 11:03:58] [INFO]    [OmnipathR] Loaded from cache: `https://omnipathdb.org/interactions?genesymbols=yes&datasets=collectri&organisms=9606&fields=extra_attrs,sources,references,curation_effort&loops=yes&license=academic`
[2025-11-10 11:03:58] [TRACE]   [OmnipathR] Converting JSON column `extra_attrs` to list.
[2025-11-10 11:04:01] [SUCCESS] [OmnipathR] Loaded 64979 interactions from cache.
[2025-11-10 11:04:01] [TRACE]   [OmnipathR] Processing args for OmniPath query
[2025-11-10 11:04:01] [TRACE]   [OmnipathR] Arguments for OmniPath query: [genesymbols=TRUE,resources=CollecTRI,strict_evidences=TRUE,extra_attrs=TRUE,query_type=interactions,datasets=tf_mirna]
[2025-11-10 11:04:01] [TRACE]   [OmnipathR] Organism(s): 9606
[2025-11-10 11:04:01] [TRACE]   [OmnipathR] Orthology targets: 
[2025-11-10 11:04:01] [TRACE]   [OmnipathR] Reading JSON from `https://omnipathdb.org/resources` (encoding: UTF-8).
[2025-11-10 11:04:01] [TRACE]   [OmnipathR] JSON validation successful: TRUE
[2025-11-10 11:04:01] [TRACE]   [OmnipathR] Looking up in cache: `https://omnipathdb.org/interactions?genesymbols=yes&resources=CollecTRI&datasets=tf_mirna&organisms=9606&fields=extra_attrs,evidences,sources,references,curation_effort&license=academic`
[2025-11-10 11:04:01] [TRACE]   [OmnipathR] Loaded data from RDS `/home/marcelo.hurtado/.cache/OmnipathR/911416570c2aaa914be32ebf7b85e1eb3d1ff162-1.rds`.
[2025-11-10 11:04:01] [INFO]    [OmnipathR] Loaded from cache: `https://omnipathdb.org/interactions?genesymbols=yes&resources=CollecTRI&datasets=tf_mirna&organisms=9606&fields=extra_attrs,evidences,sources,references,curation_effort&license=academic`
[2025-11-10 11:04:01] [TRACE]   [OmnipathR] Converting JSON column `extra_attrs` to list.
[2025-11-10 11:04:01] [TRACE]   [OmnipathR] Converting JSON column `evidences` to list.
[2025-11-10 11:04:01] [TRACE]   [OmnipathR] Restricting interaction records to datasets: tf_mirna; and resources: CollecTRI
[2025-11-10 11:04:01] [TRACE]   [OmnipathR] Filtering evidence columns: positive, negative, directed, undirected; to datasets: tf_mirna; and resources: CollecTRI; excluding resources: none
[2025-11-10 11:04:01] [SUCCESS] [OmnipathR] Loaded 207 interactions from cache.
[2025-11-10 11:04:04] [TRACE]   [OmnipathR] Processing args for OmniPath query
[2025-11-10 11:04:04] [TRACE]   [OmnipathR] Arguments for OmniPath query: [loops=TRUE,extra_attrs=TRUE,organisms=9606,genesymbols=TRUE,query_type=interactions,datasets=collectri]
[2025-11-10 11:04:04] [TRACE]   [OmnipathR] Organism(s): 9606
[2025-11-10 11:04:04] [TRACE]   [OmnipathR] Orthology targets: 
[2025-11-10 11:04:04] [TRACE]   [OmnipathR] Looking up in cache: `https://omnipathdb.org/interactions?genesymbols=yes&datasets=collectri&organisms=9606&fields=extra_attrs,sources,references,curation_effort&loops=yes&license=academic`
[2025-11-10 11:04:05] [TRACE]   [OmnipathR] Loaded data from RDS `/home/marcelo.hurtado/.cache/OmnipathR/76e3673f92890910194d45678b3125a5674920d6-1.rds`.
[2025-11-10 11:04:05] [INFO]    [OmnipathR] Loaded from cache: `https://omnipathdb.org/interactions?genesymbols=yes&datasets=collectri&organisms=9606&fields=extra_attrs,sources,references,curation_effort&loops=yes&license=academic`
[2025-11-10 11:04:05] [TRACE]   [OmnipathR] Converting JSON column `extra_attrs` to list.
[2025-11-10 11:04:08] [SUCCESS] [OmnipathR] Loaded 64979 interactions from cache.
[2025-11-10 11:04:08] [TRACE]   [OmnipathR] Processing args for OmniPath query
[2025-11-10 11:04:08] [TRACE]   [OmnipathR] Arguments for OmniPath query: [genesymbols=TRUE,resources=CollecTRI,strict_evidences=TRUE,extra_attrs=TRUE,query_type=interactions,datasets=tf_mirna]
[2025-11-10 11:04:08] [TRACE]   [OmnipathR] Organism(s): 9606
[2025-11-10 11:04:08] [TRACE]   [OmnipathR] Orthology targets: 
[2025-11-10 11:04:08] [TRACE]   [OmnipathR] Reading JSON from `https://omnipathdb.org/resources` (encoding: UTF-8).
[2025-11-10 11:04:08] [TRACE]   [OmnipathR] JSON validation successful: TRUE
[2025-11-10 11:04:08] [TRACE]   [OmnipathR] Looking up in cache: `https://omnipathdb.org/interactions?genesymbols=yes&resources=CollecTRI&datasets=tf_mirna&organisms=9606&fields=extra_attrs,evidences,sources,references,curation_effort&license=academic`
[2025-11-10 11:04:08] [TRACE]   [OmnipathR] Loaded data from RDS `/home/marcelo.hurtado/.cache/OmnipathR/911416570c2aaa914be32ebf7b85e1eb3d1ff162-1.rds`.
[2025-11-10 11:04:08] [INFO]    [OmnipathR] Loaded from cache: `https://omnipathdb.org/interactions?genesymbols=yes&resources=CollecTRI&datasets=tf_mirna&organisms=9606&fields=extra_attrs,evidences,sources,references,curation_effort&license=academic`
[2025-11-10 11:04:08] [TRACE]   [OmnipathR] Converting JSON column `extra_attrs` to list.
[2025-11-10 11:04:08] [TRACE]   [OmnipathR] Converting JSON column `evidences` to list.
[2025-11-10 11:04:08] [TRACE]   [OmnipathR] Restricting interaction records to datasets: tf_mirna; and resources: CollecTRI
[2025-11-10 11:04:08] [TRACE]   [OmnipathR] Filtering evidence columns: positive, negative, directed, undirected; to datasets: tf_mirna; and resources: CollecTRI; excluding resources: none
[2025-11-10 11:04:09] [SUCCESS] [OmnipathR] Loaded 207 interactions from cache.
[2025-11-10 11:04:11] [TRACE]   [OmnipathR] Processing args for OmniPath query
[2025-11-10 11:04:11] [TRACE]   [OmnipathR] Arguments for OmniPath query: [loops=TRUE,extra_attrs=TRUE,organisms=9606,genesymbols=TRUE,query_type=interactions,datasets=collectri]
[2025-11-10 11:04:12] [TRACE]   [OmnipathR] Organism(s): 9606
[2025-11-10 11:04:12] [TRACE]   [OmnipathR] Orthology targets: 
[2025-11-10 11:04:12] [TRACE]   [OmnipathR] Looking up in cache: `https://omnipathdb.org/interactions?genesymbols=yes&datasets=collectri&organisms=9606&fields=extra_attrs,sources,references,curation_effort&loops=yes&license=academic`
[2025-11-10 11:04:12] [TRACE]   [OmnipathR] Loaded data from RDS `/home/marcelo.hurtado/.cache/OmnipathR/76e3673f92890910194d45678b3125a5674920d6-1.rds`.
[2025-11-10 11:04:12] [INFO]    [OmnipathR] Loaded from cache: `https://omnipathdb.org/interactions?genesymbols=yes&datasets=collectri&organisms=9606&fields=extra_attrs,sources,references,curation_effort&loops=yes&license=academic`
[2025-11-10 11:04:12] [TRACE]   [OmnipathR] Converting JSON column `extra_attrs` to list.
[2025-11-10 11:04:15] [SUCCESS] [OmnipathR] Loaded 64979 interactions from cache.
[2025-11-10 11:04:15] [TRACE]   [OmnipathR] Processing args for OmniPath query
[2025-11-10 11:04:15] [TRACE]   [OmnipathR] Arguments for OmniPath query: [genesymbols=TRUE,resources=CollecTRI,strict_evidences=TRUE,extra_attrs=TRUE,query_type=interactions,datasets=tf_mirna]
[2025-11-10 11:04:15] [TRACE]   [OmnipathR] Organism(s): 9606
[2025-11-10 11:04:15] [TRACE]   [OmnipathR] Orthology targets: 
[2025-11-10 11:04:15] [TRACE]   [OmnipathR] Reading JSON from `https://omnipathdb.org/resources` (encoding: UTF-8).
[2025-11-10 11:04:15] [TRACE]   [OmnipathR] JSON validation successful: TRUE
[2025-11-10 11:04:15] [TRACE]   [OmnipathR] Looking up in cache: `https://omnipathdb.org/interactions?genesymbols=yes&resources=CollecTRI&datasets=tf_mirna&organisms=9606&fields=extra_attrs,evidences,sources,references,curation_effort&license=academic`
[2025-11-10 11:04:15] [TRACE]   [OmnipathR] Loaded data from RDS `/home/marcelo.hurtado/.cache/OmnipathR/911416570c2aaa914be32ebf7b85e1eb3d1ff162-1.rds`.
[2025-11-10 11:04:15] [INFO]    [OmnipathR] Loaded from cache: `https://omnipathdb.org/interactions?genesymbols=yes&resources=CollecTRI&datasets=tf_mirna&organisms=9606&fields=extra_attrs,evidences,sources,references,curation_effort&license=academic`
[2025-11-10 11:04:15] [TRACE]   [OmnipathR] Converting JSON column `extra_attrs` to list.
[2025-11-10 11:04:15] [TRACE]   [OmnipathR] Converting JSON column `evidences` to list.
[2025-11-10 11:04:15] [TRACE]   [OmnipathR] Restricting interaction records to datasets: tf_mirna; and resources: CollecTRI
[2025-11-10 11:04:15] [TRACE]   [OmnipathR] Filtering evidence columns: positive, negative, directed, undirected; to datasets: tf_mirna; and resources: CollecTRI; excluding resources: none
[2025-11-10 11:04:16] [SUCCESS] [OmnipathR] Loaded 207 interactions from cache.
[2025-11-10 11:04:19] [TRACE]   [OmnipathR] Processing args for OmniPath query
[2025-11-10 11:04:19] [TRACE]   [OmnipathR] Arguments for OmniPath query: [loops=TRUE,extra_attrs=TRUE,organisms=9606,genesymbols=TRUE,query_type=interactions,datasets=collectri]
[2025-11-10 11:04:19] [TRACE]   [OmnipathR] Organism(s): 9606
[2025-11-10 11:04:19] [TRACE]   [OmnipathR] Orthology targets: 
[2025-11-10 11:04:19] [TRACE]   [OmnipathR] Looking up in cache: `https://omnipathdb.org/interactions?genesymbols=yes&datasets=collectri&organisms=9606&fields=extra_attrs,sources,references,curation_effort&loops=yes&license=academic`
[2025-11-10 11:04:19] [TRACE]   [OmnipathR] Loaded data from RDS `/home/marcelo.hurtado/.cache/OmnipathR/76e3673f92890910194d45678b3125a5674920d6-1.rds`.
[2025-11-10 11:04:19] [INFO]    [OmnipathR] Loaded from cache: `https://omnipathdb.org/interactions?genesymbols=yes&datasets=collectri&organisms=9606&fields=extra_attrs,sources,references,curation_effort&loops=yes&license=academic`
[2025-11-10 11:04:19] [TRACE]   [OmnipathR] Converting JSON column `extra_attrs` to list.
[2025-11-10 11:04:22] [SUCCESS] [OmnipathR] Loaded 64979 interactions from cache.
[2025-11-10 11:04:22] [TRACE]   [OmnipathR] Processing args for OmniPath query
[2025-11-10 11:04:22] [TRACE]   [OmnipathR] Arguments for OmniPath query: [genesymbols=TRUE,resources=CollecTRI,strict_evidences=TRUE,extra_attrs=TRUE,query_type=interactions,datasets=tf_mirna]
[2025-11-10 11:04:22] [TRACE]   [OmnipathR] Organism(s): 9606
[2025-11-10 11:04:22] [TRACE]   [OmnipathR] Orthology targets: 
[2025-11-10 11:04:22] [TRACE]   [OmnipathR] Reading JSON from `https://omnipathdb.org/resources` (encoding: UTF-8).
[2025-11-10 11:04:23] [TRACE]   [OmnipathR] JSON validation successful: TRUE
[2025-11-10 11:04:23] [TRACE]   [OmnipathR] Looking up in cache: `https://omnipathdb.org/interactions?genesymbols=yes&resources=CollecTRI&datasets=tf_mirna&organisms=9606&fields=extra_attrs,evidences,sources,references,curation_effort&license=academic`
[2025-11-10 11:04:23] [TRACE]   [OmnipathR] Loaded data from RDS `/home/marcelo.hurtado/.cache/OmnipathR/911416570c2aaa914be32ebf7b85e1eb3d1ff162-1.rds`.
[2025-11-10 11:04:23] [INFO]    [OmnipathR] Loaded from cache: `https://omnipathdb.org/interactions?genesymbols=yes&resources=CollecTRI&datasets=tf_mirna&organisms=9606&fields=extra_attrs,evidences,sources,references,curation_effort&license=academic`
[2025-11-10 11:04:23] [TRACE]   [OmnipathR] Converting JSON column `extra_attrs` to list.
[2025-11-10 11:04:23] [TRACE]   [OmnipathR] Converting JSON column `evidences` to list.
[2025-11-10 11:04:23] [TRACE]   [OmnipathR] Restricting interaction records to datasets: tf_mirna; and resources: CollecTRI
[2025-11-10 11:04:23] [TRACE]   [OmnipathR] Filtering evidence columns: positive, negative, directed, undirected; to datasets: tf_mirna; and resources: CollecTRI; excluding resources: none
[2025-11-10 11:04:23] [SUCCESS] [OmnipathR] Loaded 207 interactions from cache.
[2025-11-10 11:04:27] [TRACE]   [OmnipathR] Processing args for OmniPath query
[2025-11-10 11:04:27] [TRACE]   [OmnipathR] Arguments for OmniPath query: [loops=TRUE,extra_attrs=TRUE,organisms=9606,genesymbols=TRUE,query_type=interactions,datasets=collectri]
[2025-11-10 11:04:27] [TRACE]   [OmnipathR] Organism(s): 9606
[2025-11-10 11:04:27] [TRACE]   [OmnipathR] Orthology targets: 
[2025-11-10 11:04:27] [TRACE]   [OmnipathR] Looking up in cache: `https://omnipathdb.org/interactions?genesymbols=yes&datasets=collectri&organisms=9606&fields=extra_attrs,sources,references,curation_effort&loops=yes&license=academic`
[2025-11-10 11:04:27] [TRACE]   [OmnipathR] Loaded data from RDS `/home/marcelo.hurtado/.cache/OmnipathR/76e3673f92890910194d45678b3125a5674920d6-1.rds`.
[2025-11-10 11:04:27] [INFO]    [OmnipathR] Loaded from cache: `https://omnipathdb.org/interactions?genesymbols=yes&datasets=collectri&organisms=9606&fields=extra_attrs,sources,references,curation_effort&loops=yes&license=academic`
[2025-11-10 11:04:27] [TRACE]   [OmnipathR] Converting JSON column `extra_attrs` to list.
[2025-11-10 11:04:30] [SUCCESS] [OmnipathR] Loaded 64979 interactions from cache.
[2025-11-10 11:04:30] [TRACE]   [OmnipathR] Processing args for OmniPath query
[2025-11-10 11:04:30] [TRACE]   [OmnipathR] Arguments for OmniPath query: [genesymbols=TRUE,resources=CollecTRI,strict_evidences=TRUE,extra_attrs=TRUE,query_type=interactions,datasets=tf_mirna]
[2025-11-10 11:04:30] [TRACE]   [OmnipathR] Organism(s): 9606
[2025-11-10 11:04:30] [TRACE]   [OmnipathR] Orthology targets: 
[2025-11-10 11:04:30] [TRACE]   [OmnipathR] Reading JSON from `https://omnipathdb.org/resources` (encoding: UTF-8).
[2025-11-10 11:04:30] [TRACE]   [OmnipathR] JSON validation successful: TRUE
[2025-11-10 11:04:30] [TRACE]   [OmnipathR] Looking up in cache: `https://omnipathdb.org/interactions?genesymbols=yes&resources=CollecTRI&datasets=tf_mirna&organisms=9606&fields=extra_attrs,evidences,sources,references,curation_effort&license=academic`
[2025-11-10 11:04:30] [TRACE]   [OmnipathR] Loaded data from RDS `/home/marcelo.hurtado/.cache/OmnipathR/911416570c2aaa914be32ebf7b85e1eb3d1ff162-1.rds`.
[2025-11-10 11:04:30] [INFO]    [OmnipathR] Loaded from cache: `https://omnipathdb.org/interactions?genesymbols=yes&resources=CollecTRI&datasets=tf_mirna&organisms=9606&fields=extra_attrs,evidences,sources,references,curation_effort&license=academic`
[2025-11-10 11:04:30] [TRACE]   [OmnipathR] Converting JSON column `extra_attrs` to list.
[2025-11-10 11:04:30] [TRACE]   [OmnipathR] Converting JSON column `evidences` to list.
[2025-11-10 11:04:30] [TRACE]   [OmnipathR] Restricting interaction records to datasets: tf_mirna; and resources: CollecTRI
[2025-11-10 11:04:30] [TRACE]   [OmnipathR] Filtering evidence columns: positive, negative, directed, undirected; to datasets: tf_mirna; and resources: CollecTRI; excluding resources: none
[2025-11-10 11:04:31] [SUCCESS] [OmnipathR] Loaded 207 interactions from cache.
[2025-11-10 11:04:33] [TRACE]   [OmnipathR] Processing args for OmniPath query
[2025-11-10 11:04:33] [TRACE]   [OmnipathR] Arguments for OmniPath query: [loops=TRUE,extra_attrs=TRUE,organisms=9606,genesymbols=TRUE,query_type=interactions,datasets=collectri]
[2025-11-10 11:04:34] [TRACE]   [OmnipathR] Organism(s): 9606
[2025-11-10 11:04:34] [TRACE]   [OmnipathR] Orthology targets: 
[2025-11-10 11:04:34] [TRACE]   [OmnipathR] Looking up in cache: `https://omnipathdb.org/interactions?genesymbols=yes&datasets=collectri&organisms=9606&fields=extra_attrs,sources,references,curation_effort&loops=yes&license=academic`
[2025-11-10 11:04:34] [TRACE]   [OmnipathR] Loaded data from RDS `/home/marcelo.hurtado/.cache/OmnipathR/76e3673f92890910194d45678b3125a5674920d6-1.rds`.
[2025-11-10 11:04:34] [INFO]    [OmnipathR] Loaded from cache: `https://omnipathdb.org/interactions?genesymbols=yes&datasets=collectri&organisms=9606&fields=extra_attrs,sources,references,curation_effort&loops=yes&license=academic`
[2025-11-10 11:04:34] [TRACE]   [OmnipathR] Converting JSON column `extra_attrs` to list.
[2025-11-10 11:04:37] [SUCCESS] [OmnipathR] Loaded 64979 interactions from cache.
[2025-11-10 11:04:37] [TRACE]   [OmnipathR] Processing args for OmniPath query
[2025-11-10 11:04:37] [TRACE]   [OmnipathR] Arguments for OmniPath query: [genesymbols=TRUE,resources=CollecTRI,strict_evidences=TRUE,extra_attrs=TRUE,query_type=interactions,datasets=tf_mirna]
[2025-11-10 11:04:37] [TRACE]   [OmnipathR] Organism(s): 9606
[2025-11-10 11:04:37] [TRACE]   [OmnipathR] Orthology targets: 
[2025-11-10 11:04:37] [TRACE]   [OmnipathR] Reading JSON from `https://omnipathdb.org/resources` (encoding: UTF-8).
[2025-11-10 11:04:37] [TRACE]   [OmnipathR] JSON validation successful: TRUE
[2025-11-10 11:04:37] [TRACE]   [OmnipathR] Looking up in cache: `https://omnipathdb.org/interactions?genesymbols=yes&resources=CollecTRI&datasets=tf_mirna&organisms=9606&fields=extra_attrs,evidences,sources,references,curation_effort&license=academic`
[2025-11-10 11:04:37] [TRACE]   [OmnipathR] Loaded data from RDS `/home/marcelo.hurtado/.cache/OmnipathR/911416570c2aaa914be32ebf7b85e1eb3d1ff162-1.rds`.
[2025-11-10 11:04:37] [INFO]    [OmnipathR] Loaded from cache: `https://omnipathdb.org/interactions?genesymbols=yes&resources=CollecTRI&datasets=tf_mirna&organisms=9606&fields=extra_attrs,evidences,sources,references,curation_effort&license=academic`
[2025-11-10 11:04:37] [TRACE]   [OmnipathR] Converting JSON column `extra_attrs` to list.
[2025-11-10 11:04:37] [TRACE]   [OmnipathR] Converting JSON column `evidences` to list.
[2025-11-10 11:04:37] [TRACE]   [OmnipathR] Restricting interaction records to datasets: tf_mirna; and resources: CollecTRI
[2025-11-10 11:04:37] [TRACE]   [OmnipathR] Filtering evidence columns: positive, negative, directed, undirected; to datasets: tf_mirna; and resources: CollecTRI; excluding resources: none
[2025-11-10 11:04:37] [SUCCESS] [OmnipathR] Loaded 207 interactions from cache.
[2025-11-10 11:04:40] [TRACE]   [OmnipathR] Processing args for OmniPath query
[2025-11-10 11:04:40] [TRACE]   [OmnipathR] Arguments for OmniPath query: [loops=TRUE,extra_attrs=TRUE,organisms=9606,genesymbols=TRUE,query_type=interactions,datasets=collectri]
[2025-11-10 11:04:40] [TRACE]   [OmnipathR] Organism(s): 9606
[2025-11-10 11:04:40] [TRACE]   [OmnipathR] Orthology targets: 
[2025-11-10 11:04:40] [TRACE]   [OmnipathR] Looking up in cache: `https://omnipathdb.org/interactions?genesymbols=yes&datasets=collectri&organisms=9606&fields=extra_attrs,sources,references,curation_effort&loops=yes&license=academic`
[2025-11-10 11:04:40] [TRACE]   [OmnipathR] Loaded data from RDS `/home/marcelo.hurtado/.cache/OmnipathR/76e3673f92890910194d45678b3125a5674920d6-1.rds`.
[2025-11-10 11:04:40] [INFO]    [OmnipathR] Loaded from cache: `https://omnipathdb.org/interactions?genesymbols=yes&datasets=collectri&organisms=9606&fields=extra_attrs,sources,references,curation_effort&loops=yes&license=academic`
[2025-11-10 11:04:40] [TRACE]   [OmnipathR] Converting JSON column `extra_attrs` to list.
[2025-11-10 11:04:43] [SUCCESS] [OmnipathR] Loaded 64979 interactions from cache.
[2025-11-10 11:04:43] [TRACE]   [OmnipathR] Processing args for OmniPath query
[2025-11-10 11:04:43] [TRACE]   [OmnipathR] Arguments for OmniPath query: [genesymbols=TRUE,resources=CollecTRI,strict_evidences=TRUE,extra_attrs=TRUE,query_type=interactions,datasets=tf_mirna]
[2025-11-10 11:04:43] [TRACE]   [OmnipathR] Organism(s): 9606
[2025-11-10 11:04:43] [TRACE]   [OmnipathR] Orthology targets: 
[2025-11-10 11:04:43] [TRACE]   [OmnipathR] Reading JSON from `https://omnipathdb.org/resources` (encoding: UTF-8).
[2025-11-10 11:04:44] [TRACE]   [OmnipathR] JSON validation successful: TRUE
[2025-11-10 11:04:44] [TRACE]   [OmnipathR] Looking up in cache: `https://omnipathdb.org/interactions?genesymbols=yes&resources=CollecTRI&datasets=tf_mirna&organisms=9606&fields=extra_attrs,evidences,sources,references,curation_effort&license=academic`
[2025-11-10 11:04:44] [TRACE]   [OmnipathR] Loaded data from RDS `/home/marcelo.hurtado/.cache/OmnipathR/911416570c2aaa914be32ebf7b85e1eb3d1ff162-1.rds`.
[2025-11-10 11:04:44] [INFO]    [OmnipathR] Loaded from cache: `https://omnipathdb.org/interactions?genesymbols=yes&resources=CollecTRI&datasets=tf_mirna&organisms=9606&fields=extra_attrs,evidences,sources,references,curation_effort&license=academic`
[2025-11-10 11:04:44] [TRACE]   [OmnipathR] Converting JSON column `extra_attrs` to list.
[2025-11-10 11:04:44] [TRACE]   [OmnipathR] Converting JSON column `evidences` to list.
[2025-11-10 11:04:44] [TRACE]   [OmnipathR] Restricting interaction records to datasets: tf_mirna; and resources: CollecTRI
[2025-11-10 11:04:44] [TRACE]   [OmnipathR] Filtering evidence columns: positive, negative, directed, undirected; to datasets: tf_mirna; and resources: CollecTRI; excluding resources: none
[2025-11-10 11:04:44] [SUCCESS] [OmnipathR] Loaded 207 interactions from cache.
[2025-11-10 11:07:59] [TRACE]   [OmnipathR] Processing args for OmniPath query
[2025-11-10 11:07:59] [TRACE]   [OmnipathR] Arguments for OmniPath query: [loops=TRUE,extra_attrs=TRUE,organisms=9606,genesymbols=TRUE,query_type=interactions,datasets=collectri]
[2025-11-10 11:07:59] [TRACE]   [OmnipathR] Organism(s): 9606
[2025-11-10 11:07:59] [TRACE]   [OmnipathR] Orthology targets: 
[2025-11-10 11:07:59] [TRACE]   [OmnipathR] Looking up in cache: `https://omnipathdb.org/interactions?genesymbols=yes&datasets=collectri&organisms=9606&fields=extra_attrs,sources,references,curation_effort&loops=yes&license=academic`
[2025-11-10 11:07:59] [TRACE]   [OmnipathR] Loaded data from RDS `/home/marcelo.hurtado/.cache/OmnipathR/76e3673f92890910194d45678b3125a5674920d6-1.rds`.
[2025-11-10 11:07:59] [INFO]    [OmnipathR] Loaded from cache: `https://omnipathdb.org/interactions?genesymbols=yes&datasets=collectri&organisms=9606&fields=extra_attrs,sources,references,curation_effort&loops=yes&license=academic`
[2025-11-10 11:07:59] [TRACE]   [OmnipathR] Converting JSON column `extra_attrs` to list.
[2025-11-10 11:08:03] [SUCCESS] [OmnipathR] Loaded 64979 interactions from cache.
[2025-11-10 11:08:03] [TRACE]   [OmnipathR] Processing args for OmniPath query
[2025-11-10 11:08:03] [TRACE]   [OmnipathR] Arguments for OmniPath query: [genesymbols=TRUE,resources=CollecTRI,strict_evidences=TRUE,extra_attrs=TRUE,query_type=interactions,datasets=tf_mirna]
[2025-11-10 11:08:03] [TRACE]   [OmnipathR] Organism(s): 9606
[2025-11-10 11:08:03] [TRACE]   [OmnipathR] Orthology targets: 
[2025-11-10 11:08:03] [TRACE]   [OmnipathR] Reading JSON from `https://omnipathdb.org/resources` (encoding: UTF-8).
[2025-11-10 11:08:03] [TRACE]   [OmnipathR] JSON validation successful: TRUE
[2025-11-10 11:08:03] [TRACE]   [OmnipathR] Looking up in cache: `https://omnipathdb.org/interactions?genesymbols=yes&resources=CollecTRI&datasets=tf_mirna&organisms=9606&fields=extra_attrs,evidences,sources,references,curation_effort&license=academic`
[2025-11-10 11:08:03] [TRACE]   [OmnipathR] Loaded data from RDS `/home/marcelo.hurtado/.cache/OmnipathR/911416570c2aaa914be32ebf7b85e1eb3d1ff162-1.rds`.
[2025-11-10 11:08:03] [INFO]    [OmnipathR] Loaded from cache: `https://omnipathdb.org/interactions?genesymbols=yes&resources=CollecTRI&datasets=tf_mirna&organisms=9606&fields=extra_attrs,evidences,sources,references,curation_effort&license=academic`
[2025-11-10 11:08:03] [TRACE]   [OmnipathR] Converting JSON column `extra_attrs` to list.
[2025-11-10 11:08:03] [TRACE]   [OmnipathR] Converting JSON column `evidences` to list.
[2025-11-10 11:08:03] [TRACE]   [OmnipathR] Restricting interaction records to datasets: tf_mirna; and resources: CollecTRI
[2025-11-10 11:08:03] [TRACE]   [OmnipathR] Filtering evidence columns: positive, negative, directed, undirected; to datasets: tf_mirna; and resources: CollecTRI; excluding resources: none
[2025-11-10 11:08:03] [SUCCESS] [OmnipathR] Loaded 207 interactions from cache.
[2025-11-10 11:08:23] [TRACE]   [OmnipathR] Processing args for OmniPath query
[2025-11-10 11:08:23] [TRACE]   [OmnipathR] Arguments for OmniPath query: [loops=TRUE,extra_attrs=TRUE,organisms=9606,genesymbols=TRUE,query_type=interactions,datasets=collectri]
[2025-11-10 11:08:23] [TRACE]   [OmnipathR] Organism(s): 9606
[2025-11-10 11:08:23] [TRACE]   [OmnipathR] Orthology targets: 
[2025-11-10 11:08:23] [TRACE]   [OmnipathR] Looking up in cache: `https://omnipathdb.org/interactions?genesymbols=yes&datasets=collectri&organisms=9606&fields=extra_attrs,sources,references,curation_effort&loops=yes&license=academic`
[2025-11-10 11:08:23] [TRACE]   [OmnipathR] Loaded data from RDS `/home/marcelo.hurtado/.cache/OmnipathR/76e3673f92890910194d45678b3125a5674920d6-1.rds`.
[2025-11-10 11:08:23] [INFO]    [OmnipathR] Loaded from cache: `https://omnipathdb.org/interactions?genesymbols=yes&datasets=collectri&organisms=9606&fields=extra_attrs,sources,references,curation_effort&loops=yes&license=academic`
[2025-11-10 11:08:23] [TRACE]   [OmnipathR] Converting JSON column `extra_attrs` to list.
[2025-11-10 11:08:26] [SUCCESS] [OmnipathR] Loaded 64979 interactions from cache.
[2025-11-10 11:08:26] [TRACE]   [OmnipathR] Processing args for OmniPath query
[2025-11-10 11:08:26] [TRACE]   [OmnipathR] Arguments for OmniPath query: [genesymbols=TRUE,resources=CollecTRI,strict_evidences=TRUE,extra_attrs=TRUE,query_type=interactions,datasets=tf_mirna]
[2025-11-10 11:08:26] [TRACE]   [OmnipathR] Organism(s): 9606
[2025-11-10 11:08:26] [TRACE]   [OmnipathR] Orthology targets: 
[2025-11-10 11:08:26] [TRACE]   [OmnipathR] Reading JSON from `https://omnipathdb.org/resources` (encoding: UTF-8).
[2025-11-10 11:08:27] [TRACE]   [OmnipathR] JSON validation successful: TRUE
[2025-11-10 11:08:27] [TRACE]   [OmnipathR] Looking up in cache: `https://omnipathdb.org/interactions?genesymbols=yes&resources=CollecTRI&datasets=tf_mirna&organisms=9606&fields=extra_attrs,evidences,sources,references,curation_effort&license=academic`
[2025-11-10 11:08:27] [TRACE]   [OmnipathR] Loaded data from RDS `/home/marcelo.hurtado/.cache/OmnipathR/911416570c2aaa914be32ebf7b85e1eb3d1ff162-1.rds`.
[2025-11-10 11:08:27] [INFO]    [OmnipathR] Loaded from cache: `https://omnipathdb.org/interactions?genesymbols=yes&resources=CollecTRI&datasets=tf_mirna&organisms=9606&fields=extra_attrs,evidences,sources,references,curation_effort&license=academic`
[2025-11-10 11:08:27] [TRACE]   [OmnipathR] Converting JSON column `extra_attrs` to list.
[2025-11-10 11:08:27] [TRACE]   [OmnipathR] Converting JSON column `evidences` to list.
[2025-11-10 11:08:27] [TRACE]   [OmnipathR] Restricting interaction records to datasets: tf_mirna; and resources: CollecTRI
[2025-11-10 11:08:27] [TRACE]   [OmnipathR] Filtering evidence columns: positive, negative, directed, undirected; to datasets: tf_mirna; and resources: CollecTRI; excluding resources: none
[2025-11-10 11:08:27] [SUCCESS] [OmnipathR] Loaded 207 interactions from cache.
[2025-11-10 11:08:46] [TRACE]   [OmnipathR] Processing args for OmniPath query
[2025-11-10 11:08:46] [TRACE]   [OmnipathR] Arguments for OmniPath query: [loops=TRUE,extra_attrs=TRUE,organisms=9606,genesymbols=TRUE,query_type=interactions,datasets=collectri]
[2025-11-10 11:08:47] [TRACE]   [OmnipathR] Organism(s): 9606
[2025-11-10 11:08:47] [TRACE]   [OmnipathR] Orthology targets: 
[2025-11-10 11:08:47] [TRACE]   [OmnipathR] Looking up in cache: `https://omnipathdb.org/interactions?genesymbols=yes&datasets=collectri&organisms=9606&fields=extra_attrs,sources,references,curation_effort&loops=yes&license=academic`
[2025-11-10 11:08:47] [TRACE]   [OmnipathR] Loaded data from RDS `/home/marcelo.hurtado/.cache/OmnipathR/76e3673f92890910194d45678b3125a5674920d6-1.rds`.
[2025-11-10 11:08:47] [INFO]    [OmnipathR] Loaded from cache: `https://omnipathdb.org/interactions?genesymbols=yes&datasets=collectri&organisms=9606&fields=extra_attrs,sources,references,curation_effort&loops=yes&license=academic`
[2025-11-10 11:08:47] [TRACE]   [OmnipathR] Converting JSON column `extra_attrs` to list.
[2025-11-10 11:08:51] [SUCCESS] [OmnipathR] Loaded 64979 interactions from cache.
[2025-11-10 11:08:51] [TRACE]   [OmnipathR] Processing args for OmniPath query
[2025-11-10 11:08:51] [TRACE]   [OmnipathR] Arguments for OmniPath query: [genesymbols=TRUE,resources=CollecTRI,strict_evidences=TRUE,extra_attrs=TRUE,query_type=interactions,datasets=tf_mirna]
[2025-11-10 11:08:51] [TRACE]   [OmnipathR] Organism(s): 9606
[2025-11-10 11:08:51] [TRACE]   [OmnipathR] Orthology targets: 
[2025-11-10 11:08:51] [TRACE]   [OmnipathR] Reading JSON from `https://omnipathdb.org/resources` (encoding: UTF-8).
[2025-11-10 11:08:51] [TRACE]   [OmnipathR] JSON validation successful: TRUE
[2025-11-10 11:08:51] [TRACE]   [OmnipathR] Looking up in cache: `https://omnipathdb.org/interactions?genesymbols=yes&resources=CollecTRI&datasets=tf_mirna&organisms=9606&fields=extra_attrs,evidences,sources,references,curation_effort&license=academic`
[2025-11-10 11:08:51] [TRACE]   [OmnipathR] Loaded data from RDS `/home/marcelo.hurtado/.cache/OmnipathR/911416570c2aaa914be32ebf7b85e1eb3d1ff162-1.rds`.
[2025-11-10 11:08:51] [INFO]    [OmnipathR] Loaded from cache: `https://omnipathdb.org/interactions?genesymbols=yes&resources=CollecTRI&datasets=tf_mirna&organisms=9606&fields=extra_attrs,evidences,sources,references,curation_effort&license=academic`
[2025-11-10 11:08:51] [TRACE]   [OmnipathR] Converting JSON column `extra_attrs` to list.
[2025-11-10 11:08:51] [TRACE]   [OmnipathR] Converting JSON column `evidences` to list.
[2025-11-10 11:08:51] [TRACE]   [OmnipathR] Restricting interaction records to datasets: tf_mirna; and resources: CollecTRI
[2025-11-10 11:08:51] [TRACE]   [OmnipathR] Filtering evidence columns: positive, negative, directed, undirected; to datasets: tf_mirna; and resources: CollecTRI; excluding resources: none
[2025-11-10 11:08:51] [SUCCESS] [OmnipathR] Loaded 207 interactions from cache.
[2025-11-10 11:08:55] [TRACE]   [OmnipathR] Processing args for OmniPath query
[2025-11-10 11:08:55] [TRACE]   [OmnipathR] Arguments for OmniPath query: [loops=TRUE,extra_attrs=TRUE,organisms=9606,genesymbols=TRUE,query_type=interactions,datasets=collectri]
[2025-11-10 11:08:55] [TRACE]   [OmnipathR] Organism(s): 9606
[2025-11-10 11:08:55] [TRACE]   [OmnipathR] Orthology targets: 
[2025-11-10 11:08:55] [TRACE]   [OmnipathR] Looking up in cache: `https://omnipathdb.org/interactions?genesymbols=yes&datasets=collectri&organisms=9606&fields=extra_attrs,sources,references,curation_effort&loops=yes&license=academic`
[2025-11-10 11:08:55] [TRACE]   [OmnipathR] Loaded data from RDS `/home/marcelo.hurtado/.cache/OmnipathR/76e3673f92890910194d45678b3125a5674920d6-1.rds`.
[2025-11-10 11:08:55] [INFO]    [OmnipathR] Loaded from cache: `https://omnipathdb.org/interactions?genesymbols=yes&datasets=collectri&organisms=9606&fields=extra_attrs,sources,references,curation_effort&loops=yes&license=academic`
[2025-11-10 11:08:55] [TRACE]   [OmnipathR] Converting JSON column `extra_attrs` to list.
[2025-11-10 11:08:58] [SUCCESS] [OmnipathR] Loaded 64979 interactions from cache.
[2025-11-10 11:08:58] [TRACE]   [OmnipathR] Processing args for OmniPath query
[2025-11-10 11:08:58] [TRACE]   [OmnipathR] Arguments for OmniPath query: [genesymbols=TRUE,resources=CollecTRI,strict_evidences=TRUE,extra_attrs=TRUE,query_type=interactions,datasets=tf_mirna]
[2025-11-10 11:08:58] [TRACE]   [OmnipathR] Organism(s): 9606
[2025-11-10 11:08:58] [TRACE]   [OmnipathR] Orthology targets: 
[2025-11-10 11:08:58] [TRACE]   [OmnipathR] Reading JSON from `https://omnipathdb.org/resources` (encoding: UTF-8).
[2025-11-10 11:08:58] [TRACE]   [OmnipathR] JSON validation successful: TRUE
[2025-11-10 11:08:58] [TRACE]   [OmnipathR] Looking up in cache: `https://omnipathdb.org/interactions?genesymbols=yes&resources=CollecTRI&datasets=tf_mirna&organisms=9606&fields=extra_attrs,evidences,sources,references,curation_effort&license=academic`
[2025-11-10 11:08:58] [TRACE]   [OmnipathR] Loaded data from RDS `/home/marcelo.hurtado/.cache/OmnipathR/911416570c2aaa914be32ebf7b85e1eb3d1ff162-1.rds`.
[2025-11-10 11:08:58] [INFO]    [OmnipathR] Loaded from cache: `https://omnipathdb.org/interactions?genesymbols=yes&resources=CollecTRI&datasets=tf_mirna&organisms=9606&fields=extra_attrs,evidences,sources,references,curation_effort&license=academic`
[2025-11-10 11:08:58] [TRACE]   [OmnipathR] Converting JSON column `extra_attrs` to list.
[2025-11-10 11:08:58] [TRACE]   [OmnipathR] Converting JSON column `evidences` to list.
[2025-11-10 11:08:58] [TRACE]   [OmnipathR] Restricting interaction records to datasets: tf_mirna; and resources: CollecTRI
[2025-11-10 11:08:58] [TRACE]   [OmnipathR] Filtering evidence columns: positive, negative, directed, undirected; to datasets: tf_mirna; and resources: CollecTRI; excluding resources: none
[2025-11-10 11:08:59] [SUCCESS] [OmnipathR] Loaded 207 interactions from cache.
[2025-11-10 11:09:02] [TRACE]   [OmnipathR] Processing args for OmniPath query
[2025-11-10 11:09:02] [TRACE]   [OmnipathR] Arguments for OmniPath query: [loops=TRUE,extra_attrs=TRUE,organisms=9606,genesymbols=TRUE,query_type=interactions,datasets=collectri]
[2025-11-10 11:09:02] [TRACE]   [OmnipathR] Organism(s): 9606
[2025-11-10 11:09:02] [TRACE]   [OmnipathR] Orthology targets: 
[2025-11-10 11:09:02] [TRACE]   [OmnipathR] Looking up in cache: `https://omnipathdb.org/interactions?genesymbols=yes&datasets=collectri&organisms=9606&fields=extra_attrs,sources,references,curation_effort&loops=yes&license=academic`
[2025-11-10 11:09:02] [TRACE]   [OmnipathR] Loaded data from RDS `/home/marcelo.hurtado/.cache/OmnipathR/76e3673f92890910194d45678b3125a5674920d6-1.rds`.
[2025-11-10 11:09:02] [INFO]    [OmnipathR] Loaded from cache: `https://omnipathdb.org/interactions?genesymbols=yes&datasets=collectri&organisms=9606&fields=extra_attrs,sources,references,curation_effort&loops=yes&license=academic`
[2025-11-10 11:09:02] [TRACE]   [OmnipathR] Converting JSON column `extra_attrs` to list.
[2025-11-10 11:09:05] [SUCCESS] [OmnipathR] Loaded 64979 interactions from cache.
[2025-11-10 11:09:05] [TRACE]   [OmnipathR] Processing args for OmniPath query
[2025-11-10 11:09:05] [TRACE]   [OmnipathR] Arguments for OmniPath query: [genesymbols=TRUE,resources=CollecTRI,strict_evidences=TRUE,extra_attrs=TRUE,query_type=interactions,datasets=tf_mirna]
[2025-11-10 11:09:05] [TRACE]   [OmnipathR] Organism(s): 9606
[2025-11-10 11:09:05] [TRACE]   [OmnipathR] Orthology targets: 
[2025-11-10 11:09:05] [TRACE]   [OmnipathR] Reading JSON from `https://omnipathdb.org/resources` (encoding: UTF-8).
[2025-11-10 11:09:06] [TRACE]   [OmnipathR] JSON validation successful: TRUE
[2025-11-10 11:09:06] [TRACE]   [OmnipathR] Looking up in cache: `https://omnipathdb.org/interactions?genesymbols=yes&resources=CollecTRI&datasets=tf_mirna&organisms=9606&fields=extra_attrs,evidences,sources,references,curation_effort&license=academic`
[2025-11-10 11:09:06] [TRACE]   [OmnipathR] Loaded data from RDS `/home/marcelo.hurtado/.cache/OmnipathR/911416570c2aaa914be32ebf7b85e1eb3d1ff162-1.rds`.
[2025-11-10 11:09:06] [INFO]    [OmnipathR] Loaded from cache: `https://omnipathdb.org/interactions?genesymbols=yes&resources=CollecTRI&datasets=tf_mirna&organisms=9606&fields=extra_attrs,evidences,sources,references,curation_effort&license=academic`
[2025-11-10 11:09:06] [TRACE]   [OmnipathR] Converting JSON column `extra_attrs` to list.
[2025-11-10 11:09:06] [TRACE]   [OmnipathR] Converting JSON column `evidences` to list.
[2025-11-10 11:09:06] [TRACE]   [OmnipathR] Restricting interaction records to datasets: tf_mirna; and resources: CollecTRI
[2025-11-10 11:09:06] [TRACE]   [OmnipathR] Filtering evidence columns: positive, negative, directed, undirected; to datasets: tf_mirna; and resources: CollecTRI; excluding resources: none
[2025-11-10 11:09:06] [SUCCESS] [OmnipathR] Loaded 207 interactions from cache.
[2025-11-10 11:09:09] [TRACE]   [OmnipathR] Processing args for OmniPath query
[2025-11-10 11:09:09] [TRACE]   [OmnipathR] Arguments for OmniPath query: [loops=TRUE,extra_attrs=TRUE,organisms=9606,genesymbols=TRUE,query_type=interactions,datasets=collectri]
[2025-11-10 11:09:09] [TRACE]   [OmnipathR] Organism(s): 9606
[2025-11-10 11:09:09] [TRACE]   [OmnipathR] Orthology targets: 
[2025-11-10 11:09:09] [TRACE]   [OmnipathR] Looking up in cache: `https://omnipathdb.org/interactions?genesymbols=yes&datasets=collectri&organisms=9606&fields=extra_attrs,sources,references,curation_effort&loops=yes&license=academic`
[2025-11-10 11:09:10] [TRACE]   [OmnipathR] Loaded data from RDS `/home/marcelo.hurtado/.cache/OmnipathR/76e3673f92890910194d45678b3125a5674920d6-1.rds`.
[2025-11-10 11:09:10] [INFO]    [OmnipathR] Loaded from cache: `https://omnipathdb.org/interactions?genesymbols=yes&datasets=collectri&organisms=9606&fields=extra_attrs,sources,references,curation_effort&loops=yes&license=academic`
[2025-11-10 11:09:10] [TRACE]   [OmnipathR] Converting JSON column `extra_attrs` to list.
[2025-11-10 11:09:13] [SUCCESS] [OmnipathR] Loaded 64979 interactions from cache.
[2025-11-10 11:09:13] [TRACE]   [OmnipathR] Processing args for OmniPath query
[2025-11-10 11:09:13] [TRACE]   [OmnipathR] Arguments for OmniPath query: [genesymbols=TRUE,resources=CollecTRI,strict_evidences=TRUE,extra_attrs=TRUE,query_type=interactions,datasets=tf_mirna]
[2025-11-10 11:09:13] [TRACE]   [OmnipathR] Organism(s): 9606
[2025-11-10 11:09:13] [TRACE]   [OmnipathR] Orthology targets: 
[2025-11-10 11:09:13] [TRACE]   [OmnipathR] Reading JSON from `https://omnipathdb.org/resources` (encoding: UTF-8).
[2025-11-10 11:09:13] [TRACE]   [OmnipathR] JSON validation successful: TRUE
[2025-11-10 11:09:13] [TRACE]   [OmnipathR] Looking up in cache: `https://omnipathdb.org/interactions?genesymbols=yes&resources=CollecTRI&datasets=tf_mirna&organisms=9606&fields=extra_attrs,evidences,sources,references,curation_effort&license=academic`
[2025-11-10 11:09:13] [TRACE]   [OmnipathR] Loaded data from RDS `/home/marcelo.hurtado/.cache/OmnipathR/911416570c2aaa914be32ebf7b85e1eb3d1ff162-1.rds`.
[2025-11-10 11:09:13] [INFO]    [OmnipathR] Loaded from cache: `https://omnipathdb.org/interactions?genesymbols=yes&resources=CollecTRI&datasets=tf_mirna&organisms=9606&fields=extra_attrs,evidences,sources,references,curation_effort&license=academic`
[2025-11-10 11:09:13] [TRACE]   [OmnipathR] Converting JSON column `extra_attrs` to list.
[2025-11-10 11:09:13] [TRACE]   [OmnipathR] Converting JSON column `evidences` to list.
[2025-11-10 11:09:13] [TRACE]   [OmnipathR] Restricting interaction records to datasets: tf_mirna; and resources: CollecTRI
[2025-11-10 11:09:13] [TRACE]   [OmnipathR] Filtering evidence columns: positive, negative, directed, undirected; to datasets: tf_mirna; and resources: CollecTRI; excluding resources: none
[2025-11-10 11:09:14] [SUCCESS] [OmnipathR] Loaded 207 interactions from cache.
[2025-11-10 11:09:17] [TRACE]   [OmnipathR] Processing args for OmniPath query
[2025-11-10 11:09:17] [TRACE]   [OmnipathR] Arguments for OmniPath query: [loops=TRUE,extra_attrs=TRUE,organisms=9606,genesymbols=TRUE,query_type=interactions,datasets=collectri]
[2025-11-10 11:09:17] [TRACE]   [OmnipathR] Organism(s): 9606
[2025-11-10 11:09:17] [TRACE]   [OmnipathR] Orthology targets: 
[2025-11-10 11:09:17] [TRACE]   [OmnipathR] Looking up in cache: `https://omnipathdb.org/interactions?genesymbols=yes&datasets=collectri&organisms=9606&fields=extra_attrs,sources,references,curation_effort&loops=yes&license=academic`
[2025-11-10 11:09:17] [TRACE]   [OmnipathR] Loaded data from RDS `/home/marcelo.hurtado/.cache/OmnipathR/76e3673f92890910194d45678b3125a5674920d6-1.rds`.
[2025-11-10 11:09:17] [INFO]    [OmnipathR] Loaded from cache: `https://omnipathdb.org/interactions?genesymbols=yes&datasets=collectri&organisms=9606&fields=extra_attrs,sources,references,curation_effort&loops=yes&license=academic`
[2025-11-10 11:09:17] [TRACE]   [OmnipathR] Converting JSON column `extra_attrs` to list.
[2025-11-10 11:09:20] [SUCCESS] [OmnipathR] Loaded 64979 interactions from cache.
[2025-11-10 11:09:20] [TRACE]   [OmnipathR] Processing args for OmniPath query
[2025-11-10 11:09:20] [TRACE]   [OmnipathR] Arguments for OmniPath query: [genesymbols=TRUE,resources=CollecTRI,strict_evidences=TRUE,extra_attrs=TRUE,query_type=interactions,datasets=tf_mirna]
[2025-11-10 11:09:20] [TRACE]   [OmnipathR] Organism(s): 9606
[2025-11-10 11:09:20] [TRACE]   [OmnipathR] Orthology targets: 
[2025-11-10 11:09:20] [TRACE]   [OmnipathR] Reading JSON from `https://omnipathdb.org/resources` (encoding: UTF-8).
[2025-11-10 11:09:21] [TRACE]   [OmnipathR] JSON validation successful: TRUE
[2025-11-10 11:09:21] [TRACE]   [OmnipathR] Looking up in cache: `https://omnipathdb.org/interactions?genesymbols=yes&resources=CollecTRI&datasets=tf_mirna&organisms=9606&fields=extra_attrs,evidences,sources,references,curation_effort&license=academic`
[2025-11-10 11:09:21] [TRACE]   [OmnipathR] Loaded data from RDS `/home/marcelo.hurtado/.cache/OmnipathR/911416570c2aaa914be32ebf7b85e1eb3d1ff162-1.rds`.
[2025-11-10 11:09:21] [INFO]    [OmnipathR] Loaded from cache: `https://omnipathdb.org/interactions?genesymbols=yes&resources=CollecTRI&datasets=tf_mirna&organisms=9606&fields=extra_attrs,evidences,sources,references,curation_effort&license=academic`
[2025-11-10 11:09:21] [TRACE]   [OmnipathR] Converting JSON column `extra_attrs` to list.
[2025-11-10 11:09:21] [TRACE]   [OmnipathR] Converting JSON column `evidences` to list.
[2025-11-10 11:09:21] [TRACE]   [OmnipathR] Restricting interaction records to datasets: tf_mirna; and resources: CollecTRI
[2025-11-10 11:09:21] [TRACE]   [OmnipathR] Filtering evidence columns: positive, negative, directed, undirected; to datasets: tf_mirna; and resources: CollecTRI; excluding resources: none
[2025-11-10 11:09:21] [SUCCESS] [OmnipathR] Loaded 207 interactions from cache.
[2025-11-10 11:09:25] [TRACE]   [OmnipathR] Processing args for OmniPath query
[2025-11-10 11:09:25] [TRACE]   [OmnipathR] Arguments for OmniPath query: [loops=TRUE,extra_attrs=TRUE,organisms=9606,genesymbols=TRUE,query_type=interactions,datasets=collectri]
[2025-11-10 11:09:25] [TRACE]   [OmnipathR] Organism(s): 9606
[2025-11-10 11:09:25] [TRACE]   [OmnipathR] Orthology targets: 
[2025-11-10 11:09:25] [TRACE]   [OmnipathR] Looking up in cache: `https://omnipathdb.org/interactions?genesymbols=yes&datasets=collectri&organisms=9606&fields=extra_attrs,sources,references,curation_effort&loops=yes&license=academic`
[2025-11-10 11:09:25] [TRACE]   [OmnipathR] Loaded data from RDS `/home/marcelo.hurtado/.cache/OmnipathR/76e3673f92890910194d45678b3125a5674920d6-1.rds`.
[2025-11-10 11:09:25] [INFO]    [OmnipathR] Loaded from cache: `https://omnipathdb.org/interactions?genesymbols=yes&datasets=collectri&organisms=9606&fields=extra_attrs,sources,references,curation_effort&loops=yes&license=academic`
[2025-11-10 11:09:25] [TRACE]   [OmnipathR] Converting JSON column `extra_attrs` to list.
[2025-11-10 11:09:28] [SUCCESS] [OmnipathR] Loaded 64979 interactions from cache.
[2025-11-10 11:09:28] [TRACE]   [OmnipathR] Processing args for OmniPath query
[2025-11-10 11:09:28] [TRACE]   [OmnipathR] Arguments for OmniPath query: [genesymbols=TRUE,resources=CollecTRI,strict_evidences=TRUE,extra_attrs=TRUE,query_type=interactions,datasets=tf_mirna]
[2025-11-10 11:09:28] [TRACE]   [OmnipathR] Organism(s): 9606
[2025-11-10 11:09:28] [TRACE]   [OmnipathR] Orthology targets: 
[2025-11-10 11:09:28] [TRACE]   [OmnipathR] Reading JSON from `https://omnipathdb.org/resources` (encoding: UTF-8).
[2025-11-10 11:09:29] [TRACE]   [OmnipathR] JSON validation successful: TRUE
[2025-11-10 11:09:29] [TRACE]   [OmnipathR] Looking up in cache: `https://omnipathdb.org/interactions?genesymbols=yes&resources=CollecTRI&datasets=tf_mirna&organisms=9606&fields=extra_attrs,evidences,sources,references,curation_effort&license=academic`
[2025-11-10 11:09:29] [TRACE]   [OmnipathR] Loaded data from RDS `/home/marcelo.hurtado/.cache/OmnipathR/911416570c2aaa914be32ebf7b85e1eb3d1ff162-1.rds`.
[2025-11-10 11:09:29] [INFO]    [OmnipathR] Loaded from cache: `https://omnipathdb.org/interactions?genesymbols=yes&resources=CollecTRI&datasets=tf_mirna&organisms=9606&fields=extra_attrs,evidences,sources,references,curation_effort&license=academic`
[2025-11-10 11:09:29] [TRACE]   [OmnipathR] Converting JSON column `extra_attrs` to list.
[2025-11-10 11:09:29] [TRACE]   [OmnipathR] Converting JSON column `evidences` to list.
[2025-11-10 11:09:29] [TRACE]   [OmnipathR] Restricting interaction records to datasets: tf_mirna; and resources: CollecTRI
[2025-11-10 11:09:29] [TRACE]   [OmnipathR] Filtering evidence columns: positive, negative, directed, undirected; to datasets: tf_mirna; and resources: CollecTRI; excluding resources: none
[2025-11-10 11:09:29] [SUCCESS] [OmnipathR] Loaded 207 interactions from cache.
[2025-11-10 11:09:33] [TRACE]   [OmnipathR] Processing args for OmniPath query
[2025-11-10 11:09:33] [TRACE]   [OmnipathR] Arguments for OmniPath query: [loops=TRUE,extra_attrs=TRUE,organisms=9606,genesymbols=TRUE,query_type=interactions,datasets=collectri]
[2025-11-10 11:09:33] [TRACE]   [OmnipathR] Organism(s): 9606
[2025-11-10 11:09:33] [TRACE]   [OmnipathR] Orthology targets: 
[2025-11-10 11:09:33] [TRACE]   [OmnipathR] Looking up in cache: `https://omnipathdb.org/interactions?genesymbols=yes&datasets=collectri&organisms=9606&fields=extra_attrs,sources,references,curation_effort&loops=yes&license=academic`
[2025-11-10 11:09:33] [TRACE]   [OmnipathR] Loaded data from RDS `/home/marcelo.hurtado/.cache/OmnipathR/76e3673f92890910194d45678b3125a5674920d6-1.rds`.
[2025-11-10 11:09:33] [INFO]    [OmnipathR] Loaded from cache: `https://omnipathdb.org/interactions?genesymbols=yes&datasets=collectri&organisms=9606&fields=extra_attrs,sources,references,curation_effort&loops=yes&license=academic`
[2025-11-10 11:09:33] [TRACE]   [OmnipathR] Converting JSON column `extra_attrs` to list.
[2025-11-10 11:09:36] [SUCCESS] [OmnipathR] Loaded 64979 interactions from cache.
[2025-11-10 11:09:36] [TRACE]   [OmnipathR] Processing args for OmniPath query
[2025-11-10 11:09:36] [TRACE]   [OmnipathR] Arguments for OmniPath query: [genesymbols=TRUE,resources=CollecTRI,strict_evidences=TRUE,extra_attrs=TRUE,query_type=interactions,datasets=tf_mirna]
[2025-11-10 11:09:36] [TRACE]   [OmnipathR] Organism(s): 9606
[2025-11-10 11:09:36] [TRACE]   [OmnipathR] Orthology targets: 
[2025-11-10 11:09:36] [TRACE]   [OmnipathR] Reading JSON from `https://omnipathdb.org/resources` (encoding: UTF-8).
[2025-11-10 11:09:37] [TRACE]   [OmnipathR] JSON validation successful: TRUE
[2025-11-10 11:09:37] [TRACE]   [OmnipathR] Looking up in cache: `https://omnipathdb.org/interactions?genesymbols=yes&resources=CollecTRI&datasets=tf_mirna&organisms=9606&fields=extra_attrs,evidences,sources,references,curation_effort&license=academic`
[2025-11-10 11:09:37] [TRACE]   [OmnipathR] Loaded data from RDS `/home/marcelo.hurtado/.cache/OmnipathR/911416570c2aaa914be32ebf7b85e1eb3d1ff162-1.rds`.
[2025-11-10 11:09:37] [INFO]    [OmnipathR] Loaded from cache: `https://omnipathdb.org/interactions?genesymbols=yes&resources=CollecTRI&datasets=tf_mirna&organisms=9606&fields=extra_attrs,evidences,sources,references,curation_effort&license=academic`
[2025-11-10 11:09:37] [TRACE]   [OmnipathR] Converting JSON column `extra_attrs` to list.
[2025-11-10 11:09:37] [TRACE]   [OmnipathR] Converting JSON column `evidences` to list.
[2025-11-10 11:09:37] [TRACE]   [OmnipathR] Restricting interaction records to datasets: tf_mirna; and resources: CollecTRI
[2025-11-10 11:09:37] [TRACE]   [OmnipathR] Filtering evidence columns: positive, negative, directed, undirected; to datasets: tf_mirna; and resources: CollecTRI; excluding resources: none
[2025-11-10 11:09:37] [SUCCESS] [OmnipathR] Loaded 207 interactions from cache.
[2025-11-10 11:09:40] [TRACE]   [OmnipathR] Processing args for OmniPath query
[2025-11-10 11:09:40] [TRACE]   [OmnipathR] Arguments for OmniPath query: [loops=TRUE,extra_attrs=TRUE,organisms=9606,genesymbols=TRUE,query_type=interactions,datasets=collectri]
[2025-11-10 11:09:40] [TRACE]   [OmnipathR] Organism(s): 9606
[2025-11-10 11:09:40] [TRACE]   [OmnipathR] Orthology targets: 
[2025-11-10 11:09:40] [TRACE]   [OmnipathR] Looking up in cache: `https://omnipathdb.org/interactions?genesymbols=yes&datasets=collectri&organisms=9606&fields=extra_attrs,sources,references,curation_effort&loops=yes&license=academic`
[2025-11-10 11:09:40] [TRACE]   [OmnipathR] Loaded data from RDS `/home/marcelo.hurtado/.cache/OmnipathR/76e3673f92890910194d45678b3125a5674920d6-1.rds`.
[2025-11-10 11:09:40] [INFO]    [OmnipathR] Loaded from cache: `https://omnipathdb.org/interactions?genesymbols=yes&datasets=collectri&organisms=9606&fields=extra_attrs,sources,references,curation_effort&loops=yes&license=academic`
[2025-11-10 11:09:40] [TRACE]   [OmnipathR] Converting JSON column `extra_attrs` to list.
[2025-11-10 11:09:43] [SUCCESS] [OmnipathR] Loaded 64979 interactions from cache.
[2025-11-10 11:09:43] [TRACE]   [OmnipathR] Processing args for OmniPath query
[2025-11-10 11:09:43] [TRACE]   [OmnipathR] Arguments for OmniPath query: [genesymbols=TRUE,resources=CollecTRI,strict_evidences=TRUE,extra_attrs=TRUE,query_type=interactions,datasets=tf_mirna]
[2025-11-10 11:09:43] [TRACE]   [OmnipathR] Organism(s): 9606
[2025-11-10 11:09:43] [TRACE]   [OmnipathR] Orthology targets: 
[2025-11-10 11:09:43] [TRACE]   [OmnipathR] Reading JSON from `https://omnipathdb.org/resources` (encoding: UTF-8).
[2025-11-10 11:09:43] [TRACE]   [OmnipathR] JSON validation successful: TRUE
[2025-11-10 11:09:44] [TRACE]   [OmnipathR] Looking up in cache: `https://omnipathdb.org/interactions?genesymbols=yes&resources=CollecTRI&datasets=tf_mirna&organisms=9606&fields=extra_attrs,evidences,sources,references,curation_effort&license=academic`
[2025-11-10 11:09:44] [TRACE]   [OmnipathR] Loaded data from RDS `/home/marcelo.hurtado/.cache/OmnipathR/911416570c2aaa914be32ebf7b85e1eb3d1ff162-1.rds`.
[2025-11-10 11:09:44] [INFO]    [OmnipathR] Loaded from cache: `https://omnipathdb.org/interactions?genesymbols=yes&resources=CollecTRI&datasets=tf_mirna&organisms=9606&fields=extra_attrs,evidences,sources,references,curation_effort&license=academic`
[2025-11-10 11:09:44] [TRACE]   [OmnipathR] Converting JSON column `extra_attrs` to list.
[2025-11-10 11:09:44] [TRACE]   [OmnipathR] Converting JSON column `evidences` to list.
[2025-11-10 11:09:44] [TRACE]   [OmnipathR] Restricting interaction records to datasets: tf_mirna; and resources: CollecTRI
[2025-11-10 11:09:44] [TRACE]   [OmnipathR] Filtering evidence columns: positive, negative, directed, undirected; to datasets: tf_mirna; and resources: CollecTRI; excluding resources: none
[2025-11-10 11:09:44] [SUCCESS] [OmnipathR] Loaded 207 interactions from cache.
[2025-11-10 11:09:59] [TRACE]   [OmnipathR] Processing args for OmniPath query
[2025-11-10 11:09:59] [TRACE]   [OmnipathR] Arguments for OmniPath query: [loops=TRUE,extra_attrs=TRUE,organisms=9606,genesymbols=TRUE,query_type=interactions,datasets=collectri]
[2025-11-10 11:09:59] [TRACE]   [OmnipathR] Organism(s): 9606
[2025-11-10 11:09:59] [TRACE]   [OmnipathR] Orthology targets: 
[2025-11-10 11:09:59] [TRACE]   [OmnipathR] Looking up in cache: `https://omnipathdb.org/interactions?genesymbols=yes&datasets=collectri&organisms=9606&fields=extra_attrs,sources,references,curation_effort&loops=yes&license=academic`
[2025-11-10 11:09:59] [TRACE]   [OmnipathR] Loaded data from RDS `/home/marcelo.hurtado/.cache/OmnipathR/76e3673f92890910194d45678b3125a5674920d6-1.rds`.
[2025-11-10 11:09:59] [INFO]    [OmnipathR] Loaded from cache: `https://omnipathdb.org/interactions?genesymbols=yes&datasets=collectri&organisms=9606&fields=extra_attrs,sources,references,curation_effort&loops=yes&license=academic`
[2025-11-10 11:09:59] [TRACE]   [OmnipathR] Converting JSON column `extra_attrs` to list.
[2025-11-10 11:10:02] [SUCCESS] [OmnipathR] Loaded 64979 interactions from cache.
[2025-11-10 11:10:02] [TRACE]   [OmnipathR] Processing args for OmniPath query
[2025-11-10 11:10:02] [TRACE]   [OmnipathR] Arguments for OmniPath query: [genesymbols=TRUE,resources=CollecTRI,strict_evidences=TRUE,extra_attrs=TRUE,query_type=interactions,datasets=tf_mirna]
[2025-11-10 11:10:02] [TRACE]   [OmnipathR] Organism(s): 9606
[2025-11-10 11:10:02] [TRACE]   [OmnipathR] Orthology targets: 
[2025-11-10 11:10:02] [TRACE]   [OmnipathR] Reading JSON from `https://omnipathdb.org/resources` (encoding: UTF-8).
[2025-11-10 11:10:02] [TRACE]   [OmnipathR] JSON validation successful: TRUE
[2025-11-10 11:10:02] [TRACE]   [OmnipathR] Looking up in cache: `https://omnipathdb.org/interactions?genesymbols=yes&resources=CollecTRI&datasets=tf_mirna&organisms=9606&fields=extra_attrs,evidences,sources,references,curation_effort&license=academic`
[2025-11-10 11:10:02] [TRACE]   [OmnipathR] Loaded data from RDS `/home/marcelo.hurtado/.cache/OmnipathR/911416570c2aaa914be32ebf7b85e1eb3d1ff162-1.rds`.
[2025-11-10 11:10:02] [INFO]    [OmnipathR] Loaded from cache: `https://omnipathdb.org/interactions?genesymbols=yes&resources=CollecTRI&datasets=tf_mirna&organisms=9606&fields=extra_attrs,evidences,sources,references,curation_effort&license=academic`
[2025-11-10 11:10:02] [TRACE]   [OmnipathR] Converting JSON column `extra_attrs` to list.
[2025-11-10 11:10:02] [TRACE]   [OmnipathR] Converting JSON column `evidences` to list.
[2025-11-10 11:10:02] [TRACE]   [OmnipathR] Restricting interaction records to datasets: tf_mirna; and resources: CollecTRI
[2025-11-10 11:10:02] [TRACE]   [OmnipathR] Filtering evidence columns: positive, negative, directed, undirected; to datasets: tf_mirna; and resources: CollecTRI; excluding resources: none
[2025-11-10 11:10:03] [SUCCESS] [OmnipathR] Loaded 207 interactions from cache.
[2025-11-10 11:28:57] [TRACE]   [OmnipathR] Processing args for OmniPath query
[2025-11-10 11:28:57] [TRACE]   [OmnipathR] Arguments for OmniPath query: [loops=TRUE,extra_attrs=TRUE,organisms=9606,genesymbols=TRUE,query_type=interactions,datasets=collectri]
[2025-11-10 11:28:57] [TRACE]   [OmnipathR] Organism(s): 9606
[2025-11-10 11:28:57] [TRACE]   [OmnipathR] Orthology targets: 
[2025-11-10 11:28:57] [TRACE]   [OmnipathR] Looking up in cache: `https://omnipathdb.org/interactions?genesymbols=yes&datasets=collectri&organisms=9606&fields=extra_attrs,sources,references,curation_effort&loops=yes&license=academic`
[2025-11-10 11:28:58] [TRACE]   [OmnipathR] Loaded data from RDS `/home/marcelo.hurtado/.cache/OmnipathR/76e3673f92890910194d45678b3125a5674920d6-1.rds`.
[2025-11-10 11:28:58] [INFO]    [OmnipathR] Loaded from cache: `https://omnipathdb.org/interactions?genesymbols=yes&datasets=collectri&organisms=9606&fields=extra_attrs,sources,references,curation_effort&loops=yes&license=academic`
[2025-11-10 11:28:58] [TRACE]   [OmnipathR] Converting JSON column `extra_attrs` to list.
[2025-11-10 11:29:01] [SUCCESS] [OmnipathR] Loaded 64979 interactions from cache.
[2025-11-10 11:29:01] [TRACE]   [OmnipathR] Processing args for OmniPath query
[2025-11-10 11:29:01] [TRACE]   [OmnipathR] Arguments for OmniPath query: [genesymbols=TRUE,resources=CollecTRI,strict_evidences=TRUE,extra_attrs=TRUE,query_type=interactions,datasets=tf_mirna]
[2025-11-10 11:29:01] [TRACE]   [OmnipathR] Organism(s): 9606
[2025-11-10 11:29:01] [TRACE]   [OmnipathR] Orthology targets: 
[2025-11-10 11:29:01] [TRACE]   [OmnipathR] Reading JSON from `https://omnipathdb.org/resources` (encoding: UTF-8).
[2025-11-10 11:29:01] [TRACE]   [OmnipathR] JSON validation successful: TRUE
[2025-11-10 11:29:02] [TRACE]   [OmnipathR] Looking up in cache: `https://omnipathdb.org/interactions?genesymbols=yes&resources=CollecTRI&datasets=tf_mirna&organisms=9606&fields=extra_attrs,evidences,sources,references,curation_effort&license=academic`
[2025-11-10 11:29:02] [TRACE]   [OmnipathR] Loaded data from RDS `/home/marcelo.hurtado/.cache/OmnipathR/911416570c2aaa914be32ebf7b85e1eb3d1ff162-1.rds`.
[2025-11-10 11:29:02] [INFO]    [OmnipathR] Loaded from cache: `https://omnipathdb.org/interactions?genesymbols=yes&resources=CollecTRI&datasets=tf_mirna&organisms=9606&fields=extra_attrs,evidences,sources,references,curation_effort&license=academic`
[2025-11-10 11:29:02] [TRACE]   [OmnipathR] Converting JSON column `extra_attrs` to list.
[2025-11-10 11:29:02] [TRACE]   [OmnipathR] Converting JSON column `evidences` to list.
[2025-11-10 11:29:02] [TRACE]   [OmnipathR] Restricting interaction records to datasets: tf_mirna; and resources: CollecTRI
[2025-11-10 11:29:02] [TRACE]   [OmnipathR] Filtering evidence columns: positive, negative, directed, undirected; to datasets: tf_mirna; and resources: CollecTRI; excluding resources: none
[2025-11-10 11:29:02] [SUCCESS] [OmnipathR] Loaded 207 interactions from cache.
[2025-11-10 11:29:06] [TRACE]   [OmnipathR] Processing args for OmniPath query
[2025-11-10 11:29:06] [TRACE]   [OmnipathR] Arguments for OmniPath query: [loops=TRUE,extra_attrs=TRUE,organisms=9606,genesymbols=TRUE,query_type=interactions,datasets=collectri]
[2025-11-10 11:29:06] [TRACE]   [OmnipathR] Organism(s): 9606
[2025-11-10 11:29:06] [TRACE]   [OmnipathR] Orthology targets: 
[2025-11-10 11:29:06] [TRACE]   [OmnipathR] Looking up in cache: `https://omnipathdb.org/interactions?genesymbols=yes&datasets=collectri&organisms=9606&fields=extra_attrs,sources,references,curation_effort&loops=yes&license=academic`
[2025-11-10 11:29:06] [TRACE]   [OmnipathR] Loaded data from RDS `/home/marcelo.hurtado/.cache/OmnipathR/76e3673f92890910194d45678b3125a5674920d6-1.rds`.
[2025-11-10 11:29:06] [INFO]    [OmnipathR] Loaded from cache: `https://omnipathdb.org/interactions?genesymbols=yes&datasets=collectri&organisms=9606&fields=extra_attrs,sources,references,curation_effort&loops=yes&license=academic`
[2025-11-10 11:29:06] [TRACE]   [OmnipathR] Converting JSON column `extra_attrs` to list.
[2025-11-10 11:29:09] [SUCCESS] [OmnipathR] Loaded 64979 interactions from cache.
[2025-11-10 11:29:09] [TRACE]   [OmnipathR] Processing args for OmniPath query
[2025-11-10 11:29:09] [TRACE]   [OmnipathR] Arguments for OmniPath query: [genesymbols=TRUE,resources=CollecTRI,strict_evidences=TRUE,extra_attrs=TRUE,query_type=interactions,datasets=tf_mirna]
[2025-11-10 11:29:09] [TRACE]   [OmnipathR] Organism(s): 9606
[2025-11-10 11:29:09] [TRACE]   [OmnipathR] Orthology targets: 
[2025-11-10 11:29:09] [TRACE]   [OmnipathR] Reading JSON from `https://omnipathdb.org/resources` (encoding: UTF-8).
[2025-11-10 11:29:10] [TRACE]   [OmnipathR] JSON validation successful: TRUE
[2025-11-10 11:29:10] [TRACE]   [OmnipathR] Looking up in cache: `https://omnipathdb.org/interactions?genesymbols=yes&resources=CollecTRI&datasets=tf_mirna&organisms=9606&fields=extra_attrs,evidences,sources,references,curation_effort&license=academic`
[2025-11-10 11:29:10] [TRACE]   [OmnipathR] Loaded data from RDS `/home/marcelo.hurtado/.cache/OmnipathR/911416570c2aaa914be32ebf7b85e1eb3d1ff162-1.rds`.
[2025-11-10 11:29:10] [INFO]    [OmnipathR] Loaded from cache: `https://omnipathdb.org/interactions?genesymbols=yes&resources=CollecTRI&datasets=tf_mirna&organisms=9606&fields=extra_attrs,evidences,sources,references,curation_effort&license=academic`
[2025-11-10 11:29:10] [TRACE]   [OmnipathR] Converting JSON column `extra_attrs` to list.
[2025-11-10 11:29:10] [TRACE]   [OmnipathR] Converting JSON column `evidences` to list.
[2025-11-10 11:29:10] [TRACE]   [OmnipathR] Restricting interaction records to datasets: tf_mirna; and resources: CollecTRI
[2025-11-10 11:29:10] [TRACE]   [OmnipathR] Filtering evidence columns: positive, negative, directed, undirected; to datasets: tf_mirna; and resources: CollecTRI; excluding resources: none
[2025-11-10 11:29:10] [SUCCESS] [OmnipathR] Loaded 207 interactions from cache.
[2025-11-10 11:29:12] [TRACE]   [OmnipathR] Processing args for OmniPath query
[2025-11-10 11:29:12] [TRACE]   [OmnipathR] Arguments for OmniPath query: [loops=TRUE,extra_attrs=TRUE,organisms=9606,genesymbols=TRUE,query_type=interactions,datasets=collectri]
[2025-11-10 11:29:13] [TRACE]   [OmnipathR] Organism(s): 9606
[2025-11-10 11:29:13] [TRACE]   [OmnipathR] Orthology targets: 
[2025-11-10 11:29:13] [TRACE]   [OmnipathR] Looking up in cache: `https://omnipathdb.org/interactions?genesymbols=yes&datasets=collectri&organisms=9606&fields=extra_attrs,sources,references,curation_effort&loops=yes&license=academic`
[2025-11-10 11:29:13] [TRACE]   [OmnipathR] Loaded data from RDS `/home/marcelo.hurtado/.cache/OmnipathR/76e3673f92890910194d45678b3125a5674920d6-1.rds`.
[2025-11-10 11:29:13] [INFO]    [OmnipathR] Loaded from cache: `https://omnipathdb.org/interactions?genesymbols=yes&datasets=collectri&organisms=9606&fields=extra_attrs,sources,references,curation_effort&loops=yes&license=academic`
[2025-11-10 11:29:13] [TRACE]   [OmnipathR] Converting JSON column `extra_attrs` to list.
[2025-11-10 11:29:16] [SUCCESS] [OmnipathR] Loaded 64979 interactions from cache.
[2025-11-10 11:29:16] [TRACE]   [OmnipathR] Processing args for OmniPath query
[2025-11-10 11:29:16] [TRACE]   [OmnipathR] Arguments for OmniPath query: [genesymbols=TRUE,resources=CollecTRI,strict_evidences=TRUE,extra_attrs=TRUE,query_type=interactions,datasets=tf_mirna]
[2025-11-10 11:29:16] [TRACE]   [OmnipathR] Organism(s): 9606
[2025-11-10 11:29:16] [TRACE]   [OmnipathR] Orthology targets: 
[2025-11-10 11:29:16] [TRACE]   [OmnipathR] Reading JSON from `https://omnipathdb.org/resources` (encoding: UTF-8).
[2025-11-10 11:29:16] [TRACE]   [OmnipathR] JSON validation successful: TRUE
[2025-11-10 11:29:16] [TRACE]   [OmnipathR] Looking up in cache: `https://omnipathdb.org/interactions?genesymbols=yes&resources=CollecTRI&datasets=tf_mirna&organisms=9606&fields=extra_attrs,evidences,sources,references,curation_effort&license=academic`
[2025-11-10 11:29:16] [TRACE]   [OmnipathR] Loaded data from RDS `/home/marcelo.hurtado/.cache/OmnipathR/911416570c2aaa914be32ebf7b85e1eb3d1ff162-1.rds`.
[2025-11-10 11:29:16] [INFO]    [OmnipathR] Loaded from cache: `https://omnipathdb.org/interactions?genesymbols=yes&resources=CollecTRI&datasets=tf_mirna&organisms=9606&fields=extra_attrs,evidences,sources,references,curation_effort&license=academic`
[2025-11-10 11:29:16] [TRACE]   [OmnipathR] Converting JSON column `extra_attrs` to list.
[2025-11-10 11:29:16] [TRACE]   [OmnipathR] Converting JSON column `evidences` to list.
[2025-11-10 11:29:16] [TRACE]   [OmnipathR] Restricting interaction records to datasets: tf_mirna; and resources: CollecTRI
[2025-11-10 11:29:16] [TRACE]   [OmnipathR] Filtering evidence columns: positive, negative, directed, undirected; to datasets: tf_mirna; and resources: CollecTRI; excluding resources: none
[2025-11-10 11:29:17] [SUCCESS] [OmnipathR] Loaded 207 interactions from cache.
[2025-11-10 11:29:21] [TRACE]   [OmnipathR] Processing args for OmniPath query
[2025-11-10 11:29:21] [TRACE]   [OmnipathR] Arguments for OmniPath query: [loops=TRUE,extra_attrs=TRUE,organisms=9606,genesymbols=TRUE,query_type=interactions,datasets=collectri]
[2025-11-10 11:29:21] [TRACE]   [OmnipathR] Organism(s): 9606
[2025-11-10 11:29:21] [TRACE]   [OmnipathR] Orthology targets: 
[2025-11-10 11:29:21] [TRACE]   [OmnipathR] Looking up in cache: `https://omnipathdb.org/interactions?genesymbols=yes&datasets=collectri&organisms=9606&fields=extra_attrs,sources,references,curation_effort&loops=yes&license=academic`
[2025-11-10 11:29:21] [TRACE]   [OmnipathR] Loaded data from RDS `/home/marcelo.hurtado/.cache/OmnipathR/76e3673f92890910194d45678b3125a5674920d6-1.rds`.
[2025-11-10 11:29:21] [INFO]    [OmnipathR] Loaded from cache: `https://omnipathdb.org/interactions?genesymbols=yes&datasets=collectri&organisms=9606&fields=extra_attrs,sources,references,curation_effort&loops=yes&license=academic`
[2025-11-10 11:29:21] [TRACE]   [OmnipathR] Converting JSON column `extra_attrs` to list.
[2025-11-10 11:29:24] [SUCCESS] [OmnipathR] Loaded 64979 interactions from cache.
[2025-11-10 11:29:24] [TRACE]   [OmnipathR] Processing args for OmniPath query
[2025-11-10 11:29:24] [TRACE]   [OmnipathR] Arguments for OmniPath query: [genesymbols=TRUE,resources=CollecTRI,strict_evidences=TRUE,extra_attrs=TRUE,query_type=interactions,datasets=tf_mirna]
[2025-11-10 11:29:24] [TRACE]   [OmnipathR] Organism(s): 9606
[2025-11-10 11:29:24] [TRACE]   [OmnipathR] Orthology targets: 
[2025-11-10 11:29:24] [TRACE]   [OmnipathR] Reading JSON from `https://omnipathdb.org/resources` (encoding: UTF-8).
[2025-11-10 11:29:25] [TRACE]   [OmnipathR] JSON validation successful: TRUE
[2025-11-10 11:29:25] [TRACE]   [OmnipathR] Looking up in cache: `https://omnipathdb.org/interactions?genesymbols=yes&resources=CollecTRI&datasets=tf_mirna&organisms=9606&fields=extra_attrs,evidences,sources,references,curation_effort&license=academic`
[2025-11-10 11:29:25] [TRACE]   [OmnipathR] Loaded data from RDS `/home/marcelo.hurtado/.cache/OmnipathR/911416570c2aaa914be32ebf7b85e1eb3d1ff162-1.rds`.
[2025-11-10 11:29:25] [INFO]    [OmnipathR] Loaded from cache: `https://omnipathdb.org/interactions?genesymbols=yes&resources=CollecTRI&datasets=tf_mirna&organisms=9606&fields=extra_attrs,evidences,sources,references,curation_effort&license=academic`
[2025-11-10 11:29:25] [TRACE]   [OmnipathR] Converting JSON column `extra_attrs` to list.
[2025-11-10 11:29:25] [TRACE]   [OmnipathR] Converting JSON column `evidences` to list.
[2025-11-10 11:29:25] [TRACE]   [OmnipathR] Restricting interaction records to datasets: tf_mirna; and resources: CollecTRI
[2025-11-10 11:29:25] [TRACE]   [OmnipathR] Filtering evidence columns: positive, negative, directed, undirected; to datasets: tf_mirna; and resources: CollecTRI; excluding resources: none
[2025-11-10 11:29:25] [SUCCESS] [OmnipathR] Loaded 207 interactions from cache.
[2025-11-10 11:29:28] [TRACE]   [OmnipathR] Processing args for OmniPath query
[2025-11-10 11:29:28] [TRACE]   [OmnipathR] Arguments for OmniPath query: [loops=TRUE,extra_attrs=TRUE,organisms=9606,genesymbols=TRUE,query_type=interactions,datasets=collectri]
[2025-11-10 11:29:28] [TRACE]   [OmnipathR] Organism(s): 9606
[2025-11-10 11:29:28] [TRACE]   [OmnipathR] Orthology targets: 
[2025-11-10 11:29:28] [TRACE]   [OmnipathR] Looking up in cache: `https://omnipathdb.org/interactions?genesymbols=yes&datasets=collectri&organisms=9606&fields=extra_attrs,sources,references,curation_effort&loops=yes&license=academic`
[2025-11-10 11:29:28] [TRACE]   [OmnipathR] Loaded data from RDS `/home/marcelo.hurtado/.cache/OmnipathR/76e3673f92890910194d45678b3125a5674920d6-1.rds`.
[2025-11-10 11:29:28] [INFO]    [OmnipathR] Loaded from cache: `https://omnipathdb.org/interactions?genesymbols=yes&datasets=collectri&organisms=9606&fields=extra_attrs,sources,references,curation_effort&loops=yes&license=academic`
[2025-11-10 11:29:28] [TRACE]   [OmnipathR] Converting JSON column `extra_attrs` to list.
[2025-11-10 11:29:31] [SUCCESS] [OmnipathR] Loaded 64979 interactions from cache.
[2025-11-10 11:29:31] [TRACE]   [OmnipathR] Processing args for OmniPath query
[2025-11-10 11:29:31] [TRACE]   [OmnipathR] Arguments for OmniPath query: [genesymbols=TRUE,resources=CollecTRI,strict_evidences=TRUE,extra_attrs=TRUE,query_type=interactions,datasets=tf_mirna]
[2025-11-10 11:29:31] [TRACE]   [OmnipathR] Organism(s): 9606
[2025-11-10 11:29:31] [TRACE]   [OmnipathR] Orthology targets: 
[2025-11-10 11:29:31] [TRACE]   [OmnipathR] Reading JSON from `https://omnipathdb.org/resources` (encoding: UTF-8).
[2025-11-10 11:29:32] [TRACE]   [OmnipathR] JSON validation successful: TRUE
[2025-11-10 11:29:32] [TRACE]   [OmnipathR] Looking up in cache: `https://omnipathdb.org/interactions?genesymbols=yes&resources=CollecTRI&datasets=tf_mirna&organisms=9606&fields=extra_attrs,evidences,sources,references,curation_effort&license=academic`
[2025-11-10 11:29:32] [TRACE]   [OmnipathR] Loaded data from RDS `/home/marcelo.hurtado/.cache/OmnipathR/911416570c2aaa914be32ebf7b85e1eb3d1ff162-1.rds`.
[2025-11-10 11:29:32] [INFO]    [OmnipathR] Loaded from cache: `https://omnipathdb.org/interactions?genesymbols=yes&resources=CollecTRI&datasets=tf_mirna&organisms=9606&fields=extra_attrs,evidences,sources,references,curation_effort&license=academic`
[2025-11-10 11:29:32] [TRACE]   [OmnipathR] Converting JSON column `extra_attrs` to list.
[2025-11-10 11:29:32] [TRACE]   [OmnipathR] Converting JSON column `evidences` to list.
[2025-11-10 11:29:32] [TRACE]   [OmnipathR] Restricting interaction records to datasets: tf_mirna; and resources: CollecTRI
[2025-11-10 11:29:32] [TRACE]   [OmnipathR] Filtering evidence columns: positive, negative, directed, undirected; to datasets: tf_mirna; and resources: CollecTRI; excluding resources: none
[2025-11-10 11:29:32] [SUCCESS] [OmnipathR] Loaded 207 interactions from cache.
[2025-11-10 11:29:36] [TRACE]   [OmnipathR] Processing args for OmniPath query
[2025-11-10 11:29:36] [TRACE]   [OmnipathR] Arguments for OmniPath query: [loops=TRUE,extra_attrs=TRUE,organisms=9606,genesymbols=TRUE,query_type=interactions,datasets=collectri]
[2025-11-10 11:29:36] [TRACE]   [OmnipathR] Organism(s): 9606
[2025-11-10 11:29:36] [TRACE]   [OmnipathR] Orthology targets: 
[2025-11-10 11:29:36] [TRACE]   [OmnipathR] Looking up in cache: `https://omnipathdb.org/interactions?genesymbols=yes&datasets=collectri&organisms=9606&fields=extra_attrs,sources,references,curation_effort&loops=yes&license=academic`
[2025-11-10 11:29:36] [TRACE]   [OmnipathR] Loaded data from RDS `/home/marcelo.hurtado/.cache/OmnipathR/76e3673f92890910194d45678b3125a5674920d6-1.rds`.
[2025-11-10 11:29:36] [INFO]    [OmnipathR] Loaded from cache: `https://omnipathdb.org/interactions?genesymbols=yes&datasets=collectri&organisms=9606&fields=extra_attrs,sources,references,curation_effort&loops=yes&license=academic`
[2025-11-10 11:29:36] [TRACE]   [OmnipathR] Converting JSON column `extra_attrs` to list.
[2025-11-10 11:29:40] [SUCCESS] [OmnipathR] Loaded 64979 interactions from cache.
[2025-11-10 11:29:40] [TRACE]   [OmnipathR] Processing args for OmniPath query
[2025-11-10 11:29:40] [TRACE]   [OmnipathR] Arguments for OmniPath query: [genesymbols=TRUE,resources=CollecTRI,strict_evidences=TRUE,extra_attrs=TRUE,query_type=interactions,datasets=tf_mirna]
[2025-11-10 11:29:40] [TRACE]   [OmnipathR] Organism(s): 9606
[2025-11-10 11:29:40] [TRACE]   [OmnipathR] Orthology targets: 
[2025-11-10 11:29:40] [TRACE]   [OmnipathR] Reading JSON from `https://omnipathdb.org/resources` (encoding: UTF-8).
[2025-11-10 11:29:40] [TRACE]   [OmnipathR] JSON validation successful: TRUE
[2025-11-10 11:29:40] [TRACE]   [OmnipathR] Looking up in cache: `https://omnipathdb.org/interactions?genesymbols=yes&resources=CollecTRI&datasets=tf_mirna&organisms=9606&fields=extra_attrs,evidences,sources,references,curation_effort&license=academic`
[2025-11-10 11:29:40] [TRACE]   [OmnipathR] Loaded data from RDS `/home/marcelo.hurtado/.cache/OmnipathR/911416570c2aaa914be32ebf7b85e1eb3d1ff162-1.rds`.
[2025-11-10 11:29:40] [INFO]    [OmnipathR] Loaded from cache: `https://omnipathdb.org/interactions?genesymbols=yes&resources=CollecTRI&datasets=tf_mirna&organisms=9606&fields=extra_attrs,evidences,sources,references,curation_effort&license=academic`
[2025-11-10 11:29:40] [TRACE]   [OmnipathR] Converting JSON column `extra_attrs` to list.
[2025-11-10 11:29:40] [TRACE]   [OmnipathR] Converting JSON column `evidences` to list.
[2025-11-10 11:29:40] [TRACE]   [OmnipathR] Restricting interaction records to datasets: tf_mirna; and resources: CollecTRI
[2025-11-10 11:29:40] [TRACE]   [OmnipathR] Filtering evidence columns: positive, negative, directed, undirected; to datasets: tf_mirna; and resources: CollecTRI; excluding resources: none
[2025-11-10 11:29:41] [SUCCESS] [OmnipathR] Loaded 207 interactions from cache.
[2025-11-10 11:29:43] [TRACE]   [OmnipathR] Processing args for OmniPath query
[2025-11-10 11:29:43] [TRACE]   [OmnipathR] Arguments for OmniPath query: [loops=TRUE,extra_attrs=TRUE,organisms=9606,genesymbols=TRUE,query_type=interactions,datasets=collectri]
[2025-11-10 11:29:43] [TRACE]   [OmnipathR] Organism(s): 9606
[2025-11-10 11:29:43] [TRACE]   [OmnipathR] Orthology targets: 
[2025-11-10 11:29:43] [TRACE]   [OmnipathR] Looking up in cache: `https://omnipathdb.org/interactions?genesymbols=yes&datasets=collectri&organisms=9606&fields=extra_attrs,sources,references,curation_effort&loops=yes&license=academic`
[2025-11-10 11:29:44] [TRACE]   [OmnipathR] Loaded data from RDS `/home/marcelo.hurtado/.cache/OmnipathR/76e3673f92890910194d45678b3125a5674920d6-1.rds`.
[2025-11-10 11:29:44] [INFO]    [OmnipathR] Loaded from cache: `https://omnipathdb.org/interactions?genesymbols=yes&datasets=collectri&organisms=9606&fields=extra_attrs,sources,references,curation_effort&loops=yes&license=academic`
[2025-11-10 11:29:44] [TRACE]   [OmnipathR] Converting JSON column `extra_attrs` to list.
[2025-11-10 11:29:47] [SUCCESS] [OmnipathR] Loaded 64979 interactions from cache.
[2025-11-10 11:29:47] [TRACE]   [OmnipathR] Processing args for OmniPath query
[2025-11-10 11:29:47] [TRACE]   [OmnipathR] Arguments for OmniPath query: [genesymbols=TRUE,resources=CollecTRI,strict_evidences=TRUE,extra_attrs=TRUE,query_type=interactions,datasets=tf_mirna]
[2025-11-10 11:29:47] [TRACE]   [OmnipathR] Organism(s): 9606
[2025-11-10 11:29:47] [TRACE]   [OmnipathR] Orthology targets: 
[2025-11-10 11:29:47] [TRACE]   [OmnipathR] Reading JSON from `https://omnipathdb.org/resources` (encoding: UTF-8).
[2025-11-10 11:29:47] [TRACE]   [OmnipathR] JSON validation successful: TRUE
[2025-11-10 11:29:47] [TRACE]   [OmnipathR] Looking up in cache: `https://omnipathdb.org/interactions?genesymbols=yes&resources=CollecTRI&datasets=tf_mirna&organisms=9606&fields=extra_attrs,evidences,sources,references,curation_effort&license=academic`
[2025-11-10 11:29:48] [TRACE]   [OmnipathR] Loaded data from RDS `/home/marcelo.hurtado/.cache/OmnipathR/911416570c2aaa914be32ebf7b85e1eb3d1ff162-1.rds`.
[2025-11-10 11:29:48] [INFO]    [OmnipathR] Loaded from cache: `https://omnipathdb.org/interactions?genesymbols=yes&resources=CollecTRI&datasets=tf_mirna&organisms=9606&fields=extra_attrs,evidences,sources,references,curation_effort&license=academic`
[2025-11-10 11:29:48] [TRACE]   [OmnipathR] Converting JSON column `extra_attrs` to list.
[2025-11-10 11:29:48] [TRACE]   [OmnipathR] Converting JSON column `evidences` to list.
[2025-11-10 11:29:48] [TRACE]   [OmnipathR] Restricting interaction records to datasets: tf_mirna; and resources: CollecTRI
[2025-11-10 11:29:48] [TRACE]   [OmnipathR] Filtering evidence columns: positive, negative, directed, undirected; to datasets: tf_mirna; and resources: CollecTRI; excluding resources: none
[2025-11-10 11:29:48] [SUCCESS] [OmnipathR] Loaded 207 interactions from cache.
[2025-11-10 11:29:52] [TRACE]   [OmnipathR] Processing args for OmniPath query
[2025-11-10 11:29:52] [TRACE]   [OmnipathR] Arguments for OmniPath query: [loops=TRUE,extra_attrs=TRUE,organisms=9606,genesymbols=TRUE,query_type=interactions,datasets=collectri]
[2025-11-10 11:29:52] [TRACE]   [OmnipathR] Organism(s): 9606
[2025-11-10 11:29:52] [TRACE]   [OmnipathR] Orthology targets: 
[2025-11-10 11:29:52] [TRACE]   [OmnipathR] Looking up in cache: `https://omnipathdb.org/interactions?genesymbols=yes&datasets=collectri&organisms=9606&fields=extra_attrs,sources,references,curation_effort&loops=yes&license=academic`
[2025-11-10 11:29:53] [TRACE]   [OmnipathR] Loaded data from RDS `/home/marcelo.hurtado/.cache/OmnipathR/76e3673f92890910194d45678b3125a5674920d6-1.rds`.
[2025-11-10 11:29:53] [INFO]    [OmnipathR] Loaded from cache: `https://omnipathdb.org/interactions?genesymbols=yes&datasets=collectri&organisms=9606&fields=extra_attrs,sources,references,curation_effort&loops=yes&license=academic`
[2025-11-10 11:29:53] [TRACE]   [OmnipathR] Converting JSON column `extra_attrs` to list.
[2025-11-10 11:29:56] [SUCCESS] [OmnipathR] Loaded 64979 interactions from cache.
[2025-11-10 11:29:56] [TRACE]   [OmnipathR] Processing args for OmniPath query
[2025-11-10 11:29:56] [TRACE]   [OmnipathR] Arguments for OmniPath query: [genesymbols=TRUE,resources=CollecTRI,strict_evidences=TRUE,extra_attrs=TRUE,query_type=interactions,datasets=tf_mirna]
[2025-11-10 11:29:56] [TRACE]   [OmnipathR] Organism(s): 9606
[2025-11-10 11:29:56] [TRACE]   [OmnipathR] Orthology targets: 
[2025-11-10 11:29:56] [TRACE]   [OmnipathR] Reading JSON from `https://omnipathdb.org/resources` (encoding: UTF-8).
[2025-11-10 11:29:57] [TRACE]   [OmnipathR] JSON validation successful: TRUE
[2025-11-10 11:29:57] [TRACE]   [OmnipathR] Looking up in cache: `https://omnipathdb.org/interactions?genesymbols=yes&resources=CollecTRI&datasets=tf_mirna&organisms=9606&fields=extra_attrs,evidences,sources,references,curation_effort&license=academic`
[2025-11-10 11:29:57] [TRACE]   [OmnipathR] Loaded data from RDS `/home/marcelo.hurtado/.cache/OmnipathR/911416570c2aaa914be32ebf7b85e1eb3d1ff162-1.rds`.
[2025-11-10 11:29:57] [INFO]    [OmnipathR] Loaded from cache: `https://omnipathdb.org/interactions?genesymbols=yes&resources=CollecTRI&datasets=tf_mirna&organisms=9606&fields=extra_attrs,evidences,sources,references,curation_effort&license=academic`
[2025-11-10 11:29:57] [TRACE]   [OmnipathR] Converting JSON column `extra_attrs` to list.
[2025-11-10 11:29:57] [TRACE]   [OmnipathR] Converting JSON column `evidences` to list.
[2025-11-10 11:29:57] [TRACE]   [OmnipathR] Restricting interaction records to datasets: tf_mirna; and resources: CollecTRI
[2025-11-10 11:29:57] [TRACE]   [OmnipathR] Filtering evidence columns: positive, negative, directed, undirected; to datasets: tf_mirna; and resources: CollecTRI; excluding resources: none
[2025-11-10 11:29:57] [SUCCESS] [OmnipathR] Loaded 207 interactions from cache.
[2025-11-10 11:30:00] [TRACE]   [OmnipathR] Processing args for OmniPath query
[2025-11-10 11:30:00] [TRACE]   [OmnipathR] Arguments for OmniPath query: [loops=TRUE,extra_attrs=TRUE,organisms=9606,genesymbols=TRUE,query_type=interactions,datasets=collectri]
[2025-11-10 11:30:00] [TRACE]   [OmnipathR] Organism(s): 9606
[2025-11-10 11:30:00] [TRACE]   [OmnipathR] Orthology targets: 
[2025-11-10 11:30:00] [TRACE]   [OmnipathR] Looking up in cache: `https://omnipathdb.org/interactions?genesymbols=yes&datasets=collectri&organisms=9606&fields=extra_attrs,sources,references,curation_effort&loops=yes&license=academic`
[2025-11-10 11:30:00] [TRACE]   [OmnipathR] Loaded data from RDS `/home/marcelo.hurtado/.cache/OmnipathR/76e3673f92890910194d45678b3125a5674920d6-1.rds`.
[2025-11-10 11:30:00] [INFO]    [OmnipathR] Loaded from cache: `https://omnipathdb.org/interactions?genesymbols=yes&datasets=collectri&organisms=9606&fields=extra_attrs,sources,references,curation_effort&loops=yes&license=academic`
[2025-11-10 11:30:00] [TRACE]   [OmnipathR] Converting JSON column `extra_attrs` to list.
[2025-11-10 11:30:03] [SUCCESS] [OmnipathR] Loaded 64979 interactions from cache.
[2025-11-10 11:30:03] [TRACE]   [OmnipathR] Processing args for OmniPath query
[2025-11-10 11:30:03] [TRACE]   [OmnipathR] Arguments for OmniPath query: [genesymbols=TRUE,resources=CollecTRI,strict_evidences=TRUE,extra_attrs=TRUE,query_type=interactions,datasets=tf_mirna]
[2025-11-10 11:30:03] [TRACE]   [OmnipathR] Organism(s): 9606
[2025-11-10 11:30:03] [TRACE]   [OmnipathR] Orthology targets: 
[2025-11-10 11:30:03] [TRACE]   [OmnipathR] Reading JSON from `https://omnipathdb.org/resources` (encoding: UTF-8).
[2025-11-10 11:30:04] [TRACE]   [OmnipathR] JSON validation successful: TRUE
[2025-11-10 11:30:04] [TRACE]   [OmnipathR] Looking up in cache: `https://omnipathdb.org/interactions?genesymbols=yes&resources=CollecTRI&datasets=tf_mirna&organisms=9606&fields=extra_attrs,evidences,sources,references,curation_effort&license=academic`
[2025-11-10 11:30:04] [TRACE]   [OmnipathR] Loaded data from RDS `/home/marcelo.hurtado/.cache/OmnipathR/911416570c2aaa914be32ebf7b85e1eb3d1ff162-1.rds`.
[2025-11-10 11:30:04] [INFO]    [OmnipathR] Loaded from cache: `https://omnipathdb.org/interactions?genesymbols=yes&resources=CollecTRI&datasets=tf_mirna&organisms=9606&fields=extra_attrs,evidences,sources,references,curation_effort&license=academic`
[2025-11-10 11:30:04] [TRACE]   [OmnipathR] Converting JSON column `extra_attrs` to list.
[2025-11-10 11:30:04] [TRACE]   [OmnipathR] Converting JSON column `evidences` to list.
[2025-11-10 11:30:04] [TRACE]   [OmnipathR] Restricting interaction records to datasets: tf_mirna; and resources: CollecTRI
[2025-11-10 11:30:04] [TRACE]   [OmnipathR] Filtering evidence columns: positive, negative, directed, undirected; to datasets: tf_mirna; and resources: CollecTRI; excluding resources: none
[2025-11-10 11:30:04] [SUCCESS] [OmnipathR] Loaded 207 interactions from cache.
