"","DeconRNASeq_CBSX.Melanoma.scRNAseq_B.cells","Epidish_CBSX.NSCLC.PBMCs.scRNAseq_B.cells","CBSX_CBSX.NSCLC.PBMCs.scRNAseq_B.cells","DWLS_CBSX.NSCLC.PBMCs.scRNAseq_B.cells","CBSX_MOMF.NBAtlas.scRNAseq_B.cells","B.cells_Subgroup.3.Iteration.1","B.cells_Subgroup.1.Iteration.2","B.naive.cells_Subgroup.1.Iteration.2","Macrophages.cells_Subgroup.1.Iteration.1","Macrophages.cells_Subgroup.2.Iteration.1","Macrophages.M0_Subgroup.2.Iteration.1","Macrophages.M0_Subgroup.1.Iteration.2","DeconRNASeq_BPRNACanProMet_Macrophages.M1","CBSX_CCLE.TIL10_Macrophages.M1","Macrophages.M1_Subgroup.2.Iteration.1","Macrophages.M1_Subgroup.1.Iteration.2","DeconRNASeq_BPRNACan_Macrophages.M2","Epidish_TIL10_Macrophages.M2","CBSX_TIL10_Macrophages.M2","DWLS_TIL10_Macrophages.M2","CBSX_LM22_Macrophages.M2","Macrophages.M2_Subgroup.1.Iteration.1","Macrophages.M2_Subgroup.1.Iteration.2","Quantiseq_Monocytes","CBSX_CBSX.NSCLC.PBMCs.scRNAseq_Monocytes","CBSX_CCLE.TIL10_Monocytes","DeconRNASeq_LM22_Monocytes","Epidish_TIL10_Monocytes","CBSX_TIL10_Monocytes","DWLS_TIL10_Monocytes","Monocytes_Subgroup.1.Iteration.1","Monocytes_Subgroup.1.Iteration.2","Monocytes_Subgroup.2.Iteration.2","Monocytes_Subgroup.3.Iteration.2","DeconRNASeq_TIL10_Neutrophils","Quantiseq_NK.cells","CBSX_TIL10_NK.cells","CBSX_MOMF.NBAtlas.scRNAseq_NK.cells","NK.cells_Subgroup.1.Iteration.1","NK.cells_Subgroup.3.Iteration.1","NK.cells_Subgroup.1.Iteration.2","DeconRNASeq_LM22_NK.activated","CBSX_LM22_NK.activated","NK.activated_Subgroup.1.Iteration.1","DeconRNASeq_LM22_NK.resting","CBSX_LM22_NK.resting","DWLS_LM22_NK.resting","DeconRNASeq_CBSX.NSCLC.PBMCs.scRNAseq_NKT.cells","Epidish_CBSX.NSCLC.PBMCs.scRNAseq_NKT.cells","CBSX_CBSX.NSCLC.PBMCs.scRNAseq_NKT.cells","DWLS_CBSX.NSCLC.PBMCs.scRNAseq_NKT.cells","CBSX_CBSX.NSCLC.PBMCs.scRNAseq_CD4.cells","DWLS_TIL10_CD4.cells","CD4.cells_Subgroup.3.Iteration.1","CD4.cells_Subgroup.1.Iteration.2","CD4.cells_Subgroup.2.Iteration.2","CBSX_LM22_CD4.memory.activated","DeconRNASeq_LM22_CD4.memory.resting","Epidish_LM22_CD4.memory.resting","CBSX_LM22_CD4.memory.resting","DWLS_LM22_CD4.memory.resting","CD4.naive_Subgroup.1.Iteration.1","DWLS_BPRNACan_CD8.cells","CBSX_CBSX.NSCLC.PBMCs.scRNAseq_CD8.cells","Epidish_CCLE.TIL10_CD8.cells","CBSX_LM22_CD8.cells","DWLS_LM22_CD8.cells","CBSX_TIL10_CD8.cells","CD8.cells_Subgroup.1.Iteration.1","CD8.cells_Subgroup.2.Iteration.1","Quantiseq_T.cells.non.regulatory","CBSX_LM22_T.cells.helper","DWLS_LM22_T.cells.helper","T.cells.helper_Subgroup.1.Iteration.1","Quantiseq_Dendritic.cells","Epidish_CBSX.HNSCC.scRNAseq_Dendritic.cells","CBSX_CBSX.HNSCC.scRNAseq_Dendritic.cells","CBSX_CCLE.TIL10_Dendritic.cells","CBSX_TIL10_Dendritic.cells","DWLS_TIL10_Dendritic.cells","Dendritic.cells_Subgroup.1.Iteration.1","DeconRNASeq_LM22_Dendritic.activated.cells","DeconRNASeq_LM22_Dendritic.resting.cells","DeconRNASeq_BPRNACan_Cancer","CBSX_CCLE.TIL10_Cancer","Cancer_Subgroup.1.Iteration.1","Cancer_Subgroup.1.Iteration.3","CBSX_MOMF.NBAtlas.scRNAseq_Endothelial","Endothelial_Subgroup.1.Iteration.1","Endothelial_Subgroup.2.Iteration.1","Endothelial_Subgroup.3.Iteration.1","Endothelial_Subgroup.1.Iteration.2","DWLS_LM22_Plasma","Plasma_Subgroup.1.Iteration.1","Plasma_Subgroup.2.Iteration.1","DeconRNASeq_CBSX.HNSCC.scRNAseq_Myocytes","Fibroblasts_Subgroup.1.Iteration.1","DeconRNASeq_LM22_Mast.resting.cells","CBSX_LM22_Mast.resting.cells","DWLS_LM22_Mast.resting.cells","CAF_Subgroup.1.Iteration.3","CBSX_MOMF.NBAtlas.scRNAseq_Neuroendocrine.cells","Neuroendocrine.cells_Subgroup.1.Iteration.1","CBSX_DWLS.NBAtlas.scRNAseq_Schwann.cells","CBSX_MOMF.NBAtlas.scRNAseq_Schwann.cells","DWLS_MOMF.NBAtlas.scRNAseq_Schwann.cells","Schwann.cells_Subgroup.1.Iteration.1","Neuroblasts_Subgroup.1.Iteration.1","Neuroblasts_Subgroup.2.Iteration.1","cycling.Neuroblasts_Subgroup.1.Iteration.1","DeconRNASeq_Jansky_signatures_reduced_cycling.SCPs","CBSX_Jansky_signatures_reduced_cycling.SCPs","cycling.SCPs_Subgroup.1.Iteration.1","CBSX_Jansky_signatures_reduced_connecting.Chromaffin.cells","connecting.Chromaffin.cells_Subgroup.1.Iteration.1","DeconRNASeq_Jansky_signatures_reduced_cycling.SCPs.1","CBSX_Jansky_signatures_reduced_SCPs","CBSX_Jansky_signatures_reduced_cycling.SCPs.1","SCPs_Subgroup.1.Iteration.1","SCPs_Subgroup.2.Iteration.1","DeconRNASeq_Jansky_signatures_reduced_Chromaffin.cells","CBSX_Jansky_signatures_reduced_connecting.Chromaffin.cells.1","CBSX_Jansky_signatures_reduced_Chromaffin.cells","Chromaffin.cells_Subgroup.1.Iteration.1","Chromaffin.cells_Subgroup.2.Iteration.1"
"NB001",0.0694658775181421,0.338658412020023,0.869650643686758,0.520817679583936,0.0276588601020029,0.0598452275092743,0.253681127551272,0.322887216836001,0.0225138771685604,0.100480103840167,0.0406632059756405,0.0393667570176175,0.103110253797534,0,0.0403541345810213,0.00042849290930666,0.0619783282283668,0.0716065382693346,0,0.100983482761138,0.0986371420808622,0.0324628776116046,0.116232272657192,0.0633208882513939,0,0,0,0.0765571625688193,0,0.00212987571032125,0.0172434730587184,0.0440549991253035,0.0140875698836676,0.0315850866625424,0,0.0854367287172046,0,0.038250616976989,0,0.108978525452827,0.0401212547845973,0,0,0.0186330145584447,0.0118377901880556,0.0544752314200803,0.0503465096521456,0.0655850796086185,0,0,0.0929522010130096,0.0874603945414243,0.228789213834719,0.169874343887316,0.192753942359817,0.32087939688996,0,0.0927263822318238,0.124110536407679,0.175348937543568,0.0782561824451696,0.0694275809845663,0.0449613813458978,0.0428889617718178,0,0.0333725909961243,0.0779335858165945,0.111777738012611,0,0.0608897530298998,0.26832075824268,0.00055544962433526,0.104827049067894,0.0780649256791182,0.0502320096027656,0.0238856547151707,0.0112937982578879,0.0248595471904128,0.221079717083406,0.113048359627985,0.0285608470906299,0.0287083957925279,0,0.364110100834278,0.701710704187549,0.627183939199469,0.0581610298512937,0.604854984160145,0.136851223524469,0.115580291754297,0.0568997122149498,0.353219782700512,0.0119893307457686,0.0361222007315746,0.0587511384283188,0.0606925538684637,0.0459958403047835,0,0,0.0254663125481642,0.210246768197721,0.0328256495958549,0.415015340677127,0.0326848879792186,0.187611072916215,0.048832963312772,0.0247056151182253,0.275675160103361,0.587901099895716,0.587901099895716,0.23783869837063,0.0663096924329002,0.13387365481484,0,0.139882195926176,0.23783869837063,0,0.0663096924329002,0,0.13387365481484,0.263626388700169,0,0.0701140475680229,0.139882195926176,0
"NB002",0,0.563200378425345,0.867701756728265,0.825663098966706,0,0.0796005097496174,0.0623124624794148,0.242506843747332,0.0444765096576527,0.183984694765461,0.0224665593396988,0.0663829766410162,0.0708044942275848,0,0.0623931621549312,0,0.0894433223228282,0.172397671842124,0.202361402386334,0.253031766666059,0.066649141843076,0.046588404745207,0.126512471320553,0,0,0.0854760313031815,0.041095027261436,0.119683642601699,0,0,0.0407848674805787,0.0585568932046955,0.0208588274074464,0.0672489881911526,0,0.131011066477422,0,0.123218100987934,0,0.0881912456169824,0.069276203102789,0,0.0342194643155749,0.0246155357369585,0.0348474565589589,0.101677933168585,0.059978203449646,0.092566253494259,6.29914309944866e-05,0,0,0,0.397619592692505,0.0968348499804189,0.131619066744079,0.437518976410453,0,0.0971296581960664,0.193105876844684,0.217790568739539,0.0891302128061105,0.0457170146815282,0.0133041822595954,0.132298243271735,0,0,0.133379088708018,0.0750714329189924,0,0.0733669557713961,0.408034954452914,0.0651286427339086,0.127852654602908,0.114258744710751,0.11732415669709,0.0389226707087413,0,0,0.0883394732482055,0.123457070668709,0.0308772748520637,0.0178612712258772,0.0543676689504106,0.394239915071693,0.754379401233403,0.756089487419144,0.11353551785642,0.551172720238628,0.213639135100223,0.123509491872667,0.0323540739703797,0.324274894334909,0.00505758967063461,0.0289363216865705,0.0868092600759325,0.0783591823826699,0.0050425358118441,0.0165727774315559,0.0881325595295247,0.0286017698423413,0.220730591614368,0.0384597934725882,0.553971010462086,0.00894653504001074,0.219175608182665,0.0477588020839309,0.061068432249178,0.374322722311833,0.170391243542559,0.170391243542559,0.25673703589668,0.18384052515093,0.168281326543276,0.271445508994678,0.17580183250052,0.25673703589668,0,0.18384052515093,0,0.168281326543276,0.261820408260318,0.271445508994678,0,0.17580183250052,0
"NB003",0,0.469031369915936,0.504366555125196,0.452836267714752,0,0.00091170791580509,0,0.120660368859884,0.0462759266059191,0.24257943476591,0,0.0739298100912418,0.0708145192895072,0,0,0.0815652556135925,0.116063705732916,0.335247572604966,0.292419085454804,0.255620516536331,0.363325119774661,0,0.214282992337219,0,0,0.0587595146944422,0.0694582581267951,0.664752427395034,0,0.384557932132237,0.0745478195992544,0.396133746657906,0.0865918840452524,0.0454184884449708,0.0296962666568724,0.0514609262385807,0.0285677390632944,0,0,0.0678471895607715,0.122529381359959,0.0645750360017357,0.0662689126108241,0.158966552675428,0,0,0,0.101225042792191,0.333246470397463,0,0.0169568700598016,0,0,0,0.0447433385091813,0.0112159437556284,0,0,0.106177634147759,0.0202327901393908,0.158439059224557,0,0,0.495633444874804,0,0.100779246046952,0.013974635598215,0.0525615588025766,0,0.0622005084499021,0.147116081975973,0.106005322700339,0.0981651923749176,0.186087788667962,0.0323330888356219,0.0591135957606156,0,0,0.46332110545214,0.0725899784617173,0,0.0668822821290683,0.0336801752639117,0.419894214690776,0.941240485305558,0.859029335178206,0.0901462909281431,0.62941648665029,0.347873077428257,0,0.0867631944449534,0.345322802188334,0.110660948003568,0.120392950571041,0.0955617044930874,0.100490546036539,0.035757140636445,0.111672735678744,0,0.0358294935536558,0.476640745376303,0.0662030190305534,0.60631264215196,0.0239864588616408,0.243398214787612,0.0617365730449054,0.0669021766288856,0,0.752114603077237,0.752114603077237,0.288826502709571,0.0929056808570257,0.182303381101575,0.154979716065737,0,0.288826502709571,0,0.0929056808570257,0,0.182303381101575,0.243666001041789,0.154979716065737,0,0,0.122421324768648
"NB004",0,0.511785766220769,0.61512329439382,0.346819671755851,0,0.0384305041318347,0.0235594493050354,0.15877989187757,0.0543473343943986,0.212448586515242,0,0.0936762695730413,0.0457452640489086,0,0.0339655845041023,0,0.0834119425119883,0.507062732192413,0.321105128427135,0.358699696827171,0.254429671444251,0.0861965755546803,0.147634638486738,0,0.0750149700800495,0,0.0964218169233805,0,0.0331145169366266,0,0.0369943372809243,0.2862264068911,0,0.088069009794408,0,0.133564131905612,0,0.0340510708260375,0,0.0691269769442379,0.16266772674188,0.0222914576671274,0.0227025502319941,0.046268079097253,0.0429314005337877,0.0732553572049708,0.157289261477005,0.112543258733963,0.355094098093125,0,0.30414557964741,0,0.154336688842796,0,0.0596109701529502,0.00602934370992725,0,0.0484699661701112,0.18025998108125,0.232021224964556,0.172184887874115,0,0,0.309861735526131,0,0.120533816258785,0.171745795384189,0.104402619533725,0,0.0640503716042855,0.384013578480644,0.0184388260926872,0.0570237833200979,0.100651779732598,0.133637152966546,0.0312865803529553,0,0.053671628899659,0.541377735102514,0.329750658802446,0.0871609098331028,0.0397922507311362,0.0384358790130965,0.450180076880412,0.884847986149453,0.845283696711565,0.0599676620144171,0.470289608674086,0.159052512847729,0.0181260252288304,0.0487103363463363,0.362806121627847,0.00900468637821346,0.0523255820571472,0.0681391098924678,0.0777107308246769,0.108859634053414,0.0925863510355758,0.0597963324091253,0.0423043829595609,0.468186216837364,0.0333115699729461,0.53651107376065,0.0585660724063382,0.170745166757699,0.0819898049545674,0.0745052253809681,0.500383126797917,0.328057087247575,0.328057087247575,0.260333670484574,0,0,0.186790075450293,0,0.260333670484574,0.100322471200708,0,0,0,0.239283202717508,0.186790075450293,0.04311417770251,0,0.140438271590831
"NB005",0,0.555330811425472,0.856476650050297,0.44499898709485,0,0,0.00967443382054575,0.170230515059029,0.0309933565432418,0.190173863794593,0.00558131993975085,0.0675356419739574,0.063854221114607,0,0.0115576666390363,0.0184090557699374,0.100376743043726,0.427294425693497,0.228962841015187,0.451966576679229,0.597012641360922,0.0289629495860221,0.31586139659821,0,0.0577448244354844,0,0.0559276613536082,0.0994757690409781,0,0,0.0147892576300989,0.307210979257035,0.00592952147746752,0.0152715631052566,0.0182638843319074,0.0466159850090666,0,0,0,0.0530664307923814,0.122187977860386,0.0369303282189808,0.0401442119956001,0.0962917220590976,0.0257566312260017,0,0,0.109247447113491,0.31832850286462,0.0857785255142181,0.161320273425521,0,0,0,0,0.000797533215302432,0,0,0.1442222409521,0,0.0384398323727687,0,0,0,0,0.157638132862447,0.0883395178111244,0.182250708606815,0,0.045575674154904,0.159244133585912,0.0362877659917063,0.0123489375848126,0.103168440108619,0.0392444914793218,0.0387539906159193,0.0074450552479825,0.0451934439210056,0.588786450377998,0.377680885055311,0.0427107260184121,0.0539974999109633,0.0434711950602043,0.466005339894222,0.917947196812112,0.877681424439211,0.0617598587157113,0.380528704407566,0.212779869805374,0.0150381244043389,0.0814787881423622,0.344626798822058,0.0370302905678454,0.0746911052740919,0.0777119949087015,0.204493371804554,0.201965378787148,0.0999373994190008,0.00442237374561334,0.146089046396806,0.553783367649919,0.0272708294924329,0.461491216508928,0.067775836802,0.274763886210293,0.111227311139983,0.0810056109071785,0,0.817688669776598,0.817688669776598,0.32490488927081,0,0.0413065849685139,0.138262827160006,0.0554138225165285,0.32490488927081,0,0,0,0.0413065849685139,0.288417527070136,0.138262827160006,0,0.0554138225165285,0.074344625415908
"NB007",0,0.253693286374232,0.750559647060396,0.348377829466562,0,0.000830614965166665,0.0695184681594257,0.160906488715628,0.0415032807248659,0.159653656581355,0.00959504201583706,0.0900592100396246,0.0763501711395156,0,0.111481603011384,0.0409395396507457,0.0567845385972922,0.188944214131117,0.039387198347666,0.196192785332074,0.106068196736002,0.107571932687363,0.134874235126316,0,0,0,0.0433373736382162,0.0788119710170273,0.00365651144750578,0,0.0579270797393295,0.045875784116322,0.0116455899434794,0.0727537244493408,0,0.113403644022109,0.0434802783259663,0.0593160962538796,0.0542343305198465,0.127539366961994,0.144600028982033,0.0180047721881331,0,0.0424710566793702,0.0505896640545055,0.0568993602890464,0.0305400929470738,0.0574289796031963,0,0.0142634647255233,0,0.167450209576091,0,0.0483129848183712,0.135862194663684,0.287742492075724,0.00026632493576167,0.0855374402101181,0.155237821836985,0.298663176715901,0.181701561606388,0,0.136401615245667,0.0677266786379901,0.0751785740239089,0.130510840508872,0.0812192439886593,0.336205840452235,0.324032355545232,0.156428504446268,0.348090469967507,0.0896852720981746,0.104816539438644,0.128318173660797,0.114870946810474,0.00315569460062632,0.0547826860272008,0.125045114733024,0.133609742858826,0.182059139841586,0.0949479643400949,0,0.0191007389812615,0.416371737728972,0.607531338509024,0.788442949167679,0.0488903439255246,0.436271678869259,0.196577612301078,0.062460323008669,0.0475340605374138,0.382338492106341,0.00768454549343961,0.025875728106394,0.0545051004020204,0.04252607439152,0.180544391272123,0,0.0201131531045896,0.0154708658944531,0.326861545106306,0.0192862365102563,0.405064530478713,0.0203451964968104,0.179032427162702,0.0771171320375335,0.0716694393847284,0.724207638546716,0,0,0.277203550802696,0.0481847634992622,0,0,0.0311696677744768,0.277203550802696,0,0.0481847634992622,0.0345269037489713,0,0.276236685334863,0,0.136112895466078,0.0311696677744768,0.101131843569406
"NB008",0,0.37222829542753,0.942412354629457,0.486047765191053,0,0,0,0.146705470372571,0.0248466171138574,0.214945976159422,0.0832592337638618,0.0873355877479851,0.105348236886043,0,0,0,0.10243306647274,0.174041152207672,0.203457434024366,0.215721477978407,0.268407992226761,0.00892487393561978,0.152930593414994,0.00021506772623236,0,0.00904999500949476,0.0633499397764617,0.707340939907248,0,0,0.0447939666292326,0.393661087061881,0.0142226842918999,0.0605363971251687,0.0807052267418469,0.0291880237032236,0,0,0,0.0535347138349347,0.100198978806996,0.0557852697650157,0.0512930329058744,0.098957163646395,0.0102229527459058,0,0,0.094905496038706,0.408902502650939,0.0575876453705428,0,0,0,0,0,0.0177022314425649,0,0,0.0959086412968364,0.0823015575268853,0.0931810124138455,0,0,0,0,0.0448193358292888,0.160497506792243,0.293998135869322,0,0.0824469514596705,0.112440922624686,0.0836859064282172,0.119742912523655,0.172628473185561,0.0179283431708152,0.168712077141343,0.201395122205744,0,0.502544430106312,0.486541516785653,0.0464581241422184,0.0652437145340105,0.0240866304421362,0.417974675586823,0.97080908948225,0.865537718950375,0.1923151360804,0.668446109365472,0.569262824803917,0,0.119439555914493,0.317261932508312,0.0615034023395564,0.127639396959234,0.107934684695442,0.0999676097388945,0,0.113944596349031,0,0.0162254277957359,0.326735577344459,0.0841390819332668,0.636507610107136,0.0188998844038785,0.213196708795466,0.0418536136122337,0.0795251423015468,0,0.800846567629468,0.800846567629468,0.274128464778146,0,0.0052226154134915,0.199153432370532,0.135389556254164,0.274128464778146,0,0,0,0.0052226154134915,0.244886652259798,0.199153432370532,0,0.135389556254164,0
"NB009",0,0.559281875874818,0.565702197303937,0.343691453429714,0,0.0427760935674973,0.00216096389756614,0.161445071677058,0.0800999685453657,0.207994655972605,0.0239078281467347,0.077774666974261,0.0839313796386094,0.00738700567597581,0.0119884549043215,0.078343498941771,0.0986765953974739,0.41227271751973,0.280713481938051,0.605821654773006,0.347022550491514,0.0377397838213624,0.20758884252361,0,0.0281874794437832,0,0.0529810646743547,0.209182183122721,0,0,0.0286537464814105,0.320269713391407,0.0450225332674897,0.0467983591861163,0.00343052335547563,0.0690908484249575,0,0,0,0.0617343887472838,0.0956149044393698,0.0127236414304104,0.0493126090142844,0.0559869833275115,0.0334698740663987,0,0.0347739259995166,0.0905260383574839,0.297982068333,0,0.241461812091999,0,0,0,0,0.0127285058568874,0,0.0137013579920717,0.166964108703623,0.114421957580594,0.162131247661359,0,0,0.40611032325228,0,0,0.0282282537478061,0.130188350446003,0,0.0444320719241452,0.227114024590694,0.134891629625001,0.0677258616141712,0.148098533835628,0.0612655042506911,0.0479875544999265,0.054134571645402,0,0.432411169732404,0.317841566215086,0.0448188838678567,0.0778275330643343,0.039004547454969,0.43979560262722,0.956762799754929,0.866266779805606,0.102138407062706,0.421637129976255,0.211976103253002,1.41330450973699e-05,0.0743382574744324,0.309293892318762,0.0674604579796236,0.0968349586976865,0.0975605212365552,0.0785175788284728,0.104995244949342,0.0852111307953298,0.0161607822512069,0.0787028853923952,0.378425695654223,0.0581521011134032,0.522259732829392,0.00334026853769632,0.192716773578182,0.0543103980127288,0.0419755236531193,0.035050623389475,0.680509420140715,0.680509420140715,0.290716771842462,0.109626869121956,0.137735549999532,0,0,0.290716771842462,0,0.109626869121956,0,0.137735549999532,0.244986565900449,0,0.174813087347854,0,0.113508969141605
"NB010",0,0.423938829226629,0.560135207939633,0.753341486341229,0,0,0,0.156405059001918,0.017982529554408,0.213465157485042,0.0515549432850693,0.0812069172892775,0.0791635419428058,0,0.00482430799608036,0,0.101750716111002,0.287630896283359,0.37744626546346,0.475624169780361,0.242960596269697,0.00899751299033373,0.105304838343584,0,0.0228801593208147,0.00353523373454627,0.0501965067523555,0.712369103716641,0.164111412754806,0,0.0446520782275335,0.25532593765166,0.0131850569567595,0.013380146288049,0.0265933265765219,0.0525014694183698,0,0.0636005508391611,0,0.0475652961939116,0.1215453345129,0.0338834326219806,0.0464960402467271,0.105429207185527,0.0277047403116403,0,0,0.0990442495337446,0.371434987711395,0,0,0,0,0,0,0.0143937627079224,0,0,0.18393663306673,0,0.121506050856093,0,0,0.416984632739552,0,0.0877886998414321,0.108561319903306,0.25449875280055,0,0.0474453160945862,0.159885449823859,0.168158838206603,0.0844722863995576,0.173744777575201,0.0378509507065957,0.212868344471883,0.18970189508763,0,0.203943568981183,0.177245171894963,0,0.0614094084720517,0.0595190548202512,0.417076815255354,0.973406659297279,0.860529588148434,0.127058729003721,0.510356837106058,0.19782513901202,0,0.0344875134188452,0.277214962902527,0.0555068460830331,0.151718620902024,0.1171217547281,0.104245536194633,0.0123004259173936,0.11489234142501,0.0205103078521055,0.046807624272726,0.47280836787057,0.0758095025599308,0.61462435979341,0.032619420127848,0.284288995039092,0.0578118593025849,0.0785498564374428,0.038852866957189,0.804718174450877,0.804718174450877,0.248643469780067,0,0.0463139908436415,0.0675675193707546,0,0.248643469780067,0.0493548058330839,0,0,0.0463139908436415,0.242818036669327,0.0675675193707546,0.019031247598171,0,0.137069726231853
"NB013",0,0.433353318560858,0.575714180579734,0.362362264796414,0,0,0.0392763629388483,0.138662647234036,0.0211548862145083,0.165158004527919,0,0.0940122337004633,0.0534553586733023,0,0.0191810470336235,0,0.0929483806738097,0.386103539227791,0.299739147327083,0.358848961977069,0.241461346022121,0.136830638852541,0.132161903093179,0.132848075667431,0.0541952546340997,0,0.118988418115266,0,0,0,0.0214650646567859,0.232487144644314,0.0130040457294964,0.0717587978148727,0.0391186052859332,0.0587494709692433,0,0.0259444197074651,0,0.0462588288168146,0.104708681721402,0.0209021226437846,0.0334929605070277,0.0669084548087589,0.0121202859048002,0,0.0205712472846185,0.116468476504912,0.433142906428805,0.370090564786166,0.396116572123841,0,0,0,0,0.0128302866955732,0,0.11079698920656,0.259671263860353,0.312752884127152,0.351913849510661,0,0,0,0.0140360404392016,0,0,0.1961251955296,0,0.0920290428617434,0.156588642020294,0.0343894378370603,0.0441829671217813,0.110353190281078,0,0.0582794341935347,0.045161964583406,0.243380084674223,0.504135657143317,0.416865859950358,0.13510290742518,0.0518167337495518,0.0550110844359862,0.427154806272912,0.49666849770455,0.833029421378464,0.177027745133351,0.484228216300567,0.463077356651154,0.0217650528091151,0.122865692519014,0.367645614243797,0.0649159735812031,0.098087582207144,0.0964521691874544,0.0837328896154781,0.111499055813769,0.0847404044857095,0.0676432298607925,0.0649971670081742,0.259188424982311,0.0252639857545459,0.39380652241339,0.0989434825322701,0.261491963814149,0.113067205789822,0.106797291822125,0.489810387885072,0,0,0.104891549043006,0,0,0.00460440753620792,0.358689323303289,0.104891549043006,0.133711551815113,0,0.187042217202556,0,0.277853237065213,0.00460440753620792,0.0289420994788089,0.358689323303289,0
"NB015",0.00977502268347585,0.444548326500496,0.697982142237114,0.366223154152938,0,0.0134751335665937,0.0105687612691487,0.112704947937732,0.011701553275935,0.227826148538921,0.0272641226397705,0.0752717184394545,0.0784913547173341,0,0.00800245910189845,0,0.115005104136374,0,0.0296924791661601,0.184521371621746,0.234475327691614,0.0347654964329319,0.131134365767259,0,0,0.120543828166169,0.0564523687425041,0.184208742714461,0,0,0.0371361754957237,0.105739787345479,0.0109983729189844,0.0547564578914686,0.0356409879771009,0.147634071326218,0,0.0464705456865674,0,0.0483235674112756,0.141820582780968,0.0331027753353388,0.0406771563069839,0.0950020130783324,0.0317985975246623,0,0,0.115040561551907,0.555451673499504,0,0.564030214869289,0,0,0.0717491397780768,0,0.0175669339522314,0,0.0724986025662794,0.215540989197413,0.140338565222306,0.277004339822204,0,0,0.302017857762886,0.0719761066134054,0.24433091891257,0.145182656011146,0.461087412802192,0,0.157873049616485,0.42024465806667,0,0.00726905720428326,0.101867000278471,0.14325428260861,0.296338084842716,0.283512599187259,0.0801779544286187,0.509220108031648,0.42826024713227,0.161743994903939,0.0858767024452538,0.0163236305101777,0.39879944761934,0.666470812883796,0.810958824899428,0.174439215092938,0.63746890375779,0.402843935031356,0.0236986023237287,0.0904378347791372,0.3256457962508,0.03630026611699,0.120655678014187,0.101457749068856,0.0980725353669452,0,0.0891981534275918,0.0100725141541059,0.0698238489883125,0.234156481989628,0.0641479377871137,0.62614875572611,0.0082190773364595,0.202700940154854,0.0795863739843841,0.106719186635415,0.846907628909063,0,0,0.118587496084693,0,0,0.0199039318301522,0,0.118587496084693,0.00925145737314761,0,0.0712177616550116,0,0.240296975104945,0.0199039318301522,0.0555831891320319,0,0.120336882042427
"NB080",0.00664995127896476,0.252700284518323,0,0.323733413526146,0,0,0,0.156114397376475,0.0110390460197159,0.168780189182431,0.10469029088253,0.0504274533071805,0.097174067722742,0,0,0,0.11086787885404,0.0426655776489083,0.127752512331289,0.146173012326888,0.230514316451719,0,0.0950585142721819,0,0.0375596852439583,0.0730619752243654,0.0511901541964631,0.862331310012823,0,0.251459679313169,0.0400227318101619,0.103512806017593,0.03818088308177,0.067349627940755,0.0267142523251391,0.0796334107653409,0,0.00366045428702603,0,0.0362939559071119,0.132895213165944,0.0208387484488437,0.0376431107997564,0.110017742552655,0.0313627585017776,0,0,0.111228698619887,0.657453013446408,0,0.66874147500525,0.962440314756042,0,0,0,0.00862436139856195,0,0.00646016277882483,0.191703690240637,0.126063826926066,0.179116080985126,0,0,0,0,0.117448402193434,0.103198977349227,0.158947722289233,0,0.0500487426120143,0.239415244133604,0.060234036021911,0.0883777761101113,0.13323581322387,0.0819538988324088,0.14628676547528,0.176218761639767,0,0.713299765379478,0.446082488474354,0.0305923913734046,0.053575561706287,0.0219875434819458,0.427066549858355,0.926938024775635,0.857062367847018,0.150466449562174,0.379959639422637,0.461942084996387,0,0.123147921235327,0.367719136939079,0.0383286677275783,0.108502926136034,0.0904408308071257,0.0958810764657293,0.00496913303176087,0.109153719234396,0.00664200967159424,0.0722564169001275,0.457293741383973,0.0298927712871393,0.558601800867748,0.0613190911994095,0.150346153357454,0.0735635627528186,0.0908249366813737,0,0.741627646349835,0.741627646349835,0.250481147406922,0,0.0918137258715833,0.0638498232402511,0.120995747669316,0.250481147406922,0.0615208945688901,0,0,0.0918137258715833,0.221816590844381,0.0638498232402511,0,0.120995747669316,0
"NB081",0,0.546276624726097,0.701304534249501,0.530585082447654,0,0.00219245760702547,0.0235992777863746,0.145273145232449,0.0379635093266622,0.194194645630718,0.0545359792446626,0.0699864092105219,0.0907308377104981,0.0236717790872938,0.0146879496538969,0.204777814065511,0.0845403072702155,0.311224518431359,0.146410366614785,0.370157173540649,0.430387873582789,0,0.185131500807955,0.0505254262733786,0,0,0.0560477033013407,0,0,0,0.0414127265120467,0.215285533181399,0.00267098887193902,0.0280456539802655,0.0638645263904788,0.0611149838977413,0,0,0,0.063762426889607,0.114021068368249,0.0405090871196237,0,0.0416450310355667,0,0.024228878092371,0,0.0970946100081082,0.345262605925304,0,0.246541174875337,0,0,0,0.00391053432946672,0.0104853069789721,0,0.0310628921789141,0.196252574922264,0.117493075990533,0.200339005786004,0,0,0.298695465750499,0,0.129133689794784,0.0546833402313643,0.189899954413975,0,0.0568844629268373,0.197946484007577,0.0169789116343171,0.150624049641593,0.150014981810412,0.0410676349795812,0.0187770358294431,0.0119299755109352,0.0430081772133521,0.418874132033604,0.266585218316169,0.0593224374327896,0.0562857159203159,0.0743677043122417,0.460772962332961,0.914475759514905,0.871241465170946,0.0871352554089488,0.451422741167481,0.251627532260706,0,0.0621790173448327,0.357963930398867,0.0196673029580178,0.0945166004909065,0.0948002962340217,0.0779500560375841,0.189282550340616,0.0992382711894278,0,0.0668380063801001,0.497038973757637,0.0441579847045791,0.463374968658028,0.0689441781093716,0.144937121666764,0.070995116753313,0.0914216391119147,0,0.481265020018221,0.481265020018221,0.239243418788223,0,0,0.429086023237883,0.301857443242933,0.239243418788223,0.0896489567438961,0,0,0,0.316265746407935,0.429086023237883,0,0.301857443242933,0.0206600808859068
"NB082",0,0.602180653478497,0.607492419094599,0.307924053963179,0,0,0.00265396318717829,0.117723840065746,0.0246087479515396,0.183291544207864,0.0939653276334769,0.0707183758505216,0.113109292346905,0,0.0359112674417901,0.00637903557940275,0.0822390313589887,0.0770648982000589,0.281295709182421,0.19825081748125,0.233644445736356,0,0.102981282271449,0.102898559149773,0,0,0.0675455002921646,0.632109936962328,0.198375314985021,0,0.0206301982820626,0.188049106586803,0.036014502467726,0.0571680876587015,0,0.0889008323478653,0,0.130937698831079,0,0.0996458898057093,0.0921722368549994,0.0428941254846327,0.0162892611151951,0.0803347651183511,0.0083394818489026,0.00960895389489389,0.0546404608161023,0.109984828121398,0.341924036786379,0,0.487692820463842,0.0521559728553159,0,0,0.0002151078249867,0.0304572850201947,0,0.0488131174296385,0.212355835904032,0.115955644447453,0.221509315988007,0,0,0.340351608050086,0,0.104323743901517,0.0442246295021617,0.184544169418994,0,0.0807589623262445,0.331996706691132,0.0605524813029527,0.138654506868152,0.160514763813986,0.0451501260556876,0.142283898053197,0.261101160365795,0.0562146199989842,0.315935056286313,0.336191695490908,0.0405889981682276,0.021382804059449,0.0663304896843805,0.404170726586378,0.917926057154355,0.832462620832613,0.142378056570463,0.600597887028536,0.299808797127049,0,0.0451652675570677,0.311892025466975,0.0306531820680167,0.0765502849607209,0.0887642729530851,0.093770443205701,0.00165691772253873,0.0655753424568762,0,0.0113494585673622,0.285015715999382,0.0613475196705235,0.618760997808879,0.00750795395228112,0.156910766884454,0.0459370184237731,0.0510496075539651,0.408013491910243,0.0098881515498426,0.0098881515498426,0.199148011719379,0.148671274144646,0,0.213301346583446,0,0.199148011719379,0,0.148671274144646,0,0,0.318745510715672,0.213301346583446,0.230013887361665,0,0.117829686427723
"NB083",0.00697038855564358,0.48067501987209,0.491258302372775,0.245354166565959,0,0.00184161982438989,0.00040871756366125,0.093835583886666,0.0157308783021457,0.15536574495379,0.0324079056506238,0.0932545899922247,0.0810226048484356,0,0.0217928176159662,0,0.0915617579887432,0.0685869370578668,0,0.178576067171277,0.272210745958792,0.0116546327517658,0.0911186311544571,0.0347965499138083,0,0,0.0391900683497818,0.163877805804261,0.491713229045113,0,0.0252603817824969,0.068635472530099,0.0162417394003967,0.0474412556529328,0.00931671390574376,0.0947821095508271,0,0.0739497681856908,0,0.0783076279785615,0.110382736944664,0.0844750905450903,0.095759355627739,0.118249098166603,0,0,0.0245437595910992,0.108967403104305,0.51932498012791,0,0.68135717935519,0.138140459815155,0.146891295018712,0,0.0912636631565763,0.413669886659772,0,0.0497509563583403,0.207849776234199,0.0937488280405944,0.189550779641123,0,0,0.37060123781207,0,0.235498856095637,0.205903388685246,0,0,0.0871697377833997,0.266879453612666,0.161378977637386,0.169353603378715,0.145397540718173,0.067598050292099,0.176894640344766,0,0.0960742089222088,0.0058087584939141,0.50994532502437,0.0725455493347407,0.0497590221194339,0.0585021114025316,0.426168157994424,0.889277198226114,0.851910557976606,0.2007474308157,0.52394855581501,0.292767023081467,0,0.0324229056180169,0.274356874414381,0.00526867897967878,0.0862130241869202,0.108743938705213,0.102222530782836,0.028438254573906,0.097909452137699,0.0154000930700407,0.0249878234526974,0.292429884538895,0.0551188400797719,0.607000366795938,0.0273270489263321,0.260883020354846,0.0593359326706239,0.070680757814025,0.42708334588864,0.0681352524303948,0.0681352524303948,0.192814696141389,0.13600378076676,0,0.180812766030821,0,0.192814696141389,0,0.13600378076676,0,0,0.311966705539575,0.180812766030821,0.190645812663219,0,0.210257636704409
"NB087",0,0.726509965591331,0.852452417166118,0.433749593619808,0,0.00572389747220155,0.029100338562627,0.183394542274462,0.0519742317723916,0.179966664044505,0.0314479936072597,0.146460395676791,0.0566180869419027,0,0.0247070925017294,0,0.0841687442026467,0.395541854353138,0.287782010293563,0.370462936634003,0.322486597584866,0.0918521575918125,0.200059375172591,0.107450841385736,0.0528939578418859,0.146877634076801,0.0649290209166419,0.277133683635171,0,0.0676338242031129,0.0580580278986188,0.253421804246219,0.0351880466771147,0.0566684489494975,0,0.101921226690213,0,0.03283676666049,0,0.0679220874412041,0.0917640890891461,0,0,0.0284580564431623,0.0260800552346194,0.0383133496553564,0.0948440721165877,0.0966746627136621,0.136201273267136,0,0.252497320211389,0,0.0497423969318854,0,0.101995247709887,0.133101337915196,0,0.095135261922756,0.181293440623034,0.203797089240449,0.0700023125873689,0,0,0.0946536249919963,0,0.0397127925541904,0.176494530577373,0.176748953720074,0,0.0764451744463815,0.279390953087416,0.0531952846562604,0.0659385310813255,0.0926780430936845,0.0457533711050157,0,0.030330033475204,0,0.333637665258894,0.267288477989781,0.0424629472144703,0.0105812790249124,0.0480872030006857,0.426112950891291,0.853122365923199,0.795481108292456,0.0596446868089442,0.466851471716152,0.233609786085055,0.0637242730950883,0.0639282907273281,0.400877622234889,0.0204186926294162,0.0354182323562717,0.067146283816306,0.0669711593908129,0.136504327315386,0.0386668534270609,0.0525816253438975,0.0308957145601759,0.366415670459549,0.0222767894346303,0.460733783352181,0.0730241946096269,0.174611137103852,0.0454158107590251,0.039108480726909,0.246850520815434,0.564013482694658,0.564013482694658,0.231212967128301,0,0,0,0.0574606739001865,0.231212967128301,0.0765834433559836,0,0,0,0.279754313905546,0,0.112552553133924,0.0574606739001865,0.0319676129395858
"NB090",0,0.808539512255715,0.682393000104295,0.492444992869475,0,0,0.0146873419495419,0.162899183584382,0.0492111626950428,0.168454180459446,0,0.0878014175091339,0.0742977651367273,0.00441418738700846,0.0259376013915605,0.181828989559006,0.097721780345775,0.0426479796146132,0,0.1037000029045,0.261568241812546,0.0151746261176842,0.105951100183705,0,0,0.0751507794093118,0.0604698651660885,0.355248357689586,0.779459214572702,0.208687305616924,0.028549142284627,0.140648407215586,0.0438474416258774,0.0333222617083936,0,0.0896968779355197,0,0.0378410633396094,0,0.082515833408891,0.0891050714421499,0.0547645935585088,0,0.0216519048450178,0,0.0261117437069296,0.0682311864354895,0.0962631489494787,0.102298749056414,0,0.416781201652695,0,0,0,0.0624284251985606,0.0161638710502627,0,0.0224886342794195,0.130937760875773,0.124908820528607,0.137651031847475,0,0,0.317606999895705,0.0247111157064916,0.0962518194111074,0.140669067556135,0.0826867873264999,0,0.11259673476968,0.268763278296442,0.136663415217068,0.143761333792812,0.19367944446303,0.0977957648801099,0.0503258439412588,0.156971890815285,0,0,0,0.06964462560298,0.0670881232935221,0.0884720077243338,0.456254824149647,0.831400767323682,0.851149663914888,0.137716776299749,0.431665443677911,0.260277480578072,0.00140759163069808,0.0663461515165872,0.329474125211799,0.0354624899747042,0.0873938997901428,0.0996804193238872,0.0822568443588881,0.110541406111227,0.0703132175171016,0,0,0.337311627208403,0.0470211459332255,0.529284422345224,0.0446445826437591,0.168902483027673,0.105420348799946,0.0804687403184215,0.478705667559451,0.115541084084657,0.115541084084657,0.237961015171717,0,0,0,0,0.237961015171717,0.0541810830715856,0,0,0,0.331968561878462,0,0.351572165284307,0,0.329242774067581
"NB091",0,0.263407913636719,0.800778809305951,0.368726294988428,0,0.00501635669079714,0.0766035542015231,0.184172610896612,0.199801154249844,0.185309674435633,0.0149012707456614,0.0935960577406654,0.0644830714543005,0.053816189711359,0.0416372107841575,0.09034015277162,0.0597006855582417,0.255836406674762,0.176657884433963,0.261771743790853,0.295103057782429,0.171153114253952,0.186734938904204,0.161771425278543,0,0.243050548187398,0.0811218261568873,0.184241542813251,0.38020768248603,0.158432457714632,0.0974286522514059,0.058011337982244,0.115769641819695,0.0852423027356143,0,0.0651207951832962,0,0,0.218252095815853,0.089977606356008,0.0686410713301039,0,0,0.0707545710644818,0.0156634454845614,0.0589854844403392,0.0196835183166297,0.00859386172492133,0,0,0,0.167538586470688,0.117155627700051,0.19256779734274,0.181215637310363,0.169669940909599,0,0.129667966398861,0.12633179477927,0.246170252006806,0.0948950859603936,0.0266514335542687,0,0.00785038645166934,0.0468173767150128,0.06229223791315,0.0524288185011851,0.108100137589417,0.0735752567386199,0.0869510240820679,0.199735991286273,0.0017445121133068,0.0953432819383569,0.0741631206802773,0.0235500643354873,0,0,0,0,0.113984664064666,0.0857379350385976,0.021940914200222,0.0646946564328614,0.430992297062001,0.209087009216689,0.768568724637774,0.0597307446419514,0.347417222683657,0.171920331018864,0.0658112810884057,0.0849820564194228,0.376277231976872,0.0146317211269669,0.0182434810004036,0.00159174666114953,0.0351051053051853,0.189484965656308,0,0,0.0443686991695328,0.281901887766038,0.00971764989816545,0.221887773737016,0.115468852425785,0.196130854202949,0.116804347574866,0.0804607157303368,0.429004618137543,0,0,0.188064502561687,0,0,0,0.106828700517114,0.188064502561687,0.0995190694242587,0,0.244806060128868,0,0.314101615024798,0,0.325152383544594,0.106828700517114,0.0919640738110716
"NB092",0,0.169406506458898,0.491773766589151,0.351680287212463,0,0,0.0773674112986056,0.180238397499774,0.043948558642391,0.150949617623769,0.0534466817241756,0.0823359586472689,0.101042179624814,0.0608233440077594,0.0443567225351829,0.0805595965287528,0.0632369399353924,0.140405952693744,0.104986835801185,0.142398395532787,0.0629514704083579,0.0666853550303798,0.123993199344068,0.0953073252693059,0,0.0804688194182896,0.0481008063210332,0.170931916873212,0.105855399661979,0.178764832792111,0.0398002958542081,0.051148536145879,0.137719148497594,0.0813946981045868,0,0.0892566369399012,0,0.0459810128989506,0.0850320249629441,0.0963946628883597,0.0635388322414557,0,0.0280485833234285,0.00959417349118216,0,0.0372636230683301,0.0922526198364751,0.0455623038283623,0,0,0,0.346048760780614,0.202865789912296,0.144434060222265,0.196328592340108,0.348524356972839,0,0.129177928039646,0.124860691042258,0.336307345262792,0.152402105157244,0.0332230496332602,0.0316153290166457,0.162177472630235,0.0878307162061333,0,0.069850766894955,0.274044883101012,0.0157100489088995,0.14936562336021,0.310858570306913,0.0297096260026635,0.105646168679913,0.129999092307443,0.0504405155590879,0,0.0098641387212102,0,0,0,0,0.0383275799693084,0.0115319931246781,0.411892842354996,0.504438536999209,0.753863087734638,0.0485005479075227,0.442352919054428,0.250862531117741,0.164143556319904,0.142077232567266,0.44612878052997,0.0177360903510027,0.0265915190020287,0.0267899788314381,0.0353509500802804,0.183701225849671,0,0.00292472791143444,0,0.279894753619407,0.00988205304175983,0.300433499544085,0.00915329657040583,0.113747827087181,0.0441749556384664,0.0200594993583744,0.665153540705257,0,0,0.284334038091877,0.137157464419187,0.033692697677067,0.197688994875556,0.046616446353707,0.284334038091877,0,0.137157464419187,0,0.033692697677067,0.255081230785006,0.197688994875556,0,0.046616446353707,0.0309085631668342
"NB094",0.0125174037551844,0.386265106631382,0.751747989056456,0.651788825264963,0.132267988808761,0.0739088671330537,0.091403534474432,0.21918408432355,0.0261828923866154,0.137195825556929,0.0437445414631794,0.0569494071764788,0.0918177587028842,0,0.0780172370930436,0,0.0899925174350681,0.117272221506361,0.131107717792304,0.157089407763324,0.119942879261857,0.085912988776249,0.127045913150995,0.125149430659738,0,0.229865910990384,0.046970474014166,0.249707131732114,0.23137350337781,0.155726975635323,0.0429014127897835,0.054693007091924,0.115117725321317,0.0745964037746659,0,0.0592358841550497,0,0,0.0810291973963678,0.104397156360524,0.0840902985666512,0.0165199303983995,0,0.0843630846294302,0.0277241760660841,0.04246208598019,0,0.0795070193748236,0,0,0,0.018833091987412,0.259200557816494,0.218419417716473,0.16487732388546,0.370919126135895,0.0270093555655589,0.144949793373279,0.2288651499725,0.251883479257342,0.15423345441612,0,0.00422186670045302,0.229418918956132,0,0.0553093271868206,0,0.080812558803411,0,0.0480293493509071,0.19561793767761,0.0444903344408492,0.13152524812908,0.111485737991113,0,0.029340746357855,0.0553480654944627,0,0,0.154607742314677,0.0531314876390828,0.0104229240139533,0.0125406430304712,0.389427623341398,0.479816694016992,0.743899527443508,0.0726780666314501,0.581446558122527,0.347703872230034,0.0697204406779029,0.143802304537303,0.362230094201131,0.0167976317412472,0.0521670400077529,0.0739398637446996,0.0498350924251889,0.0686171588409053,0,0.00698010562510686,0.00536317324618343,0.24682562121451,0.0438013201589505,0.430407363458002,0.0292464792391706,0.088368370908394,0.0611871770511895,0.0212247213948139,0.512727474926307,0.156919971977157,0.156919971977157,0.249338895822727,0,0.018103721861825,0.0595047918504245,0.195025157060331,0.249338895822727,0.0866311425094096,0,0,0.018103721861825,0.283929944770703,0.0595047918504245,0.127398021513523,0.195025157060331,0.0212944102086927
"NB113",0.0115230594175853,0.525484190016232,0.703599926868696,0.55076141021303,0,0,0.00388181758446282,0.124712581227637,0.0158761283126949,0.225154347657532,0.0679394249204433,0.0763368398979219,0.0815286420221096,0,0,0.00460305855944133,0.0990802489471106,0.346587621642572,0.179857233358216,0.3263183587156,0.473853078253971,0.0398565113551987,0.135906656998859,0,0,0,0.0489576533804037,0.148157202125699,0,0,0.0088905832335449,0.309327681639887,0.00435217627058223,0.0350482674018843,0.0361296759925789,0.0859725733381233,0.00201820005785366,0.0107793008343896,0,0.0455331766404621,0.170370884917043,0.0453351140913286,0.0340489369716184,0.101451486617187,0.0193287078610242,0.00732841351953381,0,0.0985798072735133,0.431976498702599,0,0,0,0,0,0,0.0083897908190548,0,0.0327979898114303,0.256182341257165,0.120335197659834,0.249427941254724,0,0,0.296400073131304,0,0.104160371735972,0.145898158898047,0.454115270618194,0,0.0880868283560605,0.191182792373042,0,0.0129486497856652,0.124331503632172,0.0714999788510225,0.268310690978737,0.369582985427591,0,0.354803178846853,0.279841312010557,0.0241428381002092,0.0693637233228856,0.0604171442067077,0.412932141925963,0.954004434002583,0.835215845514382,0.14221542846076,0.66155600412489,0.284915913200716,0,0.0578759923067532,0.304274180167243,0.0324145421083655,0.124174154435944,0.113994240277613,0.105632945059983,0.00428676069565209,0.118965195854431,0,0.0512157022531536,0.468957245533585,0.0930694593061824,0.629932249680967,0.0150750102004692,0.202862128226877,0.0587848961230931,0.0609005124178414,0.0742881541033642,0.742206541171093,0.742206541171093,0.215980324772655,0,0.0737286834779375,0.0208761193546566,0.133920335095397,0.215980324772655,0.0448007811756602,0,0,0.0737286834779375,0.283509135418039,0.0208761193546566,0.192116558298591,0.133920335095397,0.0271799805289537
"NB136",0,0.79511340209762,0.697411000492096,0.536995360665792,0,0.0374860917805669,0.0486145085897784,0.1619662024628,0.0848056030741935,0.186396812674238,0.0205925570306696,0.1148921133306,0.0682500004359825,0,0.0650128531194958,0.0165900050886361,0.0901351164568374,0.391847640307738,0.194802996412935,0.282875171565049,0.355207848715006,0.0721302687648582,0.196370861511797,0.00654751005100663,0.0407203480993359,0.0846779877550545,0.0659894433979726,0.416432117613125,0.665693568490069,0.401230324670356,0.0677631339235782,0.341661960057409,0.10301769768699,0.0558086403257218,0,0.0583547431224109,0,0,0,0.0657373796262688,0.100188813343176,0,0.00683870833057647,0.0641015634128898,0.0403903952985451,0.0122236708127436,0.00990048707326944,0.117769063994745,0.0624797784188911,0,0,0,0,0,0.0456680652358855,0.0113752323892098,0,0.067788991601956,0.145000045779559,0.161884576064262,0.206782807099497,0,0.0416770024077966,0.261868651408568,0,0.0843422876040214,0.0698232292761375,0.120937068319771,0,0.0586962709827802,0.172131134626715,0.044864976154936,0.0795993954045457,0.109879230557132,0.0623971951018317,0,0.0431931787962557,0,0,0.151586456180014,0.0285760154204825,0.0340706000921438,0.0198993632129923,0.447439908672572,0.828409731983277,0.861063297260093,0.0864631262202765,0.454197997191889,0.260663582530153,0.047494140492498,0.115363085821032,0.379343633379654,0.0221903374980047,0.0449122982240272,0.0376623270402425,0.0541110590676086,0.184281386945619,0.0688261402847139,0.0768176917339419,0.0759356629730303,0.383808020660428,0.0311453181983443,0.427695499122576,0.0482232317444228,0.200170995587108,0.06591250637181,0.0421189992556914,0,0.818945040655774,0.818945040655774,0.315274983822579,0.0380718976370041,0.0934233532500653,0.0470460169952066,0.061808852756569,0.315274983822579,0,0.0380718976370041,0,0.0934233532500653,0.26281668254704,0.0470460169952066,0,0.061808852756569,0.0205114170699449
"NB137",0,0.437135465033758,0.854803399770932,0.452564434014557,0,0,3.238440412646e-05,0.166824745126953,0.0267294352545483,0.187354798734104,0.0972772318179912,0.0523754630448677,0.108715011182945,0,0.0095241873454466,0,0.112635946785703,0.336151585325121,0.258107289174942,0.270901851173563,0.332530088619744,0,0.164630198416032,0,0.0346245288823049,0.0707454918987968,0.0705338979777357,0.605786883819873,0.348289693031052,0.285618080396055,0.0424149437447815,0.246877924725517,0.0608212853615197,0.0570705680102963,0.0267978316390859,0.0489482557103839,0,0.0184015703364289,0,0.0585826473219756,0.0928379088987806,0.0362680810280516,0.0490746599256573,0.0699510069874268,0,0.0129127594966159,0.0591937218201912,0.100904259961259,0.423529717822109,0.110572071346764,0.284733371237801,0,0,0,0,0.00701531529972685,0,0,0.168660884269097,0.135407057462725,0.118915929334748,0,0,0,0,0,0,0,0,0,0.172491672161221,0.0289464245246171,0.0646682695375368,0.158605848911336,0.0472979119982374,0.0543497556721014,0.0117677459731029,0,0.393603017794006,0.367273037586234,0.0219008335511081,0.0607801202330838,0.00693136676570996,0.440480687071207,0.929254508101203,0.863623151383026,0.0772982735289229,0.498644833182799,0.371102224709579,0.0093070090049055,0.103213307066391,0.39554179117002,0.0193699210074022,0.0881760987904167,0.0373196723017778,0.0791296036729341,0.16338809192953,0.117542439011345,0.0273994208676527,0.101180043661714,0.521326641792317,0.035421983803136,0.53749284304741,0.0297196466782294,0.142861510815122,0.0751328320195035,0.0514292281666489,0,0.796063920449071,0.796063920449071,0.278669935423129,0.0257591837953779,0.0237358533226757,0.0406770667196986,0.128687746211803,0.278669935423129,0,0.0257591837953779,0,0.0237358533226757,0.250227940788797,0.0406770667196986,0.00962516789159814,0.128687746211803,0
"NB138",0,0.571530284950081,0.67774319108486,0.830640661761078,0.0264149397884177,0,0.0102701616110062,0.196355332575803,0.0301330704624452,0.198167045678123,0.0537414319472075,0.0556038237446865,0.0844568890846984,0,0,0.101589609802074,0.126164377273918,0.0992282670369531,0,0.197942341476107,0.230413318547436,0,0.172942094766613,0.00732574536682446,0.0518948161358825,0.0622962518929087,0.0647467859563207,0.84712424511485,0.687571936122788,0.455769542113653,0.0638534955497206,0.204193989740422,0.0778930862459377,0.0410363621653835,0.0213873236247819,0.0512244157871368,0,0,0,0.0764733659293488,0.131327335197876,0.0443559048140777,0.029228385884084,0.0488469587854241,0.00880886140611742,0,0,0.100636469282048,0.266812490845732,0,0,0,0,0,0,0.00662564420421508,0,0,0.148752483026633,0.192649447395785,0.131598680664377,0,0,0.270361992779257,0,0.0827744950502275,0.060004510653682,0.163949291239086,0,0.0511843099669353,0.140178922462825,0.086557002444424,0.210174224828998,0.190092686238954,0.0271405216320025,0.107584318143567,0.147315124704759,0,0,0,0,0.0765715128417808,0.0254323871895598,0.431223858466196,0.933148350132945,0.855980140014781,0.0887169839072316,0.428323233158302,0.331515899059091,0,0.0633809400139183,0.32633723378142,0.0253566631180395,0.0992042046265555,0.108014663180643,0.0856979342746968,0.0498595067322086,0.0933569226369759,0.0215770532194809,0.0274763889713293,0.516366274426107,0.108855274492876,0.579087948173598,0.0479856838026204,0.0404807117103928,0.0595365871692931,0.0541027546687796,0,0.704008636723135,0.704008636723135,0.315679216579535,0.180352511276216,0.241114367194967,0,0,0.315679216579535,0,0.180352511276216,0,0.241114367194967,0.252046517476938,0,0.0872519498095104,0,0.0778746815720694
"NB140",0,0.556427732121123,0.70866159111751,0.310449443219491,0,0,0.038067587380007,0.192167019490642,0.0250176723034624,0.171341342911375,0,0.0722361175983,0.0519839688990608,0,0.01016998290796,0,0.129249658777294,0.124906992636183,0.0022817209937076,0.111100979220586,0.240862269410558,0,0.160095096222202,0,0.0169162127791767,0.231315541150349,0.0765326842647634,0.545006246884935,0.955857403394187,0.458779829844727,0.0386751852890582,0.211690265682465,0.136612102701568,0.0701930111921107,0,0.165836644498997,0,0.048103502366765,0,0.0638333244755704,0.10210772837005,0.00854685182860004,0,0.0269799680441999,0.032131578284818,0.069966046392197,0.101758008982064,0.0925386061646738,0.363431385480861,0,0.453203640831567,0,0,0,0.0600322190001168,0.00907523229315995,0,0.0752244553821793,0.215796130314468,0.269196890627426,0.347279795777174,0,0,0.274422196103313,0,0.0782488606977157,0,0.0418608756121054,0,0.0523925415508099,0.467995617913637,0.0118518552038147,0.0554654599069808,0.109896309542796,0.188217214384735,0.0408508188653029,0,0,0,0.31289217058677,0.0737733990952945,0.0525817871371622,0.0613160540426571,0.417536638419536,0.768684458849651,0.803961892249776,0.112853382542054,0.595730417250766,0.370358151594827,0.100863843534804,0.105846752821811,0.436436184801104,0.0483234527967885,0.0766620221501371,0.0270137829937844,0.0833866022521017,0.0783114584655667,0.0781293476541334,0.0247006615576498,0.0122042541345244,0.312454325715241,0.0366443763301778,0.540490927157215,0.0215688640595322,0.172563620495325,0.0532960875242379,0.0478940764161315,0.436504379610704,0.473693112720193,0.473693112720193,0.262168269983824,0,0,0,0.126320373717746,0.262168269983824,0,0,0,0,0.225816039441906,0,0,0.126320373717746,0
"NB143",0,0.689962073484744,0.505363533395814,0.484954807919619,0,0,0.01956766246222,0.19113150013056,0.0324604459501302,0.167884247760497,0.0536164632220257,0.132284098214644,0.0981235767365491,0.0445791704055792,0.0111604954939617,0.0812770882001464,0.10799219027538,0.0736335696819973,0.113738840474994,0.0708187402114329,0.273816289558419,0.0707488304883181,0.164444614425999,0,0.0432847439697837,0,0.0511151393343253,0.280054434207274,0,0.282848979284809,0.0405113611909994,0.267337742321705,0.088124819022745,0.0454588126802068,0.0111938322984993,0.115251542531778,0,0.0806750566832409,0,0.101572552492908,0.0952082138678919,0.0305193354020505,0.0406033779326847,0.0459696178977167,0.0328885762151517,0.0120468082418378,0.0594530887839553,0.11653404439314,0.190304745171866,0,0.187431762107475,0,0.010258049874749,0.123957535941537,0.0235841227739818,0.271809442625793,0,0.0473949452422877,0.174322348972695,0.135521939425714,0.198363018046842,0,0,0.451351722634403,0,0.0228685536626096,0.062312619027122,0.155696331314179,0,0.0753685172527752,0.342633668652795,0.160408807059074,0.1212214127432,0.167649412128665,0.119522840690523,0.0603366601210302,0,0.221743257810088,0.384806996947938,0.11166654732403,0.0977273017352461,0.032840963527547,0.0220612939332024,0.421484824713848,0.599795954831709,0.843270927825314,0.188172705893038,0.492295230111308,0.447630875304096,0.0439493037343916,0.102712006725497,0.356326834375342,0.018686286645102,0.0739100745172094,0.0522093314224725,0.0799525106701192,0.0313575532454962,0.0584796172750143,0,0,0.249308128427769,0.0314114521855203,0.562053814267389,0.0476848775871576,0.269766380062422,0.0807345951783193,0.0678106958400736,0.806381104351839,0,0,0.0598884031883923,0.0917474591947319,0,0,0,0.0598884031883923,0,0.0917474591947319,0.101279440513045,0,0.263205651192204,0,0.0906277193411678,0,0.186480997665093
"NB144",0,0.325108150466562,0.671820439625863,0.452705729630339,0,0.0260107439308617,0.0629020988325125,0.18964503279268,0.0976270471141234,0.151927713666287,0.0459090587672611,0.0257942475245925,0.102376934641567,0.0172596001056035,0.0694095368529719,0.0869149880262401,0.0620768627310568,0.0946577233946534,0,0.199093188823242,0.256915282558041,0.0161295972473767,0.12924094477596,0.0229376825574958,0.0114898381542622,0.108920013594703,0.0904772300033029,0.222593827966027,0.439601940706509,0.144014959293706,0.0974662722029645,0.106440468398279,0.103189180639474,0.0901701898384327,0,0.0816773257663167,0,0.01849121716784,0.0597384640553915,0.10039465817777,0.041356099668477,0.00382445950105519,0,0.0358289152347414,0,0.0514592151659407,0.0115884165583238,0.077758696450884,0,0,0,0.205519585441986,0.193621317580877,0.0664293652355305,0.156542353788564,0.268355575272088,0,0.140573833965372,0.148774111248801,0.199891286772479,0.0588044315535319,0.00733250170464274,0.0249760703838578,0.111170136777888,0,0.0604178008371801,0.132527011631573,0.127976116262193,0.064057378202835,0.0732672541664497,0.2881571333948,0.0262768731581947,0.148443431765192,0.105789749301508,0.0910462929786779,0,0.0457065578624707,0,0,0.171055301411366,0.0672478160798596,0.048188816658626,0.0117193235344344,0.418541217624094,0.718559718185354,0.769405421519542,0.0423748063158058,0.387265142479658,0.19569007288346,0.136741629116249,0.0872007641687119,0.365184634502005,0.020534437173469,0.0340910354438792,0.0438468181983052,0.0344873045658862,0.163864958956483,0,0,0,0.315744320534346,0.0171026753340371,0.34325988600484,0.0421097146166,0.144586981567084,0.065989390645173,0.0432028183668469,0.154678794057621,0.651635006828407,0.651635006828407,0.301061721135731,0.097341212216343,0.0530952887561951,0,0.267571398293719,0.301061721135731,0,0.097341212216343,0,0.0530952887561951,0.255429031297468,0,0.0963449868976287,0.267571398293719,0
"NB169",0,0.270049388168163,0.705006174474688,0.248643661390475,0,0,0,0.135750672320637,0.0253433761512854,0.181265963971744,0.0931184451620244,0.0369817273649651,0.125257844300557,0.0034818168726167,0.0307680425759321,0.00626051273750998,0.0850778012720174,0,0.0897994881100792,0,0.296049162411069,0.00794826184668461,0.165079349260528,0.0026321664114943,0.0129009772006494,0,0.0363003253383657,0.397881463468036,0,0.385521035505459,0.0413427774106932,0.220935748240748,0.0369312829319562,0.0237280199975212,0.0278717429653849,0.0428225351940542,0.063941538133832,0,0,0.046974818736812,0.115245028051357,0.048069788001501,0.078333583604376,0.113363713494776,0,0,0,0.12263242793088,0.619136247033287,0.282092848324662,0.525648186759134,0,0,0,0,0.0039350887445011,0,0.00639102171477011,0.224276393362134,0.200297836154817,0.117657312452367,0,0,0,0,0,0.12742480964333,0.0397202468558567,0,0,0.114787339640807,0.0394020058713993,0.118909092940783,0.136993442034307,0.0358418985001166,0.105162590069125,0.0337171249420002,0.0603392027872888,0.798457789329943,0.614478964494541,0.0875822123283365,0.070603584859542,0.0628041262831194,0.466998264364931,0.918493304077723,0.892418833668318,0.11236326360905,0.394141592253178,0.301166762153403,0,0.0922942451261016,0.327790179685577,0.0298185523245699,0.106106606691865,0.0985979798810323,0.0883945200942728,0.143418152592543,0.0823501810896129,0.0147846294954701,0.0255054207885647,0.432088987698912,0.0384086097038991,0.503064764350166,0.046267273623433,0.344401571320446,0.103857654736142,0.0911479709550738,0,0.525865384941917,0.525865384941917,0.285046816399428,0.121946852622162,0.373849822586333,0,0.0166280519941166,0.285046816399428,0,0.121946852622162,0,0.373849822586333,0.345140389824392,0,0.352187762435922,0.0166280519941166,0.123320401901045
"NB175",0,0.800630805514897,0.752748693137018,0.508293963969612,0,0,0,0.0785768826782332,0.215855878462422,0.218069014562192,0.167554360406278,0.0782727010815841,0.111587075741622,0.201418625999517,0,0.0830086686182437,0.0782678734635529,0.3499303703958,0.514938352450384,0.45931396934883,0.339545121205332,0.1884172456987,0.185272104546025,0.0026986987696718,0.056094809984674,0.186349593857301,0.0783647664136289,0.304343312122113,0.443473496031697,0.210760658698817,0.121631746222931,0.375071184457451,0.141419640611313,0.0360151445454989,0,0.11418858493512,0,0.0072686543831418,0,0.0647960702089418,0.142373953331829,0,0,0.0352479898281579,0,0.0460582176155522,0.0631798689981061,0.0648914377876011,0,0,0,0,0,0,0.215901268617521,0,0,0.0476372600869382,0.191513392768078,0.0675893076550327,0.180011720990824,0,0,0.129908581519811,0,0.0152455945012629,0.0316114982729541,0,0,0,0.257954652159092,0.0585166841529746,0.0695821641372537,0.113389110036354,0.12798558629338,0.0469267862364172,0.087609297820652,0,0.00305451535343135,0.249282158524109,0.110852246332134,0.0909493977894871,0.0765084296864462,0.435186100226343,0.405722978467203,0.854290598525414,0.0671162942348047,0.385548009190116,0.152455402826724,0.0132891701813523,0.109059700408133,0.389418683963585,0.0273583095492437,0.046040655674696,0.0200665096896334,0.0518485583572784,0.057203158547821,0.0517872129102321,0.0377064405235564,0.0507652293001845,0.248993819989713,0.0174272486941592,0.311649357232545,0.158294036485928,0.251168106670437,0.0931860209180347,0.101362034573766,0.67563704786332,0,0,0.199780697985419,0.0908569022097948,0.0291433090013152,0,0,0.199780697985419,0,0.0908569022097948,0.0253631688889067,0.0291433090013152,0.293618490314805,0,0.233506049926885,0,0.155049693866292
"NB194",0,0.99754618706072,0.722767431839635,1,0,0.0317701495684643,0.0422580682369938,0.112236255080318,0.046108795497562,0.188894786937135,0.0162853752185837,0.127470510329037,0.0667405232256583,0,0.0208826084813884,0,0.110669080358914,0.301604556477221,0.109593946170269,0.453136427338554,0.304465615425259,0.00222924394860629,0.228037454876104,0.0191347736639462,0.0142858471232324,0.0740784373035941,0.0255141551846887,0.408203388591878,0.784961574110691,0.109878069989671,0.0372698526686818,0.0689005730085104,0.0716271439118873,0.0489921736460887,0,0.0620127566358454,0.011652463039228,0,0,0.0717489654973637,0.124500913663127,0,0.0511311896968156,0.0595479746237336,0.064106290283609,0.0896748949206453,0.0912213300499624,0.10136311741943,0,0,0,0,0,0.00108296618826917,0.035146078883058,0.121010380135781,0,0.0837329280441782,0.224368142511769,0.284524592833644,0.154286000492505,0,0,0.262946721037132,0,0,0.167497545914628,0.0179655879023077,0,0,0.192400166723483,0.0469498424804461,0.043459779710232,0.105831662298396,0.0483755572330627,0.0142433735893155,0,0,0,0.436985502671774,0.0175748287337766,0.00926041038926195,0.0548369627689405,0.432750328858281,0.893278160808391,0.857297366878798,0.0986055170275999,0.572162433613002,0.2383606016403,0.0281706511590721,0.0904721926340415,0.373717450897154,0.0216475112883761,0.0549308633976678,0.0400743883720421,0.0811484625314479,0.0924611032559318,0.0774913929465123,0.0200059753179399,0.0509491921602251,0.354721249683971,0.0420705044207653,0.521799755397007,0.0514736023640122,0.167185471357003,0.0705787485417446,0.0667443245024559,0,0.836308240844981,0.836308240844981,0.291917527451258,0.0875835326214334,0.0788829733852762,0.0761082265335853,0.0205780421477337,0.291917527451258,0,0.0875835326214334,0,0.0788829733852762,0.233227349741073,0.0761082265335853,0,0.0205780421477337,0.00307930004165531
"NB195",0.0242644240589969,0.420172440681095,0.709390648543364,1,0,0,0.013316658318995,0.238776365761488,0.00968396234161355,0.12370528124592,0.0496391345385988,0.0705157356770365,0.0734795585049317,0,0,0.0523173027652555,0.106968347708877,0.0943940575333587,0.230550935947356,0.273840007146255,0.0777730027161106,0,0.097872682669357,0,0.0212073255099061,0,0.0524465818975675,0.885446005166984,0,0,0.0270105254331989,0.0907015412912544,0.0167602112966281,0.0454897003942696,0,0.0321537404223919,0,0,0,0.0712463186649505,0.0944864541565116,0.0359929585583873,0.0504699458283461,0.0644930791277411,5.15986440750571e-05,0,0,0.103532772066371,0.520441119913257,0.26940202594673,0,0,0,0,0,0.0152681687394781,0,0,0.204317906911479,0.13113137623384,0.104220857212997,0,0,0,0,0.0535336556928472,0.0822855744606694,0.0475117415606562,0,0,0.105247601247125,0.0885760616509024,0.132260206657223,0.188983190147691,0.0246952689663639,0.127407550088432,0.111875745355532,0.00336151755229625,0.612068783573825,0.726159992853745,0.0201599372996569,0.0675071653877764,0.034316373701463,0.460245537697324,0.956030611108579,0.860419662878669,0.165176566166464,0.409794412056783,0.3423326484583,0.0568387394254374,0.0524575623236379,0.319988032372232,0.0904897305087812,0.158488204769737,0.102017537692067,0.0960957212936198,0.139478597119276,0.11792012989748,0.0772985483208937,0.0908718939077563,0.449285225017602,0.0738559476085717,0.551270153776206,0.0443151882522253,0.271844950065759,0.068285585427472,0.061095523360249,0,0.835016239861552,0.835016239861552,0.262197936585521,0.0254811379095545,0.125393002807778,0.101421317679213,0.0417090686895026,0.262197936585521,0,0.0254811379095545,0,0.125393002807778,0.294549742703297,0.101421317679213,0.0213470388982836,0.0417090686895026,0.0510175558623176
"NB196",0,0.736329577781721,0.831680875002102,0.559220907464638,0.0305179271106291,0.0459438179141765,0.0227869028690547,0.254941752905719,0.0247281079417506,0.213204467609575,0.0247499263661527,0.107956542769574,0.0770524589487386,0,0.0106216289221307,0,0.0830536806278458,0.389335463155283,0.268281177122964,0.288403029435445,0.419923358989925,0.0752671035231119,0.187346235149072,0,0.00780452451968775,0.0706966923273572,0.0390265617301299,0.439641680738377,0,0,0.0365160406388459,0.311139369935729,0.0130716737629212,0.022102745320144,0.00669256938728802,0.0641574752463822,0,0,0,0.0472609154066026,0.150507795466633,0.011990380672474,0.0183066892260206,0.07403839601907,0.0223911470978741,0,0,0.0890748788206507,0.198003293631269,0,0,0,0,0,0,0.00510393771203117,0,0,0.119066452924691,0.0460973064752888,0.0944236260157496,0,0,0.16051460047821,0,0.0684206410632877,0.100984748032477,0.356872832614895,0,0.0831021481825779,0.186506249893239,0.0006910849229128,0.0223009994955402,0.123738384275618,0.045801334408979,0.101537907246027,0.196201705987531,0,0.326606240699388,0.218576764467105,0,0.0857644017925819,0.022238223033295,0.421135641411513,0.928018946421427,0.804705007363989,0.070096849639334,0.533023451008359,0.376262883426706,0,0.137965661272381,0.352609883420146,0.0289211086304249,0.065469505852416,0.0897790707195561,0.087771301609189,0.0467815872056567,0.0771756094661117,0.0790023731908345,0.0482326374380628,0.406196785284873,0.0996113462769475,0.526359973852218,0.0124271922215356,0.0954520992300159,0.0662136216516589,0.0571606415113705,0.367772438724707,0.52540130590953,0.52540130590953,0.262404885905282,0,0.113062148161388,0.0385928183469083,0,0.262404885905282,0,0,0,0.113062148161388,0.246951056170477,0.0385928183469083,0.0517229434118887,0,0.0933504658647466
"NB197",0.0700669953120705,0.0996862043256545,0,0.708032447310442,0,0,0,0.0971324183719825,0,0.0878258191128262,0.0709585681064428,0.0908586161417329,0.0902437689236146,0,0,0,0.114101891746086,0,0.0936108689995669,0.170113551953688,0.116083361420709,0.0149266087457046,0.0420056404834211,0,0.111101233846988,0.0155941818116424,0.0643416112209893,0.896232254578388,0,0,0.0349783467649102,0.249701849754745,0.0205354623587112,0.0647642366314641,0.042262026956982,0.0429847185915876,0.00780886244151088,0.00220067996973485,0,0.046970236251221,0.150472702044471,0.052592017849988,0.0197725532408795,0.107092644843763,0.0106641487689932,0,0,0.114790950891467,0.802525572851435,0,0,0.888898766153012,0,0,0,0.0149934388702869,0,0,0.17639105052099,0.0681620237053803,0.0946491313026469,0,0,0,0,0.150883372674521,0.236947640262304,0.222124831121508,0,0.0327514694706424,0.110894667254941,0.0491438118111121,0.145812946827717,0.221381680303188,0.0144800832479035,0.312743079781863,0.286307615453065,0,0.676455437437414,0.528318883502609,0.0103294068245034,0.072122921094828,0.0335255521798729,0.392946357676495,0.965000355786321,0.851266761682104,0.153199376460585,0.436242496749607,0.353556721560786,0,0.0450434069926981,0.270349683531343,0.122042618040067,0.173663962777241,0.119506781702303,0.11169767273589,0.00115005294793942,0.136710135826429,0,0.0551967621902755,0.471299902363182,0.0764151938914654,0.641936562119361,0.0274207325666917,0.333248525651775,0.0637671337997108,0.0988689934510013,0,0.685340309701922,0.685340309701922,0.289892232235274,0.099033934462827,0.18050143204263,0,0.10356851761775,0.289892232235274,0,0.099033934462827,0,0.18050143204263,0.183973851670579,0,0.00129740502697054,0.10356851761775,0
"NB198",0,0.64760021749863,0.52130128898939,0.38811004674523,0,0.0743752198987805,0.00797814425119128,0.137173472517039,0.0720790474801504,0.181252051663243,0.0383873054459258,0.0611986634932411,0.0699646482387576,0.0095703669508087,0.0613904099721242,0.138559678225151,0.0932831729534026,0.192131216853691,0.0524627574200168,0.0637868069546103,0.321651790266885,0.00864375315327671,0.163471043684997,0,0.140151146487433,0,0.126560675348195,0.195309840212311,0,0.139580654864914,0.101089476443693,0.454351858063476,0.0089923842541924,0.129433019490764,0.0762267705104528,0.042017563821287,0,0,0,0.0753667366583565,0.10428602606466,0.0323442366124469,0.0281012623079951,0.0433573450855674,0.0314016719485524,0,0.0365417957900755,0.107540948001995,0.0905645515063123,0,0,0,0,0,0.0425503880859143,0.170458108291073,0,0.0501915159834393,0.189513876821595,0.143892464684256,0.231542878895444,0,0,0.338547564523177,0,0.0223588279354437,0.0501113678560724,0.116119206136353,0,0.0545446559324548,0.159802909548372,0.0867891744124291,0.0748885807328921,0.105636248895046,0.0341883180141403,0,0,0.00737217727323362,0.367384436026639,0.421985039991146,0.0463808912672546,0.0443717193666278,0,0.443990050368563,0.943982576125835,0.895304107280911,0.0548946040599203,0.383349901933131,0.179741665452366,0.0213193248645379,0.0582839761435819,0.332013744443532,0.0211606543782941,0.0575751857704107,0.0934872452020046,0.0682515026586736,0.135150792294757,0.0568586806408841,0.0193437621947136,0.0172510037699478,0.503124472024487,0.055665332030624,0.497526893073102,0.0229145901143518,0.24162976673287,0.084353052456335,0.0477196154032311,0,0.828777393722095,0.828777393722095,0.325878683466148,0.114151897259948,0.153232947652471,0,0.0905846805588498,0.325878683466148,0,0.114151897259948,0,0.153232947652471,0.232295388661306,0,0,0.0905846805588498,0
"NB236",0,0.85176972211088,0.689766618495492,0.421895935457401,0,0.0352782338476895,0.0632952383602581,0.21829377193629,0.0659803179331875,0.165635543677443,0.00692254643182915,0.0744513452161412,0.071232718319496,0.0315310705559638,0.0148088977115995,0.130485663934927,0.0942191270254499,0.443495733799854,0.197914964357984,0.439207122009325,0.194477074511501,0.00846772032416023,0.122208092541821,0.0220215453814536,0.0520016706946265,0,0.0546803315631049,0.556504266200146,0,0,0.0488283677016478,0.285512998318382,0.017604940822833,0.0670423472278325,0.0374164700283887,0.0595886555499552,0.00745616057063288,0,0,0.07325825417569,0.14689256191925,0.0274974655464033,0,0.04935603218169,0.0149318987000466,0.108191197123679,0.0671127248424398,0.097036730332976,0,0,0.188383642335228,0,0,0,0.0819623870805363,0.00968705921509539,0,0.00739458945021669,0.144288108927442,0.141358915814637,0.140698109128686,0,0.00515423931561784,0.258231710809881,0,0.0935530220960159,0.131817720881973,0.234566668270511,0,0.0711389883934655,0.140632460213462,0.0749091420186322,0.104695835395078,0.167431391545743,0.0192501909206683,0.012105983606197,0,0,0.227112246928339,0.0559000758732591,0,0.0254653322862074,0.0422035802979528,0.435321234906944,0.926723833815077,0.841034846957353,0.0584208547622546,0.303612413531662,0.239126245681212,0.0828946623615385,0.0648336686263279,0.350744523454742,0.0219189607993393,0.0611501333350161,0.077027155331078,0.0754815135108065,0.148977732478458,0.0757561314891585,0.0162894671630095,0.031893005415839,0.420105062875558,0.101514263309503,0.493771697482362,0.0358805991532867,0.0208076326578676,0.0418872118450978,0.0367688155353968,0,0.817360917946994,0.817360917946994,0.295942492040987,0,0.066539388526421,0.110976105488635,0.0895123660900954,0.295942492040987,0.0716629765643719,0,0,0.066539388526421,0.250834353736124,0.110976105488635,0,0.0895123660900954,0
"NB239",0,0.393226821013583,0.777987547196101,0.546903364926688,0.00755509758246374,0.0116873457236229,0.0491197405237445,0.221084560177899,0.0242786911700773,0.182900971394165,0,0.130190653531599,0.0678990592022183,0.00873239520073728,0.0140356582742656,0,0.0887799764060492,0.177614174555659,0.164686577376935,0.237015223662401,0.2052003486974,0.0912362966410388,0.186965040676082,0.0123444033370933,0,0,0.0413617604706446,0.148302838130482,0,0.0589685799925255,0.0233047551124334,0.057276252244634,0.0442530843174024,0.0640626787453045,0,0.0939926204923844,0,0,0,0.0784566439883554,0.110633114900684,0.0218609659714266,0.0406893111312507,0.0443176338186758,0.0138583685367597,0.0226752250356279,0,0.0857009180992421,0,0,0.0963894629584403,0.0349312222312833,0.264747256434381,0.147518280070433,0.147891656443069,0.282960785250563,0,0.0894325496337182,0.151498554204252,0.228076730355331,0.0461350018768205,0.070050594727995,0,0.187081230572616,0.0696751182386964,0.111161216973276,0.12850288378362,0.250670306872647,0,0.129423108203094,0.32106186623259,0.0118393503420536,0.134176646561541,0.113576419502839,0.0957841147524398,0.0736453870256178,0.0271942926612545,0.121424942783658,0.254025242646298,0.0913786814192797,0.0841179076346786,0.0408762521865655,0.0432330791344289,0.404729201819785,0.509556292761957,0.757426004988516,0.0855070774182571,0.566069760371477,0.351760589010266,0.0725477818878197,0.093930770960743,0.343894448154441,0.031756867112179,0.0468224645963539,0.0463012439765464,0.0767588579441633,0.00517400666858295,0.0329852181367609,0,0.00378451425623125,0.193736113907453,0.068122720036093,0.525631761226625,0.0445227175188484,0.312328681679375,0.0822232307148157,0.103774731531032,0.836043868734707,0,0,0.119452999587045,0,0,0,0,0.119452999587045,0.0167757320153168,0,0.0884814733730896,0,0.247268804837543,0,0.134681304472767,0,0.164941314236155
"NB241",0.00990632313520182,0.597620983302877,0.748392604486659,0.351829004479017,0,0.00816548393076155,0.017607775909963,0.114723495326921,0.0219703009241171,0.181713055038284,0.0908411732317134,0.0724325410528381,0.101973083773299,0,0.0244407080886577,0.0189613692424646,0.088062440162154,0.209865007911091,0.209106047783209,0.425195999346579,0.257635798762858,0.00493426402805352,0.100415807106536,0,0.0367118152836789,0,0.0539477695367535,0.300850899823652,0,0,0.0339981037572938,0.110573446050372,0.0167776301728546,0.0629515258095148,0.00517534847406236,0.105516361598447,0,0.123077489529743,0,0.0831375707793813,0.104847546229409,0.0541935464652244,0.0528404296255204,0.100310495753979,0,0,0.051503158922262,0.0954513849949624,0.385021001626143,0.214895580229662,0.577195659428658,0,0,0,0.0843362619237102,0.0155854694267847,0,0.0386613792335077,0.201545819522554,0.0480892794136511,0.187215090619398,0.00288323420631186,0,0,0,0.134628755059188,0.108917265564891,0.203266221378546,0,0.0827119026476774,0.346270749328748,0.0313289627964914,0.0677971067106516,0.148779676958853,0.120650132844251,0.143565723766918,0,0.11885994224667,0.554103672528169,0.350197954624192,0.0437690391743649,0.0255997612725391,0.0837280825012505,0.411319537829457,0.864366655403836,0.825043472841285,0.140158927097312,0.568483254745673,0.377779205754932,0.00683709178981311,0.0349991349414096,0.315430604286984,0.0187016877119323,0.0825019075966261,0.0933441903844957,0.0974759705543832,0.011246912094804,0.0742207650870685,0.00444893629437401,0.0246834793813221,0.312276624217119,0.0730346484614702,0.617018126532656,0.00721804012149207,0.164302410106813,0.0250762153925525,0.0376511816184346,0.333833291310032,0.144820527964501,0.144820527964501,0.204675638120303,0.16565373494423,0.00655390766143532,0.296922615400807,0,0.204675638120303,0,0.16565373494423,0,0.00655390766143532,0.273450359603106,0.296922615400807,0.105393928248091,0,0.090780998839841
"NB242",0.0560380223278326,0.499796842531898,0.784769978058315,0.210755013533443,0,0.0414085927721753,0.041611747094883,0.201138087363271,0.0133474457545969,0.115590178034878,0.01599998881691,0.0923309126801301,0.0764594823504751,0,0.0127310446398689,0,0.0987023149360998,0.393789598792398,0.00758689680003011,0.36464895860954,0.229071264560925,0,0.0950278192180929,0,0.00470648692801114,0,0.0553699484626142,0.32247492247812,0,0,0,0.119386905583034,0.00769478984941835,0.0527342627326927,0.030163106651182,0.0732534817544782,0,0.0819226777573597,0,0.0797737352031326,0.0925756568001891,0,0,0.0225895045730014,0.0384647256941802,0.0173384776520935,0.147257155233019,0.122321833893884,0.46642371339872,0,0.65035174590285,0,0.0318439244752308,0,0.0833409341850572,0.0930012051817016,0,0.0403615854904319,0.211242477145614,0.174664572832978,0.18030456808611,0.0208968016639864,0.030499833205165,0.210523535013674,0,0.0865794505140835,0.150940833714037,0.176289452051484,0,0.066766493694261,0.216370279301796,0.0390116621556312,0.143616606774603,0.160033596159346,0.0621577855671708,0.15602725607796,0.0196942746614809,0.0530976889560195,0.548920664283669,0.311022585404967,0.0384363768042336,0.0466460041753852,0.0253301256267708,0.402240300523166,0.94690231104398,0.806860690133257,0.18657324441778,0.522836529312757,0.349042434100501,0.0762382879075953,0.0564997290628289,0.336488249102024,0.0123890914174665,0.0642507716124154,0.0796004023823718,0.0977975451156006,0.00673679668618419,0.0759304775453526,0,0.0279756293223171,0.289791981147879,0.0468657660855508,0.595037065816733,0.0250998593180979,0.178609338075863,0.049079735616653,0.0607384590869037,0,0.688208394660382,0.688208394660382,0.24504646848018,0.00459832352326429,0.114908330706483,0.307193281816354,0.0947295371862634,0.24504646848018,0,0.00459832352326429,0,0.114908330706483,0.209990470196172,0.307193281816354,0,0.0947295371862634,0
"NB243",0.03479305718983,0.460097382320991,0.699146316256257,0.320230679027956,0,0,0.014468834418794,0.198585462078331,0.0131352949163714,0.136595409414602,0.0960675608840297,0.0496460160367131,0.0951385936094915,0,0.00714575525900682,0,0.102535648487736,0.0773298773283646,0.219513823531344,0.390760068770259,0.161927115316137,0,0.136091344641958,0.0502439303063367,0.0489829112368282,0,0.0611420765105966,0.202609291594519,0,0,0.0135524007980085,0.271070912713532,0.0222211971721296,0.0851046882419492,0.00952599678550375,0.101733500736042,0,0.0844892511977127,0,0.0560900960793437,0.110866567787406,0,0.0498912271711675,0.0665899462567289,0.0405513054666597,0.030293924340742,0.059189440590847,0.108348110181488,0.462502031569532,0.251870772506914,0.32588541731703,0,0,0,0.0884062989979292,0.105304591171262,0,0.0574996995539756,0.195582512818833,0.138740847408776,0.0991649268792022,0,0,0,0,0.041979055924304,0.100019549803591,0.0639174353281817,0,0.0500639868094211,0.323477162086902,0.0730256049300651,0.0502322894659685,0.12621547980468,0.0574790930881109,0.0682426271874318,0,0.174552547123703,0.716568741140474,0.473425541397943,0.123984145821508,0.0313122964446309,0.0115991608432952,0.41559493220731,0.819726083873196,0.822224019599201,0.117120059600169,0.45354772551209,0.376810212584981,0.0257367895956313,0.072501549654555,0.37167053116406,0.0165961185289667,0.0602201564303543,0.0760315911417085,0.0933107999719159,0.0733917382134656,0.0867926963974516,0.0382528610885011,0.0733457312583526,0.395277572405256,0.0329913539525276,0.562885878746109,0.0434994782727251,0.244634933461453,0.0500217772610985,0.057438256972061,0.496917097855578,0.0943008797509927,0.0943008797509927,0.208815183506464,0,0,0,0,0.208815183506464,0,0,0,0,0.294267718637958,0,0.240870184279418,0,0.0486761610049036
"NB244",0,0.746733577083571,0.585963193704674,0.64403530471412,0,0.0328452230424911,0.0494546184364732,0.170387545645132,0.0625733111777255,0.193554323520634,0.00141503216240202,0.112839845521867,0.0561136351121853,0,0.0431907197838916,0.0636943060305427,0.0728634575942357,0.267413690836396,0.202962809504762,0.0324475671458006,0.283133819117691,0.161617890379286,0.139482512365604,0.0227313248002718,0.0251449390081878,0,0.0775925141406889,0.149529025382996,0,0.20404690419424,0.0586008530133171,0.200226296694757,0.0301959239765077,0.0506424518280032,0,0.102795862227797,0,0.0587577093275074,0,0.0794728201112002,0.138036284716544,0.0257193792146848,0.00877140128330971,0.0467266132075273,0.0283111780850916,0,0.100508927286206,0.123924014155932,0.163499826542925,0,0,0,0,0,0.0743791783404969,0.00367741239870628,0.0973004488195734,0.083152357491904,0.122212466490661,0,0.190808823857389,0,0,0.388891867287139,0.0939463992950848,0.079737618162367,0.0760627694621865,0.225024378564053,0.0446925705650418,0.117713417046336,0.310367241312735,0.154149179188126,0.101101374133702,0.137255505470612,0.11453945567376,0.000983843784766274,0.0562413871130229,0.455293131912275,0.572012811931185,0.315100442328655,0.245749130538338,0.0202594755806091,0.0184548084414339,0.456020391541789,0.196638173307411,0.835191100026943,0.0821392691291734,0.365019423733102,0.353306956329127,0.0709301687785734,0.104126368678486,0.35786563211104,0.0391214522077361,0.0835548164134096,0.0822647810001847,0.0622276075431022,0.10541783982909,0.0347605655831736,0.0156989866360806,0.0256293031683221,0.326983510765692,0.0120289681716723,0.384650003810798,0.0817954771509575,0.170779186069015,0.0824910576706956,0.0716679542609195,0.614499392468427,0,0,0,0,0,0,0,0,0.0237711346863059,0,0.249934608913747,0,0.285733284922597,0,0.164334619929214,0,0.195665952741743
"NB245",0.020470638139618,0.277467172429436,0.825631621125164,0.388658248472792,0,0.0563405807799399,0.167437844853639,0.235546950183803,0.0316951806008959,0.127082492346291,0.0446886411772685,0.0706173933844279,0.106300590865503,0,0.0365977127495253,0.00166999312252998,0.0504258619673209,0.0920151682065743,0.0962939203524,0.108982822797714,0.101736921946532,0.071911621384306,0.147665879439609,0.108667792651317,0,0.0131961204779747,0,0.110046599635588,0.00285817953362219,0.0393695839399475,0.0233982857328656,0.040259887959515,0.0377020750175044,0.0362186381669174,0,0.058937974828281,0,0.0268223399678166,0.0785592364143075,0.0931742746960449,0.0462877514832531,0,0.0279063925881942,0.0300585968638886,0.016230947260116,0.0519081141294335,0.0214128390927441,0.0644487787749641,0,0,0,0.174368378874836,0.234022950201967,0.20637017249093,0.208295387623751,0.358408384456755,0,0.101967624299362,0.0984746516102858,0.171815917241497,0.0381361408174052,0.0603575183622529,0.0503831682110044,0,0.0334733428877957,0,0.119183693040374,0.152576084635507,0,0.0986972460133521,0.27387263773053,0.0249769110238509,0.116891899045113,0.115962713135459,0.0247373410294559,0.0126614630551581,0,0.0449764807095021,0.110708806631756,0.152052891240528,0.080534675787937,0.0133283596412866,0.054281830980499,0.394441506541054,0.532722938896458,0.687438346988317,0.0468383520660819,0.494754362378155,0.220548740364753,0.171423873618159,0.0848318837509177,0.360295488509971,0.0326703537453823,0.0334506564536056,0.0346896774975457,0.0465649445852581,0.114277647241139,0,0.00247757936450379,0.038755844744724,0.231333788468167,0.0183412892433036,0.33450354126176,0.0655905939723551,0.210383732557157,0.0708412376180891,0.0545132283414979,0.440322383394057,0,0,0.283711975226705,0.169888222507379,0,0.35195903644678,0.0823408820104625,0.283711975226705,0,0.169888222507379,0,0,0.275965641379239,0.35195903644678,0,0.0823408820104625,0.0305792344423116
"NB246",0.00506519334748112,0.359653489104131,0.812607106020292,0.582151043397397,0,0.00373214063337642,0.120553524908029,0.228489466322178,0.0248447743973392,0.13456178542395,0.0206290294793607,0.0404295631927482,0.0814716110980939,0,0.0420899516036798,0.011743037791829,0.0693671273064979,0.164994564222863,0.127578629858911,0.146145394022342,0.151863117884012,0.090908365397357,0.151465754065006,0.0784677113491042,0,0.0163755393569702,0.0164154464537433,0.193064399703683,0.0317307702738964,0,0.0599481974069749,0.0486871259303285,0.0343344420123525,0.0536516394618075,0,0.0827849560160156,0,0.0281105136241981,0,0.0800204680654983,0.103048709011992,0,0,0.00792877603474285,0.0107991738054772,0.0670261500234867,0.0767552743780345,0.0737870586182052,0,0,0.230977337808278,0.187392893979708,0.142892084486698,0.117970094547958,0.177390454937155,0.313525450369036,0,0.0990146671454336,0.133441282867251,0.266229246108647,0.0608082330490062,0.0533422525757481,0,0,0.0411638140943091,0.0914706872533671,0.0257996617664678,0.197492299006531,0,0.100721619333685,0.306962111435846,0.0366566878409338,0.142488387014256,0.138528386008211,0.0554087794872014,0.00791588542806335,0.0215913311391263,0.0234446389848975,0.109254588310619,0.167944354698142,0.0657924336132424,0.028654274495239,0.0657197893916436,0.419699922540449,0.615294267060943,0.737423688132832,0.0686012202421604,0.445378678176932,0.214129689190527,0.0620802046111162,0.0538018539841189,0.384958390049237,0.0157786338115817,0.015571584280469,0.0343017958141667,0.052214738554675,0.153141245948775,0,0,0,0.3403833824236,0.0169227504701546,0.392570293598409,0.0946162342506285,0.194231083407692,0.0951999650631452,0.106258212106501,0.638703594018046,0,0,0.282623747422387,0.116847798995657,0.011786399319454,0.176571098871953,0.0392941805117482,0.282623747422387,0,0.116847798995657,0,0.011786399319454,0.270652854910007,0.176571098871953,0.0678775081143442,0.0392941805117482,0.139232031478319
"NB247",0,0.626457823815628,0.773736831003556,0.611916790211754,0,0.0300970392025236,0.0465192276749244,0.11278150826546,0.0627191148695903,0.17098700136321,0.0817087786079636,0.111365414609356,0.091462646763377,0.0149442601727643,0.0414657543585135,0.200318859057268,0.0688522958905125,0.223806303058488,0.551306562618725,0.384728458455184,0.261693732596224,0.00146636617768689,0.16066195822791,0.0832313606436529,0.0350716739428983,0,0.0845073062105789,0.202440300797847,0.100845618373781,0,0.0995853198125592,0.225194503036667,0.0472537984014208,0.100009983567527,0,0.0715284945925366,0,0.0265274035096494,0,0.0889029758803773,0.0847436562332309,0.0126472052418548,0.0290111503906026,0.0637181498281962,0.014480106634676,0.048202626994015,0.0363394056721639,0.10552545791429,0.290988742811293,0,0.0469380146298254,0,0,0,0.0590497478212995,0.0873606886963707,0,0.0940877709288241,0.199223721029071,0.174342708379776,0.150932538771925,0,0.00611968874463998,0.191191495053546,0,0.0153093481832947,0.0626333518668288,0,0,0.00104680436365183,0.217728682315955,0.0747751453497838,0.109510435783279,0.120818710815477,0.0370227855890648,0.0053936807699238,0.0425084956063535,0.0723034826010771,0,0.304792105908366,0.0465005569927003,0.0022301864662584,0.0208658024108622,0.448936769968599,0.91023908668482,0.845115162800158,0.0679241368243849,0.360643720341074,0.153467465738658,0.0240931588823328,0.0341871452997652,0.34761349837831,0.031271275222052,0.0506372656852249,0.0597881551478354,0.0583487876250207,0.207284320891908,0.0517490124070496,0.0152839047622098,0.0598805221678665,0.427818736131107,0.0214321797359242,0.446633750319594,0.0531952794060077,0.173899791025694,0.064165453211625,0.0423748057810022,0,0.645164931590653,0.645164931590653,0.281380407767237,0.0957157492214304,0.155173833748456,0.175691786985825,0.195176536719432,0.281380407767237,0,0.0957157492214304,0,0.155173833748456,0.284492489788275,0.175691786985825,0.0834275322020917,0.195176536719432,0
"NB248",0.0825507665416305,0.458635189407285,0.93327082302429,0.690408227407782,0.110906815822514,0.0685460423573657,0.327266112857312,0.330515781318839,0.0292017683388203,0.0865917615376279,0.0341167562835513,0.0918362836652463,0.0923913567200866,0,0.0304740889671512,0,0.0612168061607986,0.0929147080854763,0.0791618309064581,0.140678259528948,0.0895066872060813,0,0.136323358918469,0.0470295602106483,0,0,0,0.170556865516782,0.0265705721605936,0.0204838060478489,0.0256773410724837,0.0462931960349315,0.0306936106851202,0.0415544571923649,0,0.0874935079587848,0,0.0792816732991763,0.0470607862145506,0.117974907977483,0.0455564709492478,0,0,0.00595204890805395,0.0253743649236407,0.0692908107004953,0.0881465414588485,0.0601665448714917,0,0,0,0.0633839450698618,0.0802481365077206,0.0234202912823921,0.140547576408005,0.213586496771682,0,0.098819707792852,0.125771341099895,0.137375999705727,0.0846737388796707,0,0.0300256158196589,0,0,0.0112048580856999,0.0685335500902576,0.062030910357321,0,0.0434385742355775,0.309757854695666,0.0772776176719045,0.138586281824048,0.145464472733175,0.0729084542140828,0,0.0457117796677779,0.0190380230547074,0.0783357267952857,0.122090454615034,0.0166233344951452,0.00356043473447817,0.0378202097373881,0.380682817429854,0.832101149766401,0.655381549399956,0.0454741101310158,0.4596272096037,0.163328446088385,0.103569550248692,0.0387792254053944,0.339296705677209,0.0268142483051642,0.0484594166923919,0.0705704161124815,0.0486615898008915,0.0912832325020447,0,0,0,0.260356327545655,0.0219064643640151,0.383419616289857,0.0365159020265014,0.140771142976113,0.037417207491971,0.0338662993893517,0.185464361017962,0.430375109728381,0.430375109728381,0.267239838738948,0.169335425961956,0.13270228999316,0.177616080776131,0.12509558850514,0.267239838738948,0,0.169335425961956,0,0.13270228999316,0.251808598764156,0.177616080776131,0.0372090225155702,0.12509558850514,0
"NB249",0.0354397389866059,0.322335501069246,0.819642453363003,0.500866134790296,0,0.031733733110975,0.220951186438265,0.277633342138682,0.0227728162808554,0.119352543578488,0.0100848879777025,0.0390542502753477,0.0951274727910771,0,0.049044046622008,0,0.0570622473581203,0.135868914869327,0,0.13534494766821,0.0989484816680231,0.0794386510863319,0.104445881903349,0.070714923178821,0,0,0.0129249997765172,0,0,0,0.0131903561180517,0.0439636681340525,0.00171374280584445,0.0522130509125513,0,0.0746342053692563,0,0,0.00493590288353441,0.0978919781621373,0.0854085495216778,0,0,0.00981335169491425,0.03877438664053,0.0503052463801239,0.0960671329153278,0.0728809902130942,0,0,0,0.174806265600683,0.115761862877205,0.195370728916978,0.175753881287203,0.308163216079493,0,0.11330773258591,0.125596946605473,0.240242840146063,0.0896066356738515,0,0.0491810677415459,0,0.0661141530724118,0.0739648926859542,0.101576123386578,0.184028832386338,0,0.118142799080527,0.213909967976118,0.0615332819943378,0.10515311193257,0.114785253876006,0.0178389367725259,0.00965073903230153,0,0.171837418892055,0.243435079933695,0.207116600663626,0.1181269272703,0.00588396891514414,0.047735652791752,0.393104010367234,0.28562867102843,0.713850836220315,0.0664289929679378,0.633749405763411,0.235721466212818,0.158650088255777,0.083610735607712,0.349215477310706,0.00716594395154139,0.0241140790189648,0.0557027206736958,0.0602680512686909,0.0708445853325276,0,0,0,0.209718321610704,0.0380172389682142,0.432925843119794,0.0305360435088049,0.180656717459334,0.0630317412523592,0.0497868743700435,0.750386897883054,0,0,0.17975402658567,0.00369654130245327,0,0,0,0.17975402658567,0,0.00369654130245327,0.055981254970848,0,0.291829298593556,0,0.245916560814493,0,0.14788401490722
"NB250",0,0.353025033709396,0.652328275132762,0.210588029637843,0,0,0.00405008247024088,0.124038974889545,0.0534291987638292,0.202276028813136,0.114758769982367,0.107580167631689,0.0980924009965773,0,0.0151419215106345,0.00806488973994825,0.101549571974196,0,0.0055575247140735,0,0.382063704544982,0,0.164262849833007,0.0112813396315511,0.0455939235320478,0.0942339609024323,0.0525296943863927,0.606244445044509,0.636400990885494,0.48765327925387,0.0690636728721285,0.224449089543472,0.0803814840210543,0.0366408512536868,0.00777194931210606,0.048504200830069,0,0.0276065733332253,0,0.0675094185683077,0.12317372652213,0.0444320822272157,0.0263620651551169,0.0795071784009571,0,0,0.0572847262646135,0.139548857859401,0.541534346488341,0.30207780133519,0.551459161178858,0,0,0,0.00622940467729621,0.00953854376201562,0,0.00619828344146219,0.176989294582001,0.0192181038331652,0.122486156809499,0,0,0,0,0.0417239291629205,0.100088948296656,0,0,0,0.165804839666323,0.0648223343570443,0.139655591328037,0.168330697278101,0.0382733495746983,0.0380272084088065,0.057516898599915,0,0.358041484400432,0.327141202647682,0.106489190130698,0.0414687737526751,0.0710688506434341,0.437315724582939,0.905766039097568,0.858113707726449,0.112065558833049,0.507334561731131,0.352662460022354,0.00630435929771425,0.15135005684404,0.39076658049307,0.0686156056801226,0.10033126912551,0.083729958364997,0.0779785117641302,0.128576341574099,0.0858212775449924,0,0.00498268423922349,0.332026972815902,0.0249015068579825,0.499792859923025,0.0222853727205633,0.201817890177869,0.0638495492990547,0.0517061439674676,0,0.670925658045824,0.670925658045824,0.26782650092191,0.0228319684379359,0.114469872853916,0.30624237351624,0.163614199045384,0.26782650092191,0,0.0228319684379359,0,0.114469872853916,0.252874303943513,0.30624237351624,0,0.163614199045384,0
"NB251",0,0.579556739257552,0.868476691030821,0.500499952836384,0,0.00335592626351259,0.0367554465149694,0.176023716736702,0.036954736333681,0.159222963955369,0.00280169274513354,0.104247585341956,0.0493076412977192,0.0348736505707195,0.0411423841948073,0,0.0986513642411088,0.206143278939696,0.320026879198767,0.329450166784285,0.290374549570411,0.149598898310925,0.171261135162073,0.00871753395166788,0.0231356909851023,0,0.051664784198682,0.170510199460423,0,0.113171458903928,0.0220870732798512,0.117811555985429,0.0289845629460904,0.0600077749023467,0.00558005562458073,0.0802629570694047,0,0.0244722025499687,0,0.0652336316092181,0.14953171753556,0,0.0529653575105335,0.0765272382555282,0.055445524647518,0.0191012075226901,0.0691612855797492,0.0955987034940539,0.168603516836959,0,0.192829910041342,0,0,0.207046933787759,0.0467427449094347,0.0980128694934841,0,0.0897291409760629,0.168275762474111,0.1749224980831,0.126539197996825,0,0,0.108387617984077,0,0.0783784540585628,0.120883235870009,0.0830640530814597,0,0.0388884235242859,0.261686805692252,0.0484008980297196,0.0641159725341758,0.0976701100102139,0.0838596747883419,0,0.0182038562718091,0.14447024382983,0.572998777549716,0.406085058497387,0.205433078486224,0.0297841719257777,0.0300530669990906,0.451235502015849,0.436802352226893,0.830787490729548,0.103860673296923,0.381249214434449,0.356523099988537,0.0944589532743449,0.11840707763667,0.378072588674483,0.00800763495438777,0.0359022419079334,0.0304609919326302,0.0700254862813581,0.173229576668382,0.0656290882349751,0.0862892666413906,0.0876281844344454,0.338248998099138,0.0137552208520408,0.378148481086589,0.0714954703893179,0.173322365428899,0.112969598458147,0.0970216787686306,0.630158921838428,0,0,0,0,0,0,0.00419987239300771,0,0.0679581097836982,0,0.280959551337394,0,0.274369030744119,0,0.135492467181017,0.00419987239300771,0.0953348005508995
"NB252",0.005530197289564,0.450878844595475,0.708232792939502,0.412349117676363,0,0,0,0.154552409333752,0.0192866109218405,0.18086619125489,0.0205440450918615,0.074610284006102,0.0749427585829625,0,0,0,0.106473608877882,0.0600743877706789,0.332570889914145,0.630839879594148,0.173063176862579,0.0335605236928536,0.0885775456705613,0,0.0372857046092573,0,0.0718021999464284,0.419912935323047,0.070377450427769,0,0.0508838736376701,0.100678649634183,0.00824131162154552,0.0799111397433487,0.0265414707586818,0.140394914875382,0,0.0415791546009243,0,0.0669153254976,0.141104140771424,0.0607169992693524,0.092089488715228,0.153922018066332,0,0,0.0257360609967312,0.082617869561971,0.447050406857355,0,0.587650882323637,0.254481502451241,0.105758605724755,0,0.0865475453229031,0.0505972718169244,0,0.0175754737025792,0.238874926545182,0.128531980398101,0.134421858062942,0,0,0,0,0.142802326434094,0.200692565372788,0.10197801956722,0,0.0431333173755381,0.313833700235835,0.10527942027363,0.140832690859631,0.156503087145742,0.106185654450985,0.188057669579076,0.23990443293981,0.0810685878863897,0.425077343883769,0.0833614534471659,0.0428928454510161,0.0462769668830104,0.0572616144924999,0.418842739236513,0.878922516305267,0.847070014671973,0.147488971599272,0.508065773411642,0.369125877764441,0.010534820923256,0.0656170451937828,0.302489667273472,0.0147966283670823,0.048787285761448,0.0939727868328606,0.100829486499278,0.00246955895564911,0.115116924697356,0.0827252610769683,0.0316920760033366,0.296602152193289,0.0559741120402555,0.623668773766261,0.00874697633704949,0.159031122457664,0.041283724229354,0.0524030294493742,0.441397215965453,0.0844577053779771,0.0844577053779771,0.220622826103347,0.0940363567412067,0.140474760118562,0.380108721915364,0.142540985921917,0.220622826103347,0,0.0940363567412067,0,0.140474760118562,0.263802087821958,0.380108721915364,0,0.142540985921917,0
"NB254",0,0.512941593443933,0.740620040565325,0.319974428271181,0,0.0718881086755236,0.00127381766083314,0.13732703057946,0.0726624825395971,0.213868819201253,0.0651275340176707,0.0630137438582521,0.110419149238009,0.020386420397836,0.0593164963056411,0.348962453486765,0.086305906310172,0.139875847157052,0.0384850743216925,0.226048299175157,0.224346472825369,0.0355525509590713,0.125927026269689,0.00181933496990177,0,0,0.0873258327040609,0.349530174114646,0,0,0.0887002140661859,0.354999080358967,0.0199026229205558,0.0647206805618213,0.0342386941644902,0.0734168450234805,0,0,0.00636112957775101,0.104705820987798,0.110881623407792,0.070513847503034,0.0551251304795675,0.065735576198757,0.0530239188317075,0.0538521204062108,0.152911406397865,0.0834806810709709,0.293472808247173,0,0.213443008264482,0,0,0,0.0105139291610065,0.0126722162072119,0.141731334302569,0,0.151892896583303,0,0.116463950482922,0,0,0.259379959434675,0,0,0.019353105162993,0.00320521071383119,0,0,0.231704240263948,0.117865557185627,0.11704859867182,0.132010179266921,0.0732688873556828,0.121945606975172,0.210703944485723,0,0.45856333485684,0.297074121773471,0.0352251563056692,0.0771157303387163,0,0.408031312588085,0.95872789232898,0.872370710490505,0.0742317588772383,0.583110934503077,0.300702517545498,0.02027227784995,0.109641520174342,0.330303524909427,0.0342743426390282,0.0884960715973283,0.0887503474129376,0.0720497765330979,0.0540361926306034,0.0455509780220305,0.0334311441827742,0,0.382185356519981,0.0584516905950239,0.528416778553544,0.0108122705410121,0.184236885459062,0.054691031401945,0.0607528577412161,0.241162195136044,0.497115628746902,0.497115628746902,0.291983632165638,0.104870720499835,0.111234763006289,0,0,0.291983632165638,0,0.104870720499835,0,0.111234763006289,0.235296711701534,0,0.156851455617218,0,0.123307207868711
"NB255",0,0.448098329825363,0.831229004859831,0.280061414019328,0,0.0100269243247932,0.0155470942833714,0.14533091858725,0.0687454190418094,0.206141934304501,0,0.0644622855769597,0.0727033494703707,0.0265037099282052,0.0298327870633735,0.119648213201645,0.0786757463965365,0.322682642799205,0.276637564297404,0.320378070834895,0.43765158193249,0.0400990594397805,0.184987844288509,0,0.0672302116462879,0,0.0921280304591482,0,0,0,0.0509914786792832,0.227537270041343,0,0.0638782383502353,0.0403542387126706,0.0786576950649218,0,0.030461364090033,0,0.0496004544176986,0.0980397576577535,0.0113676013750642,0.0633675473313081,0.115078851161534,0.0326926351142751,0,0.0277137696682362,0.106365061241607,0.447838794835655,0.101540783493881,0.471199192217076,0,0,0,0,0.0110895719602269,0,0.0314739586002983,0.195736223127348,0.124809583030918,0.18673859730346,0,0,0,0,0.0277818495411924,0,0,0,0.00647146319911676,0.234135245073505,0,0.0565816725205728,0.0965942061419278,0.0478379134780314,0.0186145860603259,0.0475106531359641,0.0389835613793294,0.622220687487828,0.399868199814893,0.0978846020967461,0.0497100068116542,0.0209721363528717,0.467532200134073,0.911920161592212,0.881502796310662,0.0918310359487478,0.579591266767183,0.310382139328031,0.101166275782362,0.114540630793906,0.418717119571703,0.0329452121277257,0.0517399633624959,0.0611721124269512,0.0692670357438671,0.143066480711734,0.100578310247004,0.137222269825072,0.135613580090256,0.401971758405195,0.0341359142127175,0.527494219914672,0.00871331187102152,0.105658926627749,0.0594464396355631,0.0389251889489253,0.704968364736442,0,0,0.254288317124599,0.111595402243802,0.0725136202623511,0.0127850838647972,0.185159670540767,0.254288317124599,0,0.111595402243802,0,0.0725136202623511,0.268499442110783,0.0127850838647972,0.136543093881724,0.185159670540767,0
"NB256",0.0225838499823665,0.380159332806101,0,0.658086425265851,0,0,0,0.160628616466531,0.0149581098039629,0.157534776516033,0.0870076517144444,0.0776938833271573,0.0910527754363735,0,0,0,0.102201501139849,0.826602268694683,0,0.299215941882154,0.204935732020195,0.0106017634781586,0.0443845095079769,0,0,0,0.0685616148348213,0,0,0,0.0266878273920391,0.281996908562521,0.00501042127227891,0.0684612343266028,0.0602256491980167,0.0394453834839521,0,0,0,0.063606311207477,0.118368266304044,0.047445004812449,0.0313587871307289,0.11945554518584,0.0191887650882379,0.0136729748914742,0,0.0949309927012578,0.488041268028524,0,0,1,0,0,0,0.271126450391701,0,0,0.19187088324596,0.0961283723330623,0.174623029259932,0,0,0,0,0.115884607026498,0.108933445843969,0,0,0.0303427165032915,0.11092532497202,0.0765769157979228,0.0701780426041125,0.177173466786202,0.0135227007260056,0.229192016047163,0.0587033633426385,0,0.486661545906005,0.555203734903034,0.0224284841916162,0.0734297245698424,0.0189998429500747,0.429463178935198,0.981514538359442,0.880260322499319,0.105350381877598,0.427664523771236,0.191714214624606,0,0.0126478581396716,0.27448474011666,0.0523278315003948,0.121252804237892,0.103565500036184,0.101827514078926,0.0346889024136175,0.12297551213656,0,0.0339653244883914,0.526888056913422,0.0898976347225296,0.602664438218872,0.0304029780111998,0.277822932576695,0.0459320281438694,0.077860848737733,0.1933295808553,0.563025927725341,0.563025927725341,0.310649518175035,0.176812876893367,0.338057882910107,0,0,0.310649518175035,0,0.176812876893367,0,0.338057882910107,0.170262461427323,0,0.0668316145259913,0,0
"NB257",0.0121809616801164,0.518221141732745,0.841057055437083,0.312830018520662,0,0.0323222646186582,0.0180070188566963,0.254003266558901,0.0180437909253362,0.12946210880635,0.0171418614143237,0.0629267439472025,0.0754218288660411,0,0.0386075004508093,0,0.0974127754463245,0.107058614904095,0.154691797691691,0,0.294696136681509,0,0.150650094547058,0,0.00428572366210551,0.0630062987431807,0.0152128273225138,0.697606410914169,0.669497882875395,0.62434427557548,0.0165121092555932,0.100823979674782,0.0825164143668287,0.0206230622937252,0,0.0518489031259444,0.0398482952886337,0.0185161699532355,0,0.0638727903136755,0.101719836900011,0.0362282005005094,0.00635042391406276,0.0327451672492822,0,0.0158118533629937,0.0872225635219801,0.104009869681722,0.481778858267255,0,0.618943684401826,0,0,0,0.0763220566431387,0.079012975657599,0,0.0468964567890021,0.22142199564209,0.226014150622079,0.205022471339535,0,0,0.154657220900812,0,0.0112412660558179,0.0181769734487343,0,0,0,0.14540560010736,0.0761748141650484,0.122651722909388,0.160194385174408,0.0367129398368417,0.0568444647252679,0,0,0,0.344121934871475,0.0180741938266331,0.0628175116140137,0.0298562871351915,0.442258603516478,0.936993701256819,0.812753380502283,0.127522647178033,0.512549495264657,0.376221759384301,0.199560957039536,0.119043774935373,0.339628343715428,0.0237441620360655,0.0666772965136211,0.0895049037286386,0.0737286467264824,0.0777594255670514,0.0695517846611472,0,0.0104249119861599,0.308607032419381,0.0345514613013288,0.47607918801406,0.118151787980412,0.297037528563112,0.103336638678077,0.11747227557293,0,0.714250254947045,0.714250254947045,0.286792719940443,0,0.0697705299708767,0.24786711956998,0.160578677670152,0.286792719940443,0.0378826254829755,0,0,0.0697705299708767,0.25255966229502,0.24786711956998,0,0.160578677670152,0
"NB258",0,0.421630531774234,0.696298611061409,0.33410827225167,0,0,0.00109096823394468,0.155825320129618,0.0557905078360449,0.192957396977746,0.152271193465973,0.0426164873560598,0.127644094980951,0,0.0089237191832143,0.03317521471328,0.0799514926221443,0.127353873455106,0,0.398713995877299,0.286029583301145,0.00505726629725495,0.138546528924491,0,0.0515035929393945,0.0599797176709085,0.0488332317911926,0.872646126544894,0.826951451883576,0.601286004122701,0.055615544128972,0.243782949326841,0.0789560949593502,0.024774719661241,0.0357877589056455,0.056661060183081,0.0386271561566304,0,0,0.0622394854563647,0.124096131463377,0.0574950202546856,0.0426252009064586,0.0358745786130619,0,0,0,0.138415500693138,0.466864626252644,0.0419372911691698,0.390760417151437,0,0,0,0,0.0464499559774863,0,0.00813162731555749,0.193200592158369,0.0997170707878331,0.166534412119746,0,0,0.210260504830026,0,0.0229884033511965,0.143447214098161,0,0,0,0.20348004036327,0.118758009746723,0.137440092982129,0.164742809430361,0.0618997173588555,0.023438105249416,0.0218408796149565,0,0,0,0,0.0626697884812017,0.0544027896556251,0.45178008061377,0.934963016031837,0.886694261523278,0.0600887479979222,0.362467908315471,0.362961622651213,0.00574436280521055,0.129228026269686,0.36381942272858,0,0.0593009252133739,0.0894872147507834,0.0681268857972474,0.158877621646621,0.0783190486771095,0,0,0.481780124432655,0.0281556932504119,0.420822425815506,0.129498541142173,0.239189469580407,0.130696433252567,0.0993633147603753,0,0.670366936543796,0.670366936543796,0.30621866213531,0.0373539224272522,0.059218410905092,0.158366402071639,0.260812000662671,0.30621866213531,0,0.0373539224272522,0,0.059218410905092,0.241456342207427,0.158366402071639,0,0.260812000662671,0
"NB259",0.0722968940105544,0.226737148948587,0,0.56594771814088,0,0.0218359357830289,0.00121074870436114,0.106557181987259,0.0091801392287586,0.125066009584311,0.121415449081474,0.119840757692107,0.10416516083876,0,0,0,0.119899829865955,0.077867951046842,0,0.34511066470857,0.251323114793707,0,0.0601430103962781,0,0.0966374606525144,0,0.0517478586198037,0,0,0.149186083085676,0.0397503209332611,0.353720393157619,0.00650512853877546,0.0364724842427007,0.0605358737035672,0.0514527678568145,0,0,0,0.0681329984273711,0.149157388555897,0.0441761682511163,0.0192898448931307,0.147902992684403,0.0464871730752506,0.0354344441731026,0.124172452791795,0.089910095868676,0.539726358333298,0,0,0.903362539347486,0,0.0132852149235285,0.234786231488282,0.695495702881295,0,0,0.238413580879354,0,0.201418589563889,0.00870548400991817,0,0,0,0.135279879143083,0.0456017988847167,0.0446765457546047,0,0.0745742030029112,0.155815325267954,0.0177751217762056,0.0210911825301145,0.140977609101782,0.0290352963548497,1,0,0.00390151564392634,0.0781635327007788,0,0,0.0670533893705939,0.0270970774296939,0.349278164888802,0.968705338882962,0.843145201372019,0.287603926902282,0.0714840511158855,0.0587605524799429,0,0,0.172665238566211,0.018551134912972,0.132372019884577,0.127688568849219,0.136155293881559,0.00051476581243049,0.136346823559841,0.00463664125769157,0.0488810473189741,0.161926710602345,0.0520266997834613,0.627937982288942,0,0,0.0745821433018426,0.0839107295441474,0,0.877536743941061,0.877536743941061,0.256728876371749,0.0439499865243164,0.13196458653147,0,0,0.256728876371749,0,0.0439499865243164,0,0.13196458653147,0.222200444805459,0,0.042836743911579,0,0.0079031832660204
"NB260",0,0.507136292428133,0.599657455651162,0.385532278456345,0,0.000714954794475516,0.00032129925357972,0.147548241287812,0.0844325081370942,0.195756531158486,0.117456111064715,0.104610015623411,0.104168447287282,0,0,0.0696163538033422,0.0866701009499307,0.179733041690679,0.207497365077372,0.0493212458522915,0.242662303481935,0.00454543742140737,0.154364218329274,0.0219714153157604,0.0898909787099061,0.0753588547640063,0.0565256825388151,0.668109424761851,0.76563542152768,0.543199625695936,0.0666708931740307,0.406526730972489,0.10464417617449,0.0438969752513219,0.0365700918044424,0.0388596480411002,0,0,0,0.0613360269746112,0.100636089185461,0.0218545402841065,0.0433752374340258,0.0450440178246418,0.0380301783471845,0.0300112164479148,0.0949327596655761,0.103526167363583,0.295361465951487,0,0.0632184272561268,0,0,0,0.0430614957703483,0.00969851486073602,0,0,0.165260383309482,0.203416573823285,0.152932717879244,0,0,0.310451565638932,0,0,0.0447301984343166,0,0,0.00428158743234098,0.117744741859273,0.0762874673242498,0.0651258594821671,0.138723623018694,0.012924414801339,0.0241739180027642,0.0185304307435969,0,0,0.156473575061609,0,0.0757997766057233,0.00961181858748587,0.448730758940012,0.885029960255501,0.888159361528619,0.0683278378062401,0.497844937427589,0.327355085705395,0,0.123053751852069,0.386735730274355,0.0333383341920266,0.0950157181230967,0.0807850294441009,0.0728239674765311,0.0910584674114266,0.0712438976432966,0,0.0332509657340089,0.4379549382776,0.0571906754425049,0.528191763254374,0.0244828300179895,0.146338937226032,0.0657580878036984,0.0587404732256191,0,0.7796602191266,0.7796602191266,0.271234232119301,0,0.0379370289982181,0.18863165220022,0.126019858822603,0.271234232119301,0.0224086547306909,0,0,0.0379370289982181,0.252851051943134,0.18863165220022,0.0092994739424893,0.126019858822603,0
"NB261",0,0.575311123170039,0.597838315840037,1,0.0205785913309392,0,0.0170583472496873,0.127376114836014,0.024121190391044,0.178447908409293,0.154012333697561,0.0509205523994159,0.108832551528307,0,0,0.0272858940676267,0.08653987599089,0.0852450732858314,0.034806662863871,0.313514473318473,0.28750971906305,0.0575704291965567,0.202135276755701,0.01470137395176,0,0.00904887162840855,0.0479460185670148,0.350591161815511,0.260264343968121,0.140508423155947,0.0279833375815091,0.083778084178946,0.0234527166474887,0.0287578511981466,0.0343239075229836,0.0619835905329201,0,0,0,0.0447541449275558,0.142172565456004,0.0191486330950019,0.0452365538342524,0.0268786699248144,0.023536094203391,0,0.0388942586442673,0.09658445398905,0.382738790094206,0,0,0,0,0.0078718436543542,0,0.435618906530494,0,0.00611332600114812,0.205864610631677,0.209289530697513,0.193068081274604,0,0,0.402161684159963,0,0.0015142416308828,0.047133145918724,0.0945706002012796,0,0.0446090354295785,0.152979348532557,0.04343131032626,0.0834205435749714,0.149616703667836,0.0494857137920017,0.077404666393952,0.0866440357917343,0,0,0.0822311996283063,0,0.0631951699961045,0.00991827050728131,0.434616473760821,0.936031493371399,0.85764507607083,0.149694419952022,0.501504845793725,0.269915796227917,0,0.0759336577659061,0.333160659173145,0.050259631256449,0.0925657743880604,0.0980010486770207,0.0922080171560628,0.0526910665495608,0.109055645763813,0.0204945143232456,0.0226972255792123,0.404045723783133,0.0619785728593542,0.587195357950092,0.0309263440032025,0.304334694171312,0.0709972904268718,0.0728261188757942,0.0927500640045726,0.724803931538634,0.724803931538634,0.235347027251416,0,0,0.0437933381876205,0.0460171273151416,0.235347027251416,0.176505554624075,0,0,0,0.276211551096435,0.0437933381876205,0.0548971756496707,0.0460171273151416,0.043380601668488
"NB262",0.0245344508992531,0.34752951924384,0.659614890365587,0.409990239852117,0,0.0267532313923716,0.0372385706088371,0.216712249941451,0.0164777280477841,0.148341816457011,0,0.0746049401911928,0.0600641116544376,0,0.00051770294063228,0,0.113494573781362,0.21646584507452,0.136938857477593,0.250686221108424,0.126978141701909,0.010524396810835,0.189240577694604,0.0174342460801456,0,0,0.0153779098133597,0.334450775685392,0,0,0.00700895492138905,0.0584665226067742,0.0251856143689825,0.0378203023555762,0.0307858281696908,0.0304802450636813,0,0,0,0.0718402883496119,0.101181643823357,0,0,0,0.0322577165078857,0.064099691305561,0.119835071877726,0.0701668084670097,0,0,0.0086924173996353,0.340385109634413,0.16558579573451,0,0.168394078237413,0.290881612586486,0,0.0139067924027545,0.135709120774778,0.187823613755066,0.0578938752735655,0.199833120359954,0,0,0,0.105082812788339,0.148974967335924,0.212927622140419,0,0.117380916671738,0.0991141584636061,0,0.0643378515272031,0.108238986167792,0.00644559437090115,0.0793808870289959,0.191188797984868,0,0.16987258777262,0.143575798902549,0,0.0308078080951281,0.017561255367694,0.367865270526473,0.944591946541002,0.737143217051121,0.0983760767481092,0.640913499907943,0.323025352823616,0.0800935665704856,0.0840290800602997,0.30572492658059,0.00367856334015689,0.0393810836612367,0.0960402316883235,0.0929538082804485,0,0.0744176855069488,0,0,0.109623628561991,0.119086531988654,0.60179845858403,0.00604811891013236,0.172370784691792,0.0466960655303116,0.0426715063576225,0,0.885003987194766,0.885003987194766,0.311083075827888,0.0775066592321938,0.132971673236587,0,0,0.311083075827888,0,0.0775066592321938,0,0.132971673236587,0.210261633817193,0,0.0339587428886939,0,0
"NB263",0,0.912678738893103,0.481814301205487,0.735303647782155,0,0.034681251035343,0.0316329500948208,0.144531384151272,0.027733737155609,0.185462617544128,0.00114503852136276,0.0577916197442862,0.0662524058026964,0,0.0785114670433814,0.0187072221837605,0.0835975049795516,0.16117248094352,0.0529527506630738,0,0.180985468233228,0.0431505995569676,0.105559444396219,0,0.00124061245348634,0,0.0940034610787328,0.00642983333477675,0,0.123145233355866,0.0313290013752259,0.130237896524237,0.00861701077892157,0.0826141583049655,0.0333353888236198,0.113962059075388,0,0.0371180584528613,0,0.0881864327168795,0.102723870825101,0.0435357553622905,0,0.0649839208586692,0.0329417106076453,0.0322685773152747,0.0428625635717176,0.11468296999486,0,0,0,0,0.10705937672729,0.0788926884851408,0.113673122690494,0.409524204244115,0.0194880602534704,0.120627016488631,0.23467979782087,0.31794667268374,0.290309605975874,0,0.0822121851817843,0.516945086341027,0,0.084991061296357,0.0279105938694343,0.0828494280548022,0.0447812803357756,0.0722078970508233,0.367669731101837,0.0365117057872715,0.0779683952602818,0.11145574111067,0.132423209399094,0.0656868574193044,0.052413397190823,0.0910408130407933,0.369370985343564,0,0.0854585267331594,0.0311090276553036,0,0.435099453368009,0.760551195570443,0.861201248785111,0.0932849151177569,0.49201189128045,0.262825912774061,0.049833045181496,0.0967573966621355,0.355126370990137,0.0462669648052548,0.0680806621163417,0.0998917645489497,0.0689007488263367,0.0978886503865827,0.0443034153724031,0.00320394929960325,0.0463706810221708,0.351351553123023,0.0360869618876496,0.509260568067953,0.0758540676340975,0.246077313174185,0.0718920258459148,0.0736221851401754,0.455893137246005,0,0,0.255252296669316,0,0.0127351405487489,0,0,0.255252296669316,0.134265122762073,0,0,0.0127351405487489,0.288854566084679,0,0.298283690904853,0,0.314586959780177
"NB264",0,0.888997685725013,0.651724595622686,0.489412800801661,0,0.0405095018783031,0.0451798873286944,0.137610736090807,0.0986313565650293,0.177188292627163,0.00378481799870774,0.0963526659707746,0.0519291988861862,0.0823540136052578,0.0567006915752145,0.389626497426945,0.0995224053935001,0.288322664902561,0.0335496451715685,0.207851091153185,0.393579309851537,0.057606213406171,0.209720947353732,0.0686229912346671,0.0282079690000373,0.0380462153285487,0.0693976683584217,0.217494524911263,0.511340600316818,0.217010397789374,0.0860652738712248,0.240185928479937,0.0534915164171917,0.0281604914366711,0,0.0588764105831256,0,0,0,0.0856158342131262,0.112963320787782,0.0460677476401965,0.0217371794693192,0.0264522713363369,0,0,0.0254692921957449,0.0997406042717311,0,0,0.231475457506105,0,0,0,0.0308076056140545,0.00954398330095602,0,0.028565341644652,0.185671346720168,0.141680220609663,0.222703188990084,0,0,0.320067435377276,0,0.0661961671810006,0.0353227396544723,0.00736508781532203,0,0.0258273748969419,0.1960695847196,0.17880465157248,0.130813097313504,0.175423027600099,0.0244690651988323,0,0.026976504441839,0,0,0.0152174727785857,0,0.0686507526443243,0.0340100079038223,0.45952267356013,0.837137532168101,0.861590640832669,0.0614707460071446,0.375583438959378,0.225350035637268,0.0319521179113214,0.0995045779183879,0.381163921581027,0.0331388130924939,0.0683311603705183,0.056758372218695,0.0516426433235076,0.258326489323485,0.072369286204492,0.00949470538955366,0.0152750232202085,0.454032956714361,0.0201448776265067,0.364856828683871,0.0834277507909572,0.15440897695718,0.0759776038683604,0.0359916320220524,0,0.736907307919976,0.736907307919976,0.281772366624606,0,0,0,0.0785672712692375,0.281772366624606,0.153887776762378,0,0,0,0.267905611755055,0,0.109204915317645,0.0785672712692375,0.0153212919804246
"NB265",0.0507447193144871,0.517641617587265,0.856882230173888,0.817336728293954,0,0.0198072400374877,0.0608191608419852,0.27877249485358,0.00897264537949195,0.0824788503335174,0.0840075690029797,0.0277293308069448,0.102867758059198,0,0.0331417696780711,0.000978364884443945,0.0706340463892986,0,0,0.0517284320465926,0.0797720776693091,0,0.0858348890279518,0.0630069008698381,0.00703740934404162,0.114379865784102,0,0.719805490641714,0,0.32859802447566,0.0247905689306925,0.0560344042451815,0.0782077696849456,0.0157871468877822,0,0.0572661012884154,0.0368034721591285,0,0,0.0525874263908133,0.176026760961277,0,0,0.0272307623356222,0.0423069138923893,0.0342954493089545,0.0649192936528365,0.100343491033518,0.0817187550421758,0,0,0,0,0,0.0790886939553816,0.181654586641716,0,0.0766023526043137,0.143642137901162,0.167170947504039,0.0556775798246084,0,0.0448294921871695,0.13608036048207,0,0.0841764779245647,0,0.217848073357917,0,0.0623914087794185,0.129234806949015,0.112476143734284,0.233170168565906,0.176683347064513,0.00632649277379628,0.0249214592471776,0.0434842618194941,0,0.124017590532992,0,0,0.036596664460942,0.0174786541892356,0.448409025050139,0.885620134215898,0.811121039826215,0.0565528705342225,0.442255916440534,0.309652807646058,0.0873436716208232,0.146879040335988,0.376246817311221,0.0291134815471055,0.0557832296746759,0.0803453065014742,0.0569041110435636,0.230553543521262,0.0443380813449871,0,0.0361963885374552,0.449593002626556,0.0185045993196564,0.364837203915285,0.0678622755609498,0.148195558335796,0.0665836205597114,0.0437277735544919,0,0.612651195486795,0.612651195486795,0.372848993309698,0.14762371357781,0.0980011103807418,0.205208479494986,0.363550848826492,0.372848993309698,0,0.14762371357781,0,0.0980011103807418,0.296596110081806,0.205208479494986,0.0129524079966778,0.363550848826492,0
"NB266",0.0159644656843377,0.971435938017324,0.770286164370608,0.683562880492343,0.180422467046476,0.106306104563612,0.0202210566473622,0.197468794992856,0.0256922764309097,0.176501891731022,0.0290618534279198,0.0625699058063298,0.0728898866974181,0.015100047271417,0.0207587724730944,0,0.0833111564034176,0.446900244847026,0.166336398258923,0.503146859571615,0.222757003509161,0.0912656747525886,0.144807662724126,0,0.0219001594764145,0,0.0621974163373875,0.332738097786371,0.262358617623215,0.0827845258626046,0.00530601983360849,0.147661296343962,0.0198278259702746,0.0539651242658682,0.0114099802708909,0.0631139192253632,0,0,0.088280776667865,0.0541207587797212,0.164432675165759,0.0277416805859062,0,0.0375640822118949,0.0156331509672896,0,0,0.0843049738382398,0,0,0,0,0,0,0,0.257097158629721,0,0.0162232310447512,0.145492042538185,0.018290301772358,0.104191440299906,0,0,0.207813676152978,0,0.158317576426369,0.260211443679326,0.0759389853253794,0,0.0687726258615874,0.150383357850046,0.152475966056399,0.10646062739075,0.164500222834246,0.0543638554644108,0.0708608247421334,0.169791589745802,0,0,0,0.00694056352277491,0.070861946499753,0.0090617221863796,0.427416272393829,0.869509882327477,0.8141411267491,0.107129140964341,0.164828622698967,0.364259557491483,0,0.134864401019449,0.325965165908812,0.0338256711540996,0.101223613294098,0.0973368686748591,0.0836430391915896,0.0661195555862536,0.0805810714983877,0.00517994004401328,0.014321830267178,0.367675688706882,0.0932471913324704,0.518963432181699,0.0593544456037306,0,0.0657697302858143,0.0436263453241733,0.200546892678522,0.346643545638377,0.346643545638377,0.21784017166998,0,0,0.475749503102562,0.102344536013149,0.21784017166998,0.101104395934114,0,0,0,0.282419013035965,0.475749503102562,0,0.102344536013149,0.0408899421436665
"NB267",0,0.668084757291828,0.80196866942499,0.738193676697916,0.00016757607555551,0,0.00442064027485117,0.168947725267057,0.0300090950567519,0.205808533067208,0.0325626103368435,0.0551627575921593,0.0959453464385771,0,0.00196839010239018,0,0.123696489797212,0.567677359123652,0.226306616349252,0.41129141550793,0.484014456339087,0.0187499073264926,0.260251964254976,0.0020406565646132,0,0,0.0546102943606955,0.356532542545498,0,0.112306922477431,0.0197933304894842,0.191543515834544,0.0126259872779717,0.0373014897744692,0.0384360401170271,0.0568525704288589,0,0,0,0.0489070349688933,0.128370920546788,0.00355650565735369,0.0196732699468575,0.0280768531350776,0.0399343755232484,0.0540730983096629,0.141851049216122,0.0831983938509198,0.233206410708154,0,0.0805987464313675,0,0,0,0,0.00981519680718609,0,0,0.178831681660937,0.141201510672168,0.113545873228176,0.0368953920707219,0,0.19803133057501,0,0.0194909404735344,0.123322146100605,0.21275620793885,0,0.0714070072955709,0.146902086559071,0,0,0.087080317861608,0.0420338914778148,0.104811466917954,0.118080612162679,0.0235747719898973,0.554013492210619,0.265000792801516,0.0366476168773242,0.0557538441162359,0.0230154838454209,0.420468955136253,0.940033719951256,0.848304181861135,0.11592345037568,0.540782641494472,0.267606755112512,0.0145762480074664,0.0490036843264156,0.32957675555174,0.0121599333222782,0.077632146116029,0.109098091804445,0.0936012501000672,0.0816746379154842,0.114476196895363,0.0117830270362752,0.0398574851624345,0.444134279713677,0.0886019816760756,0.582706340313457,0.0318058725263377,0.213491458229978,0.0722177446838929,0.0570967074261646,0,0.722918645654288,0.722918645654288,0.325613720269987,0.157639504289457,0.284265816234434,0.119259935092839,0,0.325613720269987,0,0.157639504289457,0,0.284265816234434,0.22449436712853,0.119259935092839,0,0,0.0583825934074567
"NB268",0,0.624033663276415,0.875727545599462,0.922325886938416,0,0,0.00971091174433586,0.128645362455389,0.0251213502367287,0.213553040957055,0,0.0834096518538408,0.0639053688638059,0,0.000697550289518285,0.071724065896578,0.109201927145173,0.437389863707406,0,0.40943753742832,0.416879183583865,0.0114007536411332,0.161899299063755,0.00206898828773148,0,0,0.0641373272540486,0,0,0,0.0376205598539414,0.157438491712741,0.00170520290348676,0.0436285901330097,0.0584201137664187,0.0382418826654453,0.068983338474627,0,0,0.0854672657916999,0.119497826673182,0.0672461205348362,0.0251890278629034,0.105958875403172,0,0,0.0145231912914969,0.0973846382135654,0.21867661562533,0.124272454400538,0,0,0,0,0,0.0464770072716801,0,0,0.162317945582514,0.0468135786680527,0.204350925954829,0,0,0,0,0.056377213790979,0.0900393664768027,0,0,0.0321341065702899,0.0815038273490377,0.0388467555287423,0.170897822951937,0.199646288909748,0.0218802445879048,0.234269459523965,0.265861365772553,0,0.716207896965927,0.414837942113463,0.028714544889465,0.0761843989058273,0.0622068067522916,0.417472083126747,0.977014698209185,0.843437651724014,0.149320633510528,0.667954009590731,0.228641610227612,0,0.0581351910617481,0.301397568933414,0,0.131264876972029,0.118845592516744,0.101088765066974,0.0131115356174617,0.127645850868812,0,0.004268636096024,0.347859777727126,0.116044671008186,0.59575923081078,0.0141861363003754,0.132721071209449,0.0532323285469076,0.0540757299553359,0,0.653291616928263,0.653291616928263,0.255846092178356,0,0.0905208699797283,0.296462622124802,0.16439174647784,0.255846092178356,0.0502457609469345,0,0,0.0905208699797283,0.296107395840107,0.296462622124802,0,0.16439174647784,0
"NB269",0,0.468684411290974,0.761124766409687,0.380973063081657,0,0.0203576817652978,0.0364624634040516,0.153948914317382,0.0910397354182841,0.182051229456414,0.0437384186727841,0.0453011024313662,0.0944741793097023,0.0348296062947479,0.0342323338942967,0.365468096885743,0.0682518103771481,0.242456782117327,0.1252800379837,0.16663518096814,0.423710972572101,0.0355398104373033,0.229630225104085,0,0.0595344047050343,0,0.0844629544532315,0.166534286354101,0.164094365022635,0.132074964334422,0.0747795047564488,0.327182356764814,0.0253757159406097,0.0889787569107977,0.0155316515120228,0.0348879122591827,0,0,0,0.0647465438182447,0.0776456713861233,0.0294066723951051,0.0909622319431077,0.0672474599489346,0,0.00204682578735509,0,0.121439903471443,0.392796359240581,0,0.19480517941885,0,0,0,0.0108900031541481,0.0750027624904643,0,0.0238186640620415,0.133958376772761,0.154963440024986,0.165096673085667,0,0,0.179340828885278,0,0.0178596408397254,0,0.0969072827506179,0,0.0403521043986028,0.116930748279124,0.0370137112312555,0.0599293336236718,0.130469597939388,0.0301274871219674,0,0,0.021437796898108,0,0.206987024294124,0.0307958474143081,0.0336520977416026,0.0366861236766487,0.477430067261679,0.893640717805118,0.872676474560392,0.0548019327074205,0.347869295257065,0.19056399307679,0.0234091226669025,0.0926230600111155,0.368905834852379,0.0312017434210709,0.0547147920280672,0.049428665823019,0.0607659669298772,0.279533747797567,0.0958282325353152,0.0250623694554736,0.107219175769618,0.512427887696082,0.0240131919967435,0.381116575995636,0.0745891676786427,0.182285497544503,0.0941159341024769,0.055641688423319,0,0.581706993763298,0.581706993763298,0.309424543080866,0.117294338567945,0.103423626879583,0.233472730512804,0.178085114137734,0.309424543080866,0,0.117294338567945,0,0.103423626879583,0.29289825735679,0.233472730512804,0.0675259371559528,0.178085114137734,0
"NB270",0,0.518791820246128,0.767206018407335,0.778102456506541,0,0,0,0.147717746240137,0.0231110554406942,0.193961140299802,0,0.0821885905419723,0.0584955034873313,0,0,0,0.150828294485247,0.210336983677923,0.0932248700791026,0.0787573845828264,0.338857911169657,0.014898663678558,0.198645208039215,0,0,0.123154199284606,0.0563807390874607,0.789663016322077,0.83414633558159,0.718814382572057,0.0194449579046677,0.214055628795295,0.162784146130987,0.0389056599150645,0.0218421244893554,0.0481091651367275,0,0,0,0.0442619617474202,0.108555324396946,0.0374288345614409,0.0398250471458025,0.102284265126478,0.00360393009085291,0,0,0.0932761673772435,0.376164075711532,0.232793981592665,0,0,0,0,0,0.0142309888353455,0,0,0.16408956343244,0.103079709201054,0.0738841473631003,0,0,0,0,0.123316595180197,0.166404884239434,0.0726287943393069,0,0.0565235644597258,0.156202763418109,0.0179668801133174,0.0546980281584054,0.132747742303725,0.0270027491790856,0.113178933290855,0.0869111894197026,0,0,0.0614910269892265,0,0.0760469587349498,0.0331781763853432,0.417111855744544,0.85572622721038,0.844012939540148,0.101942239514599,0.516933307236586,0.447006784408992,0.0211561612457537,0.104326024375826,0.352938359688497,0.0250283539586568,0.0631596236827753,0.0762927608644321,0.0978669489986086,0.0273956957021791,0.16400537759643,0.12042828250295,0.179660302453838,0.414444329489073,0.0967281928105938,0.580704405868908,0.0376816744806223,0.124100621302179,0.0597556575923538,0.0666785788090176,0.0916503321976565,0.762809573768389,0.762809573768389,0.256313151335464,0,0.00976795460506685,0,0,0.256313151335464,0.0442003082309487,0,0,0.00976795460506685,0.222872084802425,0,0.101339785803006,0,0
"NB271",0,0.622414790320459,0.723621984950526,0.454478602688301,0,0.0163524799179067,0.0355525979493313,0.138992946341712,0.0585333044625362,0.194616776784109,0,0.13097348331562,0.057627920620686,0,0.0352873969921175,0,0.0740219842607144,0.384228400490824,0.47133587047934,0.597092400759264,0.291338447231365,0.0516109104253161,0.130470504447844,0,0.116744983444792,0,0.093539121979009,0.165090470605649,0,0,0.0768909507090953,0.373857074818702,0.0117173115568318,0.092767515506304,0.00748125278193429,0.093415109762949,0,0.0143344063120165,0,0.0782296899953105,0.102592881528569,0,0,0.00813015033181025,0.0440001395977491,0.101845287331151,0.152344053187857,0.0984826022510196,0.195627037905394,0,0.045976235047083,0,0,0,0.0945590559099323,0.214246001564618,0,0.0648586507654101,0.208441492231676,0.149402852363282,0.221910265141941,0,0.00487619327394814,0.159633031604682,0,0.0953842983255513,0.0672660982681338,0.168119524314067,0,0.0480836046671066,0.272502077001223,0.00582561474398463,0.0645488727794423,0.127319061400186,0.0893600188607283,0.0480538036488106,0.0844510716800017,0.00448770524072983,0.171424418388785,0.20794300114678,0.0271414034325007,0.0301013054292611,0.0970579708579323,0.445825355661542,0.914268688118839,0.820898402195741,0.0689460640266176,0.47514309482096,0.176775688086858,0.0514791712724806,0.0410152712408734,0.351713952648815,0.0199430501209376,0.0356440087675211,0.0597404415984228,0.0713739130865693,0.0942364325472295,0.0588412263477112,0,0.027018068779938,0.38037276107748,0.0457275409454572,0.539191791230092,0.0570560894292174,0.14789293522523,0.0487012165129073,0.0454276929284692,0.0221601514430137,0.576872140856583,0.576872140856583,0.246890899753176,0,0.0125276021364271,0.319799529435232,0.0641845054950008,0.246890899753176,0.0851257802153117,0,0,0.0125276021364271,0.259569444177964,0.319799529435232,0.0182025494928734,0.0641845054950008,0.000506770660340125
"NB272",0,0.424015423763255,0.669276698058839,0.245179115166067,0,0,0,0.149836770742846,0.0594661192636399,0.18770964842915,0.115034824029187,0.113581732585157,0.0907963358139673,0,0,0,0.114927424780258,0.421154177240498,0.594324304817741,0.342994047471968,0.159457870374741,0.0202192284822796,0.194033391413275,0.00366333308779585,0.0762133413581061,0.0248092659562937,0.0751112966028164,0.578845822759502,0.260706398154437,0.451055288465641,0.0505481391553726,0.428439266541882,0.0700865747434558,0.0884906189454152,0.0386605478747815,0.037931741698516,0,0,0,0.0600203958428989,0.116063783264139,0.0268905895663572,0.0815867446206554,0.0241818584249144,0.0193486845171191,0.0615292742032421,0.063086973128105,0.0997351530829388,0.374863099720792,0,0.161544966008951,0,0,0,0.0695405797514721,0.0083981177386184,0,0,0.13886027705793,0.274380829940975,0.0351259571494237,0,0,0.254509960583054,0,0,0.121574883407162,0,0,0,0.105646559734734,0.124588488094293,0.198112002131347,0.195499473309577,0.0221691327395575,0.0568771339532933,0.123570645725553,0,0.144969297027822,0.205950664062391,0,0.062347848342382,0.0624644860269194,0.453389202172478,0.947923293577411,0.89194960400289,0.0645364332395993,0.443657707973331,0.302719111772366,0.00379446058955494,0.0946039703185263,0.338019840874943,0.00175178190579752,0.0682741827601295,0.0861512157908344,0.0749826346937307,0.123661771967448,0.0805799403035649,0,0,0.435611884997233,0.029449030601573,0.511354757286816,0.0729090862163094,0.282410706650617,0.0887374515468949,0.0716226956881952,0,0.750892834028286,0.750892834028286,0.351687728597164,0.101261150616138,0.208370892621423,0,0.0612737691663942,0.351687728597164,0,0.101261150616138,0,0.208370892621423,0.226542175065172,0,0.00962520417908435,0.0612737691663942,0
"NB313",0.0031739993276915,0.488802746062211,0.679327398954687,0.567124875893491,0,0,0.021193194805093,0.154622256076106,0.0234647171045896,0.202053503624448,0,0.0871027057667568,0.0735986747443184,0,0,0,0.0964761646141239,1,0.520686812288062,0.614960791442121,0.343407607438989,0.0295917387517904,0.220618792298439,0,0,0,0.0723224146898733,0,0,0,0.011959747930797,0.193979245694754,0.00268710256974535,0.0804383724740561,0.0130808991576482,0.092577417141639,0,0,0,0.0488318272609567,0.119330892445428,0.051024241355993,0.0532621288749405,0.129784442583676,0.00194214575670897,0.0303553728375781,0,0.0991491057942325,0.433488253459358,0,0.235973009025802,0,0,0,0,0.0178192655776725,0,0,0.198568290759979,0.138709375280885,0.131651758621819,0,0,0.320672601045313,0,0.103218019330112,0.141077545286559,0.240856434972466,0,0.0682833971691515,0.282588538575712,0.00349581063655396,0.0357108047529622,0.128431066397465,0.0795491977627687,0.125425176759462,0.0985456707042777,0.0340646780186179,0.238456752739472,0.172079150611237,0,0.0542058636684079,0.0633547880828214,0.441736917279728,0.929549689745396,0.854666991747046,0.0751972962408727,0.516437394380207,0.268457706584595,0,0.0479738255152959,0.336335243712314,0.0273330704830369,0.0560931103509288,0.100934225374222,0.0973758765262411,0.0660300531336396,0.118422471408535,0.104723545851262,0.0703034488158937,0.545853487575861,0.101560816035661,0.591672932274112,0.0292168642025846,0.194458654090289,0.0626896812369152,0.0561809088610121,0.294150816677014,0.578730968806525,0.578730968806525,0.24435612047551,0.0679674186150079,0.0973722027070719,0,0.135945487735177,0.24435612047551,0,0.0679674186150079,0,0.0973722027070719,0.212037095696174,0,0.051445124856513,0.135945487735177,0
"NB314",0,0.490704264726681,0.819101946957414,0.63287591935439,0,0,0,0.181569791341613,0.0169732850882156,0.164312218009554,0.0455371541517249,0.0634649665428706,0.0610192772041999,0,0,0,0.113524179937661,0.37056107868324,0.381449536605894,0.601316964000155,0.131494803663527,0.0236533374938977,0.0654830957310696,0,0.0523927216955496,0,0.0563755748359813,0.290997669915131,0,0,0.0394682383915577,0.294520879815589,0.00794584391395159,0.0385753183729187,0.000620528349379618,0.0759070917574207,0,0,0,0.0474047050585716,0.177013686635115,0.0605253413492611,0.0150761279679989,0.161176864771266,0,0.0162392219290501,0,0.0830189669155157,0.371242569213862,0.128505331347037,0,0,0,0,0.0159083034381366,0.0085582023718164,0,0.0142919123353521,0.209048917179957,0.157591366928644,0.248047891146012,0,0,0,0,0.0598179747008873,0,0.136645378021827,0,0.0288774996231886,0.228166001926685,0.0306522367800773,0.101499104564965,0.141846442243972,0.0724488402712457,0.0878455478729895,0,0.0289820623889853,0.481905085372278,0.21191112347472,0.0395284750937125,0.0668206301087282,0.0907136180672029,0.47393770695839,0.934425073606027,0.892293258521569,0.0906473073809089,0.30847410120713,0.236548367968411,0.0180652524731518,0.053906075659606,0.3289889660749,0.0669282741664619,0.154208783475242,0.0770820854187469,0.09095367707926,0.159675601608595,0.113357802966062,0,0.0665578348584786,0.541990848463266,0.0410428683008216,0.540229530731295,0.0753835497067727,0.23681612893578,0.106535451125527,0.0817056401637839,0.563177846291283,0,0,0.2703202216146,0.0891056568053607,0.0175417103177949,0.0198608207012805,0,0.2703202216146,0,0.0891056568053607,0,0.0175417103177949,0.28263964067788,0.0198608207012805,0.205717026738714,0,0.197472580529898
"NB316",0,0.693481810325337,0.537344037534442,0.455675603861945,0,0,0.0156422448679955,0.168281391094959,0.0727351601780022,0.181748244182945,0.123377832930752,0.0317773807381873,0.105924150398516,0.0978110670786647,0,0.0755436912464325,0.0795277153320744,0.0466975040239925,0,0,0.203487747955679,0.0311299166474359,0.136709599732868,0.0151889614668555,0.0702438463439621,0.137229128558503,0.067037550242496,0.775972276807791,0.725048509311854,0.535829766730541,0.0520091061335936,0.351619802659816,0.176249628455053,0.0693540594662154,0.0167496153305085,0.0552585930718557,0,0,0,0.0483264383048755,0.124363865107327,0.0394466357993863,0,0.0182792391833453,0,0.0786428748962571,0.103144968372245,0.0829451904887493,0.123799063097068,0,0.0886913230097738,0,0,0,0.0434534809301229,0.0049017015642495,0,0.00543407589755826,0.158197441958774,0.134254379140169,0.102270326920822,0.0447147286381386,0,0.392412116121595,0,0,0.0350271036863255,0.0843526376491451,0,0.044281127802388,0.209989462191622,0.0214279106180736,0.0504880185659592,0.121392994475931,0.0608471829390423,0,0.0635831090356767,0.0669409172025748,0.18832530036459,0.128497458950223,0.0393290313468113,0.0560807632497783,0.0567299489583299,0.459444270028344,0.653737759357869,0.858353497685932,0.0690959001515223,0.285777262051937,0.381207400145673,0.0738517993910735,0.161524399494764,0.381903945173002,0.0288787373329566,0.0882833180217732,0.0912060664045533,0.0706140939259907,0.104274245667397,0.0661311359318446,0,0,0.422779415426144,0.018323895732421,0.410543403170019,0.10152357705781,0.129021074910342,0.0845429321740372,0.0685034915117095,0.435128891359551,1.828114658571e-05,1.828114658571e-05,0.157370507362884,0,0,0,0.163805600417736,0.157370507362884,0.155377106794451,0,0.162782077948312,0,0.337870130483311,0,0.332350841704543,0.163805600417736,0.0578727742453748
"NB319",0.0347859967950766,0.281306667917685,0.908825069674012,0.405863176185064,0.0841900187753159,0.0873913530793591,0.256389197360239,0.283153492933978,0.0279392491020194,0.131504832692715,0.0128575524183451,0.0907435695976356,0.0894049595135483,0.00381540645350969,0.0206711281974365,0.00404135548835784,0.0562143966818991,0.111943292844141,0.030155114785495,0.12897323050678,0.107966447997565,0.02292634562863,0.150634320222487,0,0,0.00699255469994247,0.00141493739053215,0.120457213338007,0.0107556602671312,0.00616744627475159,0.0207154241156085,0.0428266414546647,0.04853593919041,0.0447904828934464,0,0.0587326415819018,0,0,0.115272846078374,0.108981607472222,0.0427819730680709,0,0,0.0328754505761489,0.0275859573635377,0.0711264739363511,0.05254136739125,0.0395938371411991,0,0,0,0.0543594192833008,0.15079763174074,0.103593929785073,0.194112081099961,0.332257461027902,0.0184928227756366,0.120480532779688,0.132918156126056,0.228992828755089,0.118003296858062,0.0266379619285892,0.0288833076324682,0.0368155110426876,0,0.0356347578111002,0,0.104310225441281,0,0.051476571798632,0.22868573204151,0.0214839821825776,0.0795034000651733,0.118141590502232,0.0601741564341746,0.0252736263514046,0.0259368647173216,0.0104691251958653,0.1095817303312,0.106859734833908,0.0388526358464927,0.0470106552688647,0,0.372774326936061,0.774392583044674,0.673651399352768,0.0509528540546875,0.640411094747756,0.203651039466174,0.125454931583268,0.0831659316205215,0.308742562476169,0.0373746940298874,0.0462040229057878,0.0787696768489823,0.0515135767494999,0.00061056893656712,0,0.0100771736004565,0.070226461352366,0.148224363069699,0.061585693907656,0.411531784461479,0.0186517955997987,0.0750508541775145,0.0569948372137516,0.0235551903999019,0,0.856336813422314,0.856336813422314,0.308819217449964,0.143663186577686,0.182721835089266,0,0,0.308819217449964,0,0.143663186577686,0,0.182721835089266,0.227476594593615,0,0,0,0
"NB320",0.00948320167730957,0.490776232359483,0.633148385269617,0.61959609081155,0,0.0608699676582334,0.0031747983155532,0.17173088105679,0.0184016581509855,0.183878645866837,0.0137401526384342,0.0959091782508627,0.0637788705841612,0,0.0166913949875268,0,0.09987163075235,0.278685851403907,0.0432031350864233,0.408553854544303,0.244736395022642,0.0493287699649877,0.160128673856501,0.0441901368499344,0,0,0.0609917778239395,0.10358400156707,0.303252663672068,0,0.0351303908831037,0.127058338532634,0.00906254591465157,0.0700002811768008,0.0361340425195348,0.0934078700250457,0,0,0,0.0500953088738899,0.125704418731923,0.0357491606867434,0.0602402391277651,0.0667956994888732,0.02181414484373,0.00743104474436921,0.065991338915823,0.0944970777732647,0.407950491748334,0,0.331639001951983,0,0,0,0,0.15951348657876,0,0,0.127218389058804,0.156874205008251,0.0708527062505449,0,0,0.366851614730383,0,0.119809382028918,0.187030220899066,0,0,0.0580675857790152,0.29982093027228,0.076984250793842,0.0992875701444129,0.172837591247104,0.0656717774996504,0.202492501460548,0.275362266726354,0.10954492077796,0.380109762281484,0.533378559676682,0.0426127821023398,0.0519930365200343,0.0535692663377206,0.419782536589375,0.818707728482714,0.839094715876448,0.177102153661386,0.737757154717969,0.344329865887315,0,0.0816061967025851,0.317892035782222,0.0147342974032711,0.0735378996504415,0.0860153561999445,0.0992773171239673,0.0200440603649519,0.107814338343454,0.123362066870951,0.0554973570948153,0.327070426089621,0.100805354052098,0.602731151301113,0,0.0898954833057812,0.0452641434745456,0.0458713675638651,0.128757567111625,0.613261257803715,0.613261257803715,0.292878479398534,0.053339414895764,0.252378472302045,0,0,0.292878479398534,0,0.053339414895764,0,0.252378472302045,0.224397564220928,0,0.093377341321271,0,0.00656704932502835
"NB321",0,0.470842137984081,0.774962234102709,0.651575282165393,0,0,0.000149597135883,0.129480524702914,0.0223143469738909,0.206828565777003,0.028634255156855,0.123529176593279,0.0704813604976919,0,0,0.029626640229875,0.113348379762753,0.358579726239172,0.251209202176363,0.294063451043681,0.334634443789765,0,0.170334239642266,0.000100065323052037,0.0374383929939516,0.0545359504537598,0.0798729116254673,0.641420273760828,0,0.175749281170244,0.060794400782846,0.299014379527374,0.0204878470604806,0.099850755646688,0.0657518121553107,0.0415197224994736,0,0,0,0.0565885162387165,0.0995622761187265,0.056868475608449,0.0772335071425271,0.0979644713819546,0,0,0,0.100751344520088,0.351446182544227,0,0,0,0,0,0,0.0216791647894062,0,0,0.148438696039838,0.139001081731973,0.162152468487475,0,0,0.187599372903339,0,0.104466152931531,0.114553137825792,0.253140549094112,0,0.0533041068827612,0.1431829966394,0.131346344375159,0.115987671532469,0.198414414087471,0.027538912590021,0.145681314269256,0.189122943884231,0,0.428659098329499,0.224519222443329,0,0.0531644017503937,0.0432690215737657,0.4119570060107,0.94546404954624,0.844291733582454,0.119348663860017,0.548807300058057,0.403242266321544,0,0.111053748519911,0.34067247061805,0.0191912130401833,0.0756932716468769,0.092430041785727,0.0946971845234294,0.00710585130116855,0.117494323140151,0.0478606361599603,0.0176831344298503,0.437468570499522,0.110263592018118,0.593805132033775,0.0354644274341361,0.120093476342119,0.054538902697224,0.0525340420942485,0,0.684099081306959,0.684099081306959,0.276360640814626,0.141460438245178,0.231506610807327,0,0.0967093929860353,0.276360640814626,0,0.141460438245178,0,0.231506610807327,0.272552734760221,0,0.127953671182081,0.0967093929860353,0
"NB322",0.0471165925070662,0.251968816578073,0,1,0.0270341157256084,0,0,0.196939805562738,0.00207761598738898,0.13718934884881,0.0773538983272627,0.0977282880308968,0.0889020758090389,0,0,0,0.11224338283451,0,0,0,0.193953977850021,0.00454802285140922,0.100529746027429,0.00525756965495629,0.0593668921290245,0.00635848804720705,0.0729237807423295,0.723017891644034,0.350890041976337,0.524789756238459,0.00736480468119701,0.0965819745612238,0.0363076353617728,0.107702845824353,0.119408255662631,0.0178499200023663,0,0,0,0.0397966615813357,0.117426718074221,0.0312764717982778,0.0332658531536049,0.0590034617851648,0.0534336501346863,0,0,0.114142284850984,0.668351593680762,0,0,0.940633107870976,0.135174364820908,0,0,0.219742560178892,0,0,0.0600137248643568,0,0.00851541946696143,0,0,0,0,0.189878678117121,0.243590422772402,0.00276996213768947,0,0.0049330824394866,0.0476634619334376,0.0486718698307147,0.0848290390356984,0.160195753538049,0.0057641025469364,0.197789943032985,0.202232928910921,0.0183025282048189,0.377234964942403,0.337403215699056,0,0.0714440541079268,0.015605425439058,0.413252124392352,0.965638719807483,0.869288998110161,0.145457550722153,0.577426631846885,0.536783931456372,0,0.126116517257401,0.287776195618179,0.0492886169862919,0.117759014556638,0.129211404442641,0.111771488248799,0.0127177947151217,0.132913814290554,0.0681756644567277,0.0677867146456829,0.419632667140951,0.0820369022436554,0.599629744041183,0.0191589636016554,0.258343199904485,0.0630375249645027,0.0705942005844792,0,0.637565249594535,0.637565249594535,0.255318042804867,0,0.0273789372759749,0.210895277026685,0.318345372820518,0.255318042804867,0.0563125211076257,0,0,0.0273789372759749,0.265332208110817,0.210895277026685,0,0.318345372820518,0
"NB326",0,0.561582623811193,0.80799640171041,0.716945260046,0.00929571422643414,0,0.0156587361096184,0.136286093029365,0.0294161693132154,0.19030898343276,0.0293992572930823,0.0716855148852091,0.0731704621722379,0.0168494961847721,0.0281586362375572,0.0279763895308468,0.0857479399565135,0.0842675621244275,0,0.327787379152243,0.420558543779074,0.0195548791595708,0.125568492408137,0,0.037595276127566,0,0.0696029731076635,0.241677841537625,0.379045419552075,0,0.0440654817953567,0.18553111100851,0.00833615573862454,0.0498441827853924,0.0223833230349141,0.0505202794748737,0,0,0,0.0680714788830291,0.138963023952215,0.0463668162666819,0.0490474468934115,0.0921230194207593,0.0073416252827677,0,0.0293154446499677,0.103800867647516,0.252341207984721,0,0.166208372018594,0,0,0.00430216165769733,0,0.484187835360693,0,0,0.155597936054349,0.0499986943710448,0.218568085812317,0,0,0.154408322162024,0,0.0638684465451373,0.0524983281994715,0,0,0.0492139128935511,0.141949572619263,0.160536560168362,0.225992852479439,0.195856174611054,0.040904676614787,0.0865247685764756,0.0771657005870548,0.0168638809113103,0,0.274403077516733,0.0127387516942207,0.0633133965253063,0.022261841617451,0.462448169441972,0.93642237065175,0.876613492052603,0.144415249087096,0.419068552360844,0.298845432847014,0,0.0901688583620593,0.312126541477945,0.00843920813729537,0.0976008364489447,0.10434460254984,0.0851014458270234,0.0957115145131077,0.111131339283409,0,0,0.423383080156777,0.0558718602155828,0.545632574862096,0.06557342651701,0.178969352286529,0.0925750009356276,0.0731460603171724,0,0.556159930845408,0.556159930845408,0.231263891760776,0,0.147511374763584,0.253856253510263,0.0630491272642702,0.231263891760776,0.0609570772385844,0,0,0.147511374763584,0.31467653404668,0.253856253510263,0.129026738405745,0.0630491272642702,0.0765563117259981
"NB327",0,0.481911391183309,0.900829709697207,0.242737477597296,0,0.0505293377268328,0.0223292710402176,0.0922232788709048,0.361651056043838,0.244522672399678,0.00526468865133329,0.121467578279786,0.0419802142196705,0.265907984285219,0.0718605498556805,0.275044154062603,0.0392708273219975,0.279710130407856,0.113334189259459,0.222840129928615,0.382040229900241,0.15761707039998,0.213136434761294,0.109548987192945,0.035993325754915,0.330209119427477,0.120778021903308,0.171872626793113,0.346567098137707,0.197776879809059,0.164455135142948,0.205149056258293,0.105368642612447,0.0934919554907224,0.0422420400817018,0.0437168834860516,0.0200449020712328,0.00233295869889326,0.247000833270803,0.140554567879385,0.0886633749912994,0.0462521431846821,0.0228622766114954,0.0527848253376738,0.0867561914861024,0.0376745283612371,0.0719613022896106,0.0591886721495003,0,0.00960911183031424,0,0,0,0,0.0832245114850111,0.0770382661865762,0.049641601635561,0.039656667565141,0.136089418281573,0.117531669347175,0.122414525967624,0,0.0711813781234874,0,0,0.00241969573788099,0.0567705180789361,0.0243131635873227,0.232983169777469,0.0119630017307096,0.156724783125934,0.107688845599746,0.12389710992857,0.127726764367754,0.0395902291827281,0,0.0683957268661263,0,0,0.294377723358762,0.154197036478509,0.00611785148315334,0,0.416690282214922,0.283769833315725,0.865769077208727,0.0410345869366404,0.450916412395208,0.129385905043821,0,0.10589575223232,0.358617966247715,0.0438191047398895,0.0543273651609219,0,0.030163788098232,0.0976679507650691,0,0.00654106094408244,0.0200077348075275,0.296906596953188,0.0153421220863901,0.237154111188997,0.013385554373427,0.126907998986145,0.0664186978959241,0.0256795367671531,0.373710945637705,0.195185578726354,0.195185578726354,0.339381412955148,0,0,0,0.231760915357844,0.339381412955148,0.0455113254215505,0,0,0,0.286907641407147,0,0.166357539566733,0.231760915357844,0.0081162093771624
"NB328",0.112829276106522,0.15965809904571,0,0.373544215983135,0,0,0,0.188939638037322,0,0.051305503185956,0.0955581117196075,0.0783706095444794,0.0910710375637093,0,0,0,0.115324346730214,0,0,0.100584825706696,0.0169732650482352,0.00311923226262316,0.0175700034366719,0.0182892977574285,0,0,0.0306796185159362,0.229087743978179,0,0,0.000295763914732019,0.0734063838199885,0.0263020788234081,0.025004826863141,0.038752811402016,0.0351603350153243,0,0.104476176179156,0,0.0448852618949718,0.112801574664582,0.0299366258489762,0.0630639950622932,0.0601780834327963,0.039406551031165,0,0.0516132188206566,0.124782904574412,0.84034190095429,0,0.626455784016865,1,0,0,0,0.282435042005869,0,0,0.159000449651478,0,0.137891722651368,0.00920234262546377,0,0,0,0.121580946546931,0.380421537915995,0.170306675938557,0,0.0521971147130799,0.11130940014714,0.130863289442553,0.0880049286275022,0.192518950419519,0.0189423256037449,0.403096890331618,0.360375607119422,0.0221960849406457,0.425868716682427,0.847218059580224,0.0412631525122584,0.0547556137534339,0.0289285434010973,0.39518924407852,0.974360074227428,0.826189700586045,0.264819301106019,0.55484165848942,0.455964904107453,0,0.0652386712621029,0.25296933800674,0.010949851863855,0.138110966734918,0.117178325889417,0.11928728948255,0.00362674345696876,0.134642934691676,0.0107645859847905,0.0283660411631136,0.223946603240728,0.0841868403264953,0.644281221832219,0.0193850479793677,0.222283204059403,0.0597176125428311,0.069868105006559,0,0.739653540577109,0.739653540577109,0.267341624965514,0.0994956392261566,0.183177348196034,0.160850820196734,0.0814287881781098,0.267341624965514,0,0.0994956392261566,0,0.183177348196034,0.220168464920855,0.160850820196734,0,0.0814287881781098,0
"NB331",0.00797915292893031,0.668253112373503,0.870689310975471,1,0.00908204256935185,0.00506199444067755,0.00277693518546854,0.204434992384417,0.0163249404802264,0.166438504708798,0.0952869829860087,0.0460622688803278,0.113568524271109,0,0,0,0.0973183204520215,0.177790305436861,0,0.355086652701632,0.211538895045667,0.0328864416213309,0.150668420390417,0,0,0.015095011301909,0.0337286615554505,0.0438502046132083,0.333407477974039,0,0.0148580914963424,0.105301204655883,0.00470282894997535,0.0129390135816059,0.0566025404524212,0.0468609332555758,0,0,0,0.0512013451409449,0.121880978510744,0.0396780638277053,0.0210320813138257,0.0362341071774136,0.0199954206192008,0,0,0.0960329682430831,0.216493633531467,0,0,0,0.0847175214171533,0.032744487383491,0,0.553911565213684,0,0.00564530856185214,0.229979365221449,0.0899360510126664,0.115788712285535,0,0,0.129310689024529,0,0.113106428224045,0.158105502268492,0,0,0.036785063407845,0.141137697989327,0.0574912746205155,0.0904167305769059,0.147398604283176,0.0413628448760948,0.169143407292025,0.118383657734792,0,0,0.349905607110644,0.0187182657143143,0.0723188568427518,0.0282055809833706,0.438865688950746,0.942689841639943,0.877163161072373,0.183078472372693,0.502966688802792,0.304677808035982,0,0.0714547532955769,0.284696958750798,0.0561413057956572,0.0949210715992422,0.107449249996477,0.0989250480925241,0.0210336123569882,0.127110545414505,0.020963770752163,0.0346758520843922,0.412492015750137,0.126502544183373,0.614748144047384,0.0479044643417022,0.25441471344928,0.0625331563901879,0.0936008033990525,0.200000307518528,0.517521665950912,0.517521665950912,0.217122371108095,0,0.0247335441870642,0.375212007283749,0.0830451666649254,0.217122371108095,0.107266326765339,0,0,0.0247335441870642,0.275569250846121,0.375212007283749,0,0.0830451666649254,0.0220949294207922
"NB332",0,0.856076725346201,0.890591528072007,1,0,0.0271427799444727,0.00041593165880351,0.0981001607146201,0.0184695684375652,0.222748504760577,0,0.0774501053166109,0.0676177057960975,0,0.0254454811561,0,0.154860873669179,0.22507565855923,0.323245439945923,0.63780875745437,0.406143187691232,0,0.264972332550819,0,0.00251542479441875,0.0440737647397191,0.0498624226589023,0.672177041759416,0.390931788808591,0.269753439514234,0.0430649129805217,0.112441920309663,0.0694505294554351,0.0207627182968682,0.0217616108813283,0.0435813901156713,0,0,0,0.0744842393913656,0.114431903029623,0.0254564293622677,0.00625003162220879,0.0842400985983893,0.0491379160945168,0,0.0389077586768385,0.0836763981354971,0,0,0,0,0,0,0,0.0138174220530602,0,0,0.189975100768786,0.0035855580338667,0.124166733405729,0,0,0.106893047133574,0,0.0479157996650679,0,0,0,0,0.135037350367235,0.00614379450433957,0.0845068322275776,0.130447810980191,0.0384610024904955,0.353246195629764,0.289614255527611,0,0.285822771245485,0.0924378030313958,0.0107847610182506,0.0872374485535888,0.0506533565445275,0.415404391671578,0.955926235260281,0.859963204375664,0.165566013766824,0.657126350387544,0.286543460271056,0.00117498859909721,0.0791148536137568,0.233787771057249,0.0442659958234667,0.13014879240856,0.133790622442428,0.103858029558873,0.00813031482116235,0.150501533762114,0.0382727034216844,0.161908786618593,0.307825848445617,0.1167266488929,0.612361966547677,0.0117255234519566,0.175211352183315,0.0719802431449973,0.0614471054495336,0,0.727905062462894,0.727905062462894,0.323109044414977,0.188696551449302,0.297697572134126,0,0,0.323109044414977,0,0.188696551449302,0,0.297697572134126,0.164186455703859,0,0,0,0.0153902594824659
"NB333",0,0.685440476921138,0.874508856598934,0.415266904000693,0,0.0374442128842378,0.0431113278610822,0.167444970143004,0.0889076653105061,0.161582062567629,0,0.0875762475484957,0.0481692936541172,0.040137697394518,0.0170905944444373,0.141022350885216,0.0874407239121122,0.474610638609584,0.597828677009348,0.549932764549348,0.279124676966007,0.139356866398455,0.148024152514552,0.0829525577343872,0.0978518060799783,0,0.132644436504402,0,0,0,0.0698263077932555,0.335258899219766,0.00500406694912578,0.0818276087554221,0.00581306384716648,0.101026322366205,0,0.00238872489934992,0,0.0958752949110611,0.102910931770414,0,0,0.00885522339342155,0,0.0245399571384396,0.0929966014358434,0.10060684315349,0.0495475427038682,0.0276393373210878,0,0,0,0,0.0785688195685171,0.00758140504533722,0.0586126918974762,0.160820705738947,0.270755167120554,0.283121563702688,0.157098246303833,0,0.0470749894812921,0,0,0.0248980185249453,0.11231915984089,0,0.0191589432880919,0.0186808987190211,0.275393301332835,0.0296824083364394,0.0748255232341335,0.0703427972125021,0.0858168111801018,0,0.0159727790130741,0.0643141466641942,0.266497644574964,0.245168895727044,0.102150062415561,0.0382260913169904,0.00849346758535473,0.478111286455158,0.744998824993509,0.87571456758356,0.10759855485495,0.288213654871748,0.16472181904436,0.0550086584658129,0.0105186744888099,0.294504929937044,0.0327795531244628,0.0818680315104406,0.0392514864269826,0.0522177861726702,0.192618984420246,0.0419171715721028,0,0,0.359924320705699,0.0197455796122377,0.43075246098164,0.0972082457247581,0.251464173715163,0.128713731419246,0.115301596973397,0.498281330631923,0,0,0.0357721361770201,0,0,0,0,0.0357721361770201,0.140477884839042,0,0.309091309990699,0,0.266145922181097,0,0.219103986797252,0,0.157915337122696
"NB335",0,0.292062772483306,0.458213681581509,0.489049602125568,0,0.0771459191079633,0.0363327346991925,0.108193799876166,0.0183104609910868,0.164886926561006,0.0517592291084831,0.1412890755597,0.0912345451703848,0,0.0905518263894339,0.0225607260157213,0.090498394674544,0.0942596635145287,0,0.0752952049556914,0.175726032027162,0.00087248068685314,0.12146352345117,0,0,0,0.0190635650147815,0.338384660938717,0,0.259401863519947,0.0288816224385079,0.059952156864488,0.114288788160243,0.0225095323440509,0,0.106921002019238,0,0.0281474977515691,0,0.107551501118411,0.111878337980897,0,0.0143384408731693,0.0616459008283641,0.0376058990062841,0.00039346406846784,0,0.129434565135608,0.0529933166797452,0.018724984517727,0.0299393590929752,0.428548834145297,0.101504395517908,0.0156514277910495,0.10851769609429,0.242841497311719,0,0.152385543255823,0.253613181843043,0.439237454199383,0.198866806251174,0,0.114224831837803,0.0945124997554663,0.00621396426680767,0.11907079415031,0.13736631806144,0.27398519106565,0.0579879038225325,0.127808207116411,0.34461638907926,0,0.123316823926908,0.0972279721249064,0.127522621716248,0.0852465305811524,0.0941478257834906,0.0946545811689357,0.375859953728554,0.229576376782672,0.0342288852192784,0.0265762799502465,0.0429834063827094,0.422686760007045,0.815053018292019,0.837203301371419,0.111935643628596,0.498438845971767,0.263552711848968,0.0682810934698984,0.0724219766126422,0.322458464787783,0.00586481144579734,0.0331559301967434,0.054579986584791,0.0699943198028052,0.042280686311139,0.0463137475613692,0.0468827361667835,0.0570193207777819,0.248142761677264,0.0402685012036289,0.549222164808915,0.0236637518513707,0.223206201837088,0.0743266892624682,0.0801848909023263,0.634062922474037,0,0,0.24480305456339,0.18936309709073,0.0100454110961705,0.09915745143279,0,0.24480305456339,0,0.18936309709073,0,0.0100454110961705,0.215070740138676,0.09915745143279,0,0,0
"NB336",0,0.525484749318281,0.748111465206897,0.342158069952889,0,0.00332691720856104,0.00021966237234003,0.122357821440819,0.0772546362515388,0.198399387703185,0,0.0712193169820233,0.0586381385968592,0,0.0053633697219528,0.081025160990729,0.128286706818304,0.458805358494759,0.409256282713223,0.457895981216097,0.370232360005604,0.00693118909538753,0.261026136344738,0,0.101083386554671,0.0211091966506207,0.0798155343089149,0.525349698698289,0,0.16582492826404,0.0564580155109032,0.472133107274304,0.0157573781684942,0.104464836349004,0.025737176040271,0.0381583774867123,0,0,0,0.0847547444787237,0.11190722271248,0.0484004830211118,0.0426868398751034,0.0436592570326387,0,0.0826723701230199,0,0.102872605333697,0.239022248712938,0.150805148238432,0,0,0,0,0,0.0112885310917984,0,0,0.177921021229498,0.271630731137366,0.213317482503618,0,0,0,0,0.0219159485000419,0.0540197915213731,0.199563874620643,0,0,0.111814627879785,0.0208606601153253,0.0490982530394941,0.150019317108861,0.0412362287196757,0.0899126610549998,0.0557000915191948,0,0.229129520684676,0.376279090519864,0.0154319492237637,0.0738342933499032,0.0769340986416577,0.439812217126629,0.971959614253992,0.892680931381057,0.159955471263379,0.480785880707059,0.27087927588751,0.00231548303189713,0.0651525306638591,0.274999697534178,0.0573569201947594,0.0861288347123476,0.093163538037212,0.0916574160094479,0.0342638216936247,0.113110293189815,0.017173926304861,0,0.346057868119731,0.101321552652985,0.616505432553059,0.00415649238589278,0.0834598808825551,0.0617303256144135,0.0388417840429615,0,0.560178631633207,0.560178631633207,0.250661758361234,0,0,0.259090214102986,0.0405685003597471,0.250661758361234,0.0970159429482376,0,0,0,0.29309288673475,0.259090214102986,0.0837152113155693,0.0405685003597471,0.053800620800088
"NB337",0.00888973416385092,0.276853881403335,0.157852254927043,0.30733272930618,0,0,0.00108389744127777,0.114531407978922,0.0078395124577608,0.137516673521888,0.086460554881519,0.0972857869921032,0.108153920671476,0,0.0113419123640622,0,0.118604620786544,0.067544239705718,0.0975785889073732,0.185452503217162,0.206464809499983,0.0181581709911369,0.115330761704682,0,0,0.0145312741115069,0.0178968609240827,0.212766223192118,0,0,0.00799172532368462,0.0624717067316697,0.0152710889455047,0.0251414226794594,0.00660994497136838,0.0693935253851822,0,0.0539673454994895,0,0.062884019108347,0.10484537784497,0.0265990619668497,0.0404154839189207,0.0743535739293985,0.00429642267545816,0,0.0228117458245674,0.0945993747471936,0.110011121283559,0.169473943022576,0.281043440446934,0.672673802050381,0.0680946711004575,0,0.136546024104142,0.116671053778424,0,0.0857321913259756,0.212201153801223,0.167665556727293,0.0500691013625942,0.0731901967245638,0,0,0.0182034282837249,0.225291704480221,0.176701165246402,0.384672357879411,0,0.165810696630176,0.243319031154486,0,0.0251693520790675,0.066796892265238,0.0709160393330802,0.173495999509034,0.161476735418225,0.0756362639966255,0.395841341210454,0.378522962774466,0.094888860995704,0.0323644688785721,0.0574340296392797,0.415404037916463,0.847722465446425,0.829022854309564,0.251517522002985,0.526974486617416,0.500812559740538,0.0605697419181337,0.076351890499053,0.31097290034765,0.0114541291250468,0.0493708831725483,0.0736506844436347,0.103409211023006,0.00111480770266588,0.0880407986990649,0.0173253902326374,0.0645924134822438,0.117546155921613,0.0565697692238879,0.629412075305502,0.0212078532869885,0.266253756533751,0.0633082464478871,0.0893204892204102,0.522869055506961,0,0,0.189286295973213,0.150853086071769,0.046750848378361,0.191378204330379,0,0.189286295973213,0,0.150853086071769,0,0.046750848378361,0.309114358450142,0.191378204330379,0.134899654090891,0,0.243621145802596
"NB338",0.0808657751178054,0.553043600566717,0.242380072117841,0.821510343106223,0.160367163630967,0.0209967177881024,0.00553655255992261,0.242650115179522,0.00343920051207439,0.0802038746282946,0.0160081682601293,0.115493698394003,0.0810069455507963,0.00875741072350154,0,0,0.119459515843013,0.377361055990127,0.329906625595089,0.339321413283723,0.201476250313769,0.0101166681549387,0.0969486583695827,0,0.003336020364978,0.00699106484643928,0.048849449221152,0,0,0,0.0209881932737559,0.0762872135245305,0,0.0330322620988961,0.0566640614029783,0.0488466629647569,0.142510751431902,0,0,0.0660185451210484,0.214173377996952,0.0493792283668543,0.0704786586427623,0.146314865438312,0.0326673498766445,0,0,0.102079404351666,0.435715094205223,0.167953205495356,0,0.586330702021824,0,0,0,0.0159624514594338,0,0,0.160197207246764,0.00033558267598819,0.131411235672363,0,0,0,0,0.17641833735701,0.0965738183602431,0.288171858590885,0,0.0495364028322124,0.0675762224920749,0.0112510441271653,0,0.11608395568497,0.0219301532474765,0.511092382547771,0.0400444726134247,0,0.239410764382124,0.227328030401642,0.00187351653403198,0.0827850196518078,0.0421269566880124,0.398944062193979,0.921412327492717,0.882113648991093,0.298692493092838,0,0.433251470083524,0,0.0190213763307341,0.154317590054648,0.0647079023572811,0.133916893475533,0.120353233631981,0.128035379429105,0.0008690399954237,0.149330963760488,0.021601191314956,0.0704854155080929,0.240134368745663,0.144891421462563,0.682301968119103,0.00503235935851802,0,0.0638585732819269,0.0630891046632581,0.000287183070651988,0.793559937944383,0.793559937944383,0.238080308721208,0,0.090546589196311,0.101878044379325,0,0.238080308721208,0.0521506457462882,0,0,0.090546589196311,0.24419425277028,0.101878044379325,0,0,0.0608440615640894
"NB339",0,0.660503080915642,0.762689745535514,0.546469942159306,0,0,0.00132862069787135,0.137679769120355,0.0671878549646596,0.200193241600424,0.0113869065180526,0.102101881905284,0.0588375609136571,0.00342331269124965,0.0286172716044384,0.0138289820959864,0.0931935047149769,0.628795010290958,0.180993671757118,0.48977430098806,0.505474806946919,0.0627800144920213,0.247582682832667,0.0354313351934631,0.0500278220527065,0,0.0627145555865701,0.198898369502765,0,0,0.0322603749693432,0.341619357380146,0.0137339858953057,0.0370435928505645,0.0322392504923737,0.0517334465032558,0.039251773618232,0,0,0.0516900667043284,0.100481894019989,0.0447967914177588,0.0395994863181499,0.110880195284701,0,0,0,0.0805290721281369,0.180424795788509,0.18728243241178,0.00592042604807014,0,0,0,0,0.101019184663551,0,0.0304268334871764,0.206716072611428,0.0898387345241895,0.21344919444743,0,0,0,0,0.0514413684810601,0,0,0,0.014298563894912,0.170902248166451,0.0202141116163368,0.0626427185712564,0.11274172378206,0.0328930619754414,0.0151033337202456,0,0.0378913134789856,0.568818424124548,0.484071879996552,0.0710739297017341,0.0289025223077621,0.0356404456418128,0.470239208836335,0.914691033910793,0.884897606944262,0.107560225282508,0.334254275495696,0.341476918720265,0,0.0921533495924411,0.342316041939817,0.0211647711206768,0.0801088744354536,0.0241522246868286,0.0773497849630713,0.117879757674427,0.095199153327155,0.0178552573804073,0.0688834738826098,0.415326991262772,0.0449284567356342,0.526790128787934,0.0554538234732631,0.147116139551308,0.086524164406214,0.0823642565372311,0.429974321376439,0.278538099006687,0.278538099006687,0.279833392911132,0.0653890314932561,0,0.0655790477784638,0.0306989222897937,0.279833392911132,0,0.0653890314932561,0,0,0.27125972768764,0.0655790477784638,0.160519500345154,0.0306989222897937,0.0555650336316529
"NB341",0.0608950252097225,0.174360353755853,0,0.310265029409996,0,0,0,0.160769820618083,0,0.0821948815103855,0.0241823653594834,0.0830624612650387,0.0767831081994548,0,0,0,0.109086876861369,0.0319086454365509,0.277095209418554,0.202031776198929,0.23955234984962,0,0.0416165610483219,0.0405068470620748,0,0,0.0659778864851749,0,0,0,0.00168922781330273,0.0745769502028368,0.00732235499118655,0.0310244249350883,0.0301715060789414,0.0628881794051148,0.112768399183152,0.0413681286230988,0,0.0370707833690225,0.14133980898202,0.0171500266796813,0.0371748451875427,0.150372524180722,0.0469950735068523,0,0,0.12027664748897,0.820525995317315,0.212444660673236,0.689734970590004,0.787555339326764,0,0,0,0.115442583334289,0,0,0.110723163145894,0,0.0976768357774352,0.0131036730090668,0,0,0,0.154066815640898,0.176152745020738,0,0,0.0436300897356416,0.250018640509504,0.120179141888423,0.23795745280277,0.202293020130532,0.0368564541866627,0.172094567105858,0,0.095210841103755,0.419755505953034,0.607412307170853,0.112686165128036,0.0762648685097713,0.0239695942470354,0.420585849584726,0.90188530568418,0.831152131325244,0.178526923335338,0.478708641481733,0.418990250548714,0,0.0728444862891201,0.340093763861214,0.0549675946178158,0.138614679015793,0.0909241514573209,0.10204184449053,0.0882350132610746,0.124874663927651,0.024198507484154,0.10915240727068,0.38530377151348,0.0475728097182398,0.58059578372648,0.0164004152576217,0.181932908837748,0.0659729543301814,0.06440639851925,0.124636410662574,0.448725259815519,0.448725259815519,0.209446654167403,0,0,0.461054024124898,0.110255413770732,0.209446654167403,0.090220716059583,0,0,0,0.301174734449591,0.461054024124898,0,0.110255413770732,0.0706349287205904
"NB351",0,0.312047087614333,0.484920930167388,0.537788261615743,0,0.0283617527511502,0.0312970913201569,0.120401003659948,0.0300948780842696,0.162661023251067,0,0.0702532457671625,0.0624181815440281,0,0.0360223560917643,0.0219710518856315,0.0857966001665042,0.303905033914097,0.0528900227087826,0.247969624530045,0.127023822503226,0.0932278032868619,0.109327317907062,0,0,0.0242527626984866,0.0557644743433342,0,0.0887178501126287,0.00499352603302067,0.0489080873444753,0.0581700849049717,0,0.064373717496669,0,0.0926618818591293,0,0.00967931190743814,0.0332540171520722,0.126262145449753,0.0953893165261049,0.0011004808509734,0,0.0497378603605592,0.0355564394253502,0.0582848152811878,0.0385820392745376,0.090320222989334,0,0,0,0.250255343261656,0.142966755211147,0,0.136935627157558,0.22221916950119,0.0655534621011155,0.142946300051039,0.195250460408992,0.302230797784987,0.154414282154456,0,0.01819020179452,0.264823726570955,0.0336156136316637,0.152059095477436,0.0945020725985888,0.470715856166541,0,0.127571845101477,0.328261045303294,0.0524615839458388,0.149565305019826,0.139014165068988,0.104628392436085,0.0526573881996664,0.107633085764838,0.00586719625443389,0,0.228010237821803,0.0928361188879661,0,0.120046862748666,0.446970256563766,0.842992317795863,0.852680778511848,0.105785624408777,0.487387888787736,0.198079483904373,0.0245069417475514,0.00455012858073629,0.274099059344508,0.0242392462824234,0.0519899844733932,0.0338249367428197,0.0684147988760661,0.135702325625613,0.0433792656402459,0,0.0132758471976092,0.298287333657895,0.0691976134211178,0.558328280279657,0,0.0202103931582705,0.0467885334157134,0.0173966583551762,0.43706730413891,0.317686934049642,0.317686934049642,0.249367683274132,0,0.00125287432315027,0,0,0.249367683274132,0.0729954085885296,0,0,0.00125287432315027,0.312564253082749,0,0.292013690478002,0,0.28047774207153
"NB352",0,0.627275587083052,0.760540257766888,0.456616753847822,0,0.0442893786843282,0.0244745189411963,0.121941197538199,0.0601254989255193,0.18485214577872,0.00823696316212166,0.134308581448107,0.0618905344695171,0.0289140194136271,0.0289796101092922,0.0120261750519511,0.0710391126008683,0.383515976592254,0.362028631740242,0.375715474143859,0.377745764645703,0.133902126409917,0.187374857376197,0,0.00689882064150668,0,0.0544559668953198,0,0.328599239873315,0,0.0251464296396387,0.0905095423451338,0,0.042829980850513,0,0.0823279427326861,0,0,0.077444305888034,0.0904972439040808,0.140170858192866,0,0.0255751619988907,0.053896574189241,0.0771713175780127,0.00854208531065169,0.0748454780167923,0.12746953207092,0.133478166129568,0,0,0,0,0,0.0271845920835336,0.07943197794042,0.0861018341710355,0.108393538730131,0.15381065093638,0.116549336681346,0.195645783318444,0,0.00088276336031157,0.211505792140042,0,0.148963232354086,0.140152271523779,0.167495909352564,0.10971092888705,0.0686963485498545,0.259410675293757,0.0460755680602822,0.0687703110256023,0.102280778417998,0.0838692332879881,0.0152063642446097,0.0731724637596512,0.136682094347552,0,0.486495791276145,0.182536909531408,0.023350845864202,0.0298254394178053,0.47341035345884,0.711305682602661,0.890891208296584,0.156880058226128,0.351590009461315,0.325920475717758,0.0473752250379442,0.0834777878658789,0.2942112512047,0.0200666271324584,0.0592097287956223,0.0382972946572874,0.0675943530460565,0.0878792346841744,0.0386111614405284,0.0430730430859336,0.0520634372093559,0.269880282868921,0.0286547823540355,0.487260387499748,0.0774345011559548,0.233397344369053,0.108636280007105,0.110613069168386,0.723055737663905,0,0,0.160072113763608,0.025683471657355,0,0,0,0.160072113763608,0,0.025683471657355,0.0745479602037987,0,0.30539076053249,0,0.179715633533164,0,0.234845640997572
"NB359",0,0.553732797127136,0.899244144951363,0.4636224492302,0,0.0011318342025198,0.0767832707287233,0.134904235357448,0.0574669819406974,0.169175480372229,0.00239694799432595,0.119156072949126,0.0580956629725583,0,0.0954043166343074,0.0246827466749261,0.0576092788361749,0.317710406838753,0.329787751753585,0.310449505665446,0.210629786634645,0.128179267392127,0.16101588115649,0.180834711389734,0,0.0147476494848423,0.096800846450731,0.112914063205246,0,0.0313107559296104,0.0785413731791662,0.0565996729872605,0.0238908152846352,0.107529446587908,0,0.0888734075670502,0,0.0126073266551304,0.103530980634626,0.106737928892834,0.105355118162233,0,0,0.0504451014118919,0.0570985539663708,0.0526941004836471,0.00418426983633001,0.0911378342054423,0,0.00768344644120959,0,0.0519593600099389,0.0404608759756253,0,0.0731660596965068,0.0972308416239057,0.00222250177901462,0.0552677798384761,0.119805897182828,0.136762780258126,0.0838823831325184,0,0.0955319446235442,0.0411130485974887,0.00715290712629791,0.112849696108305,0.14355119418656,0.162552680690138,0.2111132436886,0.084077202305252,0.252156678362161,0.114549172507918,0.131009050005146,0.142332081058106,0.0381890056375714,0.00399773868828709,0.0353396622888666,0.0842828157906694,0.329816708163162,0.296918166612892,0.141802011721563,0.00983403597209229,0.0149907147368551,0.447293265332438,0.719849825894635,0.828436555471939,0.120693866313417,0.375423870688518,0.193929840900054,0.0115785004589614,0.0407038884065539,0.331306551747056,0.0111058557551553,0.0256224113626456,0,0.0444882155019517,0.162211398456012,0,0.01200967187462,0.0559770559391533,0.315742483246325,0.0118483627760214,0.295735133720669,0.136010418827442,0.194336260565868,0.156216312478994,0.202979075186466,0.218386397130922,0.241892726465648,0.241892726465648,0.212554021376386,0,0,0.0272044960060198,0.190805061745047,0.212554021376386,0.375286586803607,0,0.281129030421434,0,0.305290820258867,0.0272044960060198,0.137229793593803,0.190805061745047,0
"NB360",0.0069651756351583,0.354926067679947,0.440403133013201,0.342041677861139,0,0.0157583227735999,0.0293497090835835,0.188720049297496,0.0187437293309551,0.139713691693105,0.0161669240837649,0.0921048208116793,0.0965076905429026,0,0.0219455858040645,0.0115614216934763,0.0881904466508041,0.132046551928758,0,0.323074817728655,0.110598748899489,0.0220449920353267,0.123275081361261,0.064275844958357,0.0677339488728683,0,0.0721732633179556,0.212257710772198,0.0430519563322951,0.0384993585567249,0.0482865243015834,0.183057411948559,0.0214858440931011,0.0995690081438785,0.00139008265612843,0.0670408902713115,0,0,0,0.0780142528079233,0.105912370662816,0,0.0587419114084534,0.0524931877161459,0.0551001726265112,0.00326891010223246,0.0712122802287511,0.10363860293852,0,0.0552401486351936,0,0.436622769478737,0.0212803167160885,0,0.122494404777359,0.477907246372747,0,0.0667406008504642,0.147659705642244,0.204854323148635,0.0402574730541445,0,0.00469890890430835,0,0,0.1518163125296,0.162393664249524,0.189074811520766,0,0.0979154970760585,0.207408653378913,0.0979300389223104,0.172576753552028,0.156459251125085,0.0296742894005046,0.0544379927930771,0,0.0688721305816027,0.0709538853812203,0.145355943131849,0.0304047170551302,0.00952644978687148,0.0385222766647591,0.43259863895781,0.876082547304002,0.830787126279056,0.16156247627782,0.297904913227607,0.293692804228647,0.0899872992346023,0.031360842974037,0.293111762465528,0.00894950094679303,0.045851231044584,0.0818235909502218,0.0869673695519985,0.0184329166023149,0.0686462733065182,0.0092204124935819,0.034781217563352,0.263525288862257,0.0420596724841467,0.550779434663768,0.0428053702843987,0.163136745372032,0.0580908569725699,0.0525852018392016,0.277094503464177,0.546682347083796,0.546682347083796,0.230387869614285,0.0580201262795759,0.184900230766029,0,0.102055604003314,0.230387869614285,0,0.0580201262795759,0,0.184900230766029,0.260173640027847,0,0.118203023172451,0.102055604003314,0
"NB362",0,0.218636295008665,0.788553269775264,0.290184012626664,0.110698744956081,0.0232288893964933,0.21466074334748,0.285105389906185,0.0536169382628461,0.13691192165002,0.000826022757406335,0.0245477837304362,0.0658127741905247,0,0.0232946914148996,0,0.0768503405446005,0.151967638336056,0.0946947071767396,0.154026645601668,0.0720135750457124,0.0787266911201968,0.127630206377541,0.0443959928130939,0,0,0.0421179544055668,0.105403050242816,0.200744901544959,0.0464972904573011,0.0235343704178373,0.0425204877561605,0.0349066238230063,0.0578986728921657,0,0.0230432194279649,0,0,0.127760545272813,0.100472177810877,0.0244442838260201,0,0,0,0.0208416189288367,0.0607697078977927,0.0864763406944579,0.0344215982199186,0,0,0,0.136422894744687,0.117123827062483,0.0697464166178748,0.16513690848268,0.215540949352422,0.00366781740124397,0.0397803349022187,0.0449008850349679,0.200434089095334,0.0530856818493964,0.0775608891535897,0.0179365175958248,0.075023835480049,0.0696452262299789,0.0678213456761406,0.11598833047934,0.181271914752002,0.076860294808797,0.136242867343975,0.144327870816413,0.0578224505930664,0.110937540502726,0.130300595553972,0.00318434474471889,0,0,0.0106958812822902,0,0.110090493724276,0.0335444325837714,0.0406125537938695,0.00916992195409257,0.424117650535898,0.636821656837828,0.725089019148969,0.0385476310796728,0.308581777682987,0.223389305360585,0.170576771654224,0.0946265088016353,0.378621516570514,0.0191759722017893,0.0228948474049957,0.00995772830632544,0.0425549469518237,0.185633294580978,0,0,0.00914296335472599,0.30095474908627,0.0103864905870309,0.228821604610215,0.0661419245056307,0.158583670356745,0.0630507089712928,0.0248037085694936,0,0.57131409345283,0.57131409345283,0.348678935571432,0.0897107021990426,0.0146549672401289,0.249706053235992,0.352008320086654,0.348678935571432,0,0.0897107021990426,0,0.0146549672401289,0.286197597581827,0.249706053235992,0,0.352008320086654,0
"NB369",0,0.113612412745761,0.442263865066502,0.164296750062157,0,0.0238283936411884,0.0886993621135556,0.212297445349112,0.0441618340621339,0.126012746484542,0.0280421692787012,0.0799798894670574,0.110167163163213,0.0316177760799827,0.0273137695398178,0.0687745638635762,0.0529149796619765,0.0765824104117165,0.0519075331653278,0.133723848928515,0.069520842166119,0.0354747338379817,0.126725344978389,0.11058236090242,0,0.0383530457305575,0.0280382725900541,0.0843305218458486,0.124439910057111,0.0811042068779546,0.0335604272538828,0.0286029905931375,0.0679077602663084,0.0661655252919504,0,0.0561184331125212,0,0,0.138150234889711,0.142698722511372,0.0210473067149341,0,7.109827866032e-05,0,0,0.0296447178235651,0.0714755354381224,0.000441381126772528,0,0,0,0.496875206752175,0.19771536291048,0.327405002772086,0.232497183298623,0.371286136943054,0,0.0701904904918497,0.0875497336794426,0.323530408798055,0.0244267258559725,0.163727709103324,0.038456428006002,0.0608609281813224,0.0961598487340246,0.133900907286753,0.17918459956815,0.238569229789119,0.126365622158535,0.143593008399481,0.280424984958742,0,0.117524483370603,0.0987447427022931,0.0129104820329606,0,0.0300193847763191,0,0,0.0705278111647799,0.0326068420797319,0.020094543245493,0,0.382183343532216,0.406715318513782,0.684749894885641,0.0607533029035311,0.514622806780194,0.150117523994209,0.109201247874754,0.0313397755375368,0.317049216856607,0,0.0084818271776717,0.0326012742054382,0.0413858248769932,0.100517650303429,0,0,0,0.193557429459342,0.0308747300632556,0.359143102475095,0.021809317662288,0.171389172559991,0.0655819207677553,0.0528721817511104,0.547425895427415,0,0,0.264462194062604,0.173192397233177,0.0555198357603895,0.195910523978983,0.0525223136626725,0.264462194062604,0,0.173192397233177,0,0.0555198357603895,0.295460538294083,0.195910523978983,0.0781857762275195,0.0525223136626725,0.0877600118690416
"NB371",0.0025418316755004,0.253940755321199,0.650093409598558,0.436913660374146,0,0.0347910456797878,0.0999587791382865,0.239415400172656,0.0193325221460022,0.138743093290653,0.0820198268906235,0.103431176750313,0.108547735448162,0,0.0758587393605981,0.0650118882664741,0.0719655164135156,0.0456936574824548,0.0555013590019668,0.0754520256223607,0.09784587233425,0.0210920906925033,0.102584689057271,0.00251292195993689,0,0,0,0.17522307522283,0.0471819195779385,0.151053428490834,0.027888175630706,0.0491668708491637,0.077276676299544,0.0304341202751119,0,0.0776473311460711,0,0.0372976607157138,0,0.117219230826707,0.0514953073969077,0,0,0.0296549773437053,0,0.0636536924619961,0.0262758559703456,0.0888227052223878,0,0,0,0.229452245788828,0.0841215424672971,0.0627079456165346,0.188785432381028,0.331023031032285,0.00611199181026903,0.152718105042287,0.162407920527487,0.282224204563454,0.115053329797132,0.00544631967657248,0.0467586707211732,0.120454344612613,0.0207296921090663,0.0870852510969265,0.138509068021858,0.269306196872125,0.0163949488865559,0.118863464753764,0.303269316339428,0.00706435704189844,0.0736248878615669,0.0997930594365247,0.0941844899818748,0.0462913886072527,0.00839600792046965,0.0486574601154857,0.00931279703384285,0.0731789082873896,0.0205708584342543,0.0161536611357159,0.02766347317533,0.392913456242832,0.829087348702633,0.731789217559469,0.0544849204558488,0.561283262024758,0.152025318862622,0.0845488482030824,0.0396556346259301,0.33319866880475,0.0162128476400083,0.0247556663720878,0.0477091148455331,0.0643643301267215,0.0539227539859738,0,0,0.0487777095356764,0.273464810872621,0.0480275191766373,0.47821967117936,0.0346096615507759,0.21099221049977,0.0555306887571116,0.043587537729502,0.0513476516713944,0.670346897630902,0.670346897630902,0.224983694048465,0,0.0253861237968083,0.259641183484681,0.0746536635065135,0.224983694048465,0.0345308014541061,0,0,0.0253861237968083,0.244807415882863,0.259641183484681,0.0354811174303115,0.0746536635065135,0.0661087785355875
"NB372",0.0127768509541048,0.486913582160012,0.512476782213019,0.617016322102683,0,0.0195145150784743,0.00907671447103341,0.127749643205089,0.0179840663642157,0.152217019431681,0,0.0805923035823039,0.0779036621693424,0,0.0132240792620159,0,0.119768014630584,0.0380875350937039,0.238972460619731,0.0464488830789651,0.342429378962653,0.0193895542205844,0.130487529484674,0,0.036061689288568,0,0.0592317405126172,0,0,0,0.0431870014246575,0.0994070332579049,0.00441313175594648,0.0445311207584997,0.0399642432253226,0.0825683720460108,0,0,0,0.0786279031243182,0.150081977161265,0.0368521129724551,0.0441439415690824,0.077287805394545,0.0218136892032314,0,0.0356477120865156,0.0955053929462831,0.413604140460089,0,0.23002454255224,0.0506949029195174,0,0,0,0.105376339683322,0,0.077004607232371,0.288905936490742,0.336917745565332,0.293629060665782,0,0,0.400766625578895,0,0.0516853922814624,0.0394731714070806,0.0680119366678066,0,0.0298727361147621,0.223305011095357,0,0.139023688534608,0.147097511259386,0.0472168371684158,0.166714430231738,0.22572776616574,0.106560201760832,0.518514048238128,0.923678380806273,0.0462969503627129,0.0561038349305751,0.0317482131974024,0.427340176650308,0.874050244018583,0.865093029996186,0.158321597430699,0.592815495693591,0.239358690520267,0.0217524732319742,0.0360581455951379,0.29383409846368,0.0187336250995226,0.0714552465514675,0.0929661545490951,0.104353503649697,0.0212290424178629,0.11328843620647,0.004455421083497,0.0607971450990392,0.348380203432007,0.115266854593607,0.624746516842195,0.0133890679455754,0.131773343324585,0.0443585922680453,0.0355643485514266,0.398646713995034,0.0835043158398385,0.0835043158398385,0.193716884065609,0.127278636707763,0.10503344633231,0.390570333457365,0.0986387462545868,0.193716884065609,0,0.127278636707763,0,0.10503344633231,0.268813788627922,0.390570333457365,0,0.0986387462545868,0.00374637645348232
"NB373",0,0.622703197919093,0.673348443443786,0.727417866913948,0,0,0.00641357596261315,0.12980256182608,0.0190200275357386,0.197584085631912,0,0.0912887148554724,0.063625288417911,0,0.0175392918915333,0,0.108340470274483,0.182835782547076,0.171881386236995,0.360296826119445,0.334750211839939,0.0589208249802957,0.240697189747461,0,0,0,0.0443275149181762,0.69508879109965,0.227373863324172,0.333989497036094,0.0521912687921573,0.0682319363597325,0.0600391885138147,0.0295611971421887,0.00632499364703303,0.100318380627274,0,0,0,0.0734061398946891,0.121003353069184,0.0162163197671416,0.0652009185078344,0.0877502020622173,0.0295378440231962,0,0.0635429234849433,0.0984901409695712,0.377296802080907,0,0,0.00912190797397241,0.0930772993390028,0,0,0.0169656217364984,0,0.096683209750436,0.250228211166194,0.188501381582723,0.204258722071827,0.0457402362409019,0,0.317529648582242,0,0.00721959352688184,0.0232764279423762,0.331850822313438,0,0.0766668279844133,0.290631015329978,0,0,0.068620834857731,0.101593045159984,0.205593681635987,0.292282570107813,0.0419847340282605,0.268893928125395,0.0014303180854592,0.0702903215878385,0.056395023674675,0.0285873696235387,0.414220781675007,0.875323598313683,0.818127851727682,0.183338835529735,0.587756790975947,0.453524096120196,0.0106413598365701,0.0994973811753616,0.332641002174346,0.0263243260038703,0.0479067636708768,0.0741644244242227,0.0935328253643687,0,0.101574976317685,0.107800006883969,0.089256434347549,0.188859839552764,0.0710942545535105,0.612992173150886,0.0201383623576737,0.0501658151779455,0.0329578450242286,0.0506227528718464,0.620874085230417,0,0,0.198766636255525,0.100635382456672,0,0.184489595054738,0,0.198766636255525,0,0.100635382456672,0,0,0.244454730073464,0.184489595054738,0.0940009372581743,0,0.116499410289651
"NB374",0.0230311570787643,0.280804613514034,0,0.478122546751644,0,0.117913825975209,0,0.130006930657982,0.0148629969441449,0.174676105550941,0.0315076900301863,0.0798945546967603,0.0827430965671892,0,0.00813210413541699,0.090840610059572,0.105869698605054,0,0.0806226365354328,0.104441809351077,0.260288279692857,0,0.139701339643749,0.0377903383956163,0,0.00724766266295073,0.0387133897429174,0.119537536068003,0.0523705118908174,0.212910559807084,0.03096457006328,0.0997155107901255,0.00724853700220282,0.0314212864294257,0.019795968988806,0.0394260070511658,0.0119484670801518,0.0145044416094476,0,0.0975795014164056,0.106763803447579,0.0635874764133505,0.0493137777814291,0.0722899125353197,0.0196075624161236,0,0.109346183885796,0.129055829373369,0.63200962071381,0,0.521877453248356,1,0,0,0.0115919334786788,0.117089385663339,0,0,0.212431385315138,0.0426426975071598,0.116747993786907,0,0.00560710410667308,0,0,0.068536181412904,0.0887763365295855,0.0269504382657434,0,0,0.151400070669629,0.0369421594643406,0.0984274255510927,0.186097182728247,0.0220967521869807,0.495604472825122,0.123944718713292,0,0.641794446998251,0.68264763084184,0.0273117715356549,0.0699500529500455,0.0667597583065099,0.421954339745241,0.992752337337049,0.877428220533462,0.303315305734294,0.398211626146044,0.387418018612202,0,0.0446726401296295,0.19083867477735,0.0345406420061438,0.152561812446516,0.126583247823375,0.115091064471459,0,0.119493772050097,0,0.0585246014438214,0.13057597241238,0.128826784769907,0.617561739363803,0.0516492427068176,0.363232019984759,0.0721505477885054,0.105932442649158,0,0.781631608129278,0.781631608129278,0.25487844280302,0.119097480404803,0.107209547159557,0.0992709114659192,0,0.25487844280302,0,0.119097480404803,0,0.107209547159557,0.205725501715102,0.0992709114659192,0,0,0
"NB375",0,0.567067078729647,0.840089101647844,0.46574868195553,0,0.0439887039740576,0.0314360006961699,0.121184702117295,0.0289557550432112,0.172760374917297,0,0.143946259092135,0.046401578543776,0,0.0531168440411088,0,0.101226046466663,0.508921539919585,0.333567018921647,0.617176829677444,0.433730008827189,0.0491233588775926,0.213004860245474,0.000421608404511495,0.0618119233516264,0.0549046853501873,0.072124413085617,0.357541188965699,0.471059892681754,0.363029358443814,0.0683938189545882,0.361145253747446,0.0338141614988146,0.0619688218925998,0,0.0690328494239351,0,0.0184689382418336,0,0.0831135798290399,0.113456804325013,0,0.0456024162989443,0.0516324426983334,0.0328432907505016,0,0.0286672162567127,0.104921844170499,0.256346739155032,0.09809897500053,0,0,0,0,0,0.0918612435918782,0,0.114120408794961,0.223946849441661,0.145901569443787,0.134378807790104,0,0,0,0,0,0.0812334159606191,0.0401794378813454,0,0,0.228222486864237,0.0264803643277887,0.0552852166479085,0.079984013863861,0.0754280464588779,0.00750491264811703,0.0150345023465854,0,0,0.0197938118787429,0.0543897881936717,0.001988665037267,0.073309407034627,0.454437384079042,0.925384679228231,0.864914493712615,0.146511782527904,0.414126350520276,0.336758898265435,0.0291131335646347,0.0616629328431416,0.333267962171059,0,0.044915705985053,0.0785134068092635,0.0778262222578858,0.123763514165712,0.0986664159878848,0.11201683568117,0.13169257971082,0.317813278475066,0.0304467018112995,0.51096914551282,0.0568886286776973,0.156451234411854,0.0682698677274109,0.0685646802209675,0.308448098718981,0.511913949477803,0.511913949477803,0.247307051845102,0,0,0.0324094570812715,0.0340182746145122,0.247307051845102,0,0,0,0,0.259619173271418,0.0324094570812715,0.147228494721944,0.0340182746145122,0
"NB376",0,0.39570427282182,0.844741735546688,0.35342835296587,0,0.0576903944313418,0.136023784810417,0.235516128961091,0.0863201870490679,0.143221784385021,0.012745594031452,0.0818497332587683,0.0796341619003552,0.0002682834191397,0.0323792055099401,0.137900107320161,0.0913565393186341,0.248966038658261,0.141761630554677,0.118540879701366,0.172001186846443,0.0454330260942698,0.144123477463093,0.0949868857510419,0,0.0472512170622911,0.0409353025803812,0.261949437063968,0.225359631547414,0.121828107798641,0.0377235016809956,0.0832792824825692,0.0683816573446915,0.0473963643469447,0,0.0335093406112437,0,0,0.159276225559321,0.0928677099871815,0.0411648166969291,0,0,0.0112365365483989,0.0371404633154293,0.0453854038220839,0.0507549960330308,0.0499351124527207,0,0,0,0.0761313267372629,0.0402672883501937,0,0.05930955499974,0.148403890829034,0.00235380335756706,0.0401417482098739,0.104363026800615,0.176359347143064,0.00349998622119049,0,0.00190298015397577,0.0601558049456888,0,0.0682119769662071,0.136541080717408,0.177597244639891,0.199420696238558,0.0679630036737638,0.191115351464706,0.125662664848215,0.216926830306047,0.167165395533698,0,0,0.00936608094187127,0,0,0.128533125554593,0,0.0261121112734062,0.0277476867027181,0.471904188331582,0.802365484974881,0.868548465924776,0.0852046214406392,0.22066607907715,0.22079833963177,0.104931813691029,0.0119542032192526,0.269113897766649,0.0284615192800963,0.0465246602935,0.0094659217621935,0.0534838033080303,0.203327599819832,0.033475864027618,0,0.0434877878926475,0.330107252990807,0.0271525314435172,0.430638466387397,0.0415920903221231,0.141832672920338,0.0800412889378745,0.0264865418657652,0.599158971352038,0,0,0.281941960270672,0.160148349044242,0.0501557031773827,0.220132070973201,0.0638399224717245,0.281941960270672,0,0.160148349044242,0,0.0501557031773827,0.297586745327063,0.220132070973201,0,0.0638399224717245,0.114639580762077
"NB377",0,0.264494922311359,0.531290781071725,0.282788628740466,0,0.00677772905079885,0.0355297155517251,0.172431557288989,0.0535200009927904,0.166341215496715,0,0.0674832529688819,0.0825597490887651,3.535711658917e-05,0.0323969003269464,0,0.111578151590216,0.316776570591036,0.0781373708706095,0.313270576749337,0.295950606281056,0.13827241395864,0.19796455480692,0.125906271524905,0,0.00899834312411657,0.0132320008468234,0.177366382235201,0.187088070107669,0.180363095901105,0.0284120172597102,0.0594870290691095,0.0796870766765548,0.0289782695056186,0,0.118329799354055,0,0,0.13813123668809,0.119256378568251,0.0987800897361193,0.00273916326182812,0,0.0306698826227303,0.0229084663394896,0.0441382671114997,0.101806861543578,0.0502608821655791,0,0,0,0.353168852515879,0.251299818309784,0.206240716093795,0.158207001605705,0.304332349987665,0,0.186561734690594,0.243638737303348,0.273645956813695,0.174835676799279,0,0.041012720619195,0.115540366412396,0.0691363844738113,0.128100164541354,0.063091502406934,0.348012539352906,0.105171171192103,0.122545685305316,0.39423525047703,0,0.152414835058404,0.113111252684884,0.0703378237441736,0.00894843734352612,0.0376550610924241,0.0536921386496578,0,0,0.0583262940767581,0.0140275388478424,0.0281773736042495,0.41197649725431,0.520055331410356,0.816506428187542,0.103651105002993,0.530718871846754,0.244748119276863,0.0977151075369999,0.0340728751676173,0.28894543374595,0.00811917778962409,0.0303498753973369,0.0329825716481013,0.082601620925517,0.0431684891474617,0.0345854522479614,0,0.0149481875031688,0.196041272940525,0.0792716581837044,0.591709726594663,0.00449155621911302,0.125147808343539,0.0641860859343081,0.0310493483392832,0.694287765718574,0,0,0.111130923062035,0.0540374795112367,0,0.152786163687901,0,0.111130923062035,0,0.0540374795112367,0.050920409079093,0,0.281590278042892,0.152786163687901,0.0988885910822884,0,0.187071063650016
"NB378",0.0172812693300106,0.602488757084304,0.643635534901205,0.538282569539312,0.00162137426731288,0.139210170737562,0.0123594307594588,0.110463096569535,0.0287140056273455,0.187614858795994,0.0705536640433534,0.0605453358639966,0.106915468603642,0,0.0175473595931043,0,0.0998012296067912,0.471861538499412,0.387860630538742,0.401858959893439,0.276690780128251,0.0105513196312745,0.208610280829042,0,0,0.00269439811260845,0.0469646076423747,0.459038430103203,0.152734033007847,0,0.0318647518605042,0.29793902965001,0.00796991373525087,0.0314791576066133,0.0640049729413933,0.0316924767888816,0,0,0,0.0847391826638227,0.1404380046806,0.0758530479491274,0.0408569714999977,0.0993124957600915,0,0,0,0.10990099770926,0.258750314747577,0,0.0937564737491368,0,0,0,0,0.0149775769456957,0,0,0.11380542434482,0.0796773554940361,0.093812887054142,0,0,0.356364465098795,0,0,0.0641953869300615,0.197389363225616,0,0.0695373500006753,0.136933790745125,0.0132305705463716,0.0635572636022142,0.16063378684329,0.0116283585581133,0.151320034357996,0.18475784852941,0,0.262015973227795,0.159928601064921,0,0.0605562257477898,0.0232641394832004,0.401698216607469,0.97302840768081,0.853682017269398,0.165767966127017,0.641930548621474,0.368758695583746,0,0.0478882849301253,0.267200047820759,0.123263791506476,0.141765934956147,0.111434072284089,0.0992235115199379,0.00359005917820066,0.113718212966773,0,0,0.350925226614127,0.131462786563631,0.647068532145238,0.0037431149124956,0.16975715617297,0.0427284774345209,0.0616262252126552,0,0.771086511607569,0.771086511607569,0.27846559215378,0.0857525372855797,0.128440672302054,0.13851267789524,0.102114748481166,0.27846559215378,0,0.0857525372855797,0,0.128440672302054,0.226331520530924,0.13851267789524,0.00273181055379762,0.102114748481166,0
"NB379",0,0.575865917923445,0.693980354094371,0.611529629557479,0,0.167292765923371,0.0264625169601262,0.097275172069288,0.0267351120247835,0.196037398231839,0.00677685055005518,0.132824984629253,0.0884136295711176,0,0.106589807331377,0,0.121966209480308,0.186284281886747,0.0855365753997593,0.261625040573585,0.345036656580547,0.00252454038726574,0.20742531013979,0,0.00422893447760171,0.149044240643962,0.0412743652813417,0.313172804830437,0.123707005149585,0.298955186747404,0.0355587445360676,0.0794349574915346,0.0718709342901888,0.0430710690437376,0,0.092560895687047,0,0.0653686351092567,0,0.109542209948582,0.0895952771113207,0,0.0426917677316032,0.0936821625810571,0.0658018455733189,0,0,0.123839446880344,0.310845822121284,0,0.0395164768300261,0,0.211981440267577,0.00417277949899086,0.0905893871297063,0.404306265684669,0.054000602330328,0.116145566902964,0.186147168305531,0.118079790354252,0.207575778381464,0,0.0520433916300048,0.301790711428028,0,0.0904888448256887,0.0375458560577796,0.212468733971143,0,0.0787872433822638,0.317700516421214,0.0244829323458914,0.0593982485223072,0.0799557144867787,0.104822171769542,0.116683548497829,0.105402362632541,0,0,0,0.0725615509712854,0.0301284296032055,0.0122700986533485,0.407643975462479,0.850955759356038,0.85913904141919,0.139266945627734,0.578082057860634,0.344515562498001,0.00946970103467322,0.0926644702057258,0.316458217561641,0.0274441518941348,0.0561979848687103,0.0602500400487846,0.0787983343526765,0.00270493085795645,0.061392843262976,0.0753614560714318,0.0926716562622462,0.221636890805592,0.0664993913447306,0.585168987042437,0.0174823428887847,0.208039657596793,0.0460770274780462,0.0485202636836221,0.471907037766958,0.0619217142132626,0.0619217142132626,0.213635199517117,0.162715046148627,0.0684831592262954,0.327674500589033,0.0182465534804887,0.213635199517117,0,0.162715046148627,0,0.0684831592262954,0.252536048502662,0.327674500589033,0.00089227862133662,0.0182465534804887,0
"NB381",0,0.335102970930724,0.76264877255514,0.536750507487917,0,0,0.00041128574182036,0.165448138883493,0.0220072413345464,0.194281290726088,0,0.0848081717395274,0.0866682496758856,0,0,0,0.106276373749525,0,0.0674813698787045,0.0809920648680392,0.410976807227386,0,0.162470379152782,0,0,0,0.0606879808990005,0.286323466478064,0,0,0.0275725843485462,0.322396223634015,0.00620886539118732,0.0680464270278957,0.0509824710242574,0.0505941798011169,0,0,0,0.0734602572739014,0.127671173030626,0.028033946494241,0.0443829094416774,0.0813130792514356,0.0281562538059184,0,0,0.10944428386708,0.492707097491752,0.23735122744486,0.0698669806979732,0,0.016592527048737,0,0,0.00936445426598405,0,0,0.188225137454525,0.073495214855007,0.0980350339552077,0,0,0,0,0.0654896929175521,0.112951573238399,0.136779323936204,0,0.0691462093468772,0.124059961885306,0.0530943197220678,0.0822369638890735,0.137374735274539,0.0488004214084162,0.396394597283389,0.30956165851408,0,0.795739306185091,0.696665447906944,0.0463492520518122,0.0905852374935383,0.052697005720339,0.42276847918701,0.991556974375675,0.901934878466705,0.290716056183488,0.488902364727817,0.603605402716611,0,0.0665715156470254,0.228179321913346,0.0650534006478299,0.104352704602963,0.123794542154781,0.118580124595569,0,0.131521670444652,0.02873842044746,0.0164685870135956,0.120779044912951,0.0931067302933219,0.626421577482627,0.0123680720654043,0.160151012362829,0.0794286984144549,0.10591890607149,0,0.886079493284214,0.886079493284214,0.22498162657169,0,0.0444698600117048,0.0881752573646257,0.0362952778015277,0.22498162657169,0,0,0,0.0444698600117048,0.241025621873793,0.0881752573646257,0.0200386574548892,0.0362952778015277,0
"NB383",0.00635095280523271,0.493842570967245,0.770842076434343,0.828632526988287,0,0,0.0224971561280479,0.169610362094264,0.018776026888661,0.175444314246863,0,0.0986564728026974,0.0558756455584615,0.0126164615710183,0,0.030795946229297,0.100412060266277,0.344443910354475,0.137665095324012,0.306863805548241,0.368076234629386,0.0608305332690489,0.167591991744427,0.0196166594509455,0.0271399262635238,0,0.0824264237830839,0,0,0,0.0339223247692112,0.189304993952735,0.000349812442001315,0.0603498885463404,0.0468191424952012,0.0417709599931128,0.116652215661517,0,0,0.0526193563261254,0.153524739511355,0.0189410205852518,0.0341593171365176,0.0514478932816741,0.0277465525684158,0,0,0.0988489052026567,0.375003677628729,0,0.0163709662474026,0,0,0,0,0.117005029885053,0,0,0.127912383056231,0.0181900582629445,0,0,0,0.202017997302133,0,0.0526412129912214,0.0302243259312057,0,0,0.0840411598576997,0.136602426765135,0.172403027303274,0.310684991673138,0.176548193865243,0.020910664016734,0.140031447279879,0.150338912714043,0.0149627952316375,0.462346365032054,0.353019987712366,0.030534747661622,0.0745088803175132,0.0455542118828838,0.429198654387063,0.952693119821023,0.862724118059816,0.166557511863228,0.604317234825861,0.348300287939131,0,0.0637756996296502,0.304538544400275,0.109549569579932,0.135444062691817,0.125834632637518,0.09685949295737,0.0349135865135981,0.120400065946447,0.0572261426017235,0.0943089831356528,0.412952647608575,0.0706043984622141,0.585413877758757,0.0439112124079914,0.257650630794352,0.0535057577679315,0.0693244021389045,0,0.634931629775804,0.634931629775804,0.233814574885017,0,0.141592170991864,0.23357635618484,0.207062323239888,0.233814574885017,0.0522296317511021,0,0,0.141592170991864,0.302403241959222,0.23357635618484,0.0792623822882544,0.207062323239888,0
"NB384",0.00619095217591192,0.658933607441565,0.77107426520318,0.341824092877394,0,0.026523509601427,0.0496648281572643,0.176804851385397,0.0285807237573831,0.184259386965862,0.125065984687401,0.125790519128349,0.116408430612237,0,0.0660368608063623,0.0204325267985199,0.0799055426600643,0,0.132087542912071,0.256375969324704,0.237518420310035,0,0.0896087125230462,0,0.00840315886917473,0,0.0364264280792032,0.481343422910117,0.0641132921153208,0.232460714191749,0.0429281066220278,0.131681051814333,0.0891422485197924,0.0414600857201286,0.0103967032690798,0.0860076534016058,0,0.137933687769273,0,0.100290158783601,0.0887141049446559,0.00915742249983545,0,0.0232742936344175,0.0306071572484144,0.068043001327605,0.11181307087362,0.128196621742519,0.341066392558435,0,0.529128346179637,0,0.026402824224985,0,0.102253595218778,0.231056039078059,0,0.068278260098654,0.165192323915093,0.139003383832662,0.0622140930518114,0.026698163403741,0,0.220522575927645,0,0.0579308168450561,0.206849034189192,0.138116756054363,0,0.0702513073650935,0.184951166906474,0.00736166430507551,0.0883321071369842,0.119379834341418,0.0452876671824421,0.130139266808501,0.127334472275594,0.15168414074441,0.245931740541517,0.284145802395748,0.031603438662741,0.00563445558978942,0.0629273373055108,0.396708432398806,0.84831585925559,0.784481612911284,0.132523513230906,0.547895045210504,0.266593583677101,0.0843592367719453,0.069153345646994,0.326334053479994,0,0.028632753571896,0.0853498381948443,0.0893954736520767,0.00147154911661385,0.0525089370229751,0,4.78998308908456e-05,0.221419632065955,0.0648205813530353,0.58767349511042,0.0172296362967436,0.190375434606171,0.0474238598235825,0.0462234489729339,0,0.871511190191104,0.871511190191104,0.239426427741614,0.0485282574212232,0.0971289807470016,0,0.0301396842072413,0.239426427741614,0,0.0485282574212232,0,0.0971289807470016,0.242489786214956,0,0.0661442016271357,0.0301396842072413,0
"NB385",0,0.290587700645677,0.632955269344912,0.624307367452054,0,0.00121029464267673,0.0601516686079393,0.204099807467422,0.0182471247683296,0.1299923288271,0.0486197105645887,0.0290160828845434,0.0880693047473469,0,0.049294369939483,0,0.0848177091025398,0.133512299900481,0.0256899634571628,0.139649874109538,0.14363235537788,0.0172274490493576,0.0915542124928224,0.00146819289644872,0,0.135683641920525,0.00249490790206137,0.502715049254304,0.639389295720499,0.416549831741502,0.0266988661235645,0.0502676624487015,0.146556209449481,0.0420860020831244,0,0.098963390790989,0,0.0388024840825151,0.0479661897923462,0.0856258720003218,0.0779615297409499,0,0,0.0206737710381095,0.0246152262034498,0.0596702136675184,0.0607892509124262,0.0719208016331686,0,0,0,0.361841488787393,0.158930611957557,0.0156448754131197,0.1843391044791,0.180362400613292,0,0.132606192223724,0.157229269556398,0.2218383794347,0.116981214136915,0,0.0338905034339097,0,0,0.107564069382607,0.0720065786361172,0.132046030176555,0,0.091448613618804,0.395007833291384,0.105449517139947,0.149702244287294,0.146391959694114,0.122761982283228,0.0142293765899202,0.0208807900336742,0,0,0,0.0355201835640184,0.0417264240164569,0.0738821755385742,0.432762801716558,0.748234869853489,0.767424661279602,0.0691611490308457,0.467835989782365,0.340743871488907,0.149686791987587,0.156272073946675,0.430357625318423,0.0226846363194277,0.037442632723501,0.0332832139083848,0.0467039699208686,0.182229207037524,0.00599361877321386,0,0.0115047490437342,0.321077088354785,0.0143292232461974,0.385741189649869,0.0333159727548571,0.126079953640273,0.0527951946793614,0.028487866570944,0.608124676573766,0,0,0.268827380326144,0.134629811531651,0.195736328094337,0,0.012089556714902,0.268827380326144,0,0.134629811531651,0,0.195736328094337,0.302603479857719,0,0.257245511894583,0.012089556714902,0.112009615598945
"NB386",0,0.374837510629409,0.829465906479964,0.317205395895656,0,0.00782418716360915,0.0519682550082639,0.110895801397933,0.0871727603672567,0.137104267492615,0,0.0643852642927259,0.065431144987071,0.0783052440810042,0.0638531791987556,0.183320116209074,0.100854713741289,0.34411001035645,0.13742486470462,0.129624882646459,0.28960425601488,0.127987395092668,0.161429248016699,0.0846001639877669,0,0.345722911657239,0.0927710495804878,0.364766897151003,0.630706487581184,0.42113371786386,0.0823953402495707,0.112130606076591,0.136683162693394,0.0766496398685865,0.0226976023535667,0.0780863406661802,0,0.0363553642441566,0.195409278277811,0.0986995062140562,0.110886074037772,0.0174600522203886,0.00474808969896054,0.0238993801794034,0.0323658634275375,0.0285378589501713,0.0526605806424709,0.0809685058116789,0,0.0184127356557158,0,0.15172732012347,0.00980070691867687,0,0.0891760853801395,0.00734963231239065,0,0.143184481983262,0.201319943282794,0.26947087527606,0.150451664541354,0,0.0702293942702004,0,0,0.0837018289681416,0.0663658215007561,0.0537294270683826,0.0674580898255266,0.0596785220964902,0.232185590527095,0.117825284377333,0.138677879622363,0.12348942224651,0.0415276949358388,0,0,0,0,0,0.0295909343530311,0.0156000302276295,0.0390464294142146,0.461232771513137,0.487119268862597,0.872460109113159,0.0743160759042121,0.286816727567475,0.189037782515291,0.0732287696743366,0.053778671830264,0.354148845322899,0.0282230142166306,0.0284922183351694,0.0275807246406894,0.0359313055088386,0.364690303680975,0.0645386643088278,0.0138976390173316,0.0740684583273269,0.371136145315079,0.00592282184237693,0.232572496609702,0.0774954522128209,0.129341685093684,0.121975686493723,0.0514259837388479,0.170171167834172,0.237686178630747,0.237686178630747,0.213667473641113,0,0,0.497784387774158,0.366110867881167,0.213667473641113,0.214895402945474,0,0.192215976885366,0,0.315217683321593,0.497784387774158,0,0.366110867881167,0
"NB388",0,0.82586588625141,0.599589029248165,0.376921218178032,0,0.0516603106470424,0.0158322484675073,0.175604266368011,0.0230909781283168,0.148911359573616,0.0348808681601032,0.0936478672886763,0.076798274805608,0,0.0501896477982579,0.0197636563909299,0.0830467747842252,0.343576173916233,0.0218932181412356,0.381151568333021,0.120814390143496,0,0.0819060083097388,0.0364888280836829,0,0,0.0133399160547338,0,0,0,0,0.05937392100242,0.00185237596604468,0.0279607582674026,0,0.0552229142403383,0,0,0,0.124401774105257,0.0905368582104829,0.0287188371039212,0.0174924551726659,0.0379921198190175,0.0586382013908244,0,0.0164084327392205,0.134997837470226,0.0903998727345537,0,0.427659301866926,0,0.00351701538013341,0,0.109540501750409,0.28086124043539,0,0.053610561241241,0.185276579163017,0.264606760900888,0.203247422727695,0,0.0481239748729978,0.400410970751835,0,0.12491383660259,0.0951676211552498,0.254438793729935,0,0.0782042083151613,0.227845010360793,0.15709477843898,0.195583687751291,0.200174467164649,0.0460944712706764,0.074583656306431,0.0745480880021333,0.0512985799299538,0.168643043003264,0.414432594002173,0.0679257296054331,0.0160345944726346,0.0540565212063538,0.419474108330369,0.914736733097523,0.840266448816649,0.150917986539388,0.509221431772388,0.391482770534819,0.0870126781233422,0.0700876046614748,0.30320972277034,0.0243983350710055,0.0697511078974583,0.091280420489214,0.0797631970589752,0.0995866051738131,0.0375479585817306,0.00253777526397037,0,0.271647631348189,0.0907957090346926,0.565125009021397,0.013883218731756,0.17106149188053,0.0564905479652398,0.0423297681975319,0.0182927121680454,0.675462074023459,0.675462074023459,0.212871664283728,0,0,0.227767877804778,0.108303238190644,0.212871664283728,0.0756671524448496,0,0,0,0.299320359120708,0.227767877804778,0.0211028957269135,0.108303238190644,0.0424726790367592
"NB389",0.0461972759672546,0.305198850430009,0,0.931799154670502,0,0,0.00084302483464248,0.179307907846311,0.00766153463041755,0.138152303751993,0.0218779573081293,0.106848811243196,0.060848737515849,0,0,0,0.113182812902942,0,0,0.0223596980695861,0.204792918578375,0,0.0792751262162742,0,0,0,0.0864945982764868,0.333732265067717,0,0.132366023757343,0.0240487112089538,0.12778437207697,0.0406580343895796,0.0954360938188255,0.0282637523291075,0.0742446343221331,0,0,0,0.0389061880183618,0.124731235753146,0.0391275937245616,0.0640816734053463,0.152938940901637,0.032901954923612,0,0,0.107129832942418,0.597940257970044,0,0.0179830733119991,1,0,0,0,0.0116468281611229,0,0,0.0832520040630733,0.00080282979140575,0.181089288676034,0,0,0,0,0.14904381234222,0.0722284237250217,0.405803688664849,0,0.102950320394782,0.206778480369181,0.107757915189412,0.0807749602495692,0.170534191497645,0.0520729186297474,0.267714814505433,0.215457121350923,0.100762110143848,0.594196311335151,0.497201451555169,0.138132638583342,0.0718589143995311,0.0261948026025728,0.401782884828651,0.849580302514994,0.839829602937094,0.285092149190516,0.741862645672042,0.643433675624722,0,0.132335346770455,0.330147512928811,0.0445560434948786,0.110772131364603,0.107659762470843,0.108196175977599,0,0.131092511771088,0.0225047008985568,0.0668078238071206,0.218638897334052,0.0992327671272565,0.643955368481524,0.011322670854035,0.129371723838255,0.0652546221757746,0.0714928751937243,0.481931222311645,0.0942373148927836,0.0942373148927836,0.252375576972399,0.0899655448447092,0.111141083985495,0.0258924209975112,0,0.252375576972399,0,0.0899655448447092,0,0.111141083985495,0.265693200715955,0.0258924209975112,0.0568063812628079,0,0.00321876582783502
"NB390",0,0.598380098457409,0.857091627860222,0.337273647490331,0,0.00201412541719997,0.00857760028952397,0.228172926095322,0.0704248038351131,0.203030705122557,0.0240726437557391,0.118134366883628,0.0865947596705484,0,0.0236111133080107,0,0.0930783085197294,0.438977697960356,0.401315008409642,0.726588198325182,0.395976968708446,0.0108537690600794,0.209123104376628,0,0,0.00950996689849972,0.0211409931173691,0.353492215054806,0,0,0.0345309997367482,0.178719325318796,0.00857618245441112,0.0298127499374315,0.0657912667258045,0.0275856916514773,0,0,0,0.0741911063944987,0.108261718842405,0.0236762974935862,0.0152518960764466,0.0319167338308338,0.000281154467010374,0.0282997679116861,0.108799089511692,0.0813659712392127,0.304070997172403,0.142908372139778,0.505303478413275,0,0,0,0,0.097628919687834,0,0.021685767377302,0.220457698882704,0.131504443081695,0.0745706291002732,0,0,0,0,0.0604282461390673,0.0446585052761062,0.0632457382719287,0,0,0.0948917388455216,0.0246410646398382,0.0592193223034404,0.121524730659927,0.0205521805255296,0.146648911388631,0.178816069066292,0.0122412823799322,0.356058737379491,0.273411801674818,0.0261086369758715,0.0455714489135348,0.0708766700831981,0.4360200906678,0.953630016775363,0.848147293237953,0.190371944367568,0.468551236284717,0.344493606650746,0.051448279073676,0.0621512955604084,0.264863278090292,0.0414491194744551,0.079281521317926,0.13441642929038,0.0936435219463888,0.0115211224524481,0.0964880523860913,0.0270367479514136,0.0185695448589564,0.229833732342921,0.0921227948844831,0.565338363941462,0.0646085749226584,0.345277497540018,0.0656223792162083,0.0706216442613549,0,0.784427137119399,0.784427137119399,0.317646657478567,0.0723503507532197,0.216200361237272,0.0136513368693937,0.0172038802916713,0.317646657478567,0,0.0723503507532197,0,0.216200361237272,0.221094289517121,0.0136513368693937,0.00525329038789996,0.0172038802916713,0
"NB391",0,0.828207141723901,0.361985426703929,0.410341040778246,0,0.0718342168261965,0.0150985127328743,0.099599989437898,0.0917719327590173,0.208659972647716,0.0935267104638681,0.132851442420819,0.1235792298058,0.0232744060565553,0.133956462018981,0.124968133908416,0.0609613423933568,0.193756217997767,0.0862238498049398,0.243081289025972,0.273379270527987,0.0372914534894438,0.0922921087490921,0.0079983606888976,0,0,0.0516675488902474,0,0,0,0.0352797451969398,0.063203231349865,0.000455131257125728,0.0461012498742102,0.00391597035246581,0.102472245352744,0.00659275876365662,0.116309920223018,0.175865293450662,0.124985427279745,0.11142606147805,0.0533685313077292,0.0334163054050351,0.0922193129251117,0.0306879932872139,0.0105774578592837,0.00174492986382645,0.107913331206629,0,0,0,0.0112468648519015,0.00650357707424065,0,0.118361494919692,0.0849235794389016,0,0.077076984464803,0.167508263335924,0.0842508400894826,0.141360569740292,0,0.0445979341321532,0.62676770844417,0.0176518304945094,0.10724816895047,0.0821260433348745,0.3129974039921,0.0714731411846059,0.104895337065159,0.272464659264421,0.0840542748460377,0.136766463944862,0.138050323946998,0.0988136800374059,0.0589424491608225,0.104498687833503,0.10044876226376,0.25574663265052,0.37751867616244,0.177518402765752,0,0.0617004809072708,0.418264236317626,0.747389813152952,0.866719090535146,0.105780362281402,0.461246621296612,0.154430485951368,0,0.0489851660558095,0.329029042334195,0.0221305665348205,0.0404589170478521,0.0685768117882304,0.071619567255572,0.0599431211197893,0,0.016444990881786,0,0.271114111091516,0.0349138289968731,0.526340523346449,0.0163829949857677,0.184432953734635,0.0613192074793156,0.0509573624687691,0.495549611569753,0,0,0.208753734492973,0.0746052988768163,0,0.376371554462417,0,0.208753734492973,0,0.0746052988768163,0,0,0.295696653937275,0.376371554462417,0.122344733756847,0,0.200400104830673
"NB392",0.0302010995014401,0.657159465324299,0.784924071156431,0.286581851287827,0,0.0666519808311622,0.0188088961795706,0.167876093812069,0.00889037856742125,0.12736177475942,0.00244854483923968,0.0815873110572498,0.0590046259911116,0,0.0120220228803397,0,0.103442635362621,0.234746786588131,0.287885669796865,0.301144676388644,0.151757010410639,0.0379772718037341,0.101489875993704,0.00827995871503862,0,0,0.0348298156560656,0.189416952669426,0.18233136570398,0,0.00210169551084933,0.0641918148297668,0.0263667996503811,0.0444862897895644,0,0.0619028739927597,0,0.123378457404239,0,0.071932427293696,0.0893366483368309,0,0.0164739050153904,0.0661693681155739,0.0409586758911913,0.0177209086536745,0.0947497370855115,0.0949907955866154,0.342840534675701,0,0.640418140147201,0.130792572801673,0.0688652888309421,0,0.0852451907032142,0.199483018799209,0,0.0511440640412069,0.17725159574275,0.197817089304751,0.0973706325470507,0,0,0.0842833560418962,0,0.104304182315583,0.135828769299931,0,0,0.080780975332794,0.25016168184313,0.0777751100200694,0.117933992655583,0.14320885472744,0.0636583116083745,0.105691032578617,0.0269136607841599,0.0527027122197409,0.224944231937865,0.277912714625952,0.0593019795921481,0.0251672847382981,0.0880397720351369,0.42620627183713,0.905450056183489,0.817028442287711,0.206576536457394,0.474287119877277,0.359817900232674,0.0752411080117751,0.0548503724893641,0.300395729653521,0.032436166024277,0.0705736449980262,0.0813018497781018,0.100712215361754,0.0206815509957152,0.0835325787826273,0.00599737122555807,0.0687671725016228,0.249903265654919,0.0432461134671903,0.599810309546786,0.035947337767445,0.287510172615739,0.0601561700743333,0.0851312859166849,0.382994492560233,0.0831399982268532,0.0831399982268532,0.209813911739742,0.266953090883268,0.246588745789413,0.221595106886197,0,0.209813911739742,0,0.266953090883268,0,0.246588745789413,0.319620384175804,0.221595106886197,0.128457309670302,0,0.110880756678127
"NB393",0,0.455426369303094,0.645214845153594,0.42754101483314,0,0.160881758489169,0.0366220381823095,0.0885562803680884,0.0347526553081094,0.196659290327857,0.0805313643454778,0.144583306956958,0.105356086650051,0,0.081803385254604,0,0.0860751971217624,0.0772342998456657,0.074755465554428,0,0.134848067415481,0,0.079249046151722,0.0687766629021618,0.00240929985263301,0.0269912605398285,0.0442702115075103,0.522785837714131,0.0171037070650388,0.459690831495038,0.0349050453853885,0.0643084231107312,0.0788454336990305,0.0454774277128357,0,0.077989841039936,0,0.147492471402461,0.212873367959908,0.100011701634398,0.0726839753015325,0,0,0.0541532424539689,0.0635680487295865,0.0558550495220433,0.0409550846267646,0.0788191249236542,0,0,0,0,0.257873413867527,0,0.211044915263538,0.294323674470647,0,0.098537032459634,0.179429948004459,0.203001999570791,0.151563868168845,0,0.071843587870985,0.352375854993773,0,0.091370306547614,0.119392240594972,0.18652060958609,0,0.0783399057710582,0.340861747185256,0.08328518258476,0.139778583551397,0.151900183349437,0.0629594822721902,0.09899755965687,0.204915514057838,0.083471777620834,0.215869383714241,0,0.117125074503404,0,0.0956495408812769,0.386420600890708,0.811629388544226,0.809351314101101,0.180371820567417,0.530223717215646,0.192728887678819,0.00338011655306053,0.0839781330781976,0.281627310288487,0.0391992084345413,0.105810399915808,0.118050038928964,0.0724016561094985,0.0024174687985092,0.00478923389488401,0,0.00259795084593985,0.115606602432231,0.0428406513409321,0.509869059125125,0.00227496919300522,0.0859567791992833,0.056572089592922,0.0526359471679471,0.459506275006752,0.343828483890646,0.343828483890646,0.254167264307905,0.0860885063821376,0.152868574346672,0,0,0.254167264307905,0,0.0860885063821376,0,0.152868574346672,0.217755463349898,0,0.0331274369909444,0,0.00963369861566576
"NB394",0,0.1598485630513,0.620603034756376,0.264900050588587,0,0.00464932169187266,0.0942998391261075,0.211057989760739,0.0603501747601726,0.146986213670457,0,0.0360980123224767,0.072634730549334,0.00096744237803924,0.0186123973578252,0.050832568715806,0.0791500449703781,0.161254990720936,0.141471270090746,0.177589892423364,0.126933579593139,0.159336837069176,0.168629842363834,0.0774239534669337,0,0.0725761801638353,0.0334487841641499,0.0982363678500801,0.0431504966201735,0.125074719072883,0.0379533866459969,0.0427291406855847,0.073463563469239,0.065663110037573,0,0.0645688720400911,0,0,0.138379246572346,0.106407664430776,0.0652714408637965,0,0,0.0132314718021474,0,0.0649148203360252,0.044297348549902,0.0133233658794519,0,0,0,0.350571882838847,0.232145021877231,0.292755898568715,0.203260281136216,0.313919834324355,4.258333988002e-05,0.0997288214434372,0.0970305692932911,0.277843543581118,0.0643415217239742,0.102306807313607,0,0.0288250824047765,0.114767521783462,0.111897150770526,0.195994108378623,0.32124412618401,0.0646224200567396,0.167159301497489,0.238162526797704,0.00035241712697839,0.0805556331597524,0.0930479277400873,0.0343645588225172,0,0,0.0373231833503306,0.0424969526912935,0.0657487476400182,0.0614359807379146,0.0401842104420941,0.0177094772623616,0.405658128276954,0.185114355962907,0.71286140398478,0.0537802682239199,0.39658259543293,0.200448060581155,0.134137016994531,0.0618678282341212,0.392127662854173,0.0256966327401836,0.0175943447231641,0,0.0442181039963257,0.211319675925036,0,0,0.0229401684818812,0.293133493448149,0.0106874614213811,0.308791820064343,0.0330035223734165,0.152590604907625,0.0759127399731361,0.0309734286529227,0.652672188873585,0,0,0.12010569003771,0.0484473259850352,0,0.23014766037224,0.13366795042428,0.12010569003771,0,0.0484473259850352,0.169332375100115,0,0.293107395517526,0.23014766037224,0.0687328247691396,0.13366795042428,0.0421410298353143
"NB396",0,0.467597305110028,0.674678882608993,0.652842223843186,0,0.017107951751764,0.0416573556049381,0.216726121671036,0.0333503406563136,0.150960099684608,0.0513256580216969,0.0354202841427448,0.0960294852486949,0.0273165749978896,0.0225888667419196,0.0742944281891867,0.0857220899624576,0.267200741352313,0.19495797344783,0.196162708373219,0.191174050544156,0.0484988589180757,0.129969957217234,0,0.0163221371935407,0,0.0432422052709632,0.245659754689438,0.49402712261282,0.123558145696815,0.0264886172193019,0.0804144468230646,0.0418868080998505,0.0583167977592026,0.0041722950983753,0.0487753594837957,0,0,0,0.0574077264748871,0.0877470494805032,0.00474024395335984,0.0354749035519896,0.0147007988150926,0.0386533307379527,0.00046883794497494,0.118475688256213,0.0863934306364718,0.041187645558986,0,0,0,0,0,0.103362083669851,0.0104725992047725,0,0.0882869441834632,0.142636538362455,0.210732940557175,0.115062502057656,0.0141048147415541,0,0.308998980197467,0.0368856174275108,0.128005069354619,0.133587074156951,0.23757209408631,0,0.14649780529585,0.192909913117478,0.0444820083803687,0.0413711372118631,0.086746960757099,0.0420275843520671,0,0,0.105505931063313,0,0.103912904096966,0.073254926599039,0.0248357965000504,0.0881605637343854,0.439383392547324,0.739473407284234,0.834032865406935,0.0571656500854615,0.516147496429865,0.356683709376332,0.126194311588317,0.133985162503597,0.395729641241383,0.0139372537579801,0.0299928774484542,0.0542857068493139,0.0578733808753211,0.167830406271558,0.0306850664308711,0,0,0.355597907058768,0.0245821324641822,0.457907834380119,0.0218504324702142,0.17327141987692,0.0634415342802888,0.0371592199209629,0.618288709891576,0,0,0.246270708466726,0.0653680678560396,0,0.177765816734521,0.0750225520466275,0.246270708466726,0,0.0653680678560396,0,0,0.300037679456456,0.177765816734521,0.138577405517864,0.0750225520466275,0.106255394995932
"NB399",0,0.567219745188583,0.868371123968909,0.295026843430297,0,0,0.00768481148246123,0.0858509234781353,0.115377873612295,0.195760091890067,0,0.13849195150736,0.0543031596520983,0,0.0206308151338361,0.0081537551817487,0.0946815992963735,0.446218093458828,0.540894956008511,0.740555238234118,0.583311258113755,0.0694185719374079,0.338696404724484,0.0104699489376989,0.0887336420763029,0,0.0644786703293673,0.286608228021207,0,0.0615426416675834,0.0642508583751609,0.371099013551811,0.0268668652590239,0.0405851223120098,0,0.0457097412748495,0,0,0,0.0729293468829177,0.104934463989315,0.031492369136373,0.0414884084222569,0.0895388536283246,0,0,0,0.0885171698164073,0.194104756502179,0,0.246778516655133,0,0,0,0.0482637315048058,0.0136096677850669,0,0.0156730953419848,0.179335970364957,0.0713927357613012,0.125250664285063,0,0,0,0,0.0359233681779764,0,0,0,0,0.151356206665705,0.0213493887570536,0.0675073782836673,0.113704837135435,0.0432246046316142,0.0415203348731183,0.0632285384682477,0.0243562540314269,0.459105043991489,0.0399430469511158,0.0634403267734435,0.0553455242406473,0.107055351509021,0.465448291648311,0.902363541177454,0.889636790874877,0.174712504265826,0.411171703791234,0.211283905646499,0.007298801537388,0.0665963916179997,0.269016792144805,0.0826487732268728,0.102377943734584,0.0934055912897359,0.0857858112578951,0.0938646838106917,0.0885533281527872,0.0569566427246645,0.0648588955044345,0.249490424885507,0.0490518339935449,0.556573329381563,0.057569572168247,0.211591405969353,0.0792982303961841,0.0825952047202774,0.324315250142184,0.280171916563389,0.280171916563389,0.229444900445706,0.0329972479753109,0.012717357585285,0.0211801955113423,0.225349711635666,0.229444900445706,0,0.0329972479753109,0,0.012717357585285,0.341166569913085,0.0211801955113423,0.341335389807774,0.225349711635666,0.0975378271097248
"NB400",0,0.565371276063376,0.819397570558417,0.569242792943599,0,0.000831701369523395,0.0334473947362137,0.132302456981838,0.0384134841686675,0.187511891586681,0.072059498630577,0.145703526243056,0.0890538985229403,0,0.00915586119369665,0,0.0826076120729589,0.289279379482941,0.280702745966609,0.392992738970464,0.325816629014861,0.084586555139228,0.181475096174778,0.0727495875287386,0.0256910434047801,0,0.0519687102866143,0,0,0,0.0153793007762528,0.193956547770288,0.00507378358696,0.0695103612390053,0,0.0823850180940778,0,0.0463730332159313,0,0.0685392680876057,0.116634048166467,0.0537812814492596,0.0586501827787367,0.0902683570610048,0,0.0171529793291932,0.0326476469813346,0.104463792884249,0.388114431081857,0.154911386036803,0.211135121498831,0,0,0,0,0,0,0.0252006946862111,0.17401253462163,0.186308234631583,0.158603498490555,0,0,0,0,0,0.0289708773191061,0.207946037697678,0,0.0357556492570947,0.19992071320237,0.0911439912317623,0.12125426937983,0.1507057744566,0.0352183682434384,0.04378077281119,0.0854609125995902,0.137152679163465,0.511351216335713,0.607007261029536,0.124193607006906,0.0453337626419659,0.0540469873706182,0.441246400412764,0.809941213886039,0.841740042942703,0.128537766044327,0.477952458970765,0.337438416006574,0.00571792994209545,0.0823561293918254,0.383387856791244,0.0276128947709917,0.0656486847347521,0.0796470931283983,0.0730665364964337,0.119955743571147,0.0710650005183053,0.0158517384619905,0.0135757739091233,0.384461389407157,0.030398433532371,0.515317923135632,0.0243787396612944,0.22906285840466,0.0785297814424608,0.0748233406881791,0.721298024197549,0,0,0.258086089575586,0.139067994944827,0,0.139633980857624,0.0238394076423721,0.258086089575586,0,0.139067994944827,0,0,0.217811399856279,0.139633980857624,0,0.0238394076423721,0
"NB401",0,1,0.681855910324792,1,0,0,0.029246836967982,0.0913186642879429,0.0374449373892434,0.212868799650552,0,0.0985756722666274,0.0665433690510594,0,0.0527139795350861,0,0.0827830505529111,0.366492159201635,0.390461789117486,0.347030706393976,0.389444063245296,0.0595167756755491,0.173908137818471,0,0,0.00212478500559529,0.0563450477955158,0,0,0,0.0179742711155945,0.0676548667316217,0,0.0444295696912564,0,0.0987762077303565,0,0.0406937250911275,0,0.0859869545114735,0.102449978952703,0.045365749424806,0.044362720644724,0.097870864369412,0,0,0.0370097292020758,0.0940758951588354,0,0,0,0,0,0,0.0457125204092874,0.0830688385879345,0,0.0474807068870469,0.182807760777383,0.114205275235393,0.207336555249472,0,0,0.318144089675208,0,0.107698756788033,0.0379538145564501,0.208667870162051,0,0.0772631360145039,0.338084449371055,0.0565226932459023,0.0851190421054568,0.145383635142159,0.104439373911584,0.11581181869816,0.144802606644731,0.0201443204714563,0.400870340720463,0.491789409374582,0.0887817586299327,0.057510308944671,0.0461583941912071,0.440864643189596,0.939015460412296,0.85151422323294,0.153951297739255,0.565625660746282,0.375931929698769,0,0.0739436039168423,0.288634796250906,0.0279319664853759,0.105808944863895,0.0845412944496265,0.0895777646725816,0.00099702023577485,0.0897289221331077,0.0231899285069726,0.0536336184084876,0.182665351460239,0.0652980524642105,0.58129878904097,0.0229208901172568,0.231587653007673,0.0820022075280067,0.101372064137325,0.491662842976453,0,0,0.212006018967133,0.129208914459154,0,0.35221812513639,0,0.212006018967133,0,0.129208914459154,0,0,0.296331138056414,0.35221812513639,0.0758042039948616,0,0.12062042815015
"NB402",0,0.70699068355866,0.704574116555352,0.667162788694673,0,0,0.0311892454754566,0.13956432226974,0.0810334764991728,0.170569630856019,0.0310506700988388,0.121522334866903,0.0636253460350793,0,0.0402287350435874,0.14886888516729,0.0905573138546176,0.272747444649734,0.0611185267767106,0.323969837962019,0.474635729605514,0.0359177337901775,0.213214241192403,0.0103410121100137,0.0187726997280141,0.166192675182445,0.062521774482814,0.287072067321261,0.643883036018035,0.312099867783615,0.0445376472576237,0.253802618529847,0.0896122840514494,0.0440690333651391,0.00251617454341142,0.057026886727199,0,0,0,0.0723131329411101,0.107990924417849,0.0476538601201078,0.0688204442581228,0.102491914024755,0.0127702379360696,0,0.0161139383242232,0.113444886353613,0.224710356522098,0,0,0,0.0391285620016806,0,0.043285744160895,0.0764364283261121,0,0.0745066815691661,0.170604122265965,0.113259443150199,0.226822409208298,0,0.0390256890643434,0.276653183716634,0,0,0,0.0316538007450115,0,0.0203454385226445,0.176425845817642,0.0997078053749139,0.0639904255488714,0.128268791073155,0.0655453512148034,0,0.010167716875727,0,0,0.0386354372227467,0.0419009482872311,0.0208904111186502,0.030246389638063,0.467086936503551,0.825347562020911,0.859441077642984,0.0828089954732072,0.417603511358605,0.282790843463803,0.0458485974275835,0.131038317110476,0.389128553642576,0.019927194673403,0.0462271519571817,0.0171770861243413,0.0504950734102542,0.178958893957652,0.0465869822201552,0.0720981397334109,0.0492911081452348,0.394779725373135,0.012762902708688,0.31735806230684,0.143081055090912,0.174114696302813,0.0897039713501918,0.0671925748592648,0.24942789505184,0.157352773953671,0.157352773953671,0.316359060771356,0.108227255708625,0,0.389376503699368,0.399104640290491,0.316359060771356,0,0.108227255708625,0,0,0.292546292208367,0.389376503699368,0.0956155715864958,0.399104640290491,0
"NB403",0.0101226182634549,0.359321597651968,0,0.944709796255816,0,0,0,0.210389365195183,0.0152176577059811,0.189327587709933,0.000191222309900938,0.0813156821528707,0.0800697488026441,0,0,0,0.127951955226053,0,0,0.23880948661187,0.284906225446018,0.0129991413283747,0.20201498965714,0,0.0576054275839513,0,0.0577875606608187,0.720061417452152,0.30441959366784,0.121788367898485,0.0440619595543725,0.139027961346486,0.0186601031218615,0.0358817534290663,0.0301075463885577,0.0496370205426698,0,0,0,0.0504772018915502,0.155016849156096,0.04323891108439,0.0674570785820556,0.117654358505064,0.0213711753150987,0,0,0.102764969046991,0.505366585797016,0,0,0.942394572416049,0,0,0,0.305729720390622,0,0,0.13515428427779,0.0840014386160606,0.0900696624737672,0,0,0,0,0.101121511565118,0.10626964030047,0.028426247678458,0,0.0681274516044277,0.115241476951816,0.100032761381428,0.0521130823588342,0.148093233934581,0.035985435515863,0.194628425989198,0.208405681941844,0.0297360015981542,0.0840993025025294,0.332089058231702,0.0489083632560255,0.0780569361331503,0.009855180699104,0.412232108510885,0.946314713595682,0.861755140833705,0.110639048863116,0.452452757256779,0.374309112091088,0,0.0521138032787529,0.286909616578052,0.0476719484342886,0.109618876190016,0.122611608761566,0.106963302458878,0.0270489677017909,0.130612808237804,0.0390981980149968,0.0728976981916314,0.481429783427941,0.119976042798491,0.604855386475294,0.0307992151351608,0.25801282353466,0.0445818718601017,0.0760731946005064,0,0.74799238245764,0.74799238245764,0.23421605423511,0,0.0714056352100978,0.25200761754236,0,0.23421605423511,0,0,0,0.0714056352100978,0.262455052519742,0.25200761754236,0,0,0.0128285864772016
"NB404",0,0.618487189479805,0.933138531297945,0.430126227570908,0,0.0678833298715184,0.0294231912405632,0.0913397000666522,0.169912681180508,0.236698046944175,0.105340788952949,0.0184958874147052,0.148870513127307,0.0351911415816747,0.0912447486405622,0.166077283272959,0.0481969535269902,0.0529711214580262,0.105182270074965,0.0442264718832759,0.298620987438993,0,0.184609677442825,0.0032512607237604,0.064012206333777,0.0245620156089723,0.0941903554215002,0.211116588917244,0.421301078268154,0.0438305767167342,0.126395278299304,0.37854171072717,0.0696612738303375,0.0666985790674368,0.0267027785860209,0.0524852264318445,0,0,0,0.102163383654898,0.0736752981117522,0,0.0472340259411287,0.0507380246444325,0.0700627365268088,0.0330072458456802,0.080213495144401,0.132684426514432,0.180488907592557,0.00284926236827798,0.0733045614390187,0,0.00805281375308819,0,0.0363258383914998,0.00300408387248103,0,0.0624094478569004,0.171928987660849,0.119980944709857,0.186907764818215,0,0.0251289762302034,0,0,0,0.0231361739926441,0,0,0.0232565038221647,0.114592052278738,0.0349097217650239,0.0561002452172302,0.0750872367892414,0.0609796741043398,0.075303898692308,0.179232236555999,0.0795636572514615,0.329190751054725,0.217779682942213,0.145020249186453,0.0337580115809681,0,0.420496948713092,0.854263051644387,0.875756224617516,0.0687580184786154,0.50232301156462,0.190484687818302,0,0.0912936160059638,0.347916465766177,0.00834879401750547,0.0222965669802228,0.0419557905863517,0.054430984722043,0.0552525443070155,0.0212368809663118,0.0414565747968653,0.04428698843832,0.313325537517741,0.0570231486195445,0.46996074455518,0.028791547955895,0.16266411985789,0.0614203325505934,0.0416513027042764,0.0210566563304719,0.685244462037745,0.685244462037745,0.268020904827191,0.0883227182036497,0.216241295162193,0,0.197112843762523,0.268020904827191,0,0.0883227182036497,0,0.216241295162193,0.264643215324609,0,0.0250216762331468,0.197112843762523,0
"NB405",0.0171847264703577,0.70025175257462,0.838405261259818,1,0.103856585200991,0,0.00384043108497423,0.0869330696151573,0.0217786128248541,0.171268404593978,0.0362545066468479,0.101627205693378,0.0838632714901677,0,0.00290738647827439,0,0.111204403031383,0.331869341410098,0.176918896667841,0.440628495396952,0.329558625521982,0.0192812420145773,0.260557593586215,0.0177210331387432,0,0.0126072158606179,0.0458493256794448,0.224124729535639,0.388625856803359,0,0.024891336373365,0.103402411940784,0.00832431993974023,0.0317925388315611,0.0349579676568325,0.0417602060809015,0,0,0,0.0650543167530988,0.165431176369415,0.0821817682581028,0.063723300852663,0.0709301708335281,0.000968243650632694,0.0308115275871341,0.0522166139857947,0.102550490693759,0.190628215152313,0.161594738740182,0,0,0,0,0,0.196761689443501,0,0,0.0781947774038423,0.0648386958177751,0.0820885300900868,0,0,0,0,0.0360397996121451,0.0717808487854608,0.0467776907938516,0,0.0584879259084093,0.00975475904970614,0.149732375076098,0.128863758278059,0.194759763236945,0.00235471673687934,0.273878532619587,0.119601253502931,0.00272581684151,0,0.236087182252133,0.0265479569537939,0.0587170581142459,0.0392515702136494,0.412490188856372,0.938758232476198,0.871006652322251,0.267333826696009,0.519809108524137,0.545702147314929,0,0.0841696394345637,0.25454467174224,0.0528250631643811,0.111246302787735,0.137861175251271,0.107810677090765,0.00743380616554295,0.130572563079209,0,0,0.239826786433716,0.256415948058811,0.611972840659402,0.0156446352539364,0.00908698469660414,0.0586729762833118,0.0581632663761668,0,0.690197991205949,0.690197991205949,0.317481888450739,0.112721906889034,0.132606338650279,0.146088553269084,0.181003195658149,0.317481888450739,0,0.112721906889034,0,0.132606338650279,0.26110259171609,0.146088553269084,0,0.181003195658149,0
"NB406",0,0.644946921880976,0.753183407970702,0.890056375718805,0,0.0624560095476839,0.0602163078318251,0.194745173232477,0.0244879699536856,0.152290168660227,0.0415418553476867,0.111987455560277,0.075627039012239,0,0.0710166482828911,0,0.0840598464351897,0.179150169610803,0.116613777461071,0.27668930684256,0.148153952346544,0,0.144639424818357,0.0251716184937128,0.008777345587663,0.0625163850314909,0.0119646746712806,0.203707142059273,0.557912312062917,0,0.0094733034939995,0.0593236645039705,0.0734198469774969,0.0605664758228729,0,0.0415045471942197,0.00998557413339725,0,0,0.0758931631251366,0.0911630103366305,0,0.0494782614263003,0.0521986617846972,0.0594911515210554,0.0968520355048009,0.0303323566340473,0.120882793863765,0.0703233665805998,0,0,0,0.073619039348856,0.0163584099047026,0.108982786650981,0.180114389447721,0,0.0880968608747858,0.108917386875678,0.193329141621861,0.0533202998311147,0,0.0651845201976528,0.238039246441635,0,0,0.149596667910874,0.0991774832090271,0,0.0552774801352185,0.138677787951366,0.0920534772813841,0.124249932717653,0.115067643534128,0.0309917653618921,0.0378093196777609,0.058270835889774,0,0,0.375661936833858,0.0653030036317159,0.0111935343001003,0.0114714003359077,0.424373999410936,0.908169755934201,0.803034755064689,0.087065034207304,0.548526017222719,0.313442870292153,0.141048813993488,0.13136428606625,0.369009322203736,0.0288903328867954,0.0631491292780518,0.0359211169535097,0.0619547791419888,0.145107500273567,0.00395560989100083,0.0645171788695722,0.0358201956075279,0.327068929109487,0.0363743146656379,0.408402790913261,0.0405449568670655,0.161332120112454,0.0516605087465623,0.0317844932765884,0,0.586995012489614,0.586995012489614,0.233081959320288,0,0.022779465468588,0.362121654646354,0.317787842045813,0.233081959320288,0.0508833328640323,0,0,0.022779465468588,0.290816562452617,0.362121654646354,0,0.317787842045813,0
"NB407",0.0439786042834063,0.2691388201775,0,0.932621209451297,0,0,0,0.206373386099674,0.00388781686223945,0.116070787527447,0.112380196937196,0.0696916947469234,0.0968441683682083,0,0,0,0.103880621496699,0,0,0.0841257521002029,0.063228467847617,0.0033088778976013,0.0569589969380718,0.0201893973119646,0,0.014485957871779,0.044936789195128,1,0.546179415885194,0.46105447256642,0.0257344009507793,0.0795353212178243,0.0326916125335696,0.0297323141793305,0.0897850482460865,0.038908830326165,0,0,0,0.0462321619320345,0.114281642716325,0.0603966630682507,0.0858581081560818,0.108740505087212,0.0128939974587778,0,0,0.109059796481841,0.708951966572822,0,0.0673787905487029,1,0.000521432863680016,0,0,0.0326530745723317,0,0,0.13164112596798,0.174013781600897,0.115680868128201,0,0,0,0,0.00784701687956014,0.100354245843458,0.174882733060232,0,0.0304848685549205,0.132561373242959,0.105786881621167,0.140606271955092,0.186377174094645,0.0185656251051427,0.182812904843605,0.158044034945253,0,0.251684131208403,0.2634532717307,0.00738731007779725,0.0669996957020561,0.00639374984961461,0.416587907460068,0.97833984465693,0.842809513525662,0.226466768594534,0.541159249245913,0.50373676821667,0,0.130279200249505,0.309171702357969,0.0900044704326692,0.152807329203511,0.0999610199716624,0.0969937917106305,0.0802484096401481,0.12107063765429,0,0.0294553593626096,0.378770593286405,0.137928867355358,0.59172427033454,0,0,0.0550691097938066,0.0410255511613044,0,0.645755507255703,0.645755507255703,0.29353691499832,0.0732606098093374,0.241623667128191,0.28098388293496,0.05837901121704,0.29353691499832,0,0.0732606098093374,0,0.241623667128191,0.275163703927255,0.28098388293496,0,0.05837901121704,0.059001455191908
"NB408",0.0516893743568026,0.492124045098591,0.390933471229695,0.556035705284394,0.0106259165190186,0.0207374830714019,0.0117288187734061,0.131536262367111,0.00667414130457955,0.107459165131003,0.0314985184364266,0.0664194203057937,0.0842820190143508,0,0.0239876940484847,0,0.125541892459222,0,0.036561178358617,0.136286608991482,0.103425417485378,0.00773868395687254,0.0578602528224337,0.0405072868055455,0,0,0.031847679132406,0.0904030952135046,0.0553053582366321,0,0.0439155071853465,0.0627438494173072,0.0112068204479819,0.0353569587925091,0.074203138108241,0.0310069116435184,0,0,0,0.0489976002831799,0.111386988203126,0.0290757215180521,0.0262524873746275,0.11690547369322,0.0348853421539158,0.0185521002937846,0,0.0837590132897102,0.0388370781440905,0,0,0.609066528770305,0.15432983793536,0.108669051583915,0.00241076548920989,0.406407478086556,0,0.0922731679550524,0.265805995421069,0.25504190050969,0.176945533077692,0,0,0,0.00619884517799804,0.148248447581692,0.154746080321328,0.308909438840008,0,0.110469689879402,0.187996402810609,0.217531372026989,0.0698977296770141,0.165088762769008,0,0.127768785333902,0.0770006661785074,0.0508517395910161,0.217244273111839,0.334950907883582,0.0168866293978544,0.0156641507829371,0.0938102819334255,0.399411962561456,0.880505073054309,0.810839109604019,0.181469592841537,0.449347162113098,0.438887299161308,0.0353146171584327,0.0858809577819002,0.322760671283016,0.0293002174303884,0.067751051174942,0.0948406502137479,0.118281309161664,0.0233798975021969,0.0870901680239275,0,0.078358868563736,0.325143704718039,0.0900888071342456,0.603849715457334,0.00554235547816893,0.0952417004086952,0.0577634662119767,0.0317606830544508,0.328991617652108,0.462171973848447,0.462171973848447,0.225322421040632,0,0,0.393544586371957,0.216266994179079,0.225322421040632,0.106914158444218,0,0,0,0.302353915116693,0.393544586371957,0.024633385229888,0.216266994179079,0
"NB409",0,0.548094036272875,0.842770602610962,0.50786074149824,0,0.00109190256798244,0.0592673173203252,0.177304807267701,0.0567845765633603,0.155293611854857,0,0.104277029731789,0.043233792329282,0.0311221568308822,0.0273945203066388,0.115069598988804,0.103160844603241,0.47471595697064,0.158262610324329,0.278285875326091,0.33786545728806,0.140993994778056,0.166448736231461,0.0560084786241463,0.0025701187563807,0,0.0535102761437247,0.327666290388711,0,0.255491843061738,0.0601847983947993,0.0610134932425112,0.0549012079095383,0.0404218608341326,0,0.106919484955954,0,0.00925996454099864,0.178826994435244,0.0849087980861073,0.132267960706889,0.046330810224434,0,0.0615724683448076,0,0.037823520749667,0.0555771445101826,0.0791124482862942,0,0,0,0,0,0,0.0646521722198316,0.183264740790617,0,0.135670661334313,0.26708863251567,0.336217783842623,0.215711704226629,0,0,0.154659278632657,0,0.0585969275498091,0.0892671564575616,0.250222726972849,0.053436616976596,0.0681324657795805,0.267856376524328,0.00778092046693644,0.0887142488871662,0.132013264055931,0.0756070849557557,0,0,0.0922084852286269,0.100859570948937,0,0.0811436942515002,0.0399545588666968,0.0323272109891114,0.449426723782483,0.662295874756762,0.812098797748852,0.0820566562342974,0.389387507381141,0.237825703491477,0.0569760971054595,0.0735289788564705,0.367969914860163,0.0321536997512891,0.0351014459314038,0,0.0586127489779576,0.207249552099959,0.0593745845545212,0,0.0318645649071818,0.36810600337489,0.0121182741694381,0.39300811320695,0.112581665905513,0.166428386837684,0.125966797839189,0.140741406503047,0.573514280928539,0,0,0.0980221224619257,0.0499728468729667,0,0.356961970971408,0.0750942657853644,0.0980221224619257,0,0.0499728468729667,0.247235765670445,0,0.262169810236446,0.356961970971408,0.0195509012270858,0.0750942657853644,0.0484213393688855
"NB410",0.0802701108293216,0.489265964756992,0.783585582224241,0.520793860203195,0,0.0422251943137391,0.093135825536223,0.21624730606143,0.0052263403157982,0.0713884897596648,0.000952125481650115,0.0862834414809505,0.0498433968091839,0,0,0,0.120971451404535,0.335896431804314,0.199178004677669,0.18494878060048,0.0726229556044217,0,0.0931149982040772,0.0699145008831267,0,0.0901689926551483,0.00150883346659751,0.462631490177956,0,0.107896419148982,0,0.0529077830962908,0.0301419024269074,0.0219291920100615,0,0.0770074677879285,0,0.0585529400661025,0,0.107528815598669,0.10384044680128,0,0,0.0764400399529822,0.0914024279555673,0.073828379250883,0,0.107676259630827,0,0,0,0,0,0,0.125714408993748,0.0812315480033347,0,0.0898236289404497,0.188074340387762,0.325843877146878,0.161293170412967,0,0.0975221837730793,0.216414417775759,0,0.112590028181325,0.21557800686212,0.321169465617384,0,0.0977676342842012,0.218785564022736,0.0553685215197528,0.152119611378761,0.164379309808553,0.0164873460329859,0.0787605455424516,0,0.0269029278955215,0.253093074784534,0.298479387739243,0.0105686181973051,0.0177868433838201,0.0200477803833254,0.385283270482296,0.871303448659857,0.765896818458314,0.104937402644732,0.603164130587295,0.257095805866647,0.134732471074523,0.0461137659017874,0.324653296522844,0.00711735576539298,0.0334058602836194,0.0907269376407676,0.0860416533236285,0.0204343126981283,0.0498370923437843,0,0.0381508018458086,0.258507581671483,0.0505228541682753,0.580772869254531,0.0238294382891307,0.217100719469969,0.0478684394129558,0.0425534304986926,0,0.760537867148987,0.760537867148987,0.267871735049734,0.106371768470968,0.130667175049304,0.133090364380045,0.0266334645529281,0.267871735049734,0,0.106371768470968,0,0.130667175049304,0.212592195991603,0.133090364380045,0,0.0266334645529281,0
"NB411",0,0.205664649660554,0.720170813281518,0.339189960053016,0,0.0347328972920357,0.131311597185006,0.25323241115699,0.0780467950737842,0.139151310325803,0.00154505580036231,0.0478708805821787,0.0721614573639769,0.0339525900076564,0.0192341984372371,0.0585445516908911,0.0775691396243147,0.103311683727044,0.063328296704046,0.0638674182805558,0.102818328910565,0.0576320915349662,0.146762648791315,0.166666105231876,0,0.130908262501391,0.0252919673401644,0.102329044997948,0.416252500109025,0.131770910279769,0.0399794377881266,0.045930689441513,0.0941355185460809,0.047839596769072,0,0.0613313499350494,0,0.025615893902237,0.0864117543307227,0.109500847667878,0.0201168851118922,0.00253901990033786,0,0.0275446821441966,0,0.051424469530947,0.0173758425431168,0.0386649895652246,0,0,0,0.202737892684155,0.204738408962531,0.249167199428811,0.207245393867633,0.362206175846347,0,0.121999717153934,0.140349479174865,0.229557957561643,0.141624449800409,0.0768992190641864,0.0468977450643869,0.0770912940343264,0.0180416443361614,0.0444014462961584,0.13811542747725,0,0.00245059088644312,0.0757418076743514,0.318449845806169,0.0346490318334235,0.1202112371751,0.125101779606498,0,0,0,0,0,0.0544709389759179,0.00879424081109028,0.0161349707254,0.0162297283375307,0.394624346426068,0.381868877371796,0.679417409246142,0.0404484991836641,0.517774525887338,0.162371614328563,0.118940994265996,0.0717486632952865,0.35437607208817,0.0352470270842577,0.0495691425744586,0.0737922881548162,0.0407578189660916,0.150499256928308,0,0,0,0.265354476919476,0.016924735989157,0.360838779864335,0.010940225813334,0.13100165198046,0.0419457241113715,0.0146891654396119,0.465384978379837,0,0,0.264856558678233,0.128470633758359,0.00118887765658397,0.308332074116638,0.123529571654935,0.264856558678233,0,0.128470633758359,0,0.00118887765658397,0.316094058847286,0.308332074116638,0.0978123137451664,0.123529571654935,0.0822456566409905
"NB412",0,0.719556658636034,0.722437751836747,0.623202928430017,0,0,0.0547476322778516,0.142052243754207,0.0781064069170163,0.202458797786387,0.001785999226217,0.153016400777698,0.0682026439531105,0.102425923205442,0.0103059355385751,0.0778325866222276,0.0770626691310868,0.392092254554132,0.469775319241691,0.638107611586922,0.405953079566372,0.169787586383365,0.181618638703158,0.167901344357069,0.0235625822250352,0,0.0553051044531565,0,0,0,0.0394197389903131,0.275577461241764,0,0.0256988022568722,0.000596407735982102,0.072666959740029,0,0.0424130553305474,0,0.0696005572987459,0.136213517294803,0.0324352922299751,0.00056072559240709,0.0488936584857398,0.0213631277269479,0.0372177644909873,0.131132142385295,0.0815438870840028,0.217977536620366,0,0,0,0,0,0.0277511661533431,0.0131107458966518,0.0801000659299728,0.0582684831654514,0.244547448284342,0.173889184514418,0.229389258933102,0,0,0.253999665938218,0,0.0269772686986695,0.0918014230066299,0.00321338238517982,0,0,0.2538310986878,0.0520767191859697,0.0786660701776252,0.135306741696011,0,0,0.0120772449058933,0.151661291746107,0.433268138001811,0.314033470400277,0.268762605925067,0.0513333571386077,0.0306275889819667,0.455967643290389,0.608415119177168,0.851816333219598,0.121912852134799,0.383470873080546,0.299484361303329,0,0.0573165945738938,0.340594554364683,0.0487117827898556,0.0784211504282358,0.0805024531065233,0.0710900545023556,0.0895696802080241,0.0790796974016119,0.0111987482826677,0,0.342590590054654,0.016309281874345,0.409454327650267,0.157111709459732,0.284493447652074,0.0977130807846465,0.134404778191986,0.793952990641654,0,0,0.13764539534589,0.0415897381866744,0,0,0,0.13764539534589,0,0.0415897381866744,0.101588144711083,0,0.25931469351187,0,0.164457271171672,0,0.174897829368307
"NB413",0.0737187822719658,0.939110289757373,0.817874507311058,0.660182056585036,0.0419919893256736,0,0.0202153534783132,0.245970344166524,0.00537122150961165,0.0729808199611411,0.0689424330439704,0.0673238352910954,0.0802079394769666,0,0,0,0.146293473270359,0.064872035499737,0.0962786557031996,0.0408502749234347,0.221762441996067,0,0.0884136366562992,0.0111499177247544,0,0.0150509958758587,0.0388873813686676,0.378261860683738,0.0812389827056441,0.168625705948764,0,0.065911596886128,0.0739231290657439,0.0154649898328393,0.0110617704353977,0.0618642162626847,0.0546412384728907,0,0,0.0647006610080166,0.186157126629099,0.0226215392774507,0.0269234554083938,0.110368235673172,0.0317192455173505,0.0126771458369867,0,0.0809549951237634,0.060889710242627,0,0,0,0.07029706462899,0.0095895750135098,0,0.340185044228506,0,0,0.149279960704486,0.111182718069251,0.135085870137473,0.0244627954190196,0,0.182125492688942,0,0.109139833329883,0,0.200580964504704,0,0.0483300933597632,0.151463751207017,0.189379339923998,0.0864941692357839,0.191904644692708,0.0395169234154705,0.104475169438561,0.144394448737801,0,0.0826314582135963,0.0816587342024438,0,0.040040477972716,0.0147389074811104,0.410752460514555,0.924313677098936,0.821270332242737,0.157082958058505,0.456067910965734,0.287256599166094,0.056649522204183,0.0482072387963096,0.268265947087549,0.0720470361665008,0.0957975693313569,0.102290014980684,0.108601280204705,0.111564723282647,0.109894876785394,0,0.0460288229336982,0.411638794400828,0.132694763001523,0.600884828665246,0.00127242200936294,0,0.0571748181345035,0.0461542649834763,0,0.639927627867046,0.639927627867046,0.195995753104891,0,0.0753161031027993,0.291943716824109,0.1799681583626,0.195995753104891,0.0681286553088454,0,0,0.0753161031027993,0.277533058216864,0.291943716824109,0,0.1799681583626,0
"NB414",0.0324328643002631,0.362350537881069,0.705078147638588,1,0,0,0,0.196468406387354,0.0122169521579473,0.160307731688375,0.115151831181087,0.0656622086781642,0.110782507578506,0,0,0,0.0970026639899738,0,0.382340106804011,0.454022265455877,0.254245399746054,0.0137542500438604,0.151022963383377,0,0.0155364795346761,0,0.0363038121039981,0,0,0,0.00082525129057981,0.0972548934630917,0,0.00507661073688742,0.0437931817558867,0.0543432232477011,0,0,0,0.0468395509695093,0.110084400804323,0.0354798600850679,0.0355390450239869,0.0518757678089133,0.0242386822381912,0,0,0.0998950362805723,0.55898957357586,0.279385372826736,0,0,0,0,0,0.0232505061527832,0,0,0.0679322078459096,0,0,0,0,0,0,0.048464696205902,0.0399408781523186,0.140697610176378,0,0.0196740142091737,0.244463017015575,0.0608922270487713,0.114977949545603,0.14055543750688,0.0503659004803641,0.267271922204483,0.107871429675916,0.0215753439318668,0.476962283019611,0.378273214851486,0.0742328361791893,0.0728158603363271,0.00772831621867976,0.423096141969697,0.957288138602393,0.864759648607867,0.165432746348246,0.59967715215684,0.43746053490405,0,0.0846541186667102,0.305282497134103,0.170014824954501,0.182035090204454,0.143664626364103,0.105739797123512,0.0497037099733045,0.124934085707217,0,0.0585690504110051,0.329836611428797,0.0594830921598576,0.523443264225946,0.14689832622247,0.250636862562341,0.0804950563957393,0.108979377926539,0,0.310472052049822,0.310472052049822,0.331445878808102,0.146832889498606,0.327050788051726,0.197831551620684,0.296241061817863,0.331445878808102,0,0.146832889498606,0,0.327050788051726,0.278651293427086,0.197831551620684,0,0.296241061817863,0
"NB415",0.0109695352774203,0.470333697653861,0.886411726661715,0.741653700101473,0.127898883979002,0.135885952907982,0.194080828580311,0.266072231415849,0.0367229909017021,0.128098535853566,0,0.0797558810632688,0.062084265667397,0,0.0180918831694368,0.0416771500536512,0.0905415251306124,0.127312591975408,0.163072042990542,0.158423385287428,0.125048901109141,0.014981035598313,0.149844667006312,0.00126063603814461,0,0,0.0285193300903569,0.168319353788698,0.154560708717683,0.0790043633442892,0.0433106371103392,0.0565444670624577,0.0351515189855555,0.0490193008092773,0,0.0204562174903793,0,0,0,0.0816659092168042,0.0357382564212695,0,0,0.0165296143876998,0.0267862920697635,0.0541567328525589,0.0315640415858599,0.0885484924736552,0,0,0,0,0.0816148551711075,0,0.149831028821802,0.204949728028426,0,0.123723187636021,0.132724395581655,0.178956329680609,0.114090045284597,0,0.0363094769280917,0.113588273338285,0,0.0521532579126638,0.122067298090339,0.106606367766179,0,0.0458857417566928,0.11631538613137,0.0541637497805789,0.128823852634819,0.122313766353184,0.0183427622541408,0,0,0.00581264513598991,0,0.111560023817524,0,0.0269924586629998,0,0.440373595132411,0.911289740096197,0.793176528614619,0.0479532631735333,0.259527778079616,0.210870422188326,0.121971102016672,0.0576253123974617,0.275510150875294,0.0725528583040252,0.106796141613127,0.113953305728368,0.0529824217485501,0.169017776979272,0.0135096559689328,0.00297453207737669,0.0403405586384527,0.346152917290663,0.0361078981817281,0.371185996652842,0.0695850663900231,0.213987489365636,0.0886116412493674,0.0362286351408218,0,0.609802655236855,0.609802655236855,0.322556740658218,0.0837172891822909,0.190043529583998,0.0786315578363045,0.258884384431881,0.322556740658218,0,0.0837172891822909,0,0.190043529583998,0.284720186224392,0.0786315578363045,0.00041054120580722,0.258884384431881,0
"NB418",0.0502125096869574,0.433677849860706,0.872583884186894,0.587317822857831,0,0.0379076930770745,0.0361533129197719,0.227298277133571,0.0179704112402575,0.102716315586818,0.0665320615516394,0.0815991318670122,0.0856166248534737,0,0.0365180230666045,0,0.0712642933312509,0.141384563292033,0.118511832750057,0.174856145426713,0.0855995143016632,0.0207220651587144,0.0933364737285206,0.160118813863602,0,0.0551155492292834,0.0129146418688792,0.325411096223687,0.0993182454883977,0.150982104073868,0.0265538436592654,0.0547859188443545,0.0736353649700617,0.0419748872295167,0,0.0645835358834719,0,0,0.111913197431163,0.117609570680178,0.0926525434991184,0.00363756304620344,0.0525332393532342,0.0469893408032072,0.0605668349916041,0.0344632534592051,0.0463549295018861,0.0680902409001087,0,0,0,0,0.291401624618934,0.050441697972867,0.125558517901281,0.323257213501336,0,0.0443464274079049,0.151834716442195,0.231555162428657,0.024669611718329,0,0.0526844804723862,0.127416115813106,0,0.0440537887259772,0.0868995505439345,0.0654786557765799,0,0.048583599284869,0.237005476014313,0.126340254598892,0.182323939793583,0.191510578353513,0,0.0705613521719608,0.165297029181883,0.0392310641667092,0.254161182844429,0.224369566526158,0.00847198478757885,0.0402451700631115,0.0258525369070043,0.435822278520191,0.826174193194863,0.802403512306324,0.0870048054237375,0.549980293896544,0.22388897107668,0.0655084359417502,0.0492283134361731,0.287567048041465,0.0140046668976626,0.0675355372046047,0.0891542514916419,0.0743758425953176,0.106622817712519,0.0289468337467073,0.0129741078442468,0.0537346152895727,0.329568882657006,0.0650564486192594,0.535396256667599,0,0.111665538163434,0.0478313332889304,0.04687962855759,0.213208870360612,0.0613253428146387,0.0613253428146387,0.245598707742421,0.202847525750054,0.0841997529788703,0.552960272728888,0.0611201287139135,0.245598707742421,0,0.202847525750054,0,0.0841997529788703,0.330928310290703,0.552960272728888,0.0309833311604467,0.0611201287139135,0.0898731427655983
"NB422",0,0.339454659339128,0.813218094137967,0.417459755124525,0,0.132456787238722,0.049672169378362,0.0857573152276535,0.0952744907431356,0.181456722019634,0.0841979236942606,0.0852736203966922,0.118347821259416,0.0234004884083902,0.11220430497567,0.169252996765069,0.0681140463950716,0.106214097789882,0.125984607328486,0.146155847591351,0.195944021940238,0.0341659660852618,0.143137567504605,0.0381470761517301,0,0.0497030400635384,0.0487244404555662,0.2910242968451,0.330499097502928,0.102677327687115,0.091390868964791,0.0583964564419973,0.125918588924763,0.0610459300623987,0,0.0950384007297485,0,0,0.0791709513293384,0.116576496583756,0.0828312639593861,0.0188191979041776,0.00308792164959374,0.0767628146993699,0.0436310801266765,0.013583114557586,0,0.0687167916728264,0,0.0344669110336691,0,0.0707239483456162,0.119492605071261,0.00875786613342586,0.0818780454624286,0.141877348923412,0,0.0853063748211084,0.185952153151061,0.182369198590233,0.140230823778359,0,0.116383942810867,0.0815910464827479,0,0.0489511849924138,0.0918835765350712,0.137966681941782,0.300014908425498,0.0623161788577188,0.432729934936198,0.111068697049048,0.119738855679722,0.116583135936158,0.101427278190346,0,0.0193387459648914,0.0218776417224107,0,0.368651776806755,0.130993322683562,0,0.016625111953085,0.427060362114,0.800133252802372,0.852561851188378,0.0776710233732336,0.440958839550832,0.223827231262586,0.0589374834909476,0.0908950819590044,0.314498937227868,0.0329306401993219,0.063340164190726,0.0476512679380578,0.0403476333055195,0.107485549142359,0,0,0.000502932192112308,0.302729592013918,0.0231991816584183,0.380044818422476,0.0602245324070458,0.150315118171369,0.0714380581691937,0.0263811122786787,0.434377674380208,0,0,0.277281234639541,0.168976594499712,0.0248918951646519,0.0554909968422029,0.105899099095513,0.277281234639541,0,0.168976594499712,0,0.0248918951646519,0.288341090980252,0.0554909968422029,0.112444946325252,0.105899099095513,0.0532491363097336
"NB424",0,0.52712518284096,0.645909249442054,0.312211845910434,0,0.0454810573839564,0.0161504111530254,0.205717618304431,0.0609025851261365,0.192371363521103,0,0.0670273734819008,0.0678521070277764,0,0.016335530889809,0.0367900775034301,0.0972846979694613,0.511434553559575,0.12168042549408,0.439401955393878,0.305959838290974,0.0746191280366557,0.176136353505324,0,0.0635480581360576,0,0.0967817089512783,0.0873331712174064,0,0,0.0493408275395586,0.310721453698002,0.00686086945774592,0.118547074741788,0.0449988286908769,0.0526059867842235,0,0,0,0.0530131270769477,0.134172859875528,0,0,0.0261656724786324,0.0424219193314495,0,0.0505722292221064,0.0972015552972918,0.336751270071915,0,0.291263139496555,0,0,0,0,0.164223993579591,0,0.0140329459384731,0.172977510518384,0.0487140479940441,0.0978570378916538,0.0414617276096196,0,0.290542692421888,0,0.0409278556721985,0.144832158791604,0.0408598443222476,0,0.00787974401051444,0.154940881893216,0.0441279577777995,0.0796183753611885,0.122472727600368,0.0283726090607588,0.0461154182877625,0.0436679328486125,0.0181991154204509,0.449032504748392,0.560598044606122,0.0409230871030787,0.0486927922754065,0.0250846849477118,0.441306560208512,0.945875437409727,0.850398647145626,0.0721312230609244,0.523195988346806,0.286124369846367,0.0346286983187682,0.0974948888705651,0.363088152648417,0.0365524677809485,0.0915157811867806,0.0628233481054507,0.0776979544367312,0.118759675586115,0.0934086945766677,0.0676447388024034,0.0521134650061241,0.386426003269336,0.0565744071660648,0.540066562834472,0.017542764825307,0.0912162896488885,0.0530752949044544,0.0391915817078216,0,0.6377167781033,0.6377167781033,0.278250072093876,0,0,0.245258706382939,0.0117118961425836,0.278250072093876,0.0215153375135111,0,0,0,0.285436903645433,0.245258706382939,0.0955091780002493,0.0117118961425836,0.105816224075321
"NB426",0.0875446969535349,0.280575387190021,0.72985549480241,0.376610224053231,0,0.0128685560341249,0.122967305348025,0.27230706990769,0.0077598589398333,0.0689315999187226,0.00209707744932756,0.0520638322429106,0.0764593282276787,0,0,0,0.104478813556382,0.058334748611037,0,0.104466898110274,0.0754760081981088,0.02585784021713,0.106490650716969,0,0,0,0.00599900906958625,0.0766179913451542,0,0.0533914175975754,0.0122902819562988,0.0487916777590912,0.0084430135186354,0.0403183688827739,0.000182792228380801,0.0988467067871962,0,0,0,0.0833392033090279,0.0708658731224237,0.0168327421377001,0,0.0387880264168204,0,0.0583728859024593,0.0695294321877677,0.0742334391505321,0.00756484702395398,0.00666707661026903,0.379968363010257,0.263477428587321,0.308807229372862,0.093291298099582,0.256234588181957,0.484001144390347,0,0.0324239891736924,0.121386254879195,0.282989105088903,0.0659778526033708,0.119292924295037,0,0,0,0.0848563036683811,0.135350660329503,0.182470026220286,0,0.0934125521764039,0.343850413221411,0.0205151674531098,0.146847463182951,0.150506098287309,0.0914099777062449,0.0522482619365172,0.0125016778371185,0.040252229941129,0.149653029586302,0,0,0.0356812699224294,0.00842515237304803,0.388929354673022,0.819159862337839,0.689168017573751,0.0653111995935098,0.644891911334716,0.168941284218252,0.075803742298573,0.0350114223792546,0.296566665353842,0.0290181646335936,0.0454298312700014,0.0985507017025093,0.0888276210602375,0.0222650991645059,0.0454907257373434,0,0.00375715023542322,0.279614606951473,0.0795702748004606,0.573116784016081,0.0176929245375151,0.181861614980001,0.0521096688344019,0.0474167123067215,0.527476076808211,0.0704064343131408,0.0704064343131408,0.259005829420363,0.110964867435716,0.229531890771079,0,0,0.259005829420363,0,0.110964867435716,0,0.229531890771079,0.24580120787904,0,0.161810484987542,0,0.105862009404044
"NB428",0,0.90868753981205,0.596859521468683,0.595002484129826,0,0.0293015751085477,0.0415260941597114,0.0851112271360707,0.0349594380554786,0.179405250867451,0.0300934193908165,0.0783005836869591,0.0734389348381298,1.367990882721e-05,0.0728171645659091,0.0158843080451658,0.131190784144174,0.281368125554461,0.332828600044822,0.279837480207214,0.28834750943229,0.0225876436084966,0.165128467522391,0,0.0193255201189278,0,0.072846583248811,0.710844251862296,0.667171399955178,0.0515071266619095,0.077008841689507,0.246897549677355,0.115971029726809,0.102821115885275,0,0.0506478399881672,0,0,0,0.0718603219489547,0.0996605653853596,0,0.03163274570888,0.0638013105196894,0.0314908824325301,0.0256940639740822,0.0458926000672278,0.0864661400002145,0,0,0.089989551563531,0,0.267096168680054,0.0135783369643345,0.0951199855526995,0.0136948169046549,0,0.0711107899363108,0.191004887801361,0.227465254461113,0.16306561882513,0,0.00293685262723907,0.383814958412389,0,0.0187336055268318,0.0655243897811465,0,0,0.0408804994757581,0.189963309038849,0.127373219373978,0.0923045740253932,0.144251256448694,0.042500102802285,0.0595096408069931,0.070075390081914,0.0223791149018804,0,0,0,0.0437861241519694,0.0310751380736593,0.425373134941254,0.92760625791713,0.844206537444876,0.0767360925066222,0.501913768101944,0.273148415943721,0.0221903399257992,0.0910693951367408,0.370320937787747,0.0261999197400535,0.0449420250056124,0.0222537323323718,0.0708048411147289,0.0960823471148879,0.0622508370636089,0.0944694384768393,0.102523715001751,0.377330146954853,0.0548739042718667,0.532932259621639,0.00501706138699013,0.148729137747779,0.0664081924456995,0.0411230403847728,0.362944526572138,0.406948378717665,0.406948378717665,0.258909228898527,0.0596193467870037,0.087265750365073,0,0.00258568205485362,0.258909228898527,0,0.0596193467870037,0,0.087265750365073,0.268670470291514,0,0.170487747923193,0.00258568205485362,0.101118964389161
"NB430",0,0.565317044260821,0.653447300174456,0.483403926119724,0.115121593289429,0.0367173021766653,0.0474030651533969,0.161010105332517,0.068514984686594,0.183464736362287,0.0803070396200282,0.113023531976761,0.0875518289758558,0,0.0520029397075647,0.0255422250312288,0.0647940027308856,0.307561648078078,0.239900918991201,0.273537003556544,0.151797518997375,0.0867440907296512,0.130964477450318,0.0656742575193179,0.0144977625622474,0,0.0370020183014864,0.0141480979327012,0,0,0.0345434897693378,0.061392676512306,0.00450680068598457,0.041889167220629,0,0.0458421229799928,0.0744155233754205,0,0.150733929391496,0.0825862432963548,0.150538942730003,0.02488813095301,0,0.0825057419936847,0.0969576589747799,0.048648270244101,0.0411269758588435,0.0994258489013455,0,0,0,0,0,0,0.0309930369222752,0.155981134241601,0.00010088124626638,0,0.0101121047174196,0,0,0,0.0446641388846238,0.332054937263297,0.0678527473962056,0.195138948090785,0.209790264833743,0,0.316405875146854,0.192558620312051,0.15854675072708,0.186539441776572,0.14740481683277,0.168379808452258,0.00691726013842716,0,0.0233596368417233,0.0841193790224684,0.35951507340335,0.154896934484026,0.0833674095022369,0,0,0.447793943164355,0.708824993001444,0.886950046359488,0.0520167861897767,0.209905201946074,0.304132053280233,0.010343819731458,0.0930251243904067,0.340888772962827,0.0274204046065863,0.0618077715307786,0.0405459531685091,0.0619035916431476,0.149257218577957,0,0,0.0361287876845898,0.400010363842788,0.0302949875156792,0.43271756615716,0.0269407084388703,0.166561794118381,0.0778731538890774,0.0416358028086369,0.355442124364333,0.0993762239209382,0.0993762239209382,0.31777697170709,0.0783377537648966,0.00980049483725935,0.546016663999674,0.433557744277512,0.31777697170709,0,0.0783377537648966,0,0.00980049483725935,0.326780903928576,0.546016663999674,0.029290672395344,0.433557744277512,0.00956281105486175
"NB431",0,0.681179622236015,0.682057434988432,0.881652255151568,0,0.0066036819057746,0.00084277315036061,0.130740017841621,0.0295120455569585,0.197436526589395,0.0484556279900654,0.113300247560993,0.0793481024071236,0.0138609060783691,0,0,0.107419016268755,0.314866669902889,0.104471851333516,0.494056268947618,0.423153162815774,0.077860296917971,0.122086363505694,0,0.0148920268438669,0.0227308451020854,0.0686145857031443,0.283458936406685,0.13221608830199,0.00476507314171135,0.0402534829905198,0.175411994070811,0.0173454422464203,0.0479224004151949,0.0303703179208296,0.0471377354153365,0,0,0,0.0510189086395859,0.128520898778936,0.0356887008095476,0.0422890002221391,0.111572124274454,0.0150059952359277,0,0,0.0839642390528075,0.160363844887363,0,0,0,0,0.00737406031897414,0,0.496037028395226,0,0,0.124005581052303,0.0313524004823217,0.164344878990722,0,0,0.303050538167701,0,0.0779017520293399,0.050713226388297,0,0,0.0588311392720319,0.145982506563224,0.0423213783899539,0.109965714769964,0.16855742549304,0.0287107906093983,0.116855927446706,0.175768080627316,0.0135086778173568,0,0.431101124167317,0.0266712146958945,0.0806256770558778,0.0352750410704718,0.430134740439741,0.909377681538376,0.859933088804087,0.129310001154288,0.653145849456507,0.328996508373171,0,0.122456360203326,0.329963916975371,0.0792736150741352,0.15315425504733,0.0999214617283266,0.0880884227162325,0.0442303799837332,0.0994945311218065,0.0207821179400959,0.0984413349082791,0.37492706158965,0.125201334714855,0.557957196326343,0.0206644979535059,0,0.0512148230452646,0.0416687045231351,0.488713445229602,0.032215615725121,0.032215615725121,0.259019100163288,0.146884404860207,0.0127446411681812,0.0299784897030616,0,0.259019100163288,0,0.146884404860207,0,0.0127446411681812,0.27308280916691,0.0299784897030616,0.193439140228541,0,0.212387054734726
"NB432",0.0280307277302957,0.726367277257861,0.844278638257201,0.627043591076265,0.0189925250679522,0.00354890655334159,0.0284540454390829,0.259042570766012,0.0168099294650884,0.13972270290345,0,0.0862608357727967,0.0592880351299559,0,0.000323976088069717,0,0.113646435942235,0.655077502035729,0.231224029070336,0.512534580611818,0.171600295961221,0.0448069407421237,0.164916165366012,0,0,0,0.0462045400939375,0.344922497964271,0.241366383522544,0.00135608958721199,0.0333944245321934,0.0682086773975747,0.0074243069726786,0.0669900789917389,0.042862918946305,0.0622381756201227,0,0,0,0.0508870112629207,0.135470097519948,0.0239240573053897,0.0315381508678737,0.0547076861665401,0.0409049064943454,0.0580721315087084,0.111359825467439,0.0951151837486131,0.273632722742139,0.155721361742799,0.284867145851071,0,0,0,0,0.278581526028069,0,0,0.119997912808482,0.114040403227832,0.0860789101063875,0,0,0,0,0.0726267159045303,0.0810873795038209,0,0,0.0668127060393513,0.195186345851487,0.0943193772898069,0.0712999044222896,0.143973603082468,0.0257560192349243,0.116355153805156,0.0877715094576662,0.0817077096347973,0,0.191277480672874,0.0021188449939409,0.0442174555051021,0.0421125616396217,0.427508839668529,0.861612388871224,0.833554704268024,0.148085976948968,0.615687388417228,0.438059611702376,0.102791371391126,0.0968629338376137,0.30845086867311,0.0218462993356063,0.063380233180091,0.0860171490045386,0.100011171869713,0.0162733596370165,0.0940985799755742,0.0570128310375204,0.0523022581984046,0.301212610483448,0.116830877059532,0.604147853396352,0.0220705284125913,0.0716810451087238,0.0414793028632407,0.0499361301315833,0.74870585799905,0,0,0.233679701613886,0.0946789295826824,0,0.156615212418268,0.117093468491403,0.233679701613886,0,0.0946789295826824,0,0,0.248987431748049,0.156615212418268,0,0.117093468491403,0
"NB436",0,0.244230293142205,0.478174815175452,0.278401427339093,0,0.0228652727896412,0.0274304613773359,0.170422018179373,0.0184123284286302,0.148340256237503,0.0754438435316515,0.112767677849569,0.113957923977629,0,0.0346172241767617,0,0.0753359097737325,0.0522324191161989,0.234172791384186,0.078518600438917,0.0692401452169038,0.00570857509259935,0.0701147428728406,0,0,0,0.0294177384791353,0.378753677964818,0.0957094864318829,0.356586577825749,0.0432745186078762,0.0586734802615188,0.0907495833035376,0.0573330860935703,0,0.123080615945176,0,0,0,0.0957699487590745,0.0764481067099237,0.026959776476027,0.00488617475670043,0.0456470563770605,0,0.0206016024045469,0.0675638314684072,0.0988706365599855,0.00245234042509871,0,0.316425057354857,0.385691598038927,0.185883872654638,0.011756669878724,0.154358587494631,0.245398381502972,0,0.124020884682401,0.172498043197641,0.306758829387979,0.0988750372516748,0.0327621298434266,0,0.136133586785621,0.0177512916266706,0.148987166287645,0.117138584820984,0.396884013121725,0,0.159171426231621,0.408514612671117,0.0225609510257505,0.103554716665186,0.118932757358925,0.137478030047761,0.0808077833166137,0.103310767568137,0.0929626581400061,0,0,0.0172068828707523,0.0171688072830332,0.0791104939758607,0.417465959390369,0.851097712011701,0.79607460667023,0.100979253408377,0.49135353062113,0.254124063454919,0.111893806621495,0.0638687187800931,0.302086868215176,0.0154246588922698,0.0335307707718239,0.0794087196274344,0.079905687968137,0.0112892914925661,0.0348033588806983,0,0.00973145232513687,0.206262251731957,0.0718945995270577,0.576987837113901,0.00328475948798558,0.0662065353238698,0.046718631747861,0.0360802277152541,0.414024587479822,0.105137548142551,0.105137548142551,0.209803240286753,0.224381174565372,0.13770295651797,0.20130680411491,0.0059932668710305,0.209803240286753,0,0.224381174565372,0,0.13770295651797,0.271034624090874,0.20130680411491,0.102934203618365,0.0059932668710305,0.0322214786376067
"NB437",0.0118525524906204,0.107533441348888,0.493531542455671,1,0,0,0,0.153911640719625,0.0083331805907409,0.149130513857858,0.0880537655489271,0.0740578179463827,0.0877425345828672,0,0,0,0.138527386548249,0,0,0,0.410803813178773,0,0.117839119471036,0,0.129063571841009,0.117565226421163,0.0443612166509019,0.996931351927415,1,0.907451145511304,0.0174054933438974,0.11004049398597,0.108664838776433,0.0147981568785362,0.016856431642646,0.0347002184926552,0,0,0,0.0470404058087003,0.137362341913574,0.0371239626588185,0.0295319715829532,0.109035696063141,0.0183878608867193,0,0,0.111634453540002,0.770174137490334,0.37740488570332,0,0,0,0,0,0.0239862763258053,0,0,0.201036771854839,0.0258325272765322,0.113078107714334,0,0,0,0,0.0633166158786887,0.0725318101470396,0,0,0,0.139927439596809,0.0111735378003846,0.0216088010356471,0.16090244463307,0.0272074773096573,0.20768559578045,0.0762021498274956,0,0,0.0925488544886962,0,0.0697535369038865,0.0257874730884205,0.43127314878728,0.882434773578837,0.899024903946737,0.290784871185245,0.51120803662794,0.68857805113123,0,0.122415113672412,0.262683755763994,0.0318373111530931,0.139901109486705,0.103008145487489,0.109030831459249,0.00142434019312669,0.145483260823981,0.0219758655877397,0.0982127773852983,0.223036063259643,0.125929250076884,0.648230817076568,0.018653343394657,0.102238370838494,0.0552691608514478,0.07833080693438,0,0.887091672167206,0.887091672167206,0.240499772388207,0.00533047102324978,0.0316377915908757,0,0.0248163723255216,0.240499772388207,0,0.00533047102324978,0,0.0316377915908757,0.231986590367618,0,0.0661897206521993,0.0248163723255216,0
"NB438",0.0243697530325128,0.412829045002857,0.657316196767606,0.823919104767358,0.0415756621849206,0.0442569200899842,0.0128571835349856,0.169552925778272,0.0130975255441075,0.152343038656557,0,0.101088768460524,0.0633733180106842,0,0,0,0.103641330139442,0.56076986877087,0.308425484660329,0.388327483533966,0.29685843289439,0.0143428831207666,0.173109117406925,0,0,0,0.0685586754305568,0,0,0,0.0238921421387533,0.0953381493616244,0,0.0352326136536405,0.0684945180021223,0.0553578114247421,0,0,0,0.0615203961005083,0.105540042271849,0.042489479641984,0.0505138247044616,0.0536942642480969,0.0240862849964459,0,0,0.119909232951073,0.513498603944006,0.342683803232394,0.176080895232642,0,0,0,0,0.0135054449571732,0,0,0.104475197266372,0.0664007932296773,0.0549265501589319,0,0,0,0,0.0470323184799276,0.141298239641137,0.308374585701842,0,0.0794818337366844,0.151178294229527,0.262607643196244,0.253341744086551,0.225563847851772,0.0529428165890395,0.138265810442412,0.0900744113615302,0,0.383199929637829,0.318785246949541,0.0300669864120996,0.0805501445066381,0.0377776406471478,0.427174316149733,0.977710745391687,0.867218737963431,0.138095933323046,0.597799979417868,0.389162918627543,0,0.076328873913919,0.329446166638939,0.0174031499460772,0.0906412137942345,0.0942734374112033,0.0915967050421768,0.0292861502408438,0.133392384299802,0.0528808996387518,0.0460372475562026,0.405281019374188,0.122330433799087,0.608458431306459,0.029863555603705,0.104539578132603,0.0438768251717265,0.0486657747698126,0,0.717919473120978,0.717919473120978,0.225197261322261,0,0.0276831568469122,0.161876578275844,0.186390685865547,0.225197261322261,0.120203948603178,0,0,0.0276831568469122,0.214170067309892,0.161876578275844,0,0.186390685865547,0
"NB439",0,0.645438124741178,0.78930125579162,0.407492373194833,0,0.0207100808678673,0.00255711801927003,0.111291390932417,0.0448272744670961,0.18058636911139,0,0.120528014690652,0.0553212537308641,0,0.0171952920702381,0,0.0821240691314453,0.235742962144175,0.225584973388553,0.265949936144301,0.367948227513482,0.0729619538970852,0.237273771619724,0,0.0223050669489463,0.0453841710583148,0.0694777643856986,0.469617346453486,0.610066437984558,0.262746060659524,0.0489737725844697,0.31882433761365,0.0956817212227206,0.0745703330155,0,0.0953095322905708,0,0,0,0.0863714643292954,0.119593633729327,0.0438917381067026,0.0466465750104408,0.124401207383931,0,0.0848534060953968,0,0.104647559852318,0.255433708829849,0,0.150174837355703,0,0,0,0,0.0360972664073629,0,0.1071032043789,0.257939616968404,0.251564587040888,0.233103480317802,0,0.00686515700266079,0.188393677259434,0,0,0.133220038672161,0.114041515519705,0,0.0568439400956345,0.297968388125596,0.0149408123614844,0.0092211222277778,0.080184719890518,0.106250341417626,0.0528297717007786,0.067643224167954,0.0625377577915269,0,0.374563590795608,0.0693862444561269,0.0494797864280312,0.0463587434802591,0.466961450872983,0.796291420781578,0.863223753715772,0.162680441375607,0.409925760947266,0.33611981649971,0.00238859906017559,0.0652100020018952,0.294408245629978,0.00288775300267453,0.0325237637404385,0.082192192124551,0.0745265819912237,0.0775811378814842,0.0756620310230255,0.113842800849852,0.0224281288268854,0.278725627786596,0.0382536390001048,0.546014872073169,0.0553480140157855,0.30774578829894,0.103702346901444,0.125881365479119,0.839930659239564,0,0,0.245740686993733,0.0959765205826556,0,0,0.0114149859585222,0.245740686993733,0,0.0959765205826556,0,0,0.253052641135326,0,0.0640928201777799,0.0114149859585222,0.00174704827234732
"NB440",0.0319615518816664,0.319097015352734,0,0.647306831077397,0.00936905355876626,0,0,0.156384382968291,0.00124681253486613,0.107943443698303,0.0268777804586418,0.071350302818821,0.0583154566087323,0,0,0,0.117622481044775,0,0,0.197318824356446,0.250830630643675,0,0.0603329617787763,0,0,0.00715987616006465,0.0453867398223742,0.383048553794787,0.429715899079598,0.0840451680213576,0.0120152804677709,0.0875872829656556,0.0906780215296069,0.0174151964526581,0.0594424184299898,0.0201449308483051,0,0,0,0.0504356230060995,0.117115656151477,0.0505178507696442,0.0583421765808353,0.10604388954888,0,0,0,0.118073427136455,0.631463683392809,0.153638195162941,0.352693168922603,0.846361804837059,0,0,0,0.262276227936632,0,0,0.123430514892456,0.0654338690299767,0.176447805187471,0,0,0,0,0.190469658223329,0.154894793761398,0,0,0.0016577500549804,0.0719388691432628,0.0921286764308676,0.131659872498355,0.173035867252658,0.0208872021320153,0.32845951913765,0.253173973103692,0.0399902322298222,0.252617778722061,0.718636007622196,0.0604546643781816,0.091766582172028,0.0543802705112877,0.462131685625707,0.944164250120251,0.914129088165667,0.387678260621225,0.00851233955179541,0.391165139633479,0,0.0362480194675186,0.17648435768584,0.0458018556209166,0.114504033531505,0.145946716927906,0.133095803380037,0.0389177935032929,0.150508087453436,0.0547277210769947,0.120545117624939,0.200683339398833,0.141077146082422,0.595207579326159,0.073930438868763,0.52105316281999,0.152431953820194,0.187128975975749,0,0.749140831052965,0.749140831052965,0.302158973004746,0.113173546955792,0.214352373785204,0.00605137030311134,0.0245492558661859,0.302158973004746,0,0.113173546955792,0,0.214352373785204,0.239130937616212,0.00605137030311134,0,0.0245492558661859,0
"NB442",0,0.74949039871507,0.580881893320701,0.453640779897735,0,0.0742825275477993,0.0318796797509997,0.115955096471525,0.0238555526217823,0.1577982575241,0,0.132789830414438,0.0637235350325535,0,0.0570566019322337,0,0.0902712431719472,0.529099251134501,0.245565245114358,0.516693828827405,0.175215782874736,0.0490932146497233,0.156836036052948,0.0406388610689081,0.00717822816363507,0.0155423844815379,0.0428796099577702,0.0903794388420858,0.295987745238339,0.209453583847845,0.0396741407181603,0.0625932139060725,0.0168828438966005,0.0568471308020049,0,0.0861278168215501,0,0.00956991830215675,0.159557063292484,0.120353566553912,0.114078899004204,0,0,0.0398207615423582,0.0462620785497058,0.0346021782221353,0.0162789630086295,0.0988850512537815,0,0,0,0,0,0,0.0912138275549114,0.0139667263381452,0,0.107920143714525,0.20208206968708,0.276059437148002,0.19427584986276,0,0.072678114193192,0.411939878515664,0,0.137995427130875,0.134304124845307,0.17319758615952,0.137915528994311,0.0706403757947416,0.31355326625799,0.105183688571154,0.133971644842117,0.139158250781445,0.0841033197539279,0.0565855719422722,0.0189495486769209,0.00503954234304101,0.285249423487784,0.149526358601617,0.0572370702584922,0.0210874016231725,0.0446425423232617,0.449636977296371,0.937856739546803,0.864961496405354,0.168246774608656,0.361195974987167,0.202139178655028,0.0134030276067929,0,0.264895215946333,0.0187397403774539,0.0487014847933598,0.074618057397744,0.0753435323439486,0.119916681340431,0.0519902068656368,0.0150208423184895,0.0486723911261326,0.262819682079325,0.0553997672758794,0.52502087546555,0.0542721400322915,0.264668810052771,0.086351535167858,0.0834219817234761,0.473280428349811,0,0,0.237081822821493,0.172632875416844,0,0.155241094898608,0,0.237081822821493,0,0.172632875416844,0,0,0.289637748828697,0.155241094898608,0.14239271330254,0,0.162967367918634
"NB443",0.00588909275345623,0.51919138639951,0.648592390702011,1,0.157409617976672,0,0.00340148844557568,0.129710266068422,0.0142966321198797,0.178613373197641,0.00496619467667165,0.0899408943403138,0.069202788474483,0.0114712408892722,0,0,0.116940183594163,0.183961542012208,0.227833801018892,0.409772214022067,0.306733546549345,0.0146929634932443,0.127828606853737,0,0,0.00165272411695617,0.054410594888734,0.564305260639989,0,0,0.0113102442452342,0.0986500024923277,0.0209496333024254,0.041450986959771,0.0221721754392909,0.0440183798220706,0,0,0,0.0813483301735148,0.184474467498379,0.0276404385073132,0.0234050787123718,0.0848475975639646,0.0474261650911113,0,0,0.111728292593723,0.384848207700538,0,0,0,0,0,0,0.121973240521757,0,0.0109840037335431,0.217186161580578,0.133211025927737,0.0959453601803188,0,0,0.351407609297989,0,0.217816520530904,0.240233078916588,0.231970416680333,0,0.0570866608380104,0.102746286442317,0.0614897839662716,0.0337020847513828,0.141099947271579,0.030861611273076,0.312133403038441,0.291446677996541,0,0.395639897728565,0.319273809508044,0,0.0868184691036077,0.0292226569308715,0.419015086167626,0.918556966396502,0.879825102367681,0.239639415598292,0,0.249169072222219,0,0.033455038679081,0.202943562038965,0.0342958390082075,0.112678708961211,0.115268285868485,0.113525741603663,0.0041974306196568,0.133493354819648,0.00490958108053784,0.0797911413747913,0.320047278079642,0.125795747186637,0.623994480435008,0.00320359852085338,0,0.0599700896777572,0.0583115506450128,0,0.737415493014862,0.737415493014862,0.239507237405344,0,0.126119727187502,0.10423130005164,0,0.239507237405344,0.026464728186918,0,0,0.126119727187502,0.235311819450465,0.10423130005164,0.13188847874658,0,0.0348973904257878
"NB444",0.0813154356287226,0.297295010846392,0.836262910550945,0.422210125005487,0.0669761514961742,0.0958788201761895,0.29806122980518,0.310649968254259,0.0141078085117519,0.0788936757550401,0,0.0413753000937851,0.0721498263691707,0,0.0240091677982244,0,0.0934473566882996,0.0672294598029034,0.056760328001807,0.0352894236566463,0.105671752775047,0.00042786083353292,0.119921712939355,0,0,0.029999256751758,0,0.227262461199387,0.278310911194478,0.182435377254001,0.011242653388107,0.0427487091158278,0.0558368573603805,0.0203077273530612,0,0.0375743479107878,0,0,0,0.0953273184306055,0.0489631227618645,0,0,0.0415464638538562,0,0.0395699386243755,0.0399261023192955,0.0621327099507272,0,0,0.269934776835255,0.120580033465025,0.13676149355399,0.0371496881177895,0.200917382512023,0.278169560708313,0.00109145509533686,0.0878628737724166,0.122653523655102,0.243333155787313,0.0563436026609606,0,0.0134836599659357,0.0431570559840301,0.00174420848928247,0.0441202998177632,0.109556006764191,0.0552928459551222,0,0.078842441505747,0.119755232426729,0.0719206254766543,0.169073167461763,0.149514679387938,0.0248387418089811,0.0350805704639672,0,0,0,0.064896021011448,0.00747308516794286,0.0658440958624732,0,0.393772788046142,0.842797589443572,0.692404520839741,0.0610165019223512,0.611433380457009,0.188812651397713,0.110722859801952,0.0753701656724111,0.296058723435727,0.0353598408385359,0.0788550654318473,0.112138634589665,0.0600473541278141,0.0207618659124032,0,0,0.0205743254437208,0.217758999186763,0.0773648497696429,0.42506958413647,0.0333647880599297,0.106444619197105,0.0485316953855939,0.0079495035099435,0.019045557979009,0.797525342684504,0.797525342684504,0.292648899838452,0.183429099336487,0.145806402981969,0,0.0278970282276874,0.292648899838452,0,0.183429099336487,0,0.145806402981969,0.228079740517206,0,0,0.0278970282276874,0
"NB445",0,0.285249791669559,0.764508880801849,0.517480374257654,0,0,0,0.137166687814929,0.0225324986987673,0.182364386184605,0.00180242154194112,0.071934556845813,0.0813835491290783,0,0,0.0110839940101605,0.103101518214118,0,0.317276989011346,0.57073410223831,0.209529355344694,0.00629210279123344,0.174592609797968,0,0,0,0.071404977771616,0.137534196158815,0,0,0.0136727346808778,0.308956310857826,0.00503103603756653,0.0588130702570256,0.045869921632242,0.0555641854015119,0.00198980806704134,0,0,0.0471614166424289,0.115702771877047,0.0483311526656106,0.0931174832459015,0.163550977672964,0.0134357891375768,0,0,0.120632005265157,0.62222782863863,0.235491119198151,0.0683696998865503,0,0,0,0,0.0710861585356385,0,0,0.218713119612067,0.260880022405328,0.248707178497106,0,0,0,0,0,0,0,0,0.0329128123224452,0.148790501887157,0.0135109591514057,0.0438985631791163,0.128808879057716,0.0566788758876028,0.194890408750089,0.122167327421972,0.0161982567940759,0.538797713991891,0.312634337821498,0.0413123322804002,0.0779871024221362,0.0456897427631423,0.471369190253202,0.972377373681367,0.954555983648608,0.213579863650654,0.484329420986827,0.269702980001805,0.00910418152362515,0.0146810448234574,0.229925262876563,0.0484232696712488,0.0955971202842305,0.121511962378251,0.115726864769775,0.0427082836065735,0.135418849598701,0.145238842706054,0.135694048646836,0.288451346689869,0.081058426852724,0.616324170539501,0.0304413028880523,0.344176142706388,0.0749813307398334,0.100153681768336,0,0.68778436796181,0.68778436796181,0.206709888569325,0,0.124413809204313,0.169122957234784,0.0998027472159489,0.206709888569325,0,0,0,0.124413809204313,0.261001654228484,0.169122957234784,0.143092674803406,0.0998027472159489,0
"NB446",0,0.297493555546282,0.792538754709319,0.524128948050669,0,0.0629363102354936,0.116715602594223,0.281753823575786,0.0437330394043283,0.148837307461852,0,0.0969976541149594,0.0591887417516136,0,0.00144738859950822,0,0.101966912978664,0.185020755369447,0.292335056100207,0.282734550031968,0.123573968929672,0.034226635149791,0.110500317929186,0,0.00354715184670589,0,0.0640799670544317,0.254395534357034,0.068574334996122,0.0571926921427882,0.0515947106801389,0.129635108503745,0.0787023881960781,0.0514259368732163,0,0.051797775896657,0,0,0,0.0926746738174272,0.0399680551734276,0,0,0,0,0.0362034278346084,0.0910943525692095,0.0666443716852186,0,0,0,0.18872106827057,0.1831145832041,0.0781761030904636,0.24538104078954,0.247982701372534,0.0154429154399401,0.124981402603675,0.197038035449808,0.216022014301135,0.198757626963169,0,0,0.0151930251734054,0,0.030769998376866,0.0625506003261396,0.121326786197249,0,0.0559796469693148,0.19589363052874,0.108350050786711,0.155864760434765,0.140373583806891,0.0511648962084634,0.0228299864110886,0.0464135003323556,0.0708326144547148,0.1021090434413,0.0726931710211126,0.0273417587247535,0.0399772441673734,0.0467621176508669,0.405086680807034,0.790629380484631,0.744385093472035,0.0806145014131148,0.655255365985072,0.263544515210842,0.162897909119792,0.0730595073898111,0.299789333806677,0.0336911551268065,0.0560202883232496,0.0731327471950066,0.0653027231148825,0.0123967265493166,0.0289638829998348,0,0.00709812727994072,0.174423014471425,0.0663405782131507,0.519387208481764,0.00717576648468862,0.121900169990406,0.0395614926441947,0.0192673582736158,0.141196713769342,0.498246619994682,0.498246619994682,0.218994891442574,0,0,0.156638512598225,0.124785243532693,0.218994891442574,0,0,0,0,0.319619860735532,0.156638512598225,0.203918153637751,0.124785243532693,0.0513228179743643
"NB447",0,0.506850827441175,0.826908836093279,0.325014161032117,0,0.018431816580229,0.00067735576896556,0.0981082149522897,0.0398655474282732,0.202682249466486,0,0.0980328848323201,0.0749861404206417,0,0.0196421097050751,0,0.107858787780095,0.352570247815683,0.324102125372144,0.48326771246582,0.447654798242251,0.0724570052433797,0.224956372476062,0.0139217648892591,0.100891273127449,0,0.0655910905920145,0.270562900069238,0,0,0.0562488005537194,0.395942321592589,0.0150185859492809,0.055730548148592,0.0321332215935605,0.0616125271818256,0,0,0,0.0760024154811563,0.107902353056046,0.0341729450552083,0.0737364767965219,0.108180892075862,0.00954292010386545,0,0.0168441143133261,0.0919970070178498,0.306812441759863,0.0721998907792713,0.137395473478908,0,0,0,0,0.0151510490635042,0.114419164875707,0.0496013977102422,0.1738688314427,0.10780790993196,0.184395541347791,0,0,0,0,0.0652920267288071,0.112116078920283,0,0,0.0335295444839067,0.227448685653999,0.00794094356167589,0.0813988061883385,0.0904027168183782,0.0515690391230083,0.142677235160046,0.202446370645123,0.105527672541933,0.675897874627856,0.483202743050273,0.0898785103114915,0.0602954903016919,0.0403964989790426,0.437825698279661,0.811083141456078,0.881135374861579,0.211031927182184,0.351932576267226,0.426929777529316,0,0.0552022506621937,0.253369583202126,0.0016746331548555,0.0602375401973176,0.0742580850966894,0.092137228208919,0.00691661252234682,0.104950163322611,0.0613371887794373,0.0119301773915354,0.201101738840246,0.0707909580162887,0.586911131872866,0.0796274437456286,0.354672451611395,0.0971663864604107,0.166362574486983,0.860288843420975,0,0,0.249474835040937,0.0994012737372977,0,0,0,0.249474835040937,0,0.0994012737372977,0,0,0.200955299626987,0,0.0403098828417274,0,0.156780351795938
"NB448",0.00590357393955285,0.235899797914424,0.50244287056504,0.524479169558098,0,0.032206452084707,0.0319698065977539,0.216263336469322,0.0137027895568938,0.139511087403943,0.0483097353111951,0.100497605372276,0.0930939951253574,0,0.00527836067095675,0,0.0832233963420269,0.118528074160028,0.144646117876158,0.165009722881884,0.092369832273386,0.0472632664345796,0.138992552544189,0,0,0.0443351533781045,0,0.109051939786448,0.225325777041415,0.0444420144090619,0.0215479346463221,0.0508671270062133,0.0518956366138555,0.0393820464561948,0,0.0488730944969528,0,0,0,0.100826102566014,0.0662917418898831,0,0.023321955828384,0.00901749188763425,0.00405086252764825,0.00561012900734649,0.0733215334609715,0.101959505736817,0,0,0.00827968705981285,0.410998189635583,0.274667800781884,0.0763859651299589,0.208214164700837,0.424068441152079,0,0.0867301597167129,0.111493450345168,0.370610210989226,0,0.0972196018336853,0,0.0865589397993767,0.0538730370206149,0.15260256700527,0.232530575787628,0.0957949851292119,0.00381506892421698,0.173937838049772,0.154715440197462,0,0.0647978275970513,0.0905995486353521,0.0255697456668157,0.0682276752345439,0.0153560041713022,0.0229135648127507,0,0.204417129237344,0.0280651597405615,0.0275992273830904,0.0520698906119613,0.412751438393969,0.774910462978266,0.78318256147898,0.172035994514709,0.591121736413486,0.275474774364636,0.108824442000893,0.0520485331431836,0.243713681658733,0,0.0238908904553896,0.0596106894284771,0.0905315482693537,0.00238976068677512,0.0263472671955558,0.00673897674447246,0.0116858705794979,0.115873273304866,0.118511584043834,0.581418487324558,0.00832157504876486,0.0707613474810597,0.0524750658319678,0.0270632972321744,0.511162269426572,0.0130523580381309,0.0130523580381309,0.216180434107061,0.101240943467386,0.0344841218362412,0.348409474685978,0.0400840166386187,0.216180434107061,0,0.101240943467386,0,0.0344841218362412,0.259778728361695,0.348409474685978,0.0296418993177524,0.0400840166386187,0.00117700093561685
"NB449",0.0390935634600785,0.351332706735168,0,0.558602260391823,0.163592934042985,0.00461302797514797,0.00312947942169532,0.125596582250977,0.0085297241869857,0.1446738704026,0.0822590311945798,0.0743920016743422,0.112015152504589,0,0,0,0.124666814167888,0.105197747808434,0.0431536183056936,0.201233086052678,0.442981880115397,0.00975141021864869,0.150125025822461,0,0,0.00380163946399467,0.028787454715445,0.588771194972404,0.366931968667518,0.649715542683129,0.032617205435709,0.0780616741115719,0.0271500802530286,0.0104368572859519,0.0535319478601217,0.0406354051621678,0,0,0,0.0607875041163296,0.10959358983176,0.0400240726351546,0.0368493307171019,0.078680617739991,0.0321130256741957,0,0,0.109478852065807,0.631479612072637,0.290931463452968,0.441397739608177,0.709068536547032,0.0199915544575319,0.0147891530223929,0,0.273187966254717,0,0,0.17778497950408,0.0156961266902427,0.213602984897265,0,0,0,0,0.117426779784343,0.139408427835865,0,0,0.0530520787419944,0.126864778219761,0,0.0636837268764489,0.135446497286064,0.0359912253307157,0.561992258752186,0.124598782562085,0,0.164979906337074,0.072106300241868,0.0161286586335189,0.0802994603379605,0.0398612277787531,0.390315753583137,0.96210168560061,0.891135257231724,0.296855073588512,0,0.384964760965708,0,0.0520453892942967,0.185704759194109,0.0304321053963938,0.132687819451017,0.114455745495105,0.12477601130774,0.00045743090519921,0.135861546698402,0.0127165260603352,0.016973410232036,0.164463053710303,0.219120128010136,0.687351121450337,0.00251697717488624,0,0.0599347325785518,0.0677883516415673,0.0359818790005258,0.702415721749102,0.702415721749102,0.280513148380136,0.165488061237474,0.20118536280199,0,0,0.280513148380136,0,0.165488061237474,0,0.20118536280199,0.185600701546009,0,0.0521527982448218,0,0
"NB454",0,0.808498177529066,0.681894303341483,0.511285657983826,0,0.0317915873492842,0.00185209395168584,0.109552012141002,0.0942260587793494,0.186637290140485,0.0218597570061811,0.132101957368414,0.0781107023381227,0,0.0131717803152514,0.113518482520386,0.12038184682216,0.306120786935454,0.0955939511716423,0.142834511351304,0.347150510413683,0.0162721704298864,0.225882969875877,0,0.0247268621250811,0.146072038691304,0.0717855844497696,0.543321805955815,0.717407636405109,0.4564045544852,0.0722249127780306,0.300399551437839,0.122746817262007,0.0580807319021404,0,0.0556875523945114,0,0,0,0.0761854731541873,0.0932839022860017,0.0181542141162805,0.0602669816844861,0.0799232791159031,0,0,0,0.0828192977138733,0.0560059067794493,0,0.0184642802955087,0,0,0,0.0908291955707157,0.0100237675624034,0,0.110254147716825,0.208895458156708,0.263357331760098,0.169753241025721,0,0,0.293378834533436,0,0.0652995830568149,0.0488710881664893,0.0726391803134843,0,0.0668762045495286,0.155876232696122,0.0128990680549433,0.0580597180392795,0.0987600556077386,0.0504925440213537,0.00475149276465634,0.0734077150298092,0,0,0,0,0.0486720999304121,0.00420992149315658,0.442672392904455,0.843966225263459,0.862616868056616,0.105716085230243,0.371368262002329,0.253052407353613,0.0412253723544034,0.076338662418388,0.349580065015831,0.03602878078147,0.0588718709936731,0.0489983097704945,0.0654448029266726,0.11650604250178,0.0919562588644282,0.0676203520652096,0.0466989832730599,0.331454723963062,0.0538743902253022,0.526786419562208,0.045733139898127,0.211198694064942,0.0652232098872806,0.0482333699034968,0.48172306644298,0,0,0.254096073316441,0.165290495134344,0,0.169693732943643,0,0.254096073316441,0,0.165290495134344,0,0,0.264180860240579,0.169693732943643,0.0796574925615539,0,0.0451199207294248
"NB456",0,0.668965430271205,0.716019049927372,0.484186673311468,0,0.00247223947250235,0.00110069426683286,0.0775595073413164,0.147608596622736,0.276633713239278,0.0194226781868392,0.16499506871778,0.0661842203894879,0,0,0,0.116580910384835,0.632312203673978,0.445250519323026,0.679303087680744,0.300712598794525,0.013298171606764,0.357387036187179,0,0.0103074218754529,0.0119657586459354,0.0719916610335123,0.367687796326022,0.0893073244343075,0,0.0571183234430091,0.390933883128786,0.0161872846474881,0.0736345764664865,0.0557911475304648,0.0470169386548978,0,0,0,0.0751462056160284,0.1236470926885,0.0435148233074819,0.0952932643244388,0.0815969745104411,0.0179493180080539,0.0365223155824251,0,0.0893706975016882,0.124339799569521,0,0,0,0,0,0,0.0153194931208805,0,0,0.170133929454307,0.31115833542467,0.137297111250156,0,0,0.273673528197175,0,0,0.0198547013622689,0.222229592152721,0,0.0627998947285681,0.136034075097844,0.0995050098915096,0.0128961585427158,0.151844365057237,0.0346095031551782,0.640572017816536,0.10402065714362,0,0.243212564089945,0.0816350533946955,0,0.0764574596207536,0.0708207511726203,0.388194619094713,0.974839429448,0.854547564531967,0.203694758440927,0.487754281144797,0.292766065861287,0,0.056174584031009,0.195130601114366,0.0316027326861819,0.0780551445990477,0.124206045578222,0.114786989893333,0,0.121209630558736,0.0115524543488058,0.0464829612284699,0.0866659060526548,0.291078879423943,0.656612413067032,0.00311087668263942,0,0.0412516825011372,0.0613690713997946,0.166440209819364,0.659895311963995,0.659895311963995,0.233190959148665,0.0338810597504332,0.170859303818466,0.0982254417549933,0,0.233190959148665,0,0.0338810597504332,0,0.170859303818466,0.218004344228548,0.0982254417549933,0.0415579767112146,0,0.0145695041288058
"NB457",0.0136997753642456,0.418991865168187,0.328352979934984,0.30030580270079,0,0.114726834390276,0.0191645288312114,0.0786373049846265,0.0138398637377852,0.171302008212857,0.00082298077959905,0.0958500729969514,0.0888699471570837,0,0.069108121502917,0,0.102540027174401,0.186164367324311,0.0924374923069735,0.460648864758824,0.140444880673885,0.0205612228324833,0.109952814574422,0,0,0,0.0469218121900075,0,0,0,0.0165831931248814,0.0641024576955107,0.00134227114308078,0.0383206276922553,0.0208613043851404,0.0803713376856514,0,0.201238234718028,0,0.0925085771407519,0.107494664376173,0.0354793644819986,0.0803829742545997,0.123134005976837,0.046797349898064,0,0,0.139257588821822,0.581008134831813,0,0.443568892558381,0.486947152680938,0,0,0.114904927271205,0.33577231073281,0,0.0858931628155431,0.198375505844211,0.11171096921683,0.196172767636123,0,0.0294849926557564,0.184699867384078,0,0.218832519403609,0.148715076277088,0.238227666681002,0,0.0799614641886429,0.27814924664822,0.0552963392467723,0.0876431806485129,0.132665226234751,0.0790451294547378,0.477909872739576,0,0.0560733539401829,0.358442668782439,0.285184286429067,0.0353715422844051,0.0436773807215488,0.0258265819469134,0.396013945236521,0.916177549673186,0.842790627188905,0.245548881519272,0.438496615811811,0.364948450895081,0,0.0401932120120091,0.212035424580854,0.00585430583986774,0.0950342745255952,0.0981537210932741,0.118538867719173,0,0.096289931662208,0.0379527135807237,0.0829434030205405,0.0585306715226437,0.0987954432719847,0.653303399656819,0.0067754219276937,0.245008083489459,0.0680502172208399,0.118918470988031,0.335474574755815,0.249511039766972,0.249511039766972,0.222902513574431,0.151434539601236,0.228351893808793,0.204007757355528,0,0.222902513574431,0,0.151434539601236,0,0.228351893808793,0.192111871902782,0.204007757355528,0,0,0
"NB458",0,0.239808415813236,0.693600455753451,0.29597088970545,0,0.0519879791873801,0.0906195812802283,0.18613176086232,0.0720145284046547,0.152130682989624,0,0.0949564036080659,0.0628063885185597,0.060535080846695,0.112233358103312,0.154095198062284,0.0535953437974209,0.212754083515107,0,0.0974511780238784,0.121626588137865,0.089777044741669,0.0997792166929262,0.0311402197606317,0,0,0.062910624358286,0.109692929645149,0,0.0901454958429233,0.066585395545163,0.055652732112607,0.0395357301439844,0.0552206842797899,0,0.0518785829748718,0,0.0779629589817942,0.245087070881883,0.139336581744888,0.0453916830397951,0.000514205550938382,0,0.0531561319767774,0.0546179458195345,0.0424664258062936,0.0678047345350816,0.0437517981542184,0,0,0,0.251567467649003,0.153293609123869,0.121383510044002,0.169075825435326,0.301160904457631,0.0639111085139341,0.135134788404245,0.168246476001664,0.217367931124899,0.143174263211646,0,0.0362799580166331,0.002091684438577,0.0338441411978944,0.0356625693506312,0.0878147952125287,0.198908720524167,0.0336425486735995,0.0834322199535688,0.281605462359623,0.0766830526858102,0.0949829219087658,0.0995279920314422,0.0573359856031432,0.0284881219614893,0.0297654506700817,0.0345422334065084,0.168153206737802,0.103866708277025,0.00818269956324452,0.0359924877240147,0.0378638482751888,0.422291424421582,0.677309985516981,0.755673702699012,0.0493341325405267,0.347505117373101,0.169085233771666,0.0860431994673672,0.0714316722437821,0.321112905304527,0.0244879436285362,0.0590161739718115,0.0690443692922357,0.0374676169201383,0.222264090672749,0,0.0133253018730215,0,0.334525713966646,0.0150216730226176,0.291889402625068,0,0.0813434032606439,0.0738188448716685,0.00848111053338191,0.331050188662448,0.25713277872114,0.25713277872114,0.278045227229,0.198503939133743,0.199094181694174,0.475610440768499,0.00643434410149195,0.278045227229,0,0.198503939133743,0,0.199094181694174,0.29428965976581,0.475610440768499,0,0.00643434410149195,0.104112918957193
"NB459",0,0.554780177435286,0.594674559655629,0.412017380500576,0,0,0,0.148768008849507,0.0306567990081912,0.224279037602483,0.00558060087697915,0.168102810273181,0.0782103396360252,0,0.0113279031087185,0,0.0895661628740504,0.231303930395495,0.171293149090003,0.278013632268477,0.401846986859608,0,0.205404270648053,0,0,0.125556453133947,0.0593326202649738,0.768696069604505,0.64621876252653,0.318808872886011,0.0455404085165552,0.260882225604903,0.0856948768372515,0.0479047322681004,0,0.108977188290992,0,0.0379757749284861,0,0.0574233567644504,0.122860203005191,0.0413844464039376,0.0864401808329083,0.103602599299512,0.00410672469794127,0,0.049879700474512,0.0922648443117468,0.342949600241253,0,0.269630004162894,0,0,0,0,0.0102860299271235,0,0.0211280797774136,0.192849472776528,0.213135903515812,0.15609220068234,0,0,0.40532544034437,0,0.0254998564721643,0.0575257268302859,0.106583836607196,0,0.0690766768292277,0.294559902195794,0.0153859023376189,0.148683853679338,0.135386954371996,0.0940528847593578,0.0953799750808263,0.105901838275908,0,0.0759042517762721,0.222754475732806,0.0140081951999545,0.0495107349174501,0.0405267928474098,0.433015852249906,0.874443546866053,0.836346582604965,0.070423665510692,0.613538248547021,0.363582837950699,0,0.0939870107017501,0.393924982281721,0.0376990349134328,0.0753689391105363,0.093463889757726,0.0904938486032193,0.0423747287757603,0.0969639064816552,0.0183310367606978,0.0213127856705126,0.466945288157406,0.0509550614289163,0.584805106891617,0.0243829573737519,0.192689018064643,0.0586356026094061,0.0642440609015147,0.33998104991776,0.0858639340740167,0.0858639340740167,0.222887737759292,0.0748907435627294,0.0371592942224453,0.514619968289318,0.287202990487571,0.222887737759292,0,0.0748907435627294,0,0.0371592942224453,0.262747548442785,0.514619968289318,0.0193955660734613,0.287202990487571,0
"NB460",0,0.803867144086049,0.519903350953693,0.61659675428792,0,0.00090003791223577,0.014261251308479,0.126647146259244,0.12134130288723,0.199452443817438,0.0607045711045803,0.108588170580225,0.0980399845426125,0,0.0623610709939345,0.0798168374173157,0.0863113670495276,0.388180239341347,0.558889386034017,0.549314709306771,0.328900746110675,0.0335923145085648,0.159082699266984,0.0683229262696631,0.0331429734445661,0.0530669583889,0.0879434973244164,0.368831392580905,0.189920093829508,0.238395439078509,0.07242763169639,0.315255939658748,0.0429751274938666,0.0845084182296423,0,0.0495465594631911,0,0,0,0.093399866874594,0.0835611417131195,0.0575032074481718,0.0170087202443087,0.0292650269171045,0.0107884891949025,0.0056165995723595,0.0502532365975247,0.125947052487869,0.0074278473862056,0,0,0,0,0,0.0837578967886797,0.0432825359268252,0,0.0262827005753317,0.166627308671294,0.147132993474525,0.187384263444603,0,0.0459830948119428,0.446953675601741,0,0.0183196498132149,0.0593957561395644,0.177286843785846,0,0.0557007170061403,0.142762167129216,0.136724965343649,0.132435792069374,0.166617030461857,0.002567450556399,0.0079723316523316,0.0521296142525944,0,0,0,0,0.0239525576859994,0.020915964288998,0.443973800484227,0.922457352419462,0.872574361338892,0.0734189310771041,0.416258264344128,0.184738344187816,0.0057401988749324,0.075410193609459,0.340611992038591,0.0192349669071079,0.0606727379948873,0.0770915604694736,0.0630671802713078,0.154965390770859,0.0654095364209039,0,0,0.428541557336326,0.0417986978118383,0.446431962545147,0.0609985228854104,0.195814930562442,0.0809953245218571,0.0395683737362988,0,0.754912155270088,0.754912155270088,0.312997536571883,0,0.0396841755179353,0.219375561285415,0.0269443558120851,0.312997536571883,0.0257122834444978,0,0,0.0396841755179353,0.230694270197731,0.219375561285415,0,0.0269443558120851,0
"NB461",0,0.558385001344476,0.462405209041959,0.316631231875593,0,0,0,0.177685928971358,0.0318202396607542,0.192581113344454,0.124839916015973,0.106911024242032,0.101541544551597,0,0,0,0.0829401094921541,0.225522254074385,0.186392370194766,0.224087626639867,0.125502128837293,0.0220167889327426,0.0872507718826893,0,0.105385141628048,0.0259173365507598,0.0759052724595624,0.774477745925615,0.740046218490232,0.344715002583586,0.055661593757307,0.474359881683322,0.0515502653830032,0.0807249638250201,0.0631203008110235,0.0419224484552321,0,0,0,0.0525935231065653,0.0799820742639518,0.013339933574523,0,0.00784384402308865,0.0133334585110499,0.0443331298460707,0,0.0851348658840294,0.175700436800376,0,0.028376868231683,0,0,0,0.0367514599061815,0.0111331740987346,0,0.0144786608065175,0.193460850772991,0.278446490202731,0.156777809332353,0.0298197960652804,0,0.432209649329993,0,0.074926426270564,0.0757494329424854,0,0,0.0552169855028546,0.130298878224159,0,0.0656022702282863,0.118470448131818,0.0263452094345582,0.0859990198933196,0.158859638244912,0,0.0735614113150017,0.366172184647146,0,0.0864386966211246,0.000546325764235155,0.41853485960771,0.928966485765855,0.844052050212469,0.068525087949915,0.408666457808274,0.305163602738025,0,0.102801242379059,0.344854017604485,0.0355656418523247,0.0786607388004041,0.0910949214406838,0.0796495395110366,0.0376484525203204,0.0769407399468523,0,0,0.439830869282659,0.0506513471743036,0.517787598816135,0.0440887645601284,0.106708351098439,0.0785202095035432,0.0601025685380202,0.0110123025753311,0.901518424167332,0.901518424167332,0.319477088529517,0.0825677313216755,0.208166745281232,0,0,0.319477088529517,0,0.0825677313216755,0,0.208166745281232,0.239107729677673,0,0,0,0.0352282159683895
"NB464",0,0.444500975681503,0.789834883474589,0.441016769089604,0,0.005531538236332,3.094271645338e-05,0.109555626065876,0.0207197166612582,0.17738243836701,0.00440466460753601,0.0861552081172682,0.0487008371599219,0,0,0,0.100322324072385,0.355568183404197,0.277412191929158,0.382282236938083,0.366884318047514,0.067573346057377,0.162111469847967,0.00418031590188491,0,0.0314215328048315,0.0650168600752481,0.0201751293478538,0.148943900236416,0,0.0260704990607599,0.132456565969221,0.00514243631121993,0.0525615736795001,0.0610762838174403,0.0664268202143159,0,0,0,0.0449891965931525,0.104559932319597,0.0369260237476081,0.027561426878056,0.105529891319628,0.0190108600853192,0.0155467437145918,0.0315006440125747,0.108199908098756,0.479785466591205,0.210165116525412,0.484226944918902,0,0,0,0,0.150602162466664,0,0.029955513248774,0.180015560187852,0.098077492920473,0.0963678552055695,0,0,0,0,0.0542411898687684,0.126565237032351,0,0,0.022454893505084,0.279496931476665,0.0853885303940583,0.107916721608313,0.16781383807724,0.0845398832500957,0.118355967055455,0.112221444766205,0.0213866013066163,0.325919323756925,0.519302024047448,0.120394080048083,0.084782298120274,0.0500395852070866,0.467544407786984,0.942462805457541,0.871820026687272,0.162942379976343,0.318845908134582,0.33721492622232,0,0.0744504928213529,0.315463957441859,0.0814822046351206,0.0982878255612246,0.10977620137325,0.0905345103137028,0.144150761821278,0.100008635834904,0.158085870685309,0.0888056294516218,0.363095762846467,0.0315611174507511,0.494533266035243,0.101327889965443,0.319935608169449,0.117651990808293,0.110747150922323,0,0.537658764732527,0.537658764732527,0.238825811314121,0,0,0.175100695223988,0.21948733012342,0.238825811314121,0.0453581665156458,0,0,0,0.357745532200462,0.175100695223988,0.24188237352784,0.21948733012342,0.0672075511209785
"NB465",0.0719856292357927,0.116755345548218,0,0.830661926544026,0,0,0,0.116514176433614,0.00160334302526955,0.0801023840172657,0.0233947773291704,0.112123814039254,0.0814504061654731,0,0,0,0.114845531617721,0,0.212429098134309,0.302674288587663,0.275661780220538,0.0248599671325034,0.052122173922541,0,0,0,0.0571649236138274,1,0,0,0.0222752333269541,0.0751608871873944,0.0206400477435152,0.047696071433999,0.0556628934138184,0.05782648320192,0,0,0,0.0542169107772997,0.128695899289443,0.0574734877152197,0.0990921858377368,0.161354470154499,0.0237878069066076,0,0,0.113546433906018,0.88068152440347,0,0.169338073455974,1,0,0,0,0.0141831056434299,0,0,0.153998510659105,0,0.274058285275842,0,0,0,0,0.210697246973126,0.122292363468294,0.303267860626872,0,0.0655666093884026,0.172149804735347,0.0512174961535433,0,0.181669234316277,0.0398374300636487,0.402673080433218,0.193291989100643,0.0101125250039005,0.484303041238819,0.402670371178069,0,0.0725810295964058,0.0366548250006872,0.386428868679818,0.960222421088357,0.85145713345207,0.0861222893085807,0.387464176675838,0.210616514548733,0,0.0257623232531197,0.218828405585779,0.03802041208689,0.141475789641911,0.127130353495567,0.119799323386619,0.0044197648771892,0.152516850096937,0.022150272762925,0.0754334137624509,0.457845508925279,0.122210594666962,0.640010638928299,0.0236894173467527,0.282744249635177,0.0536924445137651,0.0888606431673359,0,0.794456476296166,0.794456476296166,0.280837122389704,0.0917982163622562,0.184102102474701,0,0.0145096843200464,0.280837122389704,0,0.0917982163622562,0,0.184102102474701,0.176910595736456,0,0.0411829936780757,0.0145096843200464,0
"NB466",0,0.86834871393797,0.663561736921256,0.928153701555473,0,0.0167883789949953,0.0216571108974594,0.130045983285172,0.0378968575683356,0.165302543253262,0,0.143473762919889,0.0385687232019509,0,0.0447478644090041,0,0.102831373852223,0.362686190556797,0.279602782510976,0.348594092397455,0.266775840202036,0.134109079434607,0.17173663777057,0.0566445066134428,0.0184696753311143,0,0.0524190721935054,0.236548616036048,0,0,0.00368474921449039,0.109310334534459,0.0299750410427314,0.0537790109062082,0,0.0745828994372007,0,0,0,0.0789786708468672,0.128846810663216,0.022826386129855,0.0662744281742084,0.0790349548366366,0.0514750215529721,0,0.0362016027556607,0.103914886068157,0.0950882800005352,0,0,0,0,0,0,0.00797130880933265,0,0.0760268638901432,0.149132866708984,0.0168909896574251,0.141295217810051,0,0,0.31796858774763,0,0.138907863912157,0.150576595924621,0.176575013478865,0,0.0809249555204591,0.234552779699952,0.212848823821794,0.10432018183741,0.129841720929562,0.0540029515963434,0.00948688405410812,0.0310553306526008,0.145097110417553,0.543822204010159,0.441243373889991,0.132530974547057,0.0372623349743475,0.0387243879780899,0.468270779133127,0.750057028093053,0.871152708036438,0.164747519031836,0.406379226886764,0.316231275586974,0.0419768205041565,0.0924179616533322,0.347488017717365,0.0204856685092079,0.0506910995961053,0.0462465416068399,0.0741801346310918,0.173165773346272,0.0810135912994291,0.0916103186129993,0.0488797305386102,0.299373520504515,0.0238960547412367,0.48859275696509,0.0399436322974345,0.172483472738133,0.0948829078071692,0.0688886556593945,0.580425336022226,0,0,0.184827261422864,0.0259250272990486,0,0.366154241550155,0.142834006477003,0.184827261422864,0,0.0259250272990486,0.0965213876155744,0,0.311007473116993,0.366154241550155,0.0274953951285701,0.142834006477003,0.0766375376880089
"NB467",0,0.774641573485128,0.667199895870991,0.970216504259891,0.013440940284176,0.096010364106891,0.0397748992364381,0.140808239678709,0.0225594722222363,0.176405703241346,0.0425023275770078,0.120700844073995,0.0814676798913169,0,0.0474119190546757,0,0.109720168387524,0.369207542913362,0.137933849382575,0.541043972986793,0.261461193577076,0.0406958159508499,0.163066535079882,0,0.0176678015402575,0,0.0252129260683147,0.40651779232829,0.0274800729093015,0.20842351429287,0.0274116002336264,0.0785936972190813,0.0517598767213202,0.031677234463618,0.0385923577920877,0.0479245514862985,0,0,0,0.0692557361315928,0.116374408503051,0.0182088908546717,0.0568878319434853,0.0784751987696602,0.0290650294924671,0.0269266574859244,0.0142960062249518,0.101907963133756,0.191714085738799,0,0.0050302670314283,0,0,0,0.0639508804317392,0.0941584231916003,0,0.0619122089273083,0.211078130719622,0.209234051552089,0.16744348712233,0,0.0338572292532252,0.315132302588751,0,0,0.111052120023703,0.14342102573372,0,0.0371734902819504,0.130879284072274,0.108598742380763,0.109254957733149,0.126732081509877,0.0394436268571042,0.106946501443264,0.122669352195062,0.0179782091648934,0.507647337917697,0.1674450739632,0.030219016797546,0.0583012815373106,0.00667855212043698,0.434143984996596,0.93078604953883,0.843068063568634,0.177955098918695,0.480860991124504,0.261643153768959,0,0.091259845271502,0.301618519138473,0.0309160076662362,0.0706417845076757,0.113120117885502,0.0750731184997402,0.0568258658801603,0.0641834076887669,0.0400201950029873,0.0605697119339668,0.320380445854942,0.0499031116706061,0.493799118005587,0.0916816107256726,0.329465846233507,0.0898801788607357,0.133698181140532,0,0.456559389222781,0.456559389222781,0.255370174831827,0.170785401198501,0.100459170396319,0.372655209578718,0.345777643246426,0.255370174831827,0,0.170785401198501,0,0.100459170396319,0.266309937513961,0.372655209578718,0,0.345777643246426,0
"NB469",0.0502394977202715,0.247070415319806,0.714052715215003,0.494947976516231,0.169312053025012,0.0385610569802185,0.193458690423672,0.298137137481148,0.0204016392570246,0.0959488764918476,0.0147146702655398,0.0401105287323259,0.0818803446906102,0.0023199276086915,0.0241137034699358,0,0.0969550568990125,0.0949268992183586,0.01818964483844,0.0554913195754065,0.0823496391371242,0.0442249484067966,0.119081772976379,0.00553644391413358,0,0.0366662816145493,0,0.232853457919549,0.126918347197669,0.336606730341496,0.0152778877419043,0.0414411928275572,0.0625074284742273,0.0302309440857368,0,0.0192763082922836,0.00378011093540406,0,0.0514736381621479,0.104998213301212,0.074736010304342,0,0,0.0296492089716427,0.0429276017832831,0.0477789329172194,0.0487348709278136,0.0419473315795239,0,0,0,0.187701221694447,0.211834191961364,0.108424209969535,0.163807977077219,0.363868729848768,0,0.0448710582010566,0.0670742223874634,0.16896974105011,0.0250314917794102,0,0.0688338956517677,0.0982460630905498,0.0133491710367517,0.141519163246379,0.169502997757792,0.201764303253358,0.100951819160592,0.0934228948390774,0.0782113248908331,0.101651197286741,0.142737648860679,0.179939404574489,0.0135507945322944,0.00551035402075069,0.00231240910310728,0,0.0379726045166005,0,0,0.023375231107624,0,0.402942661881332,0.761186657187455,0.756397243455929,0.0541975681766042,0.425448778432146,0.284080775393518,0.168663640182096,0.109377294274801,0.318439613787039,0.0175326287280821,0.0361755057507856,0.0797901179273905,0.0745429528222633,0.111916947253746,0.0235766217459029,0,0.0266495245204734,0.245122028616815,0.0654698624136463,0.453301335411965,0.011787587102255,0.0113662445025803,0.056369608806436,0.0146292296212011,0,0.586558170855814,0.586558170855814,0.225262959854778,0,0,0.358080216247909,0.287647522953288,0.225262959854778,0.0553616128962778,0,0,0,0.297643721876884,0.358080216247909,0,0.287647522953288,0
"NB475",0.0286096083841849,0.972361738397429,0.813288240101239,0.73228890631411,0.0865415286639441,0.031813530566546,0.00870918621041926,0.212173568173505,0.0117343223667511,0.146838668854123,0.0044325909502438,0.0919122260253992,0.0600651340865628,0.00478993575947752,0.0395571824155316,0,0.0957519706186697,0.43038382523411,0.278469136585398,0.329392794092301,0.15113792064251,0.00788173231035255,0.137324976782911,0.0149972921069146,0,0.00352565496668157,0.024946490521552,0.204451744719728,0,0,0,0.0662615307487225,0.00559512271855398,0.0342031979163805,0.0234475494111549,0.024493342277807,0.0230767635704965,0,0,0.0511658067366874,0.138379022902472,0.0411153757034563,0.112897597844485,0.0981132772568497,0.031677573333751,0,0.036027380663325,0.0923227731815481,0.0276382616025705,0,0,0,0,0,0,0.00798705514992095,0,0.00970931738038169,0.197338581249658,0.285518491553967,0.143306730788592,0,0,0.186711759898761,0,0,0.0715613772066605,0.246479790300114,0,0.0632953758621668,0.0624579049577083,0.143656517819749,0.124266768211102,0.155295916969586,0.00876094062320763,0.169407072924983,0.294079157675057,0.00113220270364618,0.451974309543992,0.383144555251922,0.0275456008947668,0.0447952695146827,0.0291809371759668,0.429663412524083,0.931497893336556,0.848873008436284,0.176866054123875,0.447249601829632,0.414771575763448,0.0768618997221397,0.0923365370601338,0.2573545163253,0.0176975441899783,0.0735122576918544,0.117606547266327,0.0981582511627615,0.0915971277812676,0.0887889210343517,0.0532911930445859,0.061542734650376,0.291275836366181,0.161077475996241,0.605975348863769,0,0,0.0622442771291087,0.0305332737532694,0,0.757550723808592,0.757550723808592,0.290355154505365,0.0921161008535684,0.102975191746851,0.15033317533784,0.0387618722777213,0.290355154505365,0,0.0921161008535684,0,0.102975191746851,0.245160523799095,0.15033317533784,0,0.0387618722777213,0.0149111363747566
"NB478",0,0.838691564395913,0.58309876450842,0.7521348629273,0,0.025463044789819,0.0395279601111062,0.114349289457844,0.0281460234006562,0.171048252171953,0,0.1170356864056,0.0282735601094926,0,0.0216738270808046,0,0.084754817896861,0.385689151005701,0.326551101971351,0.398132725037768,0.477295779867174,0.159054260035089,0.186439533882078,0.02199215951257,0.00828138406328988,0,0.0502463007258347,0,0,0,0.0158407060936456,0.0659846304052257,0,0.0348305784946817,0,0.0849661663338956,0,0.0110260697866156,0,0.0662625920606764,0.13703405842149,0.00707219284315443,0,0.0600432132614308,0.0599193257085001,0.0285130016908607,0.0669195467710568,0.127878012936874,0.161308435604087,0,0.2478651370727,0,0,0,0.00850296417035705,0.00453835713625747,0.0391271356692841,0.114944707067695,0.193046315290286,0.148178130171396,0.099228374298197,0,0.0445165059154231,0.40861985142829,0,0.110594259022785,0.268430992042455,0.155626096693121,0,0.0780794827820435,0.241785001137414,0.016412699768511,0.0996719672460618,0.101895786789591,0.0865312690508984,0.017948240068014,0,0.269251333360242,0.517822801335528,0.5041870556887,0.232601633316548,0.0381641447274127,0.0617654295133939,0.478428903938702,0.553919911166433,0.869715970005892,0.134272643050176,0.378887067096988,0.279789644879297,0.0980207910445187,0.0806108875399252,0.339026400497778,0.0211169249237049,0.0677049058582695,0.0523013581522954,0.0744074654234836,0.179213712972202,0.0630377592819091,0.0124951189838221,0.0508839330687565,0.31960438919108,0.0156740855662868,0.366786799793801,0.0999864770044203,0.217579901205242,0.13406810979678,0.155298929828788,0.45144856710543,0,0,0.136854985712047,0,0,0,0,0.136854985712047,0.155922653180586,0,0.287171107940081,0,0.261960958089754,0,0.12058812600248,0,0.120340616419884
"NB480",0,0.619310915376179,0.702015483133748,0.556423962901419,0,0.0270847817115882,0.00862680063516528,0.115633931240222,0.0291117992269911,0.178270866592865,0,0.0975937634301015,0.0546178470424123,0,0.011479159241141,0,0.0997578172962485,0.345421248259083,0.29235592896068,0.504167442955234,0.451937088449255,0.0651014733557968,0.183336813545388,0.0523524081311197,0,0,0.056569643878744,0,0,0,0.0339696652290978,0.0776697253521192,0,0.0248622523516574,0.0183371049884322,0.0726673236117614,0,0.0285127548762311,0,0.0739081676872162,0.136117639903473,0.0634844495855664,0.0632227520091017,0.125729823220286,0,0,0.0326213828869739,0.102898811343671,0.35489775480153,0,0.443576037098581,0,0,0,0,0.0118874376775484,0,0.0250983867106168,0.190501440112512,0.01677282372126,0.233951999509272,0.00664555076325979,0,0.297984516866252,0,0.0770652417745004,0.078949606193269,0.0546123495550713,0,0,0.238892336060888,0.0599218172536324,0.054243533697641,0.146295305635235,0.0506203961900374,0.072902078683597,0.114210395070937,0.129723306931164,0.653031721484249,0.495832557044766,0.118906352981375,0.0654936259692535,0.0414486329391168,0.446356667100773,0.781933396629945,0.83942076222083,0.137409469414377,0.371375481487082,0.257871009151822,0.00379196404333619,0.0239798536792706,0.294709798594864,0.046201873073481,0.145240803842459,0.0920246672652441,0.0828236794611089,0.132273750021721,0.0847838273324081,0,0.0522524755725272,0.356977087804048,0.0322759682413667,0.535993295409048,0.0691574124358051,0.281429006302574,0.0896553486747837,0.128578985462609,0.468907052651762,0.265822911099809,0.265822911099809,0.22923744223793,0,0,0,0.0229506155962143,0.22923744223793,0.062513383678495,0,0,0,0.290316687486525,0,0.202756652569934,0.0229506155962143,0.106550015522888
"NB481",0.0711705466908551,0.954912534268055,0.781378806004198,0.844903500324566,0.163508207273838,0.0567054828284794,0.100547596304811,0.347983844955324,0.0135044725692064,0.0947698519256184,0.0132365200631312,0.0760567646708927,0.0637510549334669,0,0.016603713950225,0,0.104058968794008,0.0915759577583338,0.108920716979568,0.184806964835953,0.189184817861878,0.0132543864385477,0.109293532264898,0,0,0,0.011958237501303,0.435366324071417,0,0.0642181876480855,0.00725974550124201,0.0581310171515833,0.0362579056377836,0.0241539163657794,0,0.033048377299067,0,0,0,0.0818809930892486,0.107892310201527,0.00916659190039558,0.0228128410574399,0.0448666692937083,0.0751832802184041,0.0198562251900899,0.0142273813672996,0.120451573995707,0,0,0,0,0.114876468272845,0,0.111901893965051,0.245120368814618,0,0.00630024010724996,0.089452829443641,0.078138746651819,0.162261424350038,0,0,0.218621193995802,0,0.190389585738733,0.085484905641038,0.220791024886707,0,0.099552254444822,0.111017402281791,0.0902875255869982,0.115958884325681,0.177539686466584,0.0216929648015491,0.0673572555897014,0.0152291938470446,0.00183114899136428,0.235633603278585,0.205414816754713,0,0.0214750487549948,0.0289816488729352,0.399002307906782,0.896942387010963,0.797539290656352,0.147029572633671,0.512970983734812,0.424723474366855,0.120657841034965,0.0702739933744461,0.287398588832071,0.0309569141428534,0.0343993149175355,0.0893979411914384,0.0974520002519097,0.0536057636515783,0.078176965725277,0,0.00209172422603881,0.28643202298453,0.116673843307759,0.584212995322904,0.0176842370940505,0.0156107504503793,0.0568906967854537,0.0471023733493968,0,0.613843888688114,0.613843888688114,0.265623291392021,0,0.00978297467365605,0.386156111311886,0.133004997152488,0.265623291392021,0,0,0,0.00978297467365605,0.240237301194517,0.386156111311886,0,0.133004997152488,0
"NB484",0,0.613515391348115,0.873240644403474,0.38074079035059,0.0031316418772489,0.0283648775764363,0.0164510322971869,0.16063840591832,0.0673473853096044,0.171063841604873,0.0284469346391781,0.0571248086907092,0.078443460193401,0.0407517753069653,0.0734220274692543,0.354850387943179,0.0986623314206548,0.138446004951651,0,0.151097668003109,0.158470999997725,0.0145723422608005,0.168086326573023,0.0796327860922461,0.0772521327942975,0,0.0916177782189743,0.235532848769733,0.122459954768088,0,0.0497832367216995,0.404603936457591,0.0190189296752967,0.137831958719328,0.0112908787878542,0.0376043850414188,0,0,0,0.0690651538824655,0.0828981308004585,0.0316447045003978,0.0822885020197999,0.0415026157865555,0.0226504894212154,0.0684828312306343,0.0186702555906623,0.120115919018231,0.170593593875436,0,0.0769488722743594,0,0,0.00122530558748054,0.0353645097575171,0.216590022200852,0,0,0.0908138474100297,0.118091854167178,0.053622668273471,0,0,0.0495072228022286,0,0.0149562614094642,0.0841473124006262,0.0271592144054467,0,0.0511734080634361,0.111888041571038,0.112913465259229,0.209801162841655,0.183603675400182,0,0.01090735844497,0.056526103601495,0.0109063946215191,0,0.329776556418095,0.0274180055866108,0.0564395559019367,0.0231977532685997,0.457747878557626,0.923941111981077,0.88050372035368,0.114721182092496,0.377573685183089,0.373566406817449,0.0592709736185247,0.16901024936809,0.350183060988878,0.0291280103999105,0.0807797275705023,0.0341314665586278,0.0613447442961121,0.152374615615089,0.0496597206215685,0,0,0.379266743253774,0.0323609329267004,0.432364827549121,0.00265610685496423,0.0711269582487187,0.096239389794331,0.0528258367052088,0,0.512077638686926,0.512077638686926,0.340571565843312,0.171166715116896,0.314544315505297,0,0.0313477431053744,0.340571565843312,0,0.171166715116896,0,0.314544315505297,0.309651704471117,0,0.22772232359043,0.0313477431053744,0.136417510053488
"NB485",0.00125704201382938,0.196715483965648,0.662438771875577,0.341877459389706,0.107429625781869,0.0515039788374726,0.136569930940557,0.246905477711073,0.0180104812925386,0.116787993767229,0.0115747525239262,0.040077708914363,0.069671089709061,0,0.0504212303772039,0,0.0984066943679961,0.106831210508898,0.0840273914073653,0.105065158309665,0.102998420474636,0.0491022195164631,0.130556288765256,0.00208306306865623,0,0.0590019213630424,0,0.253835616602253,0.118006680183622,0.220935589243784,0.0318848700107417,0.0415059108468845,0.0880286200651651,0.0359862291526967,0,0.0348158432385369,0,0,0.126220604435823,0.0914356893822231,0.0558948496599375,0,0,0.0161280100500381,0.0314759746514257,0.0845565480133369,0.0549708102431728,0.0431125208888315,0,0,0,0.235406579105078,0.266993154087567,0.212278142680526,0.189276720406832,0.400052118498391,0,0.0788536303024912,0.0849741298014172,0.331087873474887,0.0309373831624069,0.0181222722064368,0.0152777593322861,0.102154649019345,0.0299691171507456,0.0634323195994259,0.123046942921572,0.142340806627741,0.0472379215533435,0.0817116291473097,0.140087585454741,0.0828461140554313,0.152531859021726,0.150086459612158,0.029102480690553,0.0116497863884902,0.00579536529844463,0,0,0,0,0.0396339144004078,0.0125804761079463,0.414951771471887,0.527313856951646,0.748177115552088,0.0431862615030392,0.405980547664414,0.254979642730705,0.194193753325249,0.128739832969413,0.358766288953044,0.0332114753245602,0.0556327575291279,0.0503953217780554,0.0474446299314216,0.196646087524394,0,0,0.0422993363754206,0.269351445739645,0.0238539310351956,0.3550515070229,0.00132815658379281,0.0461959791838472,0.0549945086091897,0.00627867813447416,0.418605270671452,0.269202419340993,0.269202419340993,0.316862801226181,0.0456110367878702,0.0156255254364877,0,0.027906438955435,0.316862801226181,0,0.0456110367878702,0,0.0156255254364877,0.264531928102367,0,0.091974877112986,0.027906438955435,0
"NB486",0,0.83737057592524,0.605259700430804,0.663367924741956,0,0,0.00586568300301962,0.145336771038029,0.0326696390738999,0.200026879119162,0,0.114303569560696,0.0533625420461762,0,0,0,0.133117473817156,0.379470036480854,0.252625327431757,0.463496541324604,0.52666737621757,0.071058060406906,0.273837429494186,0,0,0.0845308085908551,0.05412823531042,0.395871757670841,0.255262252376238,0,0.0238803935360463,0.276982683123396,0.0710013465357182,0.0192082094027221,0.0154155859840349,0.0613794984430674,0,0,0,0.0722532246112562,0.0974482621963791,0.0719087682297012,0.0618072348173629,0.128170063666121,0.00807827442237963,0,0.0189790103122988,0.0920411427087393,0.0339696706567846,0,0,0,0.285208409667401,0.0654591698992107,0,0.272382924595945,0,0,0.0570228861870073,0,0.0988395363490709,0,0,0.394740299569196,0,0.106467913917303,0.0755129790702363,0.0214792211826828,0,0.0493201104993825,0.221907317330175,0.0847522693968141,0.104776886990784,0.143747007278306,0.0529273424142787,0.111968817270814,0.144909114616679,0.0146907418350868,0.0732439609469518,0.201974938508613,0.000745499904870234,0.0653682262812326,0.0345723880042085,0.429375111606998,0.852461904353418,0.852728977806809,0.153756565639081,0.540334351143067,0.181341697543231,0,0.0529230691794376,0.295847996273078,0.045084267005585,0.0784467565822427,0.082132036162049,0.234967527048628,0.0573872213263606,0.106989091778913,0,0.0478694117288446,0.39671264389659,0.0699337809019147,0.609472869640295,0.0181497960052066,0.264550339967282,0.0756521234278648,0.0601646115660651,0.637185018770377,0,0,0.24857938246733,0.138782853904244,0.0629666468421379,0.118784014646065,0,0.24857938246733,0,0.138782853904244,0,0.0629666468421379,0.273545340115529,0.118784014646065,0.105248112679314,0,0.136926498806458
"NB487",0.00321459028650939,0.663598547778121,0.635360964980582,1,0,0,0.0202541296849495,0.183498270622174,0.0163260413474141,0.170504673121719,0.0076400177110791,0.0740893122282363,0.0784247793136481,0,0.00608075471273865,0,0.0924489780084898,0.518968791389382,0.375144127623238,0.3501297870262,0.386667219263196,0.0187105538223371,0.166569036383218,0,0,0,0.0580128539204708,0,0,0,0.0254337620865632,0.0755364011336326,5.24693709014825e-05,0.0353241484896346,0.0405957810882769,0.116636660762485,0,0.0230772513016782,0,0.0776972241292607,0.146847510619385,0.0460710200809391,0.0622505275746836,0.0894411275106582,0.00850137381605922,0,0,0.100937209518228,0.321144939585248,0,0,0,0,0,0,0.0126074612978968,0,0.0239033709299705,0.244384469942803,0.241773482978056,0.237097989785236,0,0,0.364639035019418,0,0,0.0264719680909738,0.238508998580935,0,0.0434211498768834,0.325258005295584,0.09784020106043,0.154939718741263,0.167360055292268,0.110139459256469,0.148759577019427,0.160309565630971,0.0430723523376361,0.386346873795827,0.389743578013056,0.070227813325582,0.0658347306057539,0.0490907570833326,0.430228668852437,0.923195040392904,0.827268984497833,0.131466103173805,0.530492575019814,0.2358617335896,0.00426316768487789,0.0646148128999401,0.332955407093853,0.0389869329342646,0.0591385727746908,0.0968437639649569,0.0935902017251623,0.0696457393290039,0.107783883781299,0,0.0119194453132609,0.416030010929806,0.0592041382324009,0.588139550217321,0.0227295697770676,0.235712717306075,0.0627147499751659,0.0698182872075161,0.193998885664915,0.59393003583027,0.59393003583027,0.210782720277898,0,0.0753363562288684,0.398530275643536,0.0894476723075521,0.210782720277898,0.00753968852619394,0,0,0.0753363562288684,0.227540486267876,0.398530275643536,0,0.0894476723075521,0
"NB489",0,0.734438977746186,0.731934628387522,0.916468308773668,0,0,0.00106280756625166,0.14301422010102,0.0227643087449559,0.211170917354008,0.0693166378538874,0.0767736112427796,0.0822642909628906,0,0,0,0.102096323956852,0.618206402059123,0.358470883579429,0.409195128248233,0.246938017001751,0.0183668644433439,0.178942589625736,0,0,0,0.0571820072592387,0.288904339841428,0,0,0.0207403195123562,0.136894103535462,0.00601815731539952,0.0596772646656352,0.0325814775938915,0.037549489770259,0.0606326476418587,0,0,0.0483596298743314,0.116449613206855,0.048494771742796,0.0706397861787813,0.0865110884323261,0.019420660988442,0,0,0.0954913570655006,0.186794328656071,0,0,0,0,0,0,0.0456458951097026,0,0,0.0939400545274103,0.144329862579706,0.0849612539125027,0,0,0.268065371612478,0,0.00314116414830219,0.068134040566094,0.11197386260239,0,0.0635069715692696,0.139934266481644,0.157288200379175,0.144398793488645,0.18849707560375,0.0295621907650191,0.183130728050181,0.106129644862392,0.0300823968398197,0.405249867227716,0.279225496426081,0.0280151713318663,0.0636809578401539,0.0398602230572034,0.419775316269147,0.938162725663186,0.850231367838898,0.156379164399648,0.633045198301387,0.483437895060363,0,0.121514792716441,0.336269318589198,0.0736357462684022,0.145565450990545,0.0963155163499118,0.0994781144119516,0.00258938365300609,0.113233721751295,0.0078473157995575,0.0669197721788954,0.376759026084479,0.073985114504725,0.608726260187881,0.0289544780253288,0.242254594581015,0.0535465074058855,0.0614113424531236,0,0.800310801983606,0.800310801983606,0.279167278219483,0,0.145056373190165,0.112152178017726,0.134988922556215,0.279167278219483,0.0272244555402257,0,0,0.145056373190165,0.239709411290283,0.112152178017726,0,0.134988922556215,0
"NB490",0,0.681134614256346,0.743754392339726,0.345829694268063,0.00431597662376373,0,0.00581613761820979,0.136764682490373,0.12160638790051,0.185005872111255,0.115017983505049,0.0910183357612026,0.0955835535210547,0.00333627354909914,0,0.00899608095439897,0.0657928842724748,0.156055775279036,0.48754950092003,0.223883963411361,0.155811193529553,0.0156330450751656,0.0838161139119105,0.0008407086046298,0.149611214706628,0.023904466654078,0.118085508280404,0.481149719076221,0.225919210997161,0.244223871708917,0.0818526962850968,0.491786374638439,0.0531839351994274,0.109107111612731,0.0846439843917267,0.026872504808814,0,0,0,0.0540123282506505,0.116537881008409,0,0,0,0.000250829325925926,0.0832818468691887,0.109473147560293,0.076255482637622,0,0,0,0,0,0,0.0687840632771466,0.0150079710741602,0,0.037379123805289,0.208763894413884,0.175344476543032,0.175460660460337,0,0,0,0,0.0454205975132698,0.0801408035386662,0,0,0,0.0763658142012974,0.0191151972274082,0.0629712938042625,0.100676711680723,0.0261840114027491,0,0,0.0580840610556558,0.255518943768287,0.470720882535417,0.0894026128174924,0.0315192709612031,0.0510750752777855,0.453666166963313,0.863761763140534,0.884167212401526,0.109010921381213,0.263938698704986,0.27941161799926,0.00337407445756376,0.123689829552048,0.331719190586528,0.00418563303479416,0.0662330599463675,0.0442773832892781,0.0683339202318941,0.128988665211084,0.0285024592482716,0,0,0.323929918184779,0.0555791578104729,0.47884768288549,0.0723562821356475,0.130851721026902,0.0787735506626413,0.0730367439463344,0,0.330064658263396,0.330064658263396,0.235837139911387,0,0.0797028114637079,0.560225182700741,0.527211082130747,0.235837139911387,0.0507269644033078,0,0,0.0797028114637079,0.360034572734438,0.560225182700741,0.0589831946325545,0.527211082130747,0
"NB491",0,0.305344988253649,0.605180817916185,0.263689772613951,0,0.144303207827529,0.0458914414367896,0.102953700760895,0.124358983890321,0.224081032048594,0.0781124146456498,0.129232652985756,0.101970395759939,0,0.123348898257338,0.0239489443213734,0.0788286619409999,0.079831650242746,0.101833913166163,0.119787857821414,0.201339161428465,0,0.136911288916012,0.0425610448963263,0,0,0.0428787582194591,0.245979094932513,0.192321157627831,0.129144126339799,0.0845490398639762,0.0569085567650695,0.0416934672750473,0.0658755940643807,0,0.0883595473741931,0,0,0.146318789199431,0.144858110339541,0.108237781222743,0.0191795076556224,0.0315052242572504,0.065348396054363,0.0797805562129734,0.0138811595485638,0.0380481047755019,0.0550554573411558,0,0,0,0,0.300673486684972,0,0.0766932393779239,0.386425480824457,0,0.0672472432212686,0.111872247022134,0.121355900669126,0.118207309723976,0,0.100848396949306,0.394819182083815,0,0.109609315095442,0.113533689374632,0.155731643230297,0.416190421792174,0.0881183011845338,0.268626034044408,0.0952879313151862,0.101928507191169,0.121595955893491,0.0802038494117047,0.097560810085886,0.360420257413254,0.0775049371248592,0,0.0755292122558198,0.114107210381006,0,0.00993863901939927,0.380904353116422,0.874554371709478,0.825659075927398,0.122194661517308,0.614091191918011,0.166539060410275,0,0.0767408560625694,0.270276917293985,0.0188271603161074,0.0504563332258893,0.110006688833889,0.065659241872804,0,0,0.0395447173237452,0.0327953626245107,0.107367081828051,0.0584987695069374,0.494325198672487,0.0113022921337964,0.138608828668216,0.0523120146676381,0.0464514635824952,0,0.824396727049289,0.824396727049289,0.280696866129585,0.0515953347985955,0.132620835959912,0,0,0.280696866129585,0,0.0515953347985955,0,0.132620835959912,0.249929609686937,0,0.0638452994029553,0,0.114691587221331
"NB492",0,0.796027938871828,0.602934759563675,0.698980575939514,0.0146845063244615,0.0457534743727228,0.0399484299064212,0.142774652858157,0.0771156297337868,0.190235673192677,0,0.143386871025469,0.0571938034882995,0.0146014550223509,0.0603374680847857,0.07171247491343,0.086483030772918,0.566631245288685,0.231508010497324,0.432982662729339,0.374298237642985,0.0965951605505617,0.196601611095923,0.0063606402302116,0.0101155815625562,0,0.068439037410817,0.246417934786598,0,0.000763022333883986,0.0727774207154792,0.226953206040144,0.0143672224220255,0.0691714284274364,0,0.0454817138549129,0,0,0,0.0845632060418594,0.129359502875509,0.0295744045755958,0.00726394446971202,0.0537817621512332,0.0540955751707297,0.00832145205780768,0.0549828995867938,0.1058039699825,0,0,0,0,0,0,0.0639530124438924,0.0961200082394816,0,0.0341552642789073,0.0958224522449757,0.170920910147516,0.108863026751418,0,0.0350991394266178,0.386949658873769,0,0.109507707770325,0.140398129665543,0.228396851295321,0.0838711183621036,0.109420086569425,0.138316865447239,0.0758071702465969,0.127569583718935,0.16898476815882,0.0210064549536187,0.0239102708112343,0.0510959938689274,0,0.221034890695832,0.200069507512148,0,0.0290909376533055,0.00943423088417478,0.434207998460314,0.900681743493462,0.843528023851071,0.0706257816244219,0.299410155398553,0.252978280673256,0.0459050956718848,0.0634970028753833,0.32916008203353,0.0185917530948584,0.066717113765851,0.10377631849064,0.0623278935469314,0.18050616925036,0.0479219251732443,0.0228704120151005,0.0288536472962567,0.377045642972923,0.0623628405806675,0.439971410616105,0.0220266576538115,0.147149969820042,0.0633612133759253,0.0453962711607822,0,0.700155306463153,0.700155306463153,0.323532011395872,0.121554360775257,0.124002748950464,0.133390398763222,0.185698293715595,0.323532011395872,0,0.121554360775257,0,0.124002748950464,0.214394498982425,0.133390398763222,0,0.185698293715595,0
