"","SAMd027124354ce","SAMbf1a3ae828e6","SAM2e9ac0b1b250","SAM30b5c6c54cf7","SAMd35318127278","SAM560f23d6a3ad","SAM73663ee4a96e","SAMc2a1820d4e6b","SAMe1eb5d988760","SAM8a1b0e02ee42","SAMd7d57ee3a863","SAM065890737112","SAMb470eb8f04be","SAM203dcf14f927","SAMd3bd67996035","SAMd3601288319e","SAM670649e105b5","SAM3b15b4c6311d","SAMeaa477a5384b","SAM25510f300d79","SAM771445e92421","SAM6f2a102a99df","SAM6ff654a20f98","SAM31d9176e11fb","SAM572f19794c96"
"ABL1",0.168378429654225,0.352166017689727,0.0827693645872686,0.0589355518550354,0.604118547996212,0.404211381259527,0.423612313541127,0.468979887459612,0.164879851809101,-0.176775585541098,0.461836701798047,0.229664922997024,0.469250816007062,-0.0518166447993837,0.228974556179964,0.104346867207446,0.273397194694249,0.898425892718415,0.278427323834715,0.354893106749667,0.458250304194522,0.653564275568285,0.502248055296905,0.461138093904548,0.775483047969807
"AEBP1",-0.132026779544858,0.144548475176751,1.54484438002329,1.44203723015814,1.1512046853616,1.38803745953078,0.536755422392072,0.305483794263157,0.334152121056561,0.184336213162971,1.21846765581671,0.48963289471369,-1.04204454428537,0.642446251734208,0.405557369662152,0.222002635575565,0.744494954222541,0.722318357286065,0.905229462093092,0.750303075614541,-0.56001011520756,0.961628468881609,0.895281806719937,1.51978413096699,0.496573194664189
"AHR",-0.364508829208727,0.866496248622215,-0.0141683444536705,0.131682192871323,0.16636882893196,1.50011981379781,0.041680836177464,0.142379768296356,0.138582173898217,-0.591088588868334,0.088448080957699,-0.139099368630545,1.04005623894339,-0.020309389894789,0.264420222526747,-0.191996582268753,0.391328951817866,0.0551404764772827,0.0601840640872099,0.193865420824398,0.122719294310473,-0.0106058160140231,-0.112515922783672,-0.18687212728697,0.296676066042447
"AHRR",-2.3512246617339,-1.30378849452601,-2.0528680236025,-2.19068093906808,-2.49269024482442,-2.36675787412726,-2.82698118726615,-2.56269555151516,-2.91870517205138,-1.9082731935155,-1.71492942927893,-2.20369384329518,-1.35086912037165,-2.66760537878351,-2.65825529723583,-3.14483640889984,-2.46953327314083,-2.3623653051431,-2.6925500100952,-2.27199191919218,-2.68641545522348,-1.76439051733908,-3.02612108478666,-2.19080717143657,-2.46409048041671
"AIP",1.0389017130346,0.715935751809867,0.820786214710238,0.201082819460139,1.12221096863419,0.657739366570727,0.649625062949326,0.651944497238857,0.893154915380409,0.851118896474256,0.493242570621542,1.02578032169503,0.754189165107933,0.847412323454051,0.61929076066603,1.10410498931703,0.608790252253036,0.499165290536591,1.14202467547706,0.462646334692632,0.597253100154039,0.952459602615056,0.801487671081115,0.228622509986316,1.22578169965014
"AIRE",-0.354245322265545,-1.00281728959854,-0.575729392813449,-0.323303646261419,-0.772649518402404,-0.0278126653153499,-0.40779389421736,-0.431683949308369,-0.822159139871724,-0.180898722225148,-0.575891727912655,-0.806451418309899,-0.453603349637833,-0.990841159828476,-0.53089135845687,-0.486208385173299,-0.763756643807594,-1.20605125269484,-0.57736766825842,-0.821624152432489,-0.286734538349733,-0.517401541141887,-0.532015278860917,-1.27581619773466,-0.160023536424424
"AP1",0.722121113065737,0.979003201699661,0.829168590258018,0.532556792331668,-0.517099984800786,1.92411434929245,-0.112088043826086,0.620157902954765,1.05926803270164,-2.07529954020923,1.18072430181821,-0.515342117384969,0.257601058252572,-0.0177403117664886,0.230033812489312,-0.0942767234628128,1.51945843142205,1.39342773308189,0.133171170199786,1.02450713474224,0.805497829534014,0.94643808368392,0.135856066278128,1.52351725842526,1.57262197894644
"APEX1",1.20431034752865,1.45895836100213,1.53972553455711,1.4291570494998,1.00636098356512,1.48712325502687,1.28509592710045,1.31752554331927,1.41854792239719,1.08577036725584,1.53878034610615,1.3892754773924,1.38245747893462,1.40219309165843,1.71720103913011,1.42568119792766,1.38298358044163,1.53152357164879,1.71316551094418,1.20078881409059,1.46355079344905,1.37874765893335,1.20209330125533,1.30592448002362,1.61903130928701
"AR",4.01213226172597,5.01172557866525,4.83229145170696,4.86435288177091,4.10153743522595,4.88453517650363,4.1885608849516,4.44765078454227,4.14231411177164,4.39025800828013,3.98404795405866,4.00411376867063,4.6852483940409,4.35732949481824,4.41285380823554,4.75203906030729,5.05068015710766,4.14639259785726,3.8103430519809,4.44412922474556,4.51712382706235,5.01235922802902,5.08946078844455,4.45119020517817,4.85787109272155
"ARID1A",0.872967133370874,1.5240835902195,1.11653642169646,0.906199053020825,1.30110348100727,1.30090927707841,1.72217122192072,1.64761115741358,1.93703980551055,1.23789880116366,0.171098602445858,2.00497831383036,1.85065897719431,1.46535733024985,1.58553151629349,1.46521613398608,1.37199492939853,1.29945957437231,1.80251717995071,1.46188986128563,1.37396827235675,1.58007629951426,1.14106883143767,1.00399601763975,1.03669462800997
"ARID1B",0.526961204238845,0.779205389212271,0.595096385974042,0.428762823300707,0.335715161771265,0.680364526444597,0.505388403336695,0.887547957620457,1.01834979518662,0.0234493314356024,0.883005555554344,0.398816762686818,0.755119677605261,0.890741036098687,1.06745944183578,0.637623314660366,0.704336298384634,0.49266385985069,0.705597541153494,-0.109439612050485,1.02893983661817,0.344442469215106,0.598031697439451,0.923529473883825,0.978708993396765
"ARID3A",0.294847359029082,0.500466797849888,0.712777248831369,0.473350487449455,1.04503391392564,0.772639491647362,0.645918566809218,-0.0777821317901372,0.512736487751499,0.343805315071584,0.788841778750385,0.504409327658694,0.600898902504426,0.980496537345948,0.780581711168743,0.727851609602239,0.733565870746623,1.02416965389108,0.902795167957141,0.603376929051721,-0.165966276126748,0.484623152438071,0.172618385626942,0.475125670441939,1.11023286496398
"ARID3B",0.533023125421489,0.468758059426748,0.471421116625219,0.650334724206057,0.780141630043261,0.437014868641491,0.476967428156449,0.161113887414962,0.536099541874273,0.738779668426655,0.528205969837653,0.523206452302036,0.578456343029537,0.681742002761536,0.484870815635026,0.550124169496924,0.559580079468898,0.76443649846521,0.518815899521971,0.542444233634733,0.671002394370048,0.648530890113709,0.421125870438407,0.72197331713513,0.848134027969189
"ARID4A",1.34446001822113,0.921893377608394,0.868050875961126,1.11685663840631,1.23544224452577,0.701139289364596,1.04089723440712,0.976383146385897,0.874566157657526,0.897720674772651,0.994321323762038,0.956052595071903,0.879350392717598,1.05430440039133,1.01913241168205,1.12662750866465,0.81063744730634,1.18213096397497,1.03625064635532,1.02210667913494,1.06587103552309,1.0880340294409,0.915020668800455,0.829981956021333,0.711140334303701
"ARID4B",-0.374550461949542,-1.32871861618274,1.2030912308818,-0.33392112406403,-0.222342650224121,-0.149843920832831,-1.03561006244216,-0.972557682260396,-1.40617679046712,-0.733164148958939,-0.576091946323979,-0.698669719193339,0.146017546499168,-0.694403748772619,-0.272652469522371,-0.283853627265913,-1.26966679777603,-0.494365233657844,-0.6261031496976,-0.792614820422455,-1.01635547189391,-0.571936689816652,-1.1242098045604,-1.37066909444783,-0.197563252421165
"ARID5B",0.493275413621926,0.677221192397697,0.121556057801108,0.659760388090467,1.66292392035919,0.235840687362102,1.14449120433157,1.40340616323246,1.05426393050446,0.743793321796759,0.525210273244089,1.34994392568714,1.53343067462336,0.930314544965672,1.41754738897804,1.56408238948489,0.815590389833293,0.236699200452087,0.804112969989331,0.489342399293334,0.897645078592099,0.819979514539662,0.974746545489453,1.26956449255769,1.14304077543565
"ARNT",-0.0359237278811245,1.06848734736522,0.700270886060116,-0.317664022948825,0.200569989025039,0.0274419908051883,0.436133540265284,0.552499639206094,0.0584579300275722,0.201860568632159,0.49732340112603,0.351250625349492,0.909432469649875,0.355824530333952,0.0892344185743588,-0.0827287551495598,0.948357738245817,0.835087606309254,-0.0334003085680287,0.607725961925551,0.387976081620437,0.419072961658565,0.609109421840066,0.0590264667563725,0.208257511893374
"ARX",-1.30724890164562,-1.20124216161955,-1.93960269072602,-1.58400921286551,-1.49907699851816,-2.34816368579517,-1.03504110967965,-0.578590333811345,-0.858778061764809,-1.33237504236968,-1.71099959972,-1.31867531879122,-0.991986632454716,-1.78536788531113,-1.47922480678838,-2.02248311953193,-0.909994395206561,-1.41850085606929,-0.948516994343791,-1.91517709349442,-0.521189780327225,-1.49531467078946,-0.928802856115792,-1.48768728790298,-1.0096352634362
"ASCL1",-1.60993745775972,-1.88109895658236,-2.15044198567246,-1.69986831267962,-1.86624477424827,-2.1883568643421,-1.83211884972616,-1.74152361291688,-1.48500172216785,-1.51381662900557,-1.45890498990783,-2.05708885789474,-1.72024594531414,-1.9356509100999,-1.7724655686,-2.14916797757337,-1.92278424053851,-1.33282491013141,-2.10470703171131,-2.6489273631803,-1.08861674352623,-2.13186464674139,-1.77251851838865,-1.80855483662992,-1.73874738876745
"ASCL2",0.30400527112581,-0.110990795757033,-0.612407574445057,-0.860453604394189,-0.834230937736657,-0.754004336950422,-0.0454046364680484,0.371962058097116,-0.319846062564344,0.295324251586567,-0.214780507236373,-0.943185866291396,-0.348414854682166,-0.973174592787231,-0.123698872285814,-0.39001997431026,-0.309794596864856,-0.0567256140440392,-0.584050235023729,-0.545535747987729,0.176647738466738,-0.152463089654521,0.0785678120121664,-0.812139009461597,-0.813409437671023
"ASXL1",-0.0245906931304007,0.277544058215766,-0.763409322073882,0.0562501009333215,-0.162045575167321,-0.208339915214533,-0.68555948009269,-0.365223317150132,-0.465113714681303,-0.0674714321943749,0.615808024610334,-0.112856028399127,0.862097360687156,0.239008326137834,-0.0343374849108859,0.290471798017611,-0.402754374161366,0.388405186770403,-0.751078328324479,0.11622064719038,0.264580367737457,-0.140923233847427,-0.011491194837618,-0.909513122352533,-0.0209127848672565
"ATF1",2.68603243533744,2.62005056029685,2.67499531737903,2.60761303405931,2.65993197492026,3.36630099903504,2.48017791545528,2.5296448100291,2.4150520270929,2.1152612963308,2.69336519613378,1.71750058384936,2.50362395955191,2.24083950270693,2.83526931026529,2.21284388111136,2.74517014827267,2.68225403692068,2.13422865338377,2.12007618916382,3.03406455370637,2.7611132694146,2.62163749785578,2.45089515691302,2.97648695091023
"ATF2",0.343370655545001,0.757747007112172,1.22518714751767,0.866381114355344,0.566746986793346,0.918327800446082,0.728364443564374,1.33184828052232,1.24976667093905,-0.338355489989538,1.6258998039065,0.450564292454043,1.07695569548905,0.644148210310047,0.755317779593115,1.29927638642023,1.66921888134802,0.888009746098836,0.152500889749611,0.384261152377087,1.46320850767645,0.750474001410956,0.538957977190153,0.76199999190962,1.29083695730919
"ATF3",1.38259972117949,1.03305838370099,0.926906817529638,0.805650924498954,0.0433687956057385,1.10125742445243,0.754054397093345,0.724306913430304,0.715551188423498,0.52727152333211,1.15687108835336,0.0841780491015875,-0.101862740914934,0.483109545111112,0.640934680496282,0.866393907877474,0.89703086763471,0.778406155514718,0.382574806211751,1.29337410475439,0.899083137579842,1.36674523567326,0.494198095389255,0.646476452493809,1.15974165745456
"ATF4",0.922188232800409,0.74558972099943,0.639529976289665,0.49659110018409,1.00451598698076,0.996870759712817,1.04780361642759,0.634017169084942,0.707031479924572,0.0342931838435016,0.71765613069992,1.1563859509941,0.659194170921794,1.11080776484385,1.17217737434381,0.94500982443664,1.50503850796967,0.881627100386832,0.7641756904885,1.45216696913312,0.986000113371186,1.03086683476884,0.756324416128554,0.920404649882943,2.16005696071643
"ATF5",1.14078011545843,1.21697040753947,1.96596290660233,1.37978385985538,1.13407687848599,1.79499273144769,0.952635868322453,1.2607993967429,0.786932459810795,1.0842303839185,1.77522918144296,1.23317778648228,1.35197571795042,1.57596755210019,1.5960560760002,0.964663385483424,1.71594955482191,1.33604079405084,1.55889156301779,1.3164326037803,0.939652328797926,1.42368920415614,0.967976390669912,1.2285763959806,1.98232723735966
"ATF6",2.68782336639325,2.43728375501954,3.35206352806358,2.40194969944265,3.2062633200572,3.91722395454612,2.69068158384349,2.57492515150045,2.32947714637047,2.58883607292959,2.72328925123613,3.2682752491974,2.69018903805099,2.64986606701459,3.26356548041384,3.02173438399937,2.71607833901949,2.02722006797492,2.04236584278406,3.16490028505486,2.34434673617972,3.17493243742597,2.63943225298063,2.39336640801258,2.97186110015156
"ATF7",-1.11647738141868,-0.656402607833177,-1.05119722494263,-0.957505957168701,-0.837814825565001,-0.952742644868206,-0.786339082210409,-0.697960862184976,-0.786227960230117,-1.14535472906923,-0.666537547506394,-0.834692088541849,-0.70823028858907,-0.38022147096949,-0.37399932981796,-0.35106086405101,-0.834117320197412,-0.973443921235799,-0.812218592981861,-0.794422054636824,-0.48537959254441,-0.775215621968381,-0.479198651420303,-0.844118361945939,-0.904874266327794
"ATOH1",-4.45022535958149,-4.78831894384922,-4.53087969198251,-3.96992006834439,-3.53679964989195,-3.22550361408255,-4.31778059945511,-4.66437563311842,-5.17747930727836,-4.16222377421602,-3.94728631685212,-4.51285025159957,-3.36931730048401,-4.63202585277975,-4.30302184874339,-4.15691881579162,-4.3153165218741,-4.33187585960965,-4.60196836518495,-4.25992314901465,-4.16033705873574,-4.90937548121213,-4.14315308519538,-4.33134444958975,-4.17238157267031
"ATOH7",-3.67796704325509,-3.07361587980219,-3.34918891566424,-2.74479814558132,-3.30122195735249,-3.23341280712243,-3.59973856845927,-3.45868342366373,-3.14164682986905,-2.98952897321244,-3.48842241988351,-3.17390302094588,-3.48379251429598,-3.53090274427327,-3.37799798213055,-2.9990678883602,-3.36784974936634,-3.43098737236087,-2.90429168018537,-3.3170788220657,-3.36342269901484,-3.24031080045398,-3.49702415276284,-3.11257726333611,-3.39424862250786
"BACH1",2.1316181284852,1.31720271830251,1.05558988982888,0.869389748706441,0.952517055895585,1.7602096709834,0.686723266712376,0.887960792064195,1.13647845177335,0.940503588950031,1.51481533724347,0.958885562808015,1.08217845906426,0.945839267211632,0.804948731247997,0.96376406808539,1.44076526410626,1.69860616712418,0.823859653526684,1.23624888178018,1.04698734159136,1.45600093004526,1.03992058483393,1.1997424016716,1.1717889328219
"BACH2",-3.04729121381215,-2.15313598072184,-2.23182984738963,-1.81201460012143,-1.6986298568463,-3.65554765232002,-2.08709232188916,-1.99404132393853,-1.95505179296736,-1.68685028980507,-1.63154442370074,-1.64809263740068,-1.74305404257321,-2.26910051699338,-1.91492329660938,-1.87280555607278,-2.18314656684902,-2.31145077101173,-1.86363288537206,-2.69929877888359,-1.98016758104857,-2.69597587610708,-2.04529907044938,-2.14015291961588,-2.53796302060234
"BARX1",1.84099186763126,1.57027261948111,0.566877099598884,0.717748807783546,0.0730441881761681,0.36950984989464,1.01176200464214,1.41083090899559,1.46819749144073,-0.0639711475170528,1.23676184899647,0.45554165662765,0.804162260069291,1.15163197102274,0.760537596415491,1.24625835069793,1.01032135478333,0.978961396114281,0.182478428283457,0.324311440427771,1.77145587162637,0.759839435428777,1.59880048541275,0.983948987121406,0.649252079430686
"BARX2",1.57112135790181,1.14099719869338,0.944854385791539,0.968788099169123,0.057636819072966,0.185962642398719,0.823281443743142,1.17042910156088,1.26449259607988,0.165518388946849,1.03579067068975,-0.365080137803316,0.884476854482302,0.431508295380236,0.261410529468211,0.423759015344154,1.20355241508093,1.13986781414386,0.364207080066019,0.262860091590043,1.36056567051876,0.365885371866212,1.11157820035698,0.754147516356049,0.662945531365919
"BATF",-1.47849585454091,-1.30576526970957,-1.15293456009481,-1.44423865411678,-1.30972398133499,-0.101082942373847,-1.15894464489697,-1.16559495372052,-0.854370553729634,-1.88549615004379,-0.49820309184,-1.20721392145055,-1.61799171809579,-0.956440438996979,-0.736452362865903,-0.836090074665779,-1.44634996320078,-1.13029130732968,-1.00705664505443,-2.11000353466247,-0.891141048391712,-0.837962751025001,-1.73852788962251,-1.30758362333972,-1.10187487708439
"BCL11A",-0.374055596476972,1.37264916231519,0.75029980393111,0.67641871980986,0.721915836557536,0.680861696851166,1.07233523679687,0.728370969619535,1.33570620474553,0.495407040666823,0.995058049579695,0.980852335162317,1.62672760921926,0.901211022884532,1.50490126399566,1.27559591519925,0.314279274654068,-0.0326412469022754,0.517161171714364,-0.138283380661851,0.563137493907759,0.248996255013889,1.30278691075398,0.146319783777891,0.956725637457436
"BCL11B",-1.10296595544425,-0.902203616038909,-0.552550804772565,-0.413661922710633,-0.389142905267305,-1.15714738373683,-1.04339050455754,-0.278773085882071,-0.675579859301366,-0.966216954873092,-0.755000402820662,-0.773504583566433,-1.01806714870431,-0.73224346165361,-0.759008604448486,-0.565543087829664,-0.927241533586159,-1.26338810660122,-0.23393694473301,-1.15534052900729,-0.549915811459128,-0.60192431024635,-1.14854101917852,-0.834672158893889,-1.19968073028398
"BCL3",-0.993606143518977,-0.692834500949042,-0.471573610074656,-0.684600444541871,-0.502626775486152,-0.817271128183737,-1.19015684161341,0.0881106992887005,-0.840296475810796,-0.805814637318953,-0.342487021507775,-0.817430292447644,-0.856566879207102,-0.693554556516424,-0.869581806836997,-0.719279018273012,-0.549765406092433,-0.523886446937082,-0.493966455509055,-0.874516145561755,-0.275427123553335,-0.756911262955169,-1.1081770286677,-0.837991371167504,-0.505216042751788
"BCL6",-2.93746995157909,-2.02563609371595,-3.09019174177947,-2.42497181025825,-2.4263712138471,-2.47705465957391,-2.34428707694342,-1.88335381752087,-2.08141517929903,-2.97909324211355,-2.1338662998825,-2.35639989228101,-2.08601040734817,-1.96551280839361,-1.39104659538543,-2.01585005520901,-2.19163425520327,-2.91280054785897,-1.89972744545204,-2.90120417082858,-2.22438197897842,-2.34550280905592,-2.35938262767961,-2.29454899803896,-1.76887874223081
"BCLAF1",-0.154757144654758,0.00177803059933852,-0.409039674564275,-0.0921097948877948,-0.671358546664846,-0.56285082760658,-0.341229514894816,0.060201402413017,0.0071009563506333,0.19537048159393,0.123598389360638,0.0150348902155458,-0.184059158282192,-0.238635050838712,-0.147273017344318,-0.309900826268802,-0.247691241924087,0.0238625172532693,-0.0211358623866033,-0.407887215389745,-0.034056641782105,-0.264877605593989,-0.37178609706748,-0.114999540347435,-0.265751416749585
"BCOR",0.295472221352054,-0.00806161628948936,0.0989004998561232,-0.0754000221172541,-0.0843140560881026,0.658810802794705,0.676477563194006,0.246465895818229,0.0715618374714737,-0.193796353164223,0.178321345583557,0.175807995864422,-0.154963880542719,-0.119840422457896,0.471676237306797,-0.0985080659462397,0.10499403184309,0.215454779286258,-0.302298158190262,0.00932111494902696,-0.147922815711143,-0.0815108299667811,0.175138894764832,-0.0509095956341497,0.309813834132732
"BHLHA15",-0.213110371124155,-0.0500932521348445,-0.180623156039996,0.371317837275993,-0.20517692878712,0.740271525612477,0.20440433787457,-0.253589080907965,0.164979420614175,-0.531784634434242,-0.0131355262277246,-0.569811984880684,-0.256916764526785,0.497510312534555,-0.130638836805068,-0.551547265512268,0.863658559821008,0.538585572817798,0.0053929856598098,1.01356296365432,0.100043383333527,0.821326581672804,-0.0392417040121116,0.767602401642873,0.070222553744579
"BHLHE40",-0.863576908929496,-1.89444742211705,-1.05125125874302,-1.60935632342403,-1.48616381889935,-2.52449043098041,-2.36868211742754,-1.91001856776904,-1.96461666848533,-0.775715937141036,-1.31060043076052,-1.74618819400673,-1.85246227540912,-1.5741831814099,-1.35667496023601,-1.95768126665316,-1.83682596883373,-1.52593793976098,-1.68642205862094,-1.1167677212751,-1.44603006343063,-1.07656814457934,-1.22057360761918,-1.92836160602343,-1.72694784736493
"BHLHE41",-1.74517068801351,-1.77976771929885,-2.15210100483646,-1.79490858098633,-1.72640958159005,-2.44395755621859,-1.87629576135704,-2.05042669856963,-1.86616193956306,-2.15990225844087,-1.32600406114029,-1.85229546630787,-1.43811878366761,-1.65441251052414,-1.83913843261802,-1.6217428650629,-1.95419191522709,-1.91965821561689,-1.92923239223608,-1.64706063943301,-1.70803348574744,-1.79763352917003,-1.75435276025321,-1.59704700020173,-1.83585689593361
"BMAL1",1.36955668031762,1.55549113704907,0.754663280958672,1.27587492711053,1.25521395216577,1.07737320081373,1.06502643015089,1.72097204951676,1.20902538222729,0.139204347122521,0.955821788820255,0.816986237749836,1.1101023092727,0.440844489229806,1.21908505178253,1.1713256904971,1.62657048233743,0.75556909052401,0.915183075202362,1.21910627743979,1.44753040350093,0.700289655512019,1.30305290605224,0.585779806356002,1.17150026168502
"BMAL2",0.35970090284773,1.47797837715854,0.920110226712262,1.40819162897256,0.999156619947336,0.79364607113089,0.896731222006486,1.90832923716036,1.33932628571563,-0.174227023788491,1.31826698599766,0.454384149433774,0.785127395368052,0.623199809134279,0.915587354225468,1.02536485827785,1.72439308793244,0.905827007217176,0.75886755730527,0.793723589223607,1.48494746120367,0.989934859134526,1.07028768081879,0.8232896877883,1.35772277188752
"BRCA1",2.49379123054711,2.66386717297235,1.77681971339179,2.50388320689082,3.07812579744681,2.08290571448439,2.88363015974061,3.15350139561487,2.83714265614921,1.69075142607889,2.88655699600955,2.45471189163419,3.68597989909859,2.29811098865353,2.60777057737497,2.03030860844597,2.71975946849203,2.83091725818778,3.19745136466179,2.3609633955677,3.33063835167331,2.74497641740591,2.23339681994905,2.63966980764166,2.37980664770347
"BRD4",0.994324362687955,1.030319505058,1.66670180199278,1.30399009550517,0.676005342583627,1.06483223526834,1.3176507431031,1.34340550975534,0.892423986112186,1.04109621441176,1.30043848051336,1.28082432129691,1.13739079594312,1.10969980788672,1.44605454618758,1.29843606627506,1.47374580362367,1.12604352453716,1.12705363844042,1.42710034823357,1.07710690438792,1.1709848342705,1.17126774617022,1.23335293255914,1.44374065951084
"BTG2",1.6741322472175,1.7052902315387,1.96680936709529,1.10664079326313,1.44824139681216,1.7158403737266,1.31299426270715,1.43816544699067,1.30854122731124,1.60334013917672,1.7924675203953,1.63345023005738,1.24418025160637,1.90671796785482,2.21432393328331,1.46114160099133,1.14246238228873,1.77452528980122,1.15394751675385,2.23094131436897,1.16636014222143,1.68945242763151,1.39740663338178,1.12404028443778,1.31305356003224
"CAMTA1",0.889445119873904,0.782673957542722,1.49979245057843,0.874275862775076,0.630574331469406,0.797445518670556,0.993740348098208,0.570351319099738,0.756693906933528,0.904182268484942,1.00650550623365,0.84030344383381,0.675931090089059,0.838701023457888,0.679320172405347,1.0215048358877,1.00738124717499,0.939127422387683,0.79162573165575,1.01126155608534,0.728924638784611,0.945740356958399,0.459118792857768,0.953174448685663,0.798048350499394
"CDX1",-3.56214918280088,-2.81104412166159,-2.88728065325578,-3.61566198718779,-3.03040888532001,-2.51812895458883,-2.91960033009378,-2.89356699239335,-2.7303696877076,-3.00478445198353,-3.53005543849077,-2.65850135662392,-2.59174174954686,-3.04336998002869,-2.71051693535831,-2.38979434336373,-3.02067483575914,-2.50275334853313,-2.68353481564098,-3.09243193623427,-2.15441251152329,-3.31111971691036,-2.93822937112281,-2.58966676391448,-2.78273913172453
"CDX2",-4.57001966881917,-3.93776544737525,-3.46027303829406,-3.65790632859303,-3.01627408439425,-1.83217296840201,-3.66839504415846,-3.31201726141341,-3.39997420373008,-3.27209374651068,-4.396764396751,-2.96965937080406,-2.84800886299208,-3.1577946234267,-3.37934382365528,-3.53817952233803,-3.54915802565866,-3.12740476505193,-2.63300874083803,-2.80338027537268,-3.68476157990725,-3.7820010598056,-3.89882705842842,-3.24340401293495,-3.13666536416945
"CEBPA",-2.53756663799093,-1.25310958908499,0.29914371316908,-1.39796899876167,-2.55413973154258,-0.625697260192289,-2.18552637699537,-1.25590174847764,-1.84840996078237,-2.82186159202059,-1.60165122159487,-2.10477643500399,-1.55755240421259,-2.42554413833851,-2.24701363175999,-2.44051976327237,-1.56112508455882,-2.48533342993134,-2.35584915428049,-1.35017359931591,-1.67826030625017,-1.42567706264857,-0.892532913848882,-2.6003931932634,-1.23645799265201
"CEBPB",-0.182798828934498,-0.132510791182481,0.670223081507887,0.131779094964362,-1.41491378906327,1.46727202987721,-1.15498546488598,0.468003265783076,-0.243144120181028,-1.9974317480637,0.140095741359341,-1.31189151419363,-0.566263951498295,-1.13767748901139,-0.866169192007386,-1.16493307029468,0.149913974982722,-0.61612805682838,-0.705287241906283,-0.657259120092438,0.0828363907720299,-0.146901736321524,0.0208638092819089,-0.517298086347378,-0.166119952547631
"CEBPD",-1.3431735018843,-1.69990045597788,-0.454235121627804,-1.74471894176613,-2.41133274628284,-0.251834696538637,-2.21981389441531,-0.852922877315871,-1.66360560933107,-2.09206177610274,-1.53133316288946,-1.64246359872046,-1.29159476081873,-1.76286747134543,-1.59292349484905,-1.95223670748941,-1.87562613663889,-1.84763952941413,-1.28205629275814,-0.798910940893591,-1.44785625271849,-1.25883320972507,-1.64521896590174,-1.73638131967948,-0.994755194671672
"CEBPE",-0.943619432740435,-0.298200620652972,0.412558669978228,-0.0314857182901532,-1.38542489655106,0.40553532805169,-0.973708103614677,-0.526997846187222,-0.658849736414206,-0.46587278239166,-0.650663531242569,-0.569607069140234,-0.571217065076592,-0.397764028985435,-0.00195933843313281,-0.83055051817135,0.520707545243787,-0.379801991888554,0.404043757478617,0.624139244001936,-0.707675639677848,0.430508181001335,-0.481026482631012,-0.75433163615242,-0.196066716257859
"CEBPG",-1.7933157198926,-2.11486905466272,-0.224788935908324,-1.32419570272777,-2.92465957060479,0.156451268868924,-2.68254439860411,-1.34226995308072,-2.4327245020805,-2.64185624768365,-1.80693327421987,-2.66891550315381,-1.75806912516761,-2.83889819151362,-2.52645740364387,-3.38735016443114,-1.39837702877819,-2.16106432310626,-2.229546322191,-1.54832540118211,-2.01056355873031,-1.62155743867803,-1.3200425987349,-2.01641784737595,-1.76815653953588
"CEBPZ",1.33270076673056,1.30585083354873,1.38548297060554,1.55160676812538,1.18259417277517,1.73396726641811,0.996653036081288,1.62757940602554,1.7728276392113,0.517880466893502,1.73465754674334,0.572251886490428,1.47300136363147,1.37905597664319,1.88357980750691,1.50868396288447,1.64255877905059,1.94790124473574,0.917014916534788,1.015420260323,1.85929276132741,1.48960922417476,1.33971212558123,1.78484030163096,1.57733830554663
"CHD4",1.09640253881861,2.08519377422578,1.20608445335,1.70456831232953,1.05808326126694,0.983631680170671,1.38652668896984,0.993996985031028,1.7433939441725,1.3233774989315,0.856639918671935,1.78986108872578,1.63006418135469,1.16784790185582,1.46028479995011,1.77236027253907,1.49890064336623,1.25505492397011,1.46592812336149,1.37483426720793,1.19041504709548,0.743294061351833,2.04799195099451,1.25388811705331,1.45457352459293
"CIITA",-2.37420419540972,-1.90934805487879,-1.98100935014661,-1.38472092207402,-0.789178820013851,-1.18661426914797,-1.22358537320953,-1.76000098737117,-1.80431733766212,-1.40830331626693,-1.53284980015552,-0.46695225489561,-1.92754561294634,-1.26140948081947,-1.43695704289227,-1.67158590511765,-2.00636275291818,-1.23697164823404,-1.06599147300731,-1.98306092312197,-1.50793652413383,-1.41012415204186,-1.97352311201525,-1.61557026006867,-1.6224299087456
"CLOCK",0.909233913508775,1.55352429731645,0.607303696968733,1.19262139342404,0.786268489343711,0.886529750287541,0.564438837700353,1.37205690728373,0.92752863645968,0.272455277393963,0.870983414201564,0.0953021259034822,1.08402503896835,0.662673390607772,0.642170653443597,0.944254403586375,1.58276853927542,0.521917762109728,0.849576484180112,0.723668669223289,1.46193134258765,1.17573960386131,1.21539426258671,0.641382026353922,1.13939649960483
"CREB1",-0.660316623298606,-0.688916107849562,-0.756642765622932,-0.119515913279336,-0.953632021161385,0.558111246697397,-0.866733192430787,-0.664026263095509,-0.73822602563247,-1.49719206432592,-0.255043520182949,-0.980438941259484,-0.318454481892636,-1.64214154652439,-0.678511695331194,-0.747062141591282,-0.277883341363805,-0.664809133826303,-1.56329073637522,-1.33627009613992,0.0746377698724265,-0.630001265105895,-0.683753204785172,-0.86265663334208,-0.352387325778488
"CREB3",-0.795890067423295,-0.199763113840047,0.247748601324343,-0.78445838913264,-0.415703943021793,1.03218312029811,-0.320400617961711,-0.161403907910576,-0.461071809896275,-0.623430868325605,0.334562589586512,-0.14493285231767,-0.412020975040575,0.103158317673181,0.266774116380087,0.478669084454818,-0.56110803775868,-0.511016145681086,-0.71099991690551,-0.212539333014093,0.00331141488130399,0.456214559887599,-0.32106930011949,-1.10316425971983,0.210816500528847
"CREB3L1",0.853530059533134,0.756249111759888,0.821640184902761,0.812497619995393,0.587469866699448,0.25569805228563,0.360144127243807,0.816856211884142,0.358981588274716,0.573747657225009,0.620434061927312,0.104047090123852,0.381266170381738,0.526719051443851,0.579707645803147,0.726422170599084,0.834366339641155,0.167151794521291,0.638139941454858,1.03301925115658,0.440103651745086,0.86635204128088,0.818305596323038,0.541440317044848,1.01131179416082
"CREB3L3",-2.15189758118432,-1.6658796700164,-0.332743737374384,-1.49187014407142,-1.94417976108574,-0.381238097435196,-1.74718645654368,-2.17101723892789,-1.86867793206683,-2.5346794499578,-1.51824205495405,-1.92749059020106,-1.59201305163052,-1.53299030225266,-1.78698494543899,-1.90318196536003,-1.84237512027274,-2.39283973517953,-1.79176439892209,-2.41544150852885,-2.16132831130099,-1.5870575534802,-2.01772909199205,-2.18496169229185,-1.48569354371581
"CREB5",-0.26819591679967,0.000820627853950396,0.005528260162882,-0.100963400929048,-0.0378595942067716,-0.366807504449751,-0.243362263345148,0.126344922417059,-0.0570267326574924,-0.086760774508199,-0.226730610301525,0.195613211816479,-0.175345122754561,-0.122655342008099,-0.486599596217252,-0.387277796208338,-0.57102415075804,-0.0828925302782097,0.0423215422826908,0.468204703243181,-0.300434497038275,0.177846741598824,0.0835805989171276,-0.215266179859498,-0.463464915255388
"CREBBP",-0.267893655693884,0.0199113048173358,1.09609245006979,0.0883042910012672,0.860828625986451,0.398891790019273,0.0927118709475167,-0.0529612152162146,0.325255429281132,0.206986162107558,0.434263611952731,0.524844173540198,0.494396851580055,0.249958240766224,0.105848630138726,0.470911434698464,0.0230481749870784,0.358265037433806,0.65313305191839,-0.031439645477192,0.0226436880249955,0.817894700385202,0.029851859275152,0.497086940431837,0.580791730085652
"CREBZF",-1.11695201642347,-1.15749925983076,-1.03128318026713,-0.618363408950728,-0.559983769075373,-0.997384756664393,-0.734414542927614,-1.11833274329718,-1.07129844440895,-1.18475617076132,-0.613399983291874,-0.6409094675508,-0.714513359685048,-0.948380688021268,-1.05229628085616,-0.654554323762518,-0.577944167403041,-0.671494124083768,-0.236728721329341,-0.619688487668558,-1.07645092054089,-0.797706700600479,-1.23704129917996,-0.245216455952625,-0.472957230873315
"CREM",-2.99278852389391,-2.79623881453861,-2.52004362788685,-2.69531289659797,-2.44482660828748,-2.38284702987462,-2.61549646770019,-2.56395995694871,-2.64968353175453,-2.60721759892567,-2.38574963762796,-2.07024799113194,-2.75047876119972,-2.31031448279423,-2.02717845367781,-2.29696551439661,-2.75861098908027,-2.37890421196658,-2.08044553390969,-2.87310745533601,-2.60000183228687,-2.87283676098152,-2.88782005161074,-2.32893827309688,-2.69740432450894
"CRX",-3.24597240096473,-2.7443449401906,-2.58670399772375,-2.83371782852287,-2.8053356374717,-3.03903712461963,-3.08090376783639,-2.84244997952306,-3.03518424638958,-2.45864680717631,-2.81742039999633,-3.43767170208398,-2.89290588356826,-3.46972240403402,-2.72089511230567,-3.46426668087709,-2.93988261517789,-2.98226336940404,-2.40319114224025,-2.35348003507179,-2.95615521157547,-2.45363484528343,-3.08941458353043,-2.92323703949215,-3.66581826303705
"CTBP1",0.17964971476859,-1.98281265287565,-1.51815274783747,-1.71655919498339,-2.38613922353742,-2.70306049916394,-2.01015013821862,-0.819828165135327,-1.89263825640945,-1.90051281140198,-1.34197581348818,-2.09906450614046,-1.82045022338935,-2.40553447960417,-1.74655140521711,-2.09330700760205,-1.90946197132469,-1.74440832338523,-1.46223377807961,-1.73359581847143,-1.01637661263612,-1.76865668206185,-1.48675506289813,-1.72595338785412,-2.28959516740998
"CTBP2",-1.7551098498778,-1.59410927275226,-1.60815932573238,-1.86703494908944,-1.28285442062776,-2.14898152202313,-2.20187956783356,-1.58861715186919,-2.37783956119161,-1.76071965529668,-0.880737419445294,-1.45237342617892,-1.9310444983598,-1.50640234821101,-1.25319444499574,-1.21095249453511,-2.07718509851125,-1.90510056735517,-1.55172748135502,-1.62960838055392,-1.33639002229097,-0.895138391563336,-1.61314715657514,-2.20586186263037,-1.95492666919971
"CTCF",1.59158459621407,0.70726902268834,1.252872450907,1.11203042854715,0.599208160438566,0.85011158049981,0.678936823019741,0.857653511972447,1.06744023270143,0.231172571992271,0.819868256957602,0.720674979789479,0.543727509215311,0.573093752601088,0.593690753168763,1.13342980766687,0.66381619267086,0.997679307162379,0.778940718269777,0.861718994075012,0.561878642477218,1.48544245017113,0.639049472898654,0.99922014937373,1.03358264428199
"CTCFL",0.544066914319707,-0.413508843622495,0.440822835575784,0.752261748912193,0.322128485476118,-0.000290541902506301,-0.0536977732918636,-0.212278589143846,0.273941478834222,-0.106216705232986,-0.211619827968586,-0.406685226889486,0.104487250787711,-0.617470220893148,-0.0705374978214543,-0.267143039998084,0.110116527861505,0.603394688364612,0.169203054243742,0.0969322775673703,-0.319615149654224,0.0062126019429218,-0.079105892473445,0.412978474989507,0.0857731490498627
"CTNNB1",0.0556904321476442,-0.785353836007304,-1.64247014419397,-1.32287053588024,-1.70962022428073,-1.00345762338109,-0.959578179192944,-0.681072986970159,-0.220485342236999,-2.35202039152015,-0.940365256149574,-2.0500019359384,-0.950599997848972,-1.9934104912511,-1.64291486248228,-1.85675889244733,0.0298571709939384,-0.567256388839403,-1.65357314724709,-1.63547795151989,0.511800286483317,-1.40442225186229,-0.614049032301134,-1.21352640621913,-0.266088543268373
"CUX1",2.33050618695583,1.45729187872223,2.33411278644891,1.56381509075518,1.70546700791815,2.29082227670105,1.52530837709927,2.05221795954979,1.55690693082818,1.28247592262751,2.72246121549569,0.837604158236524,1.7114548080328,1.7342858857039,1.67984417553729,1.65420670193765,1.66481303940247,2.41483853732723,1.84195030330938,2.40574534622605,1.99676116351619,2.06137418537613,1.63790690929224,1.76639879787459,2.21649594366738
"CXXC1",-0.280021599568226,-0.397399102802363,-0.947913125830273,-0.753576622629604,-1.41572925257255,-0.0861663970892825,-0.827708926527685,-0.0944005539577485,-0.127006791096726,-0.780191802924108,-0.517742910122086,-0.894490138690878,-0.843715536350509,-1.11318076340826,-0.228203925687865,-0.437352136112912,-0.506791310811334,-0.814531941583601,-0.982037121510374,-1.21716937927858,-0.229120034013773,-0.505482512101244,-0.183386419497852,-0.479894679435127,-1.00410385233577
"DACH1",-0.399273593380014,-0.796376319449268,-0.412399404594467,-1.38606237588076,-1.01195336239926,0.0892158564218004,-0.367271653106612,-1.18943673134379,-0.825086331179734,-0.058519885273706,-0.426571473675282,-0.258100474701367,-0.529478166931028,-0.378425574263932,-0.304827870176876,-0.337432260475478,-0.846760710821683,-0.159290438126631,-0.234146482551554,-0.0983534609427599,-1.01682421557882,-1.18845771476792,-0.871333765655848,-0.763433365589855,-0.677832618988786
"DAXX",-0.0173533429391783,-0.37578927446359,-0.519817850420798,-0.563708817461595,0.202235848147211,-0.646737264861357,-0.250848553187337,-1.08783026955548,-0.513846310920629,-0.0797318814065144,-0.488776893072924,-0.148779906456462,-0.675981093592617,-0.648759050777428,-1.11734047296258,-0.740071674854683,-0.0181218037917888,0.282567688884585,-0.701280986739575,0.0383846434227446,-0.794076606765799,-0.408210625656099,-0.422103564817266,0.251968380888007,0.173471222485682
"DBP",-1.53395114411377,-0.968030998316745,0.519059616557665,-1.08114954630073,-1.68731664876116,-0.872127940270065,-1.53796829582268,-0.891234058951317,-1.33270269022763,-1.34932494080215,-1.19187201812745,-1.59126457191755,-0.660034557467046,-1.13076074718291,-1.31645946894147,-1.45470168764897,-1.76890785840893,-2.17836871953676,-1.80315513880235,-1.63701133196523,-0.925800246602909,-1.35846396239574,-0.655723424352253,-2.12724363868338,-1.39513427254586
"DDIT3",2.85373665224167,2.16634188931777,2.69176056879121,2.47624608998143,2.38607630957862,3.13318827933625,2.28622510160723,2.75333835945411,2.39761029566968,2.3114672028211,2.53687375336068,2.65868930070863,2.47437300768146,2.24253913765337,2.76689459713386,2.24943053769291,2.59099465284331,2.82690139635273,2.45055540675453,2.96499213125935,2.52294068448753,3.17222047407898,2.02666197631793,2.50702979104746,3.1049312332605
"DEAF1",-1.42513396250736,-1.65316524030275,-1.97278244504631,-1.81354374146548,-1.90252552185504,-2.00573172446369,-2.13560130409413,-2.3007277760878,-1.66396707143937,-2.49405532554278,-2.16981833335651,-2.28028029941613,-1.69438676083762,-1.95172957680439,-2.08938287992638,-1.96070419769265,-2.03083706312529,-2.38703716195786,-2.09983498200636,-1.69181274798434,-2.13305909348467,-2.47088577580837,-1.93013000830859,-2.14074537246288,-2.13494370549816
"DLX1",-1.21612578378446,-1.65377895042699,-0.735724938768173,-1.51890088937156,-1.11726188063488,-0.939405264262085,-1.85930652645927,-1.01094691487362,-1.4092476780179,-1.44767594851919,-1.23902640787272,-1.11802440388955,-1.35139634323181,-0.990876137851137,-1.33638381160211,-1.18541387338261,-1.24602657628532,-1.43620148278877,-1.54688355637877,-1.941532040731,-1.05892393249238,-0.957230700359302,-1.46012963657701,-1.36226720866502,-1.67753085046458
"DLX2",-2.44577777010751,-3.42225804863276,-3.39142211306003,-2.77053276526675,-2.59713248310646,-4.10736703425038,-3.4802571557249,-3.54466658906501,-3.56795058896744,-1.82257645623605,-3.04916746007388,-2.92223750558014,-3.21307265988455,-3.3669817451836,-3.32307153384521,-3.04279865500399,-3.38401449868877,-3.1947852670197,-3.35077830048464,-3.19916625504142,-3.58685915363061,-3.61270762216765,-3.39203059081383,-3.83451149248459,-3.83351200088871
"DLX3",-1.50983580551403,-2.23793829631989,-1.92272766517453,-2.7378989555887,-2.53654794038052,-3.06377812504786,-1.96815393475522,-1.89760247289744,-2.4150642782804,-2.48239217794325,-1.79517385300026,-2.90159484593751,-2.65214606754981,-2.92897516272506,-2.71147369680713,-2.58313791389074,-1.75817552779149,-2.41882232501965,-2.91704274741495,-2.95593155273845,-2.54602093929124,-2.68943752434362,-1.78780040018945,-2.48763192997731,-2.25062862720811
"DLX4",0.299492616093266,-0.883742629986695,-0.292463692461789,-0.96765211609006,-0.731472044942754,-0.51477638167449,-0.79855523269869,-0.262457290280969,-0.564261780254468,-0.880077168820567,-0.379967302357104,-0.989855581527181,-0.288341284439184,-0.260159079605445,-0.905829189735882,-0.711674236941197,-0.744692023724288,-0.206857101604824,-0.345119375756997,-0.229083358410769,-0.057720527962643,0.00898811124929037,-1.03325270803878,-0.0520570839710403,-0.354748054157148
"DLX5",-0.323774457252524,-2.04258478899072,-1.4944153919157,-1.52088639875068,-2.34378826324969,-2.67333195051059,-2.00527133082959,-1.8940139161195,-1.95666912635229,-2.60789802176468,-1.43690166617208,-2.84513062833083,-1.8951252877464,-2.80629377229331,-1.81881073542963,-2.27222787381675,-1.37061847428354,-1.76237118878836,-2.50902708961913,-1.81181889674373,-1.64619016845965,-2.16259726475704,-1.6608028271919,-1.75478391710263,-2.08097195247371
"DMAP1",2.69412573950303,2.77921448107003,2.91567233536843,2.81403132161046,3.66662785761001,3.21815624005031,3.37741451089096,3.07040120579461,3.28692066464213,3.03194821377368,2.29990419372091,3.21614342446886,3.13713406928648,3.20814350350393,3.37554842229991,2.98654431809059,3.03588292879787,3.29518662736229,3.37296446923765,3.06397209712678,2.86344954542444,3.14799237732448,2.9586258389467,3.0327841611829,3.17647215985865
"DMRT1",-1.11148381318409,-1.64104072769411,-2.20869523957208,-1.48254976346172,-2.20832442376187,-1.72192852890561,-2.00131555279353,-2.15328280612174,-1.88529368287722,-1.58374511451145,-1.50008941319478,-1.97634778884221,-1.36115201614948,-2.26305391807854,-1.74008581361954,-1.98657613701842,-1.73747144979167,-2.10207419362941,-2.14279976584274,-2.30125008487726,-1.68324846880133,-1.31191123154971,-1.81338162787449,-2.61414221724438,-1.86381635117133
"DMTF1",-0.0774682643029403,0.482123012489713,-0.465513607201836,0.113377559307545,0.867445514600056,0.459229244758463,-0.257092137321987,0.754513337522862,-0.117739780862333,-0.892814243426388,0.675495582743794,-0.0779785460504389,0.277707829537961,-0.417924120468724,-0.0725239015628596,0.346297629018886,0.154870239059724,0.414224076131921,-0.647725075578034,0.377793276643849,0.330695579100022,-0.0501181813583847,0.223848424855948,0.155405256258478,0.626023329398795
"DNMT1",-0.415500713185277,0.662995103445916,0.627380717712353,0.165395537652415,0.0766408070190105,0.647362597284415,-0.110955775020535,-0.206439855242247,0.051197986524179,0.0639630630108396,0.612728142770875,0.0919955349560861,0.188778490078891,0.36128922719382,-0.396663780861257,0.18647775920365,0.16035388549364,0.263811668185069,-0.0581837509078126,0.0191623298114889,0.0750074931200213,0.539066575029828,0.113824773340563,0.241337590794213,-0.181644047304759
"DNMT3A",0.0433166061597985,-0.639947829281821,-0.2017947815388,-0.343741765966826,-1.05832213325199,-0.934685552546274,-1.01447749660996,-0.626170174779849,-0.762821162164464,-0.215641475295598,-0.335302028720101,-0.702174741288647,-1.49709061473053,-0.702636872347479,-0.559746324244756,-0.886794953847917,-0.702661229933204,-0.480868980354978,-0.215920461083782,-0.800081619219342,-1.1356650451537,-0.894807901671275,-1.07657986192132,-0.398586264820098,-0.639775073836623
"DNMT3B",0.932548007792128,0.850336571191697,0.399869781641044,1.0612568497341,0.941849516398324,-0.0285319786098805,0.368704363433011,0.725078234346363,0.612091608358007,0.766815115396961,1.37687917739146,-0.203321618206458,0.31310029744991,1.03456185641331,0.669838298406863,1.07181435748403,0.773274132269811,0.817876831817206,0.855435235425268,0.807502325120513,0.576449501125783,0.877624286195688,0.716416021802399,0.792434063032727,0.55798881412472
"DOT1L",-0.535950688688072,-0.204652644552871,-0.17926126467211,-0.19381177104164,0.360691848409808,0.114244086013187,-0.268421890600671,-0.0503717665003692,0.163478941957532,-0.485955707048214,0.299827935192064,-0.00828836040663225,-0.252966344288738,0.510484598393657,-0.201296098467841,-0.14527552804862,-0.293068556023845,0.319774527090344,0.447935834035408,-0.66522211674198,0.305197657816755,0.278584751045092,-0.335286852107778,-0.0281136344343756,-0.0190630124712345
"E2F1",3.96248063251831,2.55915994539724,3.63651484678657,3.49060899309288,4.4878843748881,2.78020299447185,2.40124768535248,1.8220591194743,3.22426156443486,4.39291693388112,3.65842753125401,3.23583526785326,3.48115468776984,3.45908565898611,2.86445944037094,3.51425262194502,2.7412254389079,3.44695905370201,3.4090966111419,3.67649590487186,1.6975619038156,3.56209203266469,1.87102434184908,3.88251987402272,3.61958869884822
"E2F2",2.32847329490448,1.70498768752558,2.69298875097132,2.22145147621622,2.79552412643515,2.04989704132948,1.96605208954533,0.963060502083604,1.64988225533744,2.89784161818991,2.45213337944221,2.55848603878048,2.26591532419912,2.45054817225996,2.23236139407963,2.35761381592147,1.7091206872414,2.29564375811383,2.28224331769229,2.88132633973683,1.00413088291942,2.34182798563186,1.45787107454269,2.40229391810849,2.4131873717546
"E2F3",3.20570702514455,2.26866380831406,3.62718837315941,2.81324941438723,3.50915796056649,2.59444034785602,2.15339894294265,1.71230850106368,2.5156641922023,3.49485042579381,3.20362870093275,2.80844535364747,2.90570875952216,2.8599612342801,2.90261709620844,2.96468535351731,2.41103223124697,2.98442263263415,3.13858951803591,3.39014728145202,1.73164422503406,2.94128865577038,1.92296455485432,2.74224837956367,3.1238792064574
"E2F4",4.40690865794984,3.53730951609541,4.84314526474307,4.33584029462199,5.28911802050081,3.93860909094877,3.2285807801759,3.12905273735099,4.07876503434955,5.4935476723892,4.76762028227158,4.56525251966326,4.65394327124699,4.4774541288461,3.60095148852771,4.49445990239928,3.8973224586602,4.36510589073799,4.65131677397047,4.76902753736785,2.94680141424073,3.84201720681836,2.90736277528171,4.79299011615825,4.79681277545771
"E2F5",0.480843340728943,0.0709467845224115,1.07537802264262,-0.208589838583319,-0.277242844843575,0.215869856860924,0.363089495999009,-0.308416649879495,-0.0384032100863472,0.265171944083811,0.371610146220628,0.0635145177047645,0.0279944981383809,0.0189609162840432,-0.286448974160435,-0.0960358830667627,0.440012134842732,0.121393761340219,-0.0700102483018223,0.674920514347356,-0.380590033408074,0.38054619809048,0.153948967278868,0.238411968557376,0.148903868632123
"E2F6",0.490452187965429,0.0462536016161622,0.661239274968939,0.808190068188978,1.02958661176119,0.384733656503325,0.532495428547994,0.598903789098453,0.571247673261672,0.463936226732605,0.883332308382638,0.688675808691472,0.886287675976302,0.42222351143937,0.309513961508081,0.435525420277101,0.539230996629838,0.327393284103939,0.925499144241707,0.66173549970645,0.589621063261542,0.442481040615218,0.50299418125345,0.907572878073364,0.360344757888197
"E2F7",0.565858274696851,-0.0467351345530885,0.111520886699086,-0.191183581092884,-0.659408598171727,0.25443438913508,0.0452717488172239,0.0743101701290267,0.0690327177760233,-0.0254021579414876,0.153724736568731,0.0593770026652597,0.221434108432325,-0.0886077364578611,0.170377653093442,0.309746416894443,0.107891499937416,-0.196440354585243,-0.35035677243084,0.147058984050758,0.429827043832695,-0.0200256731110548,0.0369518851753898,0.449937078662432,0.0582744725509666
"E4F1",0.309918602264358,0.18082796112203,0.730820082287982,1.28115182423021,0.723047942877084,0.801424100515715,0.90691102049051,0.729034807229555,0.499449290355883,0.282974208184632,0.422646760765935,0.582269627335838,0.634812476595816,0.40917214949567,0.341239318033161,0.306093171022288,0.972869688565692,0.692591968417491,1.00730783104039,0.347700965240652,0.588342323880181,0.316803178747663,0.528487346787783,0.981659218053393,1.01147558201663
"EBF1",-2.52187131187507,-1.85145301188923,-2.43600354484918,-2.27720218541244,-2.43231357573809,-1.38722669196756,-1.88080921280251,-2.11560896628108,-1.99565347739031,-2.44163694957962,-2.31432474176661,-2.48263302964792,-2.19678877476087,-1.6300292473482,-0.989332788536921,-1.41765164542563,-2.07049257141108,-2.7057197757219,-1.61741071528878,-2.87036890287651,-2.12929356109432,-2.3689704595966,-1.90325779503897,-2.21963711260452,-2.00843004215043
"EBF3",0.288187926793972,0.766454340253362,-0.767886038463154,-0.75936237006429,-0.533851578230773,-1.11222484525394,0.163791986057982,0.609528914969003,0.499795469636433,-0.0921623508627045,-0.0272402270859639,-0.720162109901998,-0.324529323822239,-0.325797845853978,-0.475335070628279,-0.274309959018805,0.148022942294281,-0.730751967351606,-0.229652947256767,-0.376892564609824,0.665821412284039,-0.322112896244997,0.407095131612423,-1.13635699370841,-0.181759722498897
"EGR1",1.63375041352457,1.65656492120883,1.633452428811,1.44585230101758,0.343992710103588,1.00519918338313,0.873955217509691,1.34637453673419,1.40343311617671,-0.215338460169972,1.88285460469534,0.212524953139568,1.19699081588289,0.560428053399718,1.10985954646261,1.19903149181598,1.67641506196258,1.77196067810953,0.364357978281636,1.49894492708865,1.56081578850781,1.6229791333906,1.45719842074752,1.70135830562005,1.83315820740637
"EGR2",-1.03943787494441,-0.0459048742734893,-0.558503778067211,-0.732281919764079,-0.703850739188939,-0.263350721835951,-0.471964785638674,0.0860359223364322,-0.0858148885059006,-1.06659862654628,0.380519587890023,-0.61346664423174,-1.1491113988889,-0.267066297304617,-0.280852563731876,-0.22328527798841,-0.26013014972367,-0.375389119933412,-0.503704141067168,-0.428907583318032,0.227136049694746,-0.367917853781284,-0.314746726382069,-0.395196322241537,-0.520875207395959
"EGR3",-1.4035180008949,-1.27949228109526,-1.41672354051785,-1.13555043121916,-1.84474946734786,-1.06414871416281,-1.53409303096736,-1.32755812526887,-1.39080705529744,-1.70860830498047,-0.817596686617168,-1.46026021165438,-1.65678668591,-1.17214150553107,-0.763839776856156,-1.27105115188867,-1.27472119748049,-1.53647760255068,-1.47674262566668,-1.51654359811704,-1.26689217804201,-1.29969277633512,-1.23571817374091,-1.53014918029327,-1.11858405131112
"EGR4",-0.838523541499487,-1.99888967580396,-1.94968444296323,-2.08045327013141,-1.90239283482759,-2.46363140343912,-1.63060799467266,-2.17151987608072,-1.79318034163756,-2.07643269929158,-2.13185390650248,-1.83285849661122,-1.7092573507358,-1.72840878838181,-1.60191390640701,-1.70080827028988,-1.48264607386413,-1.30161077279122,-1.8915875632994,-1.87078224270454,-1.88516446221523,-2.2228589403274,-1.69705906627409,-1.87734521843261,-1.30722407197479
"EHF",0.874959916767406,0.748423568765093,0.75753717067271,1.1308959557444,1.02810588274739,1.21476043762013,0.908265710896109,1.06861617497988,0.838601006949744,1.71647482969458,1.53935320328331,0.973166771930949,1.15694489003643,0.713413242620793,1.46050516490847,1.43265870283039,1.0067435281953,1.75383822604583,0.798056660446523,1.25117318517069,0.889607634495393,0.846159621328813,1.31718605328626,1.27121069392797,1.64924436365783
"ELF1",0.953165627770557,0.90314795154411,1.21469033996004,0.921754297739611,1.57359764068749,2.71778511250256,1.67770998569467,1.64132919242904,1.90784279672961,0.318265575234493,1.55712744318855,1.1499397943611,1.56851011053531,2.26135207550263,2.05313466066055,1.35260055636878,1.53605951800738,1.5410883747735,1.77451042645858,1.26073915042302,1.18403149893413,1.88081132010098,1.1020418525674,2.20965511000139,1.36078110781876
"ELF2",0.22152889410374,0.176017269476093,0.401638546397047,-0.300217480605963,0.244796559962141,1.03149769019708,0.315288862252753,0.969875502781879,0.499225960827114,-0.230775267035454,0.461495247785926,0.369441817519306,0.324485366913914,0.425630605758039,0.953335496672237,0.500546019798272,0.4566272366825,0.226778205102755,0.509305517954036,-0.349053473238551,0.311727748156606,0.579906446933473,0.441052957097718,0.324527087098697,0.635521592796176
"ELF3",0.896243462558655,0.702380682452471,0.306340987237556,0.317619273616248,0.525266236422689,0.163882494428414,0.558910386906024,1.20281962792026,0.733041961793192,0.698327783904421,-0.124683664688561,1.01517118902256,0.193091167545468,0.0803217139231202,0.714063856302466,0.773450395813858,1.4583197653205,1.24642524761238,0.297982227961934,1.20880607365371,0.593659273769594,0.513295715474419,1.72675919028739,1.88967949546409,1.58721262627406
"ELF4",0.514850196424002,0.961531431624663,1.18075378798379,0.738976023693928,1.06125483150325,1.78004185213435,1.08618723903653,1.10205198745717,1.69079230376426,0.373250317934589,1.47045127951865,0.663283339949114,0.924136865133185,1.27743340514869,1.0841214345281,1.48713952579764,1.00413574008481,0.988909881868557,1.1296336576974,0.912496700198908,1.05678553139204,1.03023168182253,0.668012695529933,1.15268299804414,1.11879956889075
"ELF5",-0.662489867678171,0.667279536282583,-0.163460757680411,0.271592972771546,0.58646979694593,0.613995209076272,0.37345751378675,0.437076820148153,0.516115230398673,0.929900931633042,0.120225456212224,1.08971614506789,0.376584229222153,0.599522295565919,-0.222062782421778,1.30963753595456,0.489878241800753,0.126619737630167,0.922191680402538,1.08603296315556,0.62237407857957,0.653755101273893,0.342269437884233,1.1037791826752,-0.605076913263307
"ELK1",2.00742597618258,1.92636014542428,1.2438538920906,1.88031611004575,2.1774353823952,1.26701567335009,1.37547265678671,1.93164944679155,1.04531815948573,1.45193932435632,1.60809750882781,1.59032531087775,1.67424744151138,1.24203047612385,1.38182656613637,2.09426667587208,2.03398264993267,1.9390563616057,1.83584657644852,2.40941736054529,1.52321578906625,2.19878643101559,1.62418208296502,2.31696750600963,1.83439061375729
"ELK3",-0.0738491374646928,-1.19405410796412,0.233198750344298,-0.98633170850697,-1.40195763293169,-0.231749284689406,-1.08058997796972,-1.86463646513389,-1.6026430715979,-0.951747459330154,-1.32505134635174,-0.5763427271904,-1.52322239359066,-1.03582284416196,-1.00900936989607,-1.61089702616855,-0.940860188954823,-0.580836632866616,-0.700384885846414,-0.153969122931112,-1.63713575249825,-1.08073332857063,-1.28779858971852,-0.85704946876527,-0.592971189444057
"ELK4",2.08324117477519,2.5315193357215,1.54389598432001,2.06219037357495,2.69209738394372,1.68685103481439,1.5404825326293,2.62794056138999,1.94961319855985,1.45623281976097,2.22490018066442,1.47308366886145,2.11924508870663,1.87847748311464,2.122415012911,2.4637605235866,1.85894544667822,1.77478913678968,1.43236992573582,1.64607442592302,2.5780503398554,2.65949479291517,2.1867310022892,1.85501335508481,1.78946745020469
"EMX2",-2.0572333730992,-1.34299033380408,-1.61731669256073,-1.74935740926862,-1.96675334431821,-1.50890154178973,-1.31893148946661,-2.21336563463397,-1.77354085747667,-2.53745970798516,-1.55151269996065,-1.55641929735902,-1.58578841642471,-1.28396141472669,-1.47893031734999,-1.32455342501365,-1.63940555736256,-1.75576651679528,-2.05222077396249,-1.76432553573448,-1.37396546497624,-1.40193309243393,-1.34315294561898,-1.80901469167386,-1.65525144734178
"EN1",-0.952262192446297,-0.385331184303651,-0.629781741183214,-0.240544473700068,-0.561840613910585,-1.03131837203637,-1.03476532815556,-0.461560031351447,-0.499407990322887,-1.04463249965102,0.0136696265383922,-0.44960479078794,-0.678910554279907,-0.491572117012589,-0.192624887608622,-0.335554966254631,-0.778145630330524,-0.3051775884776,-0.72002129810398,-0.987735471010167,-0.244434758493208,0.213619610250859,-0.5927896058171,-0.235144286268315,-0.88146342420393
"ENO1",0.0443576292883868,-0.245057021927083,0.0762687967919925,-0.32781003034838,-0.14971247408978,-0.0383196488769761,0.0461344218899146,-0.322753567680299,-0.0284384321201265,-0.259689548007616,-0.4459455621772,-0.192761868340027,0.150470130558721,-0.266405136055041,0.0562994083497743,0.0499877549646247,0.895297967163506,-0.329341558521012,0.18585029816505,0.0639941337001037,-0.40290567104359,0.135576890307544,0.204970022681152,-0.0337036312806462,0.881234601580433
"EOMES",-2.46415103060366,-1.58555519920067,-1.88995505489355,-1.89958511852397,-1.18795996928281,-1.04328292465707,-1.52784100292202,-1.52770827943558,-1.45515472200852,-2.05889169914107,-1.07081923283482,-1.678336570379,-1.66499217770361,-1.27000314775222,-1.12861426537175,-1.10698426673311,-1.13480504432289,-1.58437843414317,-0.950442597674339,-2.33480510447422,-0.753959116727536,-1.37405594403439,-1.74085595897089,-0.98060204231274,-1.33586194978296
"EP300",1.00695898929834,0.605413217927572,0.597012261681428,0.487633686573652,0.230422551531973,0.221436459168288,0.589877707145308,-0.185326488251003,0.290024552800696,0.0413878468485404,0.870903287682785,0.0840918170357222,0.764739960498685,0.221870043327437,0.147413121569824,0.630867370992689,0.874480941644104,-0.141690447050495,0.0131748040172801,0.657050868911568,-0.186333211250472,0.465182244292622,0.44537676794486,0.462809125378188,0.20569908189798
"EPAS1",3.95715872281764,2.2574611771237,2.94457088781103,2.34934582636807,1.51983407550178,2.73900792551058,2.14003469460749,2.58117876214918,2.30650878718065,2.24414882929312,2.61596298814774,1.06139047300937,2.0638529235292,1.66771669965302,1.80241750461717,2.09072492302749,3.16630732917365,2.93623165711735,1.65159566767469,2.51106381703012,2.59688894730634,3.37481367659311,2.51024723817681,3.20058004289179,2.54161518591693
"ERF",-1.14603247384921,-0.438434443007759,-0.510345925954866,-0.910567965486231,-0.540985660323217,-0.877060100796775,0.0966270324771973,-0.672099197067065,-0.696354220791717,-0.333886491650551,-0.687977506209017,-0.253221113346701,-0.852023891518211,-0.0713410116906016,-0.516432227200592,-0.382277383613921,-0.0931840676069292,-0.916842775490465,-0.333093793447978,-0.381045887804736,-0.48468511418118,0.189504002038287,-0.119598908921128,-0.893977808836274,0.0208714845647064
"ERG",-0.107874217079245,0.53784134224349,-0.807571383826193,-0.503943394276513,-0.199522038998305,-0.506664498333211,-0.193178859670213,-0.361279952567474,-0.0702835377579279,-0.942462545573189,-0.10001269152437,-1.06323778902472,0.214630623863791,-0.617706257226706,0.09773381635637,-0.0111483366063761,0.221808476166393,-0.417115990884426,-0.878405424670434,-0.133976242929934,0.109661073164971,0.68767904763737,0.466862920520077,-0.419498337018407,-0.0655545733550197
"ESR1",2.97112010887444,2.35236821562382,2.69671275917261,2.33980940634468,2.06243610012679,2.51048097899266,2.20982512801351,2.30688870422103,2.55167143931809,1.81540208361879,2.83152065774111,2.02877579405059,2.45166336273366,2.22962086510857,1.84384886462135,2.00986958279133,2.88344855915195,2.65102493699886,2.45205867352811,2.79948032343788,2.63025584145139,2.71469779755542,3.05795940721492,2.8781667257481,2.98167071016648
"ESR2",1.3111687361342,2.32512592928841,1.54836316281372,1.26285076911774,0.995585773977355,1.25282465312903,1.50342584963617,1.7605081029384,1.8048649801788,1.36070122809732,1.56222359647411,1.50979235491583,1.87546187852486,1.55066113188824,0.992397813063725,1.48769018340995,1.92983842334686,1.37519331522899,2.03969104779613,2.27712386590935,2.31569613785135,1.86820155641741,1.99452081951449,1.93261759815058,1.72377621954778
"ESRRA",-0.952434699508632,-0.202723300323536,-0.723755775196988,-0.567441843674142,-1.19395706688281,-0.271071025675428,-0.988963183282651,-0.806073763257347,-0.989698215806315,-0.925597487948522,-0.781829311385997,-0.708108243403439,-0.60459339909328,-0.858479190125488,-0.908191840521842,-0.456875835723167,-0.0928898689511074,-0.506132716135345,-1.09011330550501,-0.407677862713409,-0.829682259121939,-1.31589055353835,-0.367630688063735,-0.698158615682455,-0.889313212573215
"ESRRB",-0.290015080082563,-1.41509337431932,-1.21183150742745,-0.532943119921682,-1.37140336340166,-1.25444509457794,-0.642909573279156,-0.954859305788397,-1.33837559470103,-1.29748497829244,-1.8111366302948,-0.57685129926063,-0.68263158358165,-1.21427626395973,-0.400139528078843,-1.21832955375626,-0.821976648177891,-0.202915626208507,-1.36039959512315,-0.666842241020635,-1.00906556441258,-1.15833048249732,-0.466502917690536,-1.23668858226521,-0.960712615795894
"ESRRG",0.564034156984091,0.618636853972252,1.09099923507725,1.19077038248362,0.0953261269072832,1.30849132315795,0.0164916174272766,-0.0793002395340628,0.0634900963477687,0.291312078115074,0.654523082915311,-0.148894319379524,0.358483202494715,0.166526512578362,0.0394307184931235,-0.0245982117926813,0.555378370634123,0.336703323224173,-0.157207564048449,-0.21002743175387,0.00359355673956381,-0.0233253549687651,0.223648134463559,-0.58743598005096,0.320329414062616
"ETS1",1.74370849865058,2.6595117948148,1.71412775304272,1.33464086666561,1.43421320712833,3.05285423261965,2.0788643926219,2.74349139140173,2.96280975054611,0.228091061392596,2.8560799444828,1.25241890286451,2.51173314153952,2.42926578017175,2.29751947796935,2.21132720991693,2.62611575914236,2.40473614987078,1.82113785913363,1.68801747373287,3.13972864841946,2.42986416000332,2.2958691674898,2.347438040116,3.06343551076355
"ETS2",1.3514811333828,1.77606246030354,1.13302143324785,0.796160043423006,0.883698574084826,1.78278074469593,1.17951109434476,1.84145606623916,1.76482093438996,-0.204073569426497,2.36863608789852,0.662150782519662,1.03770390332452,1.49883317111874,1.08610466007665,1.33893810564419,1.87244111439031,1.13984830273596,1.0600899739962,1.14179237141037,1.98338691835465,1.52791568612003,1.46127904948547,1.35953685299798,1.91619813800377
"ETV1",0.244301721671644,1.01820668332877,-0.443406713049845,-0.254499213170521,0.188585659423485,0.27555635367232,-0.141658009765449,-0.12377920196974,0.428620203267965,1.35503525276236,0.320218843184075,1.09209379725801,0.736022568437583,0.919569346568791,0.437723272562621,1.39972998074253,1.50535595271741,1.07050433623262,0.753258910911464,1.51128511735024,0.458757857543308,0.842657514930482,0.197896731578673,0.778964085888223,0.314394305234443
"ETV2",0.133008917111212,-0.526818098115659,-0.469233395635838,-0.374893103992699,-0.295327813919172,-0.00815993320145684,-0.696429077808892,-0.538418726204847,-0.376031265623546,-0.902862805148787,-0.208667015382096,-0.47543362004453,-0.515807258986888,-0.396630393276912,-0.504301166481354,-0.428544622985749,-0.146053391094572,-0.509570727226979,-0.839045438692247,-0.383342016039142,-0.298317477570512,-0.05922278683762,-0.178383242129688,-0.0493704077781509,-0.534262874048269
"ETV3",-1.10968512663767,-0.351232036416536,-0.866349671914229,-0.912601468051755,-1.03838785093601,-0.678832241729343,-0.216875980480178,-0.727246172189095,-0.669507136646336,-0.571836872858891,-0.88058092604262,-0.757820283278624,-0.991689791655116,-0.496128557921844,-0.523278410289088,-0.617154485161764,-0.960626451959282,-1.07313351015025,-0.634532711281036,-0.864938155416307,-0.667874286846987,-0.573609871511608,-0.407044249428128,-1.0570123846891,-1.20129426754903
"ETV4",3.21500898332222,2.12689740158321,1.04354191435597,1.43978016100908,1.44812079926816,1.88721891357739,1.7619182623575,1.93941114595737,2.4732252361415,0.734418672000291,2.38087976181472,1.34168727877126,2.29103631445811,1.21556104978468,1.80281594697165,2.13798199650646,2.51429399479264,2.87247353669744,1.56432270614281,2.51541388694873,2.34453367730782,1.92816238778544,1.80082982894846,2.33543402884187,2.20661509345929
"ETV5",-1.28756564134394,-0.070337869368207,-0.816974825809024,-0.809005128735679,-1.03013442626291,-0.208724420663657,-0.306637281335904,-0.272213116460444,-0.374769921882337,-0.71074012842984,-0.0698562940363186,-0.708622070001109,-0.928407467894707,-0.197975227271429,-0.482862501064444,0.302925734241787,-0.285725222669802,-0.433556159513192,-0.717420265760372,0.378278859624778,-0.207370750662493,0.214112753460048,-0.591201415595396,-0.631257872409487,-0.193990848586005
"ETV6",1.55661221445088,0.315241866122647,0.647006810398014,0.297427084056426,0.106166054089151,0.389536258149753,0.888402387105223,0.748324424079955,0.642897383970619,0.365252568252491,0.854522611416455,0.180755624595788,0.70527992417221,0.32839725210815,0.590828924667553,0.904488063198869,0.746343085112547,0.695393706622736,0.352654320374979,1.22156250199343,0.8907963109641,1.33943002549616,0.869480438744634,0.744706194365882,0.985865282587947
"ETV7",1.76475021526935,0.926348646851771,0.617773983668487,0.609396708152149,0.464233685882997,0.8858737172657,0.483911392998449,1.33502206293119,1.04118590856343,0.28257618245064,1.48404099552553,0.852853242326928,1.15503009859673,0.755530987550169,0.500222325689495,0.3843660287149,2.02192663419234,1.01847306635652,0.65814051634993,1.58695111864345,1.68743953245969,0.379788494616662,0.508475177076359,1.10730354954497,1.65940191712204
"EWSR1",1.3667899595435,1.12040008969429,1.7959592861728,1.20141200006021,1.19805879207143,1.21814759384581,1.41233948834129,1.57817580960145,1.23762612938698,0.741698839867936,1.11429294897457,1.47428756438174,1.17951981213558,0.892552910395225,0.978351180534219,1.36854697788256,1.63870804160426,1.33707541751856,1.35833573059257,0.833890400413204,1.24768030260801,0.930249834272244,1.22579422914585,1.68800746342293,1.45312225648487
"EZH2",-0.502649017649658,-1.67895383906655,-1.04203173148781,-1.16868678451841,-1.35073202196184,-1.75915361607626,-1.42458181294027,-1.77972644192449,-1.07331578845405,-0.914537528174771,-0.846184979959429,-2.02973440880767,-1.67594946883813,-1.60646550319369,-1.61762143725777,-1.30762831773573,-1.25695080636447,-1.42294332634154,-1.61185560746377,-1.44920649216288,-1.69680009881979,-1.48965402567885,-1.8261240075396,-0.722984779527434,-1.567297144841
"FEV",-2.14490615869581,-2.15441634998822,-1.69018865928458,-1.76882670188836,-1.30733861097122,-2.04077880190294,-1.74243997327716,-2.08557738310623,-2.11361478264079,-1.53489181430588,-2.56005575334585,-1.46418916725988,-1.53290911365513,-2.47724886446154,-2.0741312730649,-1.94632588268813,-2.53034203953762,-2.34356807316452,-2.03032638630176,-2.0133498238265,-2.25681971702582,-1.83522878125268,-1.77242345685629,-1.82778932050901,-2.31860302562455
"FEZF1",0.0946273555631873,-1.38596792831276,-0.748459526202761,-0.48591651742417,-0.458240189545692,-0.777320873328392,-1.88810992951729,-1.15642305496061,-1.24467728230861,-0.315537042030538,-0.473863996351654,-1.57250805723875,-1.85112030028158,-0.808401276664565,-1.39330187293427,-0.727812254726071,-1.61264545262585,-0.295498247795055,-1.34157048682327,-0.698806516619701,-1.93025299348576,-0.676852940552703,-1.81411035976616,-0.661933131511181,-1.07569641678237
"FEZF2",-0.481293864026007,-0.688935874287026,-0.782549014761925,-1.44627644120319,-1.34928725698665,-0.47139783039228,-0.903494011700834,-1.29643946358965,-0.995060640493812,-0.837431308712563,-0.846612697908008,-0.536934846405788,-0.906936948863551,-0.308571404630076,-0.828924187604467,-0.865615432701767,-0.89719426039666,-1.0590394916566,-1.50878035451132,-0.383406875646653,-0.903673763417752,-1.11759011026226,-0.55369947747006,-1.40598056567859,-0.923365583858266
"FGF2",-0.70435128894789,-0.204928927660874,-0.62493236231773,-0.615102159998132,-0.417020601003735,-0.857863113295205,0.0511065856666375,-0.6444156708228,0.347192745618904,-1.23312354773289,0.370821593349658,-0.301609363715744,-0.472257356400324,-0.92913255412817,-0.284905063699959,-0.509165521142517,0.188985985124083,-0.108596807775407,-0.967739466785752,-0.728964198795961,-0.189232290661446,-1.40562631782278,-0.347959701142828,-0.547749097051799,-0.5437206172531
"FHL2",1.1523446362339,1.29460485045506,1.19264046531616,1.17484621097197,1.43603460160064,1.58050009499857,1.0736522533267,1.14684532551951,1.23640025516164,1.36629742692815,1.67002325940001,1.77331515133488,1.28664694951629,1.22943912819412,1.6872872755657,1.44548605185332,0.990679008599854,1.76453596610719,1.25096938793286,1.85362030122077,0.926233665734636,1.6222344806107,1.46521796430587,0.96374830572875,1.23382931531929
"FIGLA",-1.69295783858266,-2.03594010080712,-1.79069466441296,-1.69788555154703,-1.47414288127283,-2.19648835615131,-1.64840312119139,-1.83109113218204,-1.7061207697894,-1.10553540445109,-2.18786292324247,-1.75337265383973,-2.10286584117286,-1.708530679121,-1.83363227139112,-2.0010246903582,-1.6279578445386,-1.97138413067374,-1.76199727236374,-1.84935907559849,-2.11365723727294,-2.07929499063691,-1.39033590853523,-1.49550746992865,-1.36344893783606
"FLI1",-0.368676183166755,-0.0320243019836225,0.174459575724803,-0.259329871265543,0.217324196725942,0.571431535797721,-0.346208385078497,0.239580735812793,-0.233685412002256,-0.904192086893997,-0.0744039962832541,-0.739672136432875,-0.394748083388659,-0.17645983720028,0.357058398024421,-0.177981704749061,-0.532014538162217,0.231726437828036,-0.095835224168561,-0.920559917934357,-0.306233865433502,0.124412104202111,0.0740042905692437,-0.397300795858091,0.257599796653069
"FOS",0.59960647828486,0.774262056887284,1.06276144628439,0.570202962995386,-0.571003887276556,1.09160112893798,0.20147475180403,0.835756012075977,0.972297882341957,-1.60799157265998,1.16354151325739,-0.484296395002211,0.11728316282591,0.319592304223471,0.621714072951615,0.388244660313432,1.12766050948441,0.940203020487872,0.334091908119556,1.03309128571991,1.00298173286323,0.947120658256598,0.505573491607108,1.00153010325127,1.46158799442081
"FOSB",0.319474166466237,-0.311814016339918,-0.470974182443241,-0.591445440285259,-0.655506690020465,-1.15470424589385,-0.177854345092613,-0.077696462752603,0.690991297297785,-1.03092893132734,0.299429044717789,-0.472485182117305,-0.523837040630452,-0.266480238619068,-0.422745160860059,-0.168402114685305,0.735212391417486,0.669183098961079,0.0892160422227921,0.525363464016442,-0.0472533616210819,-0.11558554935935,-0.0589235161395402,0.367335021841969,0.638519162446527
"FOSL1",1.64677234916465,0.17619317494937,0.24954689254497,0.265504674065281,-0.745263694632858,-0.0458643278230435,-0.252325280924617,0.140044617110049,0.584021735770133,-0.64634527871783,0.644373542045912,-0.840079544031197,-0.204712516386526,-0.19074742584827,-0.520020476493996,-0.060171911198571,1.25067013796498,1.0014729258768,0.102941314175146,0.990923129514086,0.422492561117027,0.350584242688105,-0.374898310456522,0.605921238902037,0.759623098858457
"FOSL2",-0.768650755368923,-1.71314601326383,-1.49124438411328,-1.47992705516698,-1.64063033634103,-1.36399980376662,-1.74671409434608,-0.778076659989512,-0.895760027649859,-2.38919918959727,-1.40629367121242,-1.66880046519092,-1.6775738702457,-1.90907426418512,-1.6159486268971,-2.13466981404861,-0.799776597584139,-0.997540191722892,-0.654496122277205,-0.933145629162349,-1.49742583136863,-1.48417865095066,-1.68163161229899,-0.822759352189289,-1.20681348790826
"FOXA1",-2.79694361970125,-3.35308031823059,-2.77119860266868,-2.43329517145785,-3.08277076851877,-1.79954947950987,-3.06526926822734,-2.78777141960913,-3.01317096571885,-2.60099698926959,-3.11809014016942,-2.69396732343352,-1.75091229016976,-2.68006359089409,-2.93955537923794,-2.88019113264439,-2.9889902723761,-2.58941765774041,-2.94839516689607,-3.13907657303277,-2.88840611064948,-3.52639643575376,-2.36216177598112,-2.90562434180073,-2.99561433539811
"FOXA2",-4.35518717925548,-4.54541370805648,-4.38537683768936,-3.95526120418149,-4.16648800510014,-2.4367343497608,-4.50034808978748,-3.98917758517432,-4.68911614596504,-4.17455226788957,-5.32395771821279,-4.29625178946881,-3.70923127992318,-4.41579076767602,-3.97585695491208,-4.03608532563959,-4.2255292191434,-4.87490466457287,-4.58519886487337,-5.01288551238442,-4.24016309513467,-4.86080133345531,-3.89434477483375,-4.30252991139457,-4.66038979774025
"FOXA3",-1.58967358620697,-0.904234017871466,-0.390924982707556,-0.769422575804614,-0.416374575334808,-0.0976968067969367,-0.661376606671936,-0.609003286817063,-0.728660461130946,-0.120047016517125,-1.35624530699868,-0.302554335332067,-0.294330410122958,-0.113770400364519,-0.384620619195262,-0.609932741447372,-1.19899030934774,-1.57443182047381,-0.246579157147619,-0.639453568918691,-0.100373376497106,0.195121029364854,-0.576430036324207,-1.113346151154,-0.488774022519791
"FOXC1",0.3490177009333,0.113402994428255,-0.302970235793183,-0.0538533935778655,-0.814757362404391,-0.114559266436279,0.256347179636188,0.112448006468639,0.0393152696380207,-0.896445381570667,0.988511653026632,-0.86708712757706,-0.251794819852847,-0.300071446922107,-0.039433682691174,0.192292438240054,0.0199891946973873,-0.36706130160301,-0.645261145141406,-0.199102617383125,0.44763079585809,0.159749542442118,0.696299899276872,-0.268240345441209,0.464614934544067
"FOXC2",0.56118885379836,0.689021759389856,0.135622937310052,-0.114890080862099,-0.145686579378756,-0.102265535995549,0.499387140022295,0.50697319207891,0.706984498566146,0.120356291262624,-0.203177765407263,-0.349602488484151,0.537446493674945,-0.0440705952800235,0.251472385413898,0.355001135738124,0.9134165203873,0.241953927772731,-0.373970850339773,0.128241252186227,0.738011449571743,0.513457790450449,0.813880856316784,0.0968315736405592,0.62452603479302
"FOXD1",0.270484677970406,0.54005665803158,1.2218346789829,0.862399434856433,0.513221724178509,0.855745673815899,0.88204518688845,0.615528970002107,1.0431305415873,0.70330456489847,0.290158193128004,0.594093557744033,0.940226806902156,0.259102451295438,0.842092345406332,0.688569825524724,1.04849209502616,0.868921317722785,0.479684768197746,0.795459408069366,0.341018150439206,0.783971471133015,0.570737126705231,0.543295496188841,1.54612998099958
"FOXD3",0.775542297876168,-0.336895195735802,0.0869320227338151,0.70275645787219,-0.291997076275765,0.533747202541155,0.671824280379175,-0.265430521071405,0.226710984290239,0.283564125590017,0.0331673030402702,-0.027115307455342,0.425514860189405,-0.221700403383905,-0.0830077290346769,0.153854468721549,0.677267542705006,0.289817688527253,-0.00589421514037548,0.0131343415712822,0.114741538181962,0.323348976086123,0.618576792303393,0.258916936984821,0.140593016848106
"FOXE1",-0.388782538463562,-0.730670016110637,-1.10168418030644,-1.26164696729753,-1.59184558472248,-1.26184633794761,-1.53566101621847,-1.21411217730701,-1.24555887406178,-1.07379394282733,-0.785516914001246,-1.37493447601906,-1.63426187877756,-1.20569409806848,-0.620335563178368,-1.05842389686745,-1.23196631659715,-0.947225552360064,-1.13972348707191,-0.716700370510221,-1.25476259645963,-1.00070505856444,-1.21291305107895,-1.59746888383619,-0.975253882402387
"FOXF1",-0.615153145493995,0.140039890999332,-0.0155604520062708,-0.457276224818486,-0.559813447354456,0.291021913207272,-0.055068782331994,0.405677514922376,0.265679278385209,-0.0447843055461882,-0.948938469618024,-0.0522396308590262,-0.0273617753839099,-0.0678700308928519,0.000603345550285289,-0.495832612444821,-0.466987392216407,0.196692074061231,-0.345123175210639,-0.674245613232691,0.357611158723045,0.245415508292848,0.203768699710804,-0.616709634055393,-0.405515421244995
"FOXF2",-0.552088374658714,0.333393018106539,-0.868770744778014,0.43917883780247,1.1731102003843,0.318687954667871,0.883505304476256,0.290637845946066,0.436377873286587,0.180457710714494,-0.312389812923394,0.712419032072427,0.235395395547564,0.875533058731295,0.742492736662878,0.642224013319866,0.377129995052564,-0.283157604068727,0.834332210393397,0.167921445610204,0.356852694751657,0.836580310456399,1.02529445746147,0.298410344584822,0.564386061295247
"FOXG1",-1.62191195879074,-2.29025105579912,-1.95189285110743,-1.50365552907922,-0.820115267384843,-2.12076148671701,-1.89274169561432,-2.33819639346122,-1.72038133560312,-0.63787566680784,-1.32401362858995,-1.33177705777559,-1.99493643119933,-1.01364061716361,-1.56813846560636,-1.35741042642854,-2.04662250292387,-1.4326774807806,-1.57214925143916,-1.29734123762912,-2.57103980390408,-0.765406691000746,-2.04534526426563,-1.17638538841989,-1.30706937555723
"FOXH1",-0.101579084121674,-1.01147144612393,-1.01491742022823,-0.449038257017674,-0.752789403759851,-0.213698321843793,-0.669139557717833,-1.20162335184788,-0.459434078734694,-0.897458736405444,-0.790394012871538,-1.06643369556444,-0.862032276989288,-1.08182697538343,-0.576052793471523,-0.818615596029237,-0.494084941145071,-0.995170387758429,-1.29849983298346,-0.937993489172131,-0.754372786009335,-0.705236232576108,-0.712577643723498,-0.789408032628268,-0.747818271328209
"FOXI1",0.540598528360665,0.424414917221639,0.658258925904829,0.10934322812553,0.739414193407938,1.18571448552571,0.853777963470507,0.545058463228517,0.557361699654183,0.929258888087834,-0.307219323711512,0.639033446268225,0.721640466391297,-0.159551132462155,0.438690587219352,0.295459606295227,0.732920201994401,0.520061873061628,0.175536272681115,0.851854343326335,0.225498083301363,0.560138822712804,1.147191611968,0.799067325396399,0.216120113594004
"FOXJ1",-1.93267689013837,-1.99926679620626,-0.943216504986213,-0.985636278311633,-1.67912634482446,-0.903542079799431,-1.91968974539478,-1.7806157852102,-1.82023298718627,-0.32112536230206,-1.83992344471583,-1.58333978834225,-1.45965344538631,-2.02399600682594,-1.93617492375847,-1.47054045802534,-1.80709370508435,-0.883757098983843,-1.81413909430964,-1.52774784759662,-1.9766607264686,-1.38033779498384,-1.63880832263513,-2.01824000249783,-2.68958356061248
"FOXL2",-0.579341491060063,0.0463488649374268,-0.540882002190582,-0.0863494863116872,-1.06852520755229,-0.13190043896597,0.00828123939618631,0.0945913193005504,0.00124453496574413,-0.358274452051386,0.0324611171146363,-0.0905361532775617,-0.166038994865967,-0.389931879412949,-0.321489809707334,-0.279344882505895,0.229377137550606,-0.844118998786829,-0.463029645966507,-0.463059069326965,0.255134697340432,-0.626612598605052,-0.14678234552536,-0.665528568092889,0.0865695789877346
"FOXM1",0.482930787239737,-0.0596532522614764,1.14514910127265,-0.00227265707106042,-0.365872075550124,2.14240287661194,-0.174900484728576,-0.291774096533386,-0.119290540677484,0.182056141783182,0.349214917217334,-0.727262277661926,0.127582157353997,-0.175995516581345,-0.231963086201445,0.0234184587325626,0.0811358783895491,-0.136623608898419,-0.0208669218928303,0.187299923818837,-0.482902445759526,0.154817257476897,-0.15311771737943,0.315793616419847,-0.0838643605926798
"FOXN1",1.01021544962049,0.920605194251458,1.05242109806673,0.602205706920965,0.530938973622944,0.480637366761264,1.03820008614639,0.810332365845909,0.963378772373191,0.775762543859837,0.638575005297098,0.646303036962096,0.777929076806122,0.882923884993562,0.328910248855487,0.912074129957829,1.38914184801209,1.0741997344141,1.10008875130247,1.07056142733321,1.06158255594481,1.36269393161321,0.750734492266564,0.793028674473949,0.861291210774275
"FOXN4",-1.3215684106818,-1.30298195510451,-1.60868351030471,-1.23681669034692,-1.11093599658687,-0.914171962974936,-1.37748333061523,-1.11327551878242,-1.29270201187012,-1.40741441256185,-1.44858408899464,-1.36305501645772,-1.25085267839367,-1.46864761769392,-1.17754751896655,-0.963813339240312,-1.28921050835133,-1.46805334225656,-1.41834043801298,-1.58031620442124,-0.97506731518916,-1.33610355685259,-1.21927803278833,-1.2540599687194,-1.03769881499245
"FOXO1",0.480713441034251,-0.107525342695348,-0.037977365868853,0.00589796351345419,-0.95044597975848,0.525008384643543,-0.164345929531413,0.357645808945313,-0.0732826588739195,-0.513812229422223,0.84854463400383,-0.687174479938602,0.248825134439092,0.0254634839887624,0.0267871483677341,-0.245363299574581,-0.0106858758234259,0.23261314279511,-0.721481904261757,0.0671935969510205,1.02134052896591,0.430139445202966,0.117922811292618,-0.157667439692906,-0.126063659028554
"FOXO3",2.74574545454708,3.09255553762977,2.22649253863735,2.25682634064144,1.93633964103805,2.27057212620392,2.68813003704995,3.79165637080596,2.98225423781217,1.78475130894667,3.0863301472885,2.9432755223334,2.8083116697806,2.83611521948158,2.8633762129026,3.01825672746982,2.43630275498738,2.52190117458073,2.26040308409069,2.08062996791206,3.93856323860735,2.68781430639254,3.28463329040062,2.24746243815717,2.24941127309709
"FOXO4",0.652575732003223,1.2630905358776,1.00408432159651,0.973464246638897,0.198379785229679,1.17548567081335,0.973140760619966,1.23743875502566,1.23387441623816,0.41059894810327,1.23121408487772,0.555032876266663,0.648623228677402,0.849605382376338,0.915668160475595,1.16215726002054,1.22396215767464,0.86876204561938,0.684559074106895,0.780011736017913,0.980592096239319,0.939654115810384,0.697570243036428,0.506207460338067,0.767168750762468
"FOXO6",-0.0395418221731565,0.91823055480515,0.228652911708592,0.198591947477119,0.523179148898945,0.0798515004550506,0.84963015563074,1.05390358985189,0.597163412620139,0.419570518319259,-0.223739433793409,0.62168545599829,0.234348671039533,0.458719645603574,0.651132850722596,0.65300178268831,0.5000726099406,0.419311981312927,0.438315536271719,0.351822291757751,0.754852453879664,0.756425802126992,0.409030531170791,0.677856084500914,0.816956606396383
"FOXP1",-2.65965705884165,-2.63067276071656,-2.93327694061645,-2.85834233022555,-2.5128637896835,-2.71971938131553,-3.10298325914078,-2.76207924442019,-2.41965072785796,-4.01866874802144,-2.2666656313745,-2.63388797587993,-2.70348182612749,-2.64736542098157,-2.84484884447143,-2.3945506977237,-2.88752204777624,-2.63963231649002,-2.53635204651028,-2.66640221443841,-2.44458851691817,-2.55338495640241,-2.96832702937922,-2.60553613241062,-3.09090539960209
"FOXP2",0.374228823367599,-0.297914931269838,-0.687507511702564,-1.04721845200286,-0.84798461492194,-0.457886379828311,-0.397030580005215,-0.604747214306606,-0.472778547778698,-1.34706768137595,0.0928912470992665,-0.610875580939239,-1.20003843922394,-1.00734114079981,-0.345279377985502,-0.17844699622336,-0.160750182449441,-0.678675558701587,-0.87223247470615,-0.546608745418586,-0.849656081799111,-0.768372282365332,-0.343929649910736,-0.139306823657413,-1.41179662955964
"FOXP3",-1.97896150830381,-1.26654265592093,-1.00892066638371,-1.47138230682038,-1.05540671361095,-1.029224430474,-0.813133918547308,-1.04100822601984,-1.05846376336676,-1.64848762867259,-1.77386763529283,-0.369952996039982,-1.11427222957975,-1.29416813867176,-0.800670007826071,-1.34960587738654,-1.72946667133235,-1.63605521524492,-1.53062805683106,-1.31990612625325,-1.15784788643838,-1.41594089306214,-0.80729089577186,-1.19953211854918,-0.939517014374062
"FOXQ1",0.450166202083538,-0.464111611240248,-0.752081262115626,-0.532916855465437,0.135618715520793,-0.12462778338298,-0.0512003684848368,-0.0257358588480429,-0.0556301739790496,-0.92308760304383,-0.334271016900546,-0.410829840465919,-0.0500736031345795,-0.266675505091267,-0.128259873595951,-0.0954829572716805,-0.135221547447612,-0.362972928359005,0.0334180509014333,-0.0404931989310094,0.0690575027242783,-0.219862923054988,-0.460600320298188,-0.14827443589416,0.32719711990451
"GABPA",0.339278352064985,0.455330808658078,0.871919360161869,0.0254895681911149,-0.0534193744170884,1.13050841018609,0.589949108297527,0.603913721094724,0.434520158236001,0.0456544331459819,0.846495296462674,0.334081058537316,0.498407219310889,0.662223522508941,1.11804699636435,0.750236688974326,0.212662198017899,-0.038171289918777,0.67790389306284,0.103762598197199,0.153189100812576,0.563265790896851,0.53092478855268,0.141010060598141,0.465862293264659
"GATA1",-1.79630332207954,-1.66543216714966,-1.87831072809953,-1.44600562234767,-2.24394932339234,-1.58888875189014,-1.92001071163891,-1.53596897409778,-1.66971439137023,-2.02822510074245,-1.69114003545592,-1.80876016818518,-1.69414873022507,-1.73511057041806,-2.0194348285038,-1.66011919512606,-1.90344053745571,-2.3509137973054,-1.70359390173884,-1.72841729154042,-1.41190958644466,-0.727212589671718,-1.85828008474152,-1.81802981339597,-0.976690878695197
"GATA2",-3.5286812702303,-3.0300748293473,-3.2420411379017,-3.55237151393782,-3.44207025547671,-3.33034965403919,-3.27928581018894,-2.7302166770025,-2.71334401991382,-3.26742099990937,-2.77202693972279,-3.00678095247707,-2.92248825249289,-2.9548327382993,-3.54858585184511,-3.89277974373089,-3.05852760497142,-3.53357307090609,-3.37156736832677,-3.29379758494735,-2.9434311991905,-2.8654495705595,-3.019085854339,-3.55165485115985,-3.07437148450712
"GATA3",-0.989565288559483,-0.196528340462816,-0.788968093403428,-0.566656679541074,-0.249914164110916,0.105865554754205,-0.0723276342546083,0.275862115472836,0.0259750555572651,-0.45537163294847,-0.230231696176899,0.0904172848570216,-0.385691327796742,0.28155456729115,0.446404933402787,0.256855218464835,-0.316711602778145,-0.831759930926757,-0.0975892304492812,-0.903224603396633,0.370958712221071,-0.102127505795497,-0.449463633837756,-0.837896362849947,-0.358387457152792
"GATA4",-3.39784842446615,-3.13803526058055,-3.03065117771576,-3.44472951695264,-4.30831724778216,-2.61119156003124,-3.57654967847082,-3.16204559847802,-2.8922736048389,-3.988304491376,-3.07745644869151,-4.11808666691802,-2.9417613624031,-3.64299220631076,-3.5803012183505,-3.47807939197378,-2.81613808097721,-3.81475454957332,-4.07964395977252,-4.11405586954614,-2.38982391488954,-3.45402904733363,-2.86378376416853,-3.73767340921459,-3.65757859508835
"GATA5",-3.10854075450332,-3.02130748601396,-2.60332476323687,-3.59244869556263,-3.02486143537946,-1.79105763564609,-3.05397687493572,-3.03845446677951,-3.40687619982117,-2.22264205591829,-3.33860480678518,-2.8617030103758,-1.51947581406492,-2.87396123175367,-3.12402474477431,-2.73735867540483,-2.59125269231629,-2.32895611367166,-2.40116720819582,-2.51421975634031,-2.38310930260371,-3.24603847527082,-3.10122007413037,-3.34588189922574,-3.2094943452679
"GATA6",-1.8950965192044,-0.469087531880702,-1.53778052588215,-2.15264258673789,-1.69955007052979,-1.48974368197211,-1.01526559812494,-0.870917567292372,-0.778002496017839,-1.30579207743448,-2.07948371157192,-1.95059815432327,-0.647368152152928,-1.65209026585598,-0.935575863817941,-1.60245720936114,-0.172506787011645,-1.77512144865797,-2.16034592554891,-1.88613381547548,-0.262010229239728,-1.3783964713268,-0.394245096753155,-1.61468887519884,-1.6309182771456
"GBX2",-1.55983858589103,-0.697320064203074,-1.052579893454,-1.29632283419915,-0.815428172538428,-2.02562797145674,-1.19896444848264,-0.964818604939802,-0.893135011593522,-0.533625203962105,-1.3862088265753,-1.31792835211663,-1.00288609638678,-0.892691844316376,-1.12805746475636,-1.37182164484346,-1.07258332162758,-1.4366132099332,-1.4283565175466,-1.19049524442135,-0.465589579659713,-1.0268939851241,-1.1015676752147,-0.985806976321183,-0.579909089081059
"GCM1",0.0369024007171635,0.308743777789838,0.28340908078818,-0.067853607425816,-0.281756786193493,-0.599843230408523,-0.0644970097148018,0.20482321257987,0.039658312799848,-0.0310809012284601,0.0717233313479794,0.1301811269461,0.00114363299266196,0.388784876033073,-0.218557706112205,-0.354582004417731,0.647651357698549,0.0413634888033695,-0.112747721148614,0.480448369788509,0.359178332215858,-0.136149726222021,0.0950829959673673,-0.193256756282543,0.0913583355199378
"GFI1",-1.154418983224,-1.52155909191262,-0.948879646651503,-1.23442856459368,-1.31074615185045,-1.83548374492698,-1.71853064616186,-0.873233793943147,-1.4672813539618,-1.61899487229686,-1.52647988817708,-1.16796663282356,-1.31554165264341,-1.2563401302839,-1.52366026490129,-1.84526131055206,-2.02179265843984,-2.03007580645147,-0.874218885719139,-1.51966634731513,-1.18833637811326,-1.44817368481592,-1.46901300674993,-1.51486647156107,-1.42023584052308
"GFI1B",-0.419101805770838,-0.320437934437285,-0.781153748945828,-0.877208860656227,-0.886484464630236,-0.312711091809386,-0.936376532931642,-0.740656742917174,-0.687898236693497,-0.781036071010062,-0.880922324410076,-1.16976650755378,-0.800461402119748,-0.755613718825313,-0.513405996027734,-0.679018670189753,-1.04624441340192,-1.04285069802803,-1.17806735405943,-1.09812592247757,-0.50525373856944,-0.518459450696394,-0.651137405672829,-0.835117467002522,-1.07567259381566
"GLI1",-0.556598891647324,-1.42918859835353,-0.736024833290464,-1.73123232413601,-1.71340603671666,-1.25869580873891,-1.25485751949904,-1.34808749134339,-0.849240902159213,-1.07577629633736,-1.59599067308035,-1.3716106017687,-0.788130084530027,-1.52021784580013,-1.28429699970997,-1.36650637634866,-0.32393180841407,-1.25614659732041,-1.31929293664552,-1.35453979117621,-0.8056395701568,-1.44565878636603,-0.672426994448597,-0.863496082613868,-1.00411299272816
"GLI2",-0.653980372230391,-1.71162844050917,-1.20158029955118,-1.82648597919779,-1.88889479631034,-1.86901947637844,-1.95166670963141,-1.93368865357781,-1.98313813126483,-1.3566558099541,-1.09787684829797,-2.32650415522992,-1.91611479111173,-1.86664471439911,-1.71453944020077,-1.52894042819623,-2.2341899883832,-1.87544641086832,-2.40763851781031,-1.77893277224442,-2.22049992201101,-1.83735858747479,-1.72651430315863,-1.72241419664543,-2.09437236280851
"GLI3",1.64510341052556,1.88454819084824,1.84069517342689,2.02423906485546,1.54557221791417,1.26862102123569,1.69757391891391,1.7400568391496,2.1172273823121,1.29739215309452,2.27638885992452,0.605032703823259,1.79427310999781,1.53101119824082,1.50209990793116,1.99568695991015,2.2920751549423,1.56663766920142,1.35811797517875,1.68829359231703,2.45910489605495,2.04380086822654,1.52380695050588,1.74316084861086,1.29026531047622
"GLIS3",-1.8702558545429,-1.59700638215565,-1.61182812321275,-1.83684962400604,-2.07236894440478,-1.61525439633242,-1.33624258792504,-2.5289261726103,-2.39833281955075,-1.77418893055998,-1.26558002734913,-1.94784816063072,-1.84231378049199,-2.36082152059655,-2.07007382209563,-1.71708738200103,-1.17083079516254,-1.92592165536745,-1.21742839603626,-1.2845692166725,-1.6596255767682,-2.06973866722292,-1.89072848969589,-1.73290107657074,-1.69696491131482
"GRHL2",-1.30998922735739,1.17553029849808,0.620649440811222,1.38661903544389,2.00152461434859,1.06467363843052,1.96959676746367,0.361396343229519,1.03228428369308,2.41946671005431,-0.179974635518644,2.44989196209891,1.00878085025846,1.92606060004217,1.33481081101856,1.84853792827917,1.4412398365075,1.06002022573121,1.48864066948067,1.48854367272323,0.138003357234228,1.51181551635034,1.08546410545936,1.58813356313509,1.54076140005133
"GRHL3",-0.364534308020195,-0.0404793889240668,-0.12922113862479,-0.233995532383707,0.294750976670087,-0.300372961685693,-0.0469433423437716,0.210364511233875,-0.141885883273514,0.277569504787429,-0.325178506408735,0.158567893937218,0.196315382156702,0.420038795617367,0.170838146324854,0.31081353436595,0.146158275806533,0.488354299316943,0.41856224941607,0.365645603154793,0.22609594787704,0.253036030846244,0.0502371916982085,0.247870355964864,0.176128007149892
"GSC",-0.293229936221923,-0.532165046717668,-0.917456256689022,-0.405947553634279,-0.560380314274869,-0.139325531843484,-0.588479206365707,-0.77056601312786,-0.836717200979335,-0.148316922625549,-0.267408004744704,-0.86382118328059,0.0186654733621794,-0.362791986006689,-0.241303080261759,-0.149310746530549,-0.753457331750105,-0.705128042510709,-0.797892947787758,-0.726342211029827,-0.416429977789845,-0.0393841046090991,-0.32785787626549,-0.753355724772827,-0.15559397716605
"GTF2I",2.4570104234171,1.9412351864606,2.05653803086311,2.35005166151472,1.81434803800834,2.15671812935718,2.13288789992477,2.37200029880018,2.33703108706857,1.21918763014843,2.13202073211432,1.63238188256671,2.26166170209518,1.82891238365147,2.09648433362613,2.21966792292559,2.07681109107416,1.88832728445203,1.80808471366836,1.77203010282195,2.50204480677698,2.60692676633031,2.20133003937222,2.5124245539478,2.21735738315796
"GTF2IRD1",-0.272329492529954,0.0877168185199851,-0.167881196592643,-0.219912104012556,-0.109417299438827,0.59387856782611,0.0468079194498724,0.055990063647984,0.100887770262564,-0.183872229601613,-0.188833149009322,0.211912385398588,0.00776563354001208,-0.158382722779316,-0.0392255948571132,-0.186449727009377,-0.142346602922424,-0.26741262106704,0.269761734510203,-0.4940411089438,0.221130692408046,-0.274493262728459,-0.068249777744672,-0.0343157033574746,-0.0130982371258669
"GTF3A",1.52760034356837,1.43998851090834,1.73279637795155,1.39774795468024,1.17081114097414,1.64181795937121,1.33923052989566,1.53269538543478,1.60262328632301,1.71440444769173,1.71524344873223,1.24089274489055,1.29834200612161,1.24131184289918,1.26683244452635,1.39978951581986,1.92249283700211,1.60967537294559,1.42467404115737,1.64735933827795,1.26081453613306,1.49747648804794,1.42776787115398,1.54565506691225,1.56511541826379
"HAND1",-4.23893726680311,-4.07252564526862,-4.04388247256957,-4.33919155841305,-4.13125250237498,-4.44930913184963,-3.92542086855019,-4.22009068631746,-4.06509534222063,-4.48196512510409,-4.35401532536467,-4.51958307814226,-4.12036590211611,-4.11606616995162,-4.02753546160758,-4.31954119325128,-3.7357309938072,-4.79441566748281,-3.67472136448105,-4.23221798904586,-3.81723819539824,-3.95957210901374,-4.28271257236973,-4.18969860236453,-3.67723591715115
"HAND2",-1.76299029777911,-1.18023102516008,-2.59743336386016,-2.55047548512858,-2.6714854129388,-2.43561301460818,-1.56512480834602,-1.44042495574038,-1.61587688927965,-2.58990263581565,-2.00660057461972,-2.61307944665076,-2.26097460719004,-1.90988708447308,-1.98596908830774,-1.77094749821996,-1.36451090999498,-2.46830386202758,-1.95832097597763,-2.53886724863193,-1.02121857847453,-1.56452982031998,-1.87343988875095,-2.27159787931334,-1.92681283442364
"HBP1",-0.58335605978475,-0.438792255048578,-0.871638315733194,-0.866174100519786,-0.379589849463991,-0.505020600653537,-0.27741276652536,-0.143121924271499,-0.568889219746027,-0.384155039467975,-0.389728839026556,0.16359413645218,-0.528410507555407,-0.0877223872089982,-0.0602105458303315,-0.57941829912939,-0.204252039986828,-0.553759414462299,-0.347658493341084,-0.123632127323474,-0.245993213495492,-0.221798364065928,-0.00998311988996465,-0.45100930433595,-0.401536023206427
"HCFC1",-0.152759655694816,-0.129545082524179,-0.186909599501458,0.40297482103464,0.587944454319026,0.0433843625639308,-0.375737305701555,-0.897938995409745,-0.240970455010829,0.0945093815972932,0.0857102952168684,-0.170656925865758,-0.295907166038168,0.211380499081387,-0.326984386116207,0.266151261132763,-0.0709690172280185,-0.0857700508856824,-0.1848752021517,0.126669282206285,-0.927957852685495,-0.300943258696312,-0.49892824446391,0.254967597533339,0.208349055765789
"HDAC1",-1.32599927020575,-1.54614529401103,-1.35230791089152,-1.68415147642428,-1.86363924241498,-1.51903205181778,-0.958810246719657,-1.14816956266151,-1.28528554077804,-1.28332878785304,-1.2475709991968,-1.71393324962774,-1.95562035305043,-1.50335665411577,-1.18630828145812,-1.463867464318,-1.63901659475486,-2.03208634304648,-1.53498878765037,-1.31896564047754,-0.869004683318178,-1.33046463901936,-1.44664611805646,-0.98730168483936,-1.7564568337652
"HDAC3",0.258315875921283,-0.509148639402448,0.71368337148627,-0.0434487651351795,-0.613474140877097,0.375584749182819,0.222782260270487,-0.104425247866862,-0.0224374987984236,0.064085723795632,0.180637171040162,0.290334148973816,-0.00769875097584804,-0.0221087568376541,-0.310776987763912,0.299400197448025,-0.448290473280633,-0.125181840918957,-0.17516583541712,-0.260016295094666,-0.052980454037558,-0.160574003467629,-0.179058541095825,0.0862003400188246,-0.0457116686163027
"HDAC4",-0.082802236029521,0.0642965368566859,0.691434275485551,0.120814791605674,0.102729639122853,0.252723473110703,0.433067012370743,0.418874130561891,0.0307803973881021,0.384680808917454,0.0313542774341442,0.218465162262599,0.568733720564758,0.173483215311467,0.180419232419025,0.232901021006352,0.0616416427122371,-0.0242362700782065,0.221024218989324,0.116484448176337,0.114408606778016,-0.187046699158673,0.289418981208675,0.54885712500288,0.473044097617574
"HDAC5",1.54821092717918,0.962399503481235,1.63712145672667,2.31738370292727,2.2119925359857,2.49004909348999,2.10873512582495,1.11723815498587,1.65790826314329,1.77106456544236,1.89109776269479,2.17624845507357,1.93606755628546,1.93661883455561,1.6964521421797,1.96622339323475,1.74364478966322,2.46672771194785,2.01784668170162,1.81653098768367,1.0499864880043,1.835637918051,1.60716912747371,2.57409986974617,1.96513606414327
"HDAC7",0.0204206790468104,-0.236001199567018,0.714149421507688,0.636851614151173,0.320868945505114,0.772291151232521,0.3526406778889,-0.517743590337055,0.0249802236672199,0.325586002308786,0.158633905323507,0.49445396192043,0.339291483656165,0.25015749392646,0.191765855421591,0.344244715129091,0.256312501720555,0.572464749261002,0.613110632480252,0.804511122543887,-0.11646845111158,0.345076617150531,-0.17501829672454,0.272721468447207,0.510326435085813
"HDAC9",-1.21119727297417,-1.19761415072879,-1.42567051218816,-0.900275677128759,-0.753613411493751,-1.69103997480121,-0.791403146246877,-1.07853828110429,-0.491889612634324,-1.10644040065713,-0.826366089745304,-0.841904118749633,-1.21097931182641,-0.811406377281209,-1.1068783363738,-1.20482679124142,-1.10300188637136,-0.661788570733788,-1.03273353486447,-0.440747844660188,-0.981568025129699,-0.981877320425353,-1.31272960838805,-1.12819345606598,-0.965525217041495
"HDGF",2.7697971828063,1.87049989794896,1.91072064328888,1.6161822736799,1.38234486483699,1.87374022224877,1.61800294345961,1.92772639861629,1.57056794910778,1.13449921167547,3.20647324489069,1.11484770834321,1.80261513642974,1.3559653639816,1.73270883040968,2.14375258209466,1.77284491454978,1.99840124586306,1.43948703744393,1.40464096669567,2.21701504620549,1.71245695808081,1.97980922833575,1.8201975153363,1.87757504146622
"HES1",2.15192701624263,1.57364466310775,1.11271675709158,1.82423824333479,1.19761179993128,1.83124208381632,1.581648049948,2.10542085517608,2.03212104478715,0.740889023506183,2.32787486677796,1.23977122841864,2.11375063811185,1.27196757721092,1.69817318989581,1.57827609291503,1.92284309426648,1.9100958853972,1.88261733778111,2.13306766974455,2.17266584841051,1.70681292943084,1.51359634806969,2.11848248368093,2.03619639388792
"HES5",2.88004442621172,3.3392245625872,2.86403531753892,2.59794053341774,2.03318122501822,2.63843087261054,2.57560360767519,2.62792193588091,2.77959638288427,2.29994501614266,2.784872447906,2.6208919504137,3.04991225848574,3.1888046395189,3.14946646936819,2.89182209653887,3.2991116603512,2.51641089267141,2.92487780015108,3.13241436925811,2.80376719820013,2.58585252997503,3.01881897415562,2.56269712300291,2.70057772806284
"HES6",-0.999822757989462,-0.574032448786037,-0.203031315539652,-0.36690657124553,-0.562579611229231,0.101853080499767,-1.06198823223231,-0.693440838628454,-0.774874750094114,-0.831202917331469,-0.703625107996278,-0.285509223333199,-0.706216738257768,-0.646530442353292,-0.869775882998124,-0.715726788782091,-0.626449556384855,-0.551752475147538,-0.610163785137683,-0.858151356664098,-1.07679340921498,-0.801955181879217,-0.766389403587956,-0.616514076664058,-0.763674146967767
"HESX1",-1.0511161972439,-0.96673146069324,-1.45529743571253,-1.47328096898292,-1.28336608335776,-1.3604901272382,-1.53671680892741,-0.918675989791377,-1.04153451940235,-1.25332034245446,-0.481670890610605,-1.33501286019649,-1.30715970593073,-0.916189043366035,-1.57242992985875,-0.757030474146566,-1.15273622117853,-1.44270674717678,-1.20281900225772,-0.929180149691411,-1.10844300547438,-0.386975905055172,-1.29356823486839,-1.22340468864409,-1.54472311121002
"HEY1",0.670200966306969,1.05962356236254,1.11830739687846,1.24155008056318,1.78538664457933,0.567892588548035,1.01360305343873,1.07748878555544,1.06795055431837,1.0817544378634,0.979947053580928,1.49643543940966,0.92954209161488,1.78607688323635,1.0047843321195,1.08563858377191,0.885158392494958,1.14936513942595,2.23968693392927,1.52886973219812,1.08596865292007,1.24688014505402,0.409673963444646,1.25329124795086,1.36713108545062
"HEY2",-1.13093067827694,-1.47050621210681,-0.852579270341094,-0.979971269186726,-0.881780334098379,-0.958997465386818,-1.21494222016319,-1.11579352026611,-1.06024054553354,-0.545006332528119,-1.15260324860595,-0.578153613657759,-0.722052667753173,-1.02372202342066,-1.24422390570547,-0.968208475642934,-0.969205196896176,-0.772109128295064,-0.949807121275105,-0.862752269206805,-1.35885885671565,-0.903413116453242,-1.30256003840095,-0.635655329967087,-0.970118789624475
"HEYL",-0.596650821103534,-0.746738913080373,0.052854033302303,-0.152455662153679,-0.277193078640386,-0.101777010602806,-0.32551940808207,-0.868406776575662,-0.654294782598419,-0.34208727411029,-0.0855036487459426,-0.586247463121638,-0.865609543440992,-0.442169177832747,-0.696372112663395,-0.612402646843494,-0.54645487155191,-0.496212443992428,-0.62734655404671,-0.202394224932976,-0.550293269119608,0.0105371039899655,-0.696821306310199,-0.314352153820128,-0.887179385489918
"HHEX",0.480649128301864,0.943529745376778,0.735289418062823,0.770286173000301,-0.0965024136849315,0.317162378409649,0.517547003228372,0.307430747143385,0.816922251779584,0.624876940736967,0.620481291932644,0.246172298892998,1.05885952322543,0.319341987496017,0.2670677257517,0.462769176598347,0.823263591668044,0.576501171930997,-0.391940570159521,0.626835589577181,0.744720327738711,0.631834374523389,1.33044138882208,0.548610021330037,0.683468758435165
"HIC1",-0.182934854793223,-0.160894818408419,0.255686431602768,-0.964070763500587,-0.184728568084264,-0.395349742184886,-0.511840098564319,0.0965278340393777,-0.076175772425513,0.517053030336073,-0.156205317474394,0.111384995110936,0.129035088971863,-0.0524985176883498,-0.117374985798599,-0.211342548945754,-0.4540770893232,-0.119714783199105,0.21102816342675,-0.0679158478391792,0.360875839100178,-0.10650858561143,-0.210502369222081,-0.441632727532597,-1.02698442175302
"HIF1A",3.87551060750063,2.84015041560505,3.42031379271172,2.79924305051407,1.31161670401937,3.9273337572084,2.43945830363982,2.79401499061363,1.98565004089064,2.07972513165513,3.14697058732193,1.24397013861464,2.36187661010185,2.0100475885763,1.74425013726178,2.45766194725784,4.29448228902377,3.40389032623496,1.72898572045353,3.78021791239086,2.39358469479714,3.49684877455373,3.43738420208379,3.1669056136644,3.83994723496945
"HIF3A",-1.57406251633983,-1.6700620894205,-1.11326398311136,-1.73155178471729,-0.975071623940625,-1.76825748227564,-1.64490267643593,-1.12807147287009,-1.61235190466479,-1.09117897273554,-1.97161667728199,-1.47189347451872,-1.53454173659681,-1.29584317237172,-1.90873008299979,-1.93548060354722,-1.66083082646403,-1.50942415331793,-1.02636073771956,-1.53013754173732,-1.69056682487564,-1.68883722321475,-2.0380523367891,-1.45820039479243,-1.64772781633357
"HINFP",2.47810110632196,2.04712765140144,2.38563066572288,1.71549185247688,1.92569303637717,2.3405991706792,1.83894953660893,2.06219790107913,2.03083738428355,2.08702807408625,2.37421181561154,2.1018763157873,1.88942496022011,2.18937439073087,2.10189771128152,2.02872942628911,1.93120046455148,2.10240383468165,2.14184766110917,2.01653079611173,1.99268076677829,2.41596523897102,1.9406227211387,1.95775870380716,2.01487924698052
"HIPK2",-2.22724069499527,-2.20985801152583,-1.99571277369613,-1.42026239625552,-1.60526934010301,-2.37053625758993,-2.09699149540088,-2.13270211160953,-2.1298310628373,-1.61136656616158,-2.14919899205279,-1.74388187584022,-2.0958543646326,-2.04760918789847,-2.36543903417771,-2.18209848199494,-1.49209110218068,-1.8721321561327,-1.74229952649805,-1.56559367596207,-2.63235310606448,-2.09825345968946,-2.20967874307772,-2.10330396302293,-1.83123776683094
"HIVEP1",-0.425122267496415,-0.392973938073695,0.994218971872914,0.0756227670934048,-0.271104236959518,-0.180502761388985,0.739056991668948,0.379221163554433,0.243133003063204,0.996464955434609,0.0406374566311839,0.397018321261965,0.262503830270266,-0.125684961505524,-0.0325724010537645,0.351611479409278,0.275199232557009,-0.57933903596751,0.21840092104245,-0.0139596181028798,0.249357332594373,0.685342129529302,0.644526391544943,0.0799058814017349,0.572525836073981
"HIVEP2",-1.18353822559247,-1.13944978178774,-1.83182112525221,-2.29770639766706,-1.05500032165434,-1.56606368905707,-0.867185537927035,-1.50739975644765,-1.06267424300492,-1.26162127454521,-1.62238756754455,-0.64336428843429,-1.4585830761303,-1.13681084267349,-1.09216413742275,-0.841783132070387,-1.34632887533022,-2.07073932753307,-1.35320370526006,-1.15613957221004,-1.45083901470107,-1.38265031707699,-1.14147342062167,-1.05749338356403,-1.31515310639066
"HIVEP3",-0.265551365535902,-0.660108442721088,-0.998686444432521,-0.925784915249394,-0.109947286224142,-0.216377998451839,-0.849711934555525,-0.642102111630712,-0.250834499869532,-0.793583243693155,-0.448274210735894,-0.284963129057693,-0.598456620237725,-0.248610717711744,-0.0525602125694722,-0.0181078029428896,-0.457454599338317,-0.781430816140122,0.179583509964772,-0.505559172673562,-0.251665817559129,-0.309597145557611,-0.732206065078084,-0.713667809838003,-0.574514171107104
"HLF",-1.26997144434196,-1.30099944720302,-1.47594613952431,-1.19320970741079,-0.843916594835622,-1.24690061629583,-1.11004450950287,-1.17625695867038,-1.16660224490886,-1.1293856364286,-1.25066260597925,-1.09553758227574,-1.55300764857919,-1.04940025696376,-1.01213618255671,-0.992851877335301,-1.47216867392858,-1.89141922614941,-1.25448651565451,-1.51260433724137,-1.03335369182692,-0.762999146612209,-1.04447588939439,-1.58089005148117,-1.07064319445572
"HLX",-1.14739144902404,-0.727963624117974,-1.20087238174127,-1.44743200539624,-1.13963434063993,-0.729005838713436,-0.888459958304763,-1.03113969321164,-0.606177441715046,-0.376955046718507,-0.760609317503451,-0.847071360323787,-0.963442588448885,-0.265005965526043,-0.685120309994535,-0.66158213600891,-0.559921667758631,-0.965388067756037,-0.47025332259438,-0.627282445134044,-0.429999446054989,-0.612241494287757,-0.737259781744992,-0.712754236845346,-0.517883447900458
"HMGA1",0.75145058043514,0.552362224263551,0.356575108558041,-0.657179569029385,-0.405950821644192,0.96848460470462,0.3862178953923,0.487198551463694,0.780755975112984,-0.698719416474114,0.693129648790519,-0.295173350817717,0.13440887823756,0.470823421069318,-0.143477743298155,0.236369983968023,0.151407871550066,0.233035982449401,0.714716932363181,0.0477532611538604,0.85546877478019,0.467061048501361,0.0295634626901446,0.318607741974363,0.59215010549605
"HMGA2",1.10127621717301,0.392687678503609,0.142555347019916,-0.0874378444070895,0.55288108397643,-0.586516402913719,0.482530665397094,0.607344059983201,0.812492260267932,0.489733922859574,-0.212361836395531,-0.181650519678418,-0.101176026114446,-0.251169379967008,0.254349831468874,-0.406446958531424,0.722469187774753,0.340139201888819,0.0394515770765939,0.402649865451544,0.547858980356178,0.374200755058395,0.406731682614475,1.06789056318341,0.524311679809336
"HMGB2",-0.230547587811576,-0.225974442565055,-0.402879109578079,-0.14239255959782,0.622163891363181,-0.23947528233339,0.110933324669103,0.0539827538959697,-0.0944027536619531,-0.0856155789610575,-0.000713187837515774,-0.0441608411951736,0.0475514261517859,-0.00804387548262056,-0.217033155681697,0.0924277349627688,-0.285107328410242,0.0163835347184636,0.503539214076588,-0.209450530005635,-0.0240066753672917,0.0129752109316912,-0.373085283120761,-0.148929935352667,0.101622958547594
"HNF1A",-8.58528923445389,-6.0489955736679,-5.03938493317923,-7.23861537985107,-7.26073089670711,-1.23133774185818,-5.83001648465501,-7.16351265583629,-6.69311838707554,-6.95315682355312,-7.86102805941959,-5.51829335575014,-5.0559380857814,-6.50367184559935,-6.09091175413591,-6.86827226090626,-6.6799972610064,-7.42593239250202,-6.64908803284982,-6.74435094787839,-7.17894501953492,-6.93141069738422,-6.58041452723516,-7.28055390796987,-5.85712262746911
"HNF1B",-4.87929752240809,-4.14000732161411,-2.96309988239189,-4.79825237293868,-4.61353004964744,-0.551636379161637,-4.06163070796072,-5.0239300313007,-4.38608598617203,-4.85404298374652,-5.09026649543986,-4.45835033280959,-3.99483425706151,-4.81928187451594,-3.97603105877204,-4.22808920626908,-4.65264483273944,-4.33371734667062,-4.91682979000067,-4.75587796989842,-5.13980505769477,-3.49197548136081,-3.85601460470081,-4.63539896676114,-4.10359772437101
"HNF4A",-4.09004994265359,-2.92581252018344,-2.02186213417677,-3.35433906165139,-3.32567694926438,-1.55837062822099,-3.38537552351684,-3.73763550788147,-2.8074539743094,-3.54840655941011,-4.10263073214585,-2.93027420387245,-2.76192294265302,-3.59901409257143,-3.75649967496638,-3.60967945840166,-3.47415989838046,-4.22946575541475,-3.3351419176861,-3.29244869752858,-3.5253692226003,-3.31649225795168,-3.08985590298661,-3.5455202965037,-3.08610827158533
"HNF4G",-3.09856257681741,-2.77288030689472,-2.37500404289205,-3.11493692787145,-3.41257552390314,-2.06332728374892,-3.38569452390006,-3.22925319899385,-2.85937183539963,-2.84404569578524,-3.21109045389192,-2.8673560037861,-2.99141371278799,-3.26822038943136,-3.23847847942414,-3.23362694474922,-3.34546335096093,-3.58024408441632,-3.69653889350515,-3.52430616544894,-3.21154644893463,-3.49426716157272,-2.90989917420032,-3.07833591065318,-3.63774824517618
"HOPX",0.703986111412786,-0.676745549152557,0.372246920588432,0.344998089792685,0.0648356739172659,-0.0966023665227697,-0.437931470034985,-0.391993599520279,-0.592266818345355,0.643044666648489,0.298653962639601,0.550196798478689,-0.0380187851133133,-0.189730277126063,-0.28666445423134,-0.272594520262632,1.1639776251625,0.676531439536186,0.329222435157934,0.942121119439051,-0.805811020899161,-0.350096781169535,-0.36875998984177,0.736693513781398,0.369323376472524
"HOXA1",0.545153907864858,0.539824935752852,1.25706737978001,0.516538390522007,0.474151842973909,0.205734638772952,0.155917813456522,0.612566370451456,0.740460770622422,-0.137614497907304,0.954801789543747,-0.044420553912275,0.403545515305852,-0.174610264378314,0.0472200864273737,0.0626141787537881,0.317313266904169,0.380008297048923,-0.135839341227133,-0.292794746515326,0.512995973122238,0.4281465662193,0.459775096913159,0.300289842015382,0.445120195464025
"HOXA10",-0.319023797985706,0.556412461314504,-0.588760434070601,-0.417150392447508,0.228405320218232,-0.187695797268373,-0.116623240931825,-0.136704051400924,0.150498542817882,-0.290305526779473,-0.549739426241026,0.345088564133987,-0.0340068411361633,0.0252368554316525,0.268098668491937,0.57783866720239,0.149293654049297,-0.249814865710521,-0.399998934095425,-0.333310757263856,-0.106463250100604,0.136497686722738,0.40615706013367,-0.374854497321673,0.250921212185038
"HOXA11",1.0232370137859,0.323011511855823,0.618505823688161,0.389683007638651,-0.100474733414583,-0.0163394427734801,0.20433980665254,0.0372195429783467,0.258777163497336,0.300009124619639,0.114388015093674,-0.33890064800819,-0.173238434101367,0.120816137373565,0.0694985889369083,-0.050039088257688,0.169149019508751,0.206417923258488,0.101599917901206,0.603807064164257,0.231225677062448,0.0798292436882303,0.175724803734346,-0.0105759867264808,0.162237209839186
"HOXA13",-1.44083368708255,0.252565903884225,-0.457296460561765,-0.312733375081229,-0.690311600970122,-0.0322200317525239,-0.366710609911682,-0.38472499361361,-0.081256239139576,-0.225874823437791,-0.663881251407176,-0.166425371069244,-0.284378400128374,0.0315437162609438,-0.269057739354445,-0.356888927378209,-0.322982457012183,-0.939681755233489,-0.660090853460961,-0.614521676508863,0.156183151027959,-0.236892344783017,-0.0909312461284752,-0.636093931075253,0.205183323332013
"HOXA2",0.956438652009321,1.06267330610106,1.04041952918893,2.0107208412342,2.10927020149466,2.56078488942824,1.59969999214513,1.23049078054427,1.1012568950821,1.20921088954274,1.8551920997502,1.46761565320973,1.50130414790438,1.5110973784753,1.86529940707321,2.03965477771555,1.73648757167181,1.46340417418655,1.46907974107056,1.74222016625002,1.12973229772372,1.75268698048634,1.18116553857928,2.10935793036098,1.00504273134782
"HOXA4",0.873242817891494,0.356528695964489,0.0104666071353815,0.208969385626744,0.211935067832912,-0.0280910415524658,0.183161603076727,-0.0291815368245665,0.814703747258576,0.602447957392349,0.231273707008336,0.73597447393635,0.789532676016758,0.286715732375965,0.451213193527773,0.766320371615206,1.12869776151491,0.390997475613702,0.797135332754316,0.535635531424798,0.677868597419088,0.787264992090288,0.509321345343497,0.607798001526929,1.17458347990141
"HOXA5",1.75310206482545,0.867457292254496,0.59418188192787,-0.127945577636371,-0.368426344091499,-0.056146911635078,0.663522754057361,0.34619422041969,0.931404606665267,0.593744606906532,0.412401982869564,0.375130767549422,0.650725203313205,-0.0961892750456857,0.868139914677757,0.665186418658151,1.27392622890372,0.939804815801575,0.270806001277651,0.468247386562662,0.750517503996058,0.970973321803176,0.843257398480986,0.580752648336254,0.537796936511587
"HOXA7",3.04649709099228,3.765796507641,3.48874318933233,2.97123522289474,3.90467969365179,2.96682374099374,3.60961745515402,3.65108998844108,4.0808583608411,3.58923403010576,2.35016630914574,3.15475410768414,3.36660343466648,3.39952860801318,3.53771765758899,3.67614449274544,4.61740454934339,3.44307927228185,3.94716127428555,3.65598798312454,3.59500389210126,3.64211311031017,3.59708051085172,3.72105095305705,3.54474070343665
"HOXA9",0.566901635692958,0.528226759513421,0.203627026363601,-0.197734807986702,0.30066170378633,-0.225941819405086,0.393614442999105,0.829569849920773,1.05168851199145,0.198110869294512,0.316815872629082,0.438513427626403,0.415677143499986,0.810161593763159,0.961245499972459,0.604574542876701,0.32915926886357,-0.0682869117260515,0.41311556150577,-0.327322264513318,1.19489599162563,0.627279352961493,0.720747230087494,0.52902603964908,0.702607299382634
"HOXB1",-1.7675475698213,-2.36752273437494,-2.1967815049899,-2.20859437181511,-2.37091660454722,-2.03683969844492,-1.40283196917338,-2.28316984716306,-2.1332024612865,-2.44018297127961,-2.0880385243704,-1.51753520022878,-1.89129148514301,-2.37600374007885,-1.94491892896867,-1.65547660856901,-1.84589092443409,-2.2942225414946,-2.35148504025235,-2.33287144783382,-2.282701854684,-2.11269078568298,-1.94761088108621,-1.95638578056035,-1.74984191777582
"HOXB13",-1.74355458630659,-1.44433572575165,-1.08439024011537,-1.8373210374529,-1.36082305003575,-1.48642749377159,-1.84182531660062,-2.06001676876404,-1.95458046761467,-1.19402328828842,-1.26977785977147,-1.3181656606495,-2.27286649399462,-1.63081027393892,-1.45411467086988,-1.57723948104391,-1.74220081728079,-1.24441985059113,-1.79743038474355,-1.41428919014311,-1.70457720752336,-1.41591928871947,-1.3784169380467,-1.86954970570629,-1.89667157680155
"HOXB2",-0.163273569050838,-1.14126557933434,-0.497095696786266,-1.67932808505994,-1.43754650575819,-0.691829328019734,-0.165872172240134,-1.29362573159986,-0.555789087654979,-1.69071673384304,-0.38194311783718,-1.19479992992293,-1.12362758538448,-0.101931284300501,-0.513560756470823,-1.07647445781902,-0.828084529576758,-0.0216309216535918,-0.771522372861368,-0.439226974788726,-0.376633780473124,-0.910856096119791,-1.29227104737511,-0.644403832962685,-1.02355510191511
"HOXB3",-0.419016459802449,-2.30385962208659,-2.0730488383964,-1.02268060027376,-1.60066232782426,-0.913555579133672,-1.86185995947375,-2.4591471871558,-1.46338217213789,-1.69295147922599,-1.40561035398234,-1.79085432127342,-2.07376901665571,-2.12215361989907,-1.63543686853758,-1.96172521843709,-1.67043482987935,-1.39143300016635,-1.89560363456525,-1.83978578242871,-1.96608070019526,-1.76898365789133,-2.18227072555173,-1.28494886975173,-1.43225549159224
"HOXB4",-0.200075909832634,-0.765187119116076,-1.22493362383541,-1.39009493041287,-1.00123770780986,-0.693855827136149,-1.13413421746257,-1.32301390817308,-1.12309781560755,-0.643234045622893,-0.922410328385,-1.27711998791657,-1.1266291631315,-0.90847778222976,-1.21362634844971,-0.57273010263678,-1.14542814211216,-1.55465515947062,-1.15253966169736,-1.19442799480914,-1.20720960702772,-0.724672321191526,-0.895438491761517,-1.36447809479938,-1.24630846154452
"HOXB5",0.0138537763282768,-0.27184688976773,-0.353622074102094,-0.584662233111884,-0.768872871813504,-0.243607075806382,-0.470440091732134,-0.233311592995277,-0.0808562088000123,-0.63626671088228,-0.131053629208674,-0.667512117833564,-0.299038016886381,-0.594220257029062,-0.0548631346397598,-0.142449400097311,-0.319000215126951,0.161041210500002,-0.708602900724786,-0.143263770300385,-0.24597222892926,-0.33735440785349,-0.071378561120084,-0.302455591957474,-0.18447807420878
"HOXB6",-0.113463927324713,1.373481614759,0.430198268517145,0.911140602403987,1.24842528238967,0.733860685559015,1.40194440813719,0.353811401744717,1.3343305163074,0.646281688844401,0.774494995459243,1.43144319517493,0.892994555754638,0.737169800359756,1.24343104300926,0.88980405493124,0.905885706877742,0.569425715655869,0.857404966044127,0.656145138774353,0.168316986560738,-0.0746481822958315,1.13265619214117,1.04821624651128,0.699703323254903
"HOXB7",-1.03203203219371,-2.00248263198707,-0.3984454313622,-1.28446507531552,-1.27056908475244,-1.52799765072988,-1.57444190840589,-1.16154555665358,-1.3067413851553,-1.34032327076088,-1.6731364242685,-1.88121326334745,-1.32962258054426,-1.68781328426855,-2.29574395398125,-2.06347598895671,-0.909475656288682,-1.35007620270669,-1.59250144713947,-1.08128577926639,-1.0439805210281,-1.7940541479759,-1.57208643388829,-1.18354003556431,-1.14045602529729
"HOXB9",1.07460068857655,1.10044945370452,0.991611427058946,0.230715133345398,0.207374189355145,0.445264228085615,1.10212833805146,0.709380553682096,1.2047617108474,0.613147918673294,-0.305268036280972,0.852030895987784,0.762442828726522,0.538215233556859,0.71706918753145,0.798951596709479,1.0356833299196,0.604965401875852,1.01177712834923,0.750598595981923,1.04434320514067,0.888130735923993,0.806193575784823,0.84983149390135,1.02130098668991
"HOXC13",-0.297731803360019,0.514530714406106,0.25532023018901,0.677534315813728,0.331290108174393,-0.53002287218469,0.4925784931822,-0.109294605677548,-0.248284036186878,0.385727400709114,0.418873946755767,-0.244537972881547,0.269198423064826,0.426289224634713,-0.00158817116987643,0.14588391730265,0.611784083721087,0.146908120437023,0.411757835002689,0.339587968109567,-0.154527607150498,-0.317262106871285,0.200000519688123,-0.688216866628302,0.172383633552125
"HOXC6",-0.276755921018981,0.118855459187802,-0.193488419664288,-0.46547610571422,-0.895612819317435,0.315401835730767,-0.44638070593254,0.274547776264864,0.398685647330284,-1.16633979085578,-0.356529237890342,-0.737823700892651,0.170644492404326,-0.14729577285947,-0.0848756900699183,-0.725174974344895,-0.593225317196061,-0.357112869939252,0.136991259353942,-0.961323772348451,0.796653936892127,-0.466893802579295,-0.347842295310832,-0.440300819625018,-0.831835090948711
"HOXC8",1.65317502663551,0.932722816652694,1.50520894761503,1.06572608760069,0.6393778237355,1.17670526031581,1.22653785355883,0.44159715609148,1.18136382779913,0.554779107756407,1.72255835271155,0.544610306493314,1.07469447512559,0.359730961724349,0.785615443786015,0.820290184851544,1.42622408853957,1.63959581924464,0.376856802133381,1.14520750328697,0.73388471952837,0.863941827071389,1.03957149167383,0.983542534260202,1.21229415567801
"HOXD1",1.77470643595583,1.40781023863434,1.407665495555,1.00855003545042,1.29015956328754,1.48028926557003,1.31329291122325,1.23656027876306,1.79461633535285,1.77972807310019,1.52014146277522,1.71632807553216,1.48496253003158,1.63141637759086,1.78701012062241,1.89181704432172,1.4540306608953,1.58563116715112,1.57437326195427,1.36101470464796,1.75824386522064,1.42785049945923,1.28614465507827,1.31707731781243,1.27047882247548
"HOXD10",0.214761673226112,0.137067173978569,0.126524666461392,-0.0684509253769037,0.81602447048253,-0.0794056107968668,0.863510427619101,0.14039834461056,0.272523147765225,0.108940252812387,0.39177490999997,0.277925053707052,0.477739949894993,0.10534428056422,0.307481708002787,0.571109281380945,0.501695827670012,0.0494453932719346,0.367468875006435,0.351013590524553,0.615225635598568,0.63564780000403,0.786979877856564,0.572956669512325,0.234352545140492
"HOXD13",0.0293146942145863,0.979793474576339,-0.630286130262013,-0.779173444638151,-0.961598559474481,-1.00016861673231,-0.428754085358843,0.11685745019708,-0.224826320562977,-0.71965794542694,-0.49290021457663,-0.48477926082295,-0.0430793745992853,-0.251306892908354,-0.448325117202248,-0.305372474193209,-0.571102562171738,-0.78062640425688,-1.2049207931231,-0.9276105582159,0.194942470611613,-0.286894082220559,-0.235083734969243,-0.871725996776042,-0.516151483598885
"HOXD3",2.28301971192376,2.79280571271194,1.73287199776781,1.7710456312272,0.732128102929677,1.67393837453871,1.77404416654266,1.94954603205836,2.84794795709109,1.27746575982212,3.04391964348421,1.64268221962957,1.80611734305292,2.06752227674486,1.76283420593157,1.77212962676981,2.52608669077674,2.22415229785526,1.42691867532357,2.47861703391784,2.57856570537467,2.41443823317846,2.12293265744879,2.33863860375503,1.9152628741331
"HOXD4",0.227617953321859,-0.808164013555986,-0.538578191683052,-0.895108238517179,-0.454418599920439,-1.26782180069435,-0.218231776320398,-0.55970119589145,-0.306478991199454,-0.20825016005921,-0.435056487379952,-0.833565065792313,-0.407024629213609,-0.960774600232948,-0.616987152482621,-0.667485147624745,-0.310543313657391,-0.497240055240322,-0.548135153944051,-0.415599108500778,-0.358680462823399,-0.151475780699499,-0.525670828412808,-0.538212042126394,-0.803248209900982
"HOXD8",-0.571615662648036,-0.216432406713362,-0.543544986207063,-0.175895247150189,0.180308271637302,0.202606842742197,-0.44997907281459,-0.310502626127098,-0.330181390543541,0.418378018360524,0.376548744078401,0.0683329116099169,0.159401557549206,0.169863865436028,0.264704769363158,0.499106780483225,-0.34886492652185,0.124686207919538,-0.567645967395262,0.0262513296024795,-0.409902160829221,0.10867660355761,-0.24889751986342,-0.437275157961239,0.171667863161311
"HR",-0.393822472617126,-0.342745696986437,1.05525286852054,-0.0148139377140549,-0.429211319305457,0.891422043454959,-0.129996001619023,0.0415767012968645,0.203322459193166,-0.89442695702473,0.543997176515637,-0.700446756132246,-0.138686886826345,-0.541140904774962,0.388803834815269,-0.305415674660897,0.642866643875845,0.824497511246938,-0.073210515941335,-0.0675583943627253,-0.0308047068970499,0.607588206981477,-0.207394215966155,0.602185984240546,1.07970865187177
"HSF1",1.74604977750039,1.22458214404194,1.37147542338941,1.66492727526622,0.702195033828488,1.52060072486382,0.725208196201375,1.30302322931684,1.15123045477995,0.5232247311307,1.59816355920366,0.695051140379271,1.03711465515391,1.09633317806861,1.07300417241568,1.64248804979796,1.49213454277775,1.34598509672251,0.615924246003041,1.56081976939615,1.27934021216252,1.76075950376759,1.31083014361854,1.11622396047237,2.00755040240457
"HSF2",2.4583944834846,2.01910109866526,2.39857722085846,2.50503231466963,1.60390042911824,1.61521419261983,1.49286446450897,1.99527223177117,1.8516320036843,1.31021081783551,1.84778212431014,1.24337641188998,2.16047348151121,1.44377855897732,1.499916478941,1.76904666215269,2.09917512347808,2.19767508848514,1.60012464097886,2.36532551250312,1.89786655481674,2.05217346253243,1.94156405603833,1.85833211392698,1.95155343942791
"HSF4",0.283896011541151,0.283027081731779,0.435900235445862,0.435124174128238,0.286815197864777,-0.140853155750629,0.28142990037708,0.237432415096407,0.291174158092121,0.851746313839462,0.238949755621591,0.357667708831429,0.0640607506309822,0.479982993087998,0.523223890612661,0.298302572048318,0.394200520756158,0.429608377693846,0.88736466995949,0.920352183267669,0.224013468354723,0.695568280280712,0.4646517795534,0.48431498164952,0.427591792472188
"HTATIP2",0.333067100016664,0.463098058262021,0.335914971202285,0.52296141958349,-0.0875075159520956,0.296477968990057,-0.206786203945349,0.34094091833542,0.293151209797609,-0.170940599622335,-0.380085675384906,0.325734621672902,-0.321282775607595,0.538255577880366,0.801975682710396,0.287878074404941,-0.20871288185699,0.892492407857332,-0.0439460145972517,0.361283873600234,0.114779261452345,0.814255541266838,0.10989675316777,0.0934366844357988,0.745971519071159
"ID1",1.34137242959781,0.203103713619749,0.595522890033426,0.0375573926026274,-0.0371151127254326,0.182641842141641,0.396824249564935,0.229323452699651,0.511592865320681,-0.441651035405422,0.874163392663452,-0.192920307274022,-0.015327268076771,-0.105652850446275,0.112128333132932,0.365266209223619,0.360236392991951,0.521030440823212,0.00494131950995874,-0.36558334922986,0.412271643251031,-0.240215841920839,0.279800147995349,0.247494442580214,0.555575868431694
"ID2",0.105540010460808,0.438256389349966,0.666810397445933,0.66042504003994,0.348020119577037,0.248579998415389,0.663685887975766,0.98052857348716,0.470158544099667,0.378341094954435,1.17899703494934,-0.0302613790091413,0.911952901022534,0.622504169505319,0.693412859267608,0.32174125729224,0.608310667211907,0.399680584955149,-0.031942116139996,-0.21251702594637,0.979984626841636,0.303368193916208,1.33287335210559,0.383190818873634,0.561764439617549
"ID3",-0.257989632445345,0.245844961335847,-0.0802254520596578,-0.292748134565836,-0.0845087732283926,0.102277409168497,0.565557507597596,0.160437573154213,0.252870672133835,-0.201148103698356,0.243057096587262,0.0727093070847567,0.531504402128302,0.278920202968475,0.218875331423613,0.357176580852274,0.479258391871701,0.807135060190763,-0.0712395334765038,-0.018035434358523,0.721336396552311,0.191571555737167,0.523377131099175,-0.156871031258576,0.80607819326856
"ID4",-0.469033739297884,-0.361312018368604,-0.245579075373356,0.0121090576086272,-0.308908530435198,-0.584204276920492,-0.0592425427061601,0.0139786310187234,-0.592582862542143,-0.150950865758411,-0.345493257857881,-0.217645676122755,0.121178299628271,-0.346071465439083,-0.439254797777007,-0.388139403929069,0.0112228216163174,-0.213811578611466,-1.13277914726418,-0.0959262428287573,-0.0486315820023661,-0.298830431589329,0.0891229662733302,0.518664934014773,-0.734194789388394
"IKZF1",-2.02983622243778,-0.715779039191567,-0.576984372471333,-2.41257250053289,-1.4085027032918,-1.02826271207094,-0.597606511544361,-1.11646319349878,-0.453564066477913,-1.83193894666962,-1.28089919656196,-0.866275937072848,-1.23791978288324,-0.752437349050611,-0.558369200229121,-0.730661892567846,-1.43742907461241,-1.65310720923761,-1.10804137466709,-1.34207928049127,-0.882232654423068,-1.03377114847111,-1.43797799012583,-1.78382151634961,-0.968095813019532
"IKZF2",-0.785640367981317,0.043452844909976,-0.376882533772221,-0.0269293855936654,-0.0187165983402517,0.118578277201341,-0.161001152347047,0.271596424726154,0.437953556842919,-0.826678537588891,0.173208130083216,-0.0479891400858177,0.259922506384195,0.2854344728286,0.579948735617763,0.300040234204556,-0.274616688359953,-0.375486373256101,0.37909068177024,-0.70921129748326,0.558034135114652,0.199741545507248,-0.0402721468458716,-0.134466066840998,0.193568740283673
"IKZF3",-0.707806280061343,-0.137362469347347,-0.63978782630453,-1.34157940264035,-0.569391222833359,-0.830234849663857,-0.616650023850184,-0.576270097960932,-0.283654557178574,-0.75048866442178,-0.139413560105895,-0.299884928610692,-0.232222484151815,0.0010253680747833,0.14667728031871,-0.168310077350454,-0.293141421760987,-0.862116819578723,-0.242090203556901,-0.348287011682696,0.0403112733045931,-0.132859090308826,-0.749143180450968,-0.953201830117486,-0.897577382802685
"IKZF4",-0.399745107087034,-0.374850747575429,-0.551156865619233,-0.499500628378586,-0.543454735188794,-0.640331471965527,-0.402509096477098,-0.14336231650852,-0.513467226659679,-0.54889889789623,0.392120799399674,-0.719781140252426,-0.806474898423035,-0.0487443167844498,-0.726685703587914,-0.502349195410991,0.0239072061523716,-0.75543852773751,-0.544334667973629,0.196216475550089,-0.00622994080346854,-0.0662845176996626,-0.592185870738208,-0.33502093498156,-0.735358121553498
"ING4",-0.135640179696132,0.502047116099864,0.934399601582424,0.521036181393756,0.84458292249223,0.863840758545886,0.372678590107918,0.91586135740254,0.293529481365846,0.436059898585832,0.347000285911766,1.49189750356478,0.445803346005652,0.858208436446271,0.903558577014483,0.712205334050463,0.284206507548304,0.694291303345449,0.810677062058939,0.259650379770117,0.638358682483195,0.952383040339378,0.580527212175363,0.717813873090821,0.402568553068835
"INSM1",-0.0150285661771536,-0.621168990297923,-0.143105790196764,-0.320601550554693,-0.33269743319706,-0.229266725582139,-0.4116547846341,-0.286226510808344,-0.0940583684784354,-0.0756035708655705,-0.109309850745233,-0.555975472530089,-0.251841122008118,-0.0028541492823647,-0.669331174387998,0.0388862603780863,-0.262345201674404,-0.203833278238748,-0.166295299494629,0.0643645726800291,-0.592462669445805,0.388225691218066,-0.505619597961598,-0.36671097669622,0.551995253687862
"IRF1",-2.16834719565554,-1.57948186986381,-0.753417930643109,-1.82056118920058,-1.04943390907387,1.07330484466749,-0.0957889336043025,-0.216801722966185,-0.285269446633403,-2.6352233627876,0.917788098915924,-0.222086640789388,-1.53030285118621,0.29967540024058,-0.0608516013204301,-0.103011722151412,-1.87711200023165,0.0581280868532371,0.395107910365578,-1.70259548488483,0.326307420896678,0.128256890074147,-1.58366991134963,-0.941286374310076,-1.17509460850414
"IRF2",0.355558695979103,0.597013265038932,1.2869736240723,0.234263334342022,1.18193576324467,1.79259288714039,1.75527280425272,1.11767951723471,1.67881589629403,-0.150633850667083,2.17344681924899,1.46844644450322,0.622197440862058,1.89539849719758,1.21487074774164,1.40617869699256,0.625717332831705,1.56660296300219,1.81029609096707,0.324945714065631,1.29488866962446,1.87521923208229,0.0739728021998148,0.673875710080752,0.883236069354023
"IRF2BPL",1.49165654936216,1.2980956516558,2.03315984480562,1.65204550906529,1.43758527527602,2.07621108163854,1.68675593062589,1.69202874632891,1.24764433762541,1.78370644697078,1.77959452248495,1.19894236105906,1.98091116275772,1.42968251089343,1.96237454350154,1.62954530678896,1.63751663924448,1.6669023849029,1.66959610680287,1.37983619843918,1.2955766036433,1.12626102455933,1.49685947752841,1.74968148255956,1.10127139634708
"IRF3",-1.80335764862357,-1.59132032282002,-0.78801944740487,-1.32069031327834,-0.727278164094178,-0.222740265258783,-0.439284701613696,-0.555632875878195,-0.54774130929374,-1.74714112690022,-0.435176603030444,-0.265364971706641,-1.19427328991327,-0.685157051930548,-0.666164956465927,-0.680309649523692,-1.47517880577394,-0.496653341065041,-0.210880510620693,-1.30079347906523,-0.636169388901396,-0.588030554649506,-1.81038013325192,-0.843876636165841,-1.07330760014424
"IRF4",-2.53979720171814,-1.42595709405668,-1.38801578623988,-2.14315620730662,-1.4534621695798,0.248021839715435,-1.00838530330742,-1.16453643233949,-1.16998578164898,-2.65563464354237,-0.452492396358949,-0.926506821090184,-1.63355653125807,-0.549840859446508,0.165466839829923,-0.361896921170259,-1.44878590475368,-1.40730864276382,-0.767513214212619,-2.36219467381899,-0.860661348079273,-0.662854121968327,-1.83692208087824,-1.26925274590838,-1.02039709803
"IRF5",-2.62472068111333,-2.57177130164936,-2.151635962914,-2.55842060034141,-2.38844095854332,-0.720951581909407,-1.99077720466994,-2.38465851651437,-2.49654091834491,-2.87782989715195,-1.63166283817834,-2.21203970016217,-2.47258707848627,-2.10179050384708,-1.84922521388381,-1.58585833615731,-2.18038050733049,-1.99225509866048,-2.00100424149831,-2.58436226419698,-2.19046761327181,-1.91377900961989,-2.72895875041677,-2.0510564187075,-1.65873060548536
"IRF6",-0.80229948115085,0.311520173215781,-0.608645957863583,-0.641622735290922,0.0496930397987988,-0.257642959352035,-0.0113838894242809,0.311184536461248,-0.0232027748764677,-0.27923754576136,-0.0168448468868603,0.429324099712852,0.104609154817894,0.42956464627298,0.254018503381775,0.470371672952573,0.0797508207129714,0.467307252461468,0.249907375971422,-0.154649681719688,0.245559437363252,-0.259312162972646,0.0890148968860984,-0.606070945203675,-0.0194220517703275
"IRF7",-5.04664541365461,-4.46277797260138,-3.57116854700859,-4.56064811702509,-4.40251813221318,-2.91717879517513,-3.78363287909604,-4.46641138302293,-4.20941033866525,-4.99723908157245,-3.27350434535327,-3.90655918042675,-4.59552311494498,-3.99609014724765,-4.01022023647973,-3.74335181500514,-4.75194511455614,-3.57932471037209,-4.08319259208649,-5.3078347818123,-3.58101610060858,-4.02948001767054,-4.7683370494725,-4.01413765491603,-3.86861072751421
"IRF8",-0.289971395178056,0.181797797967531,0.23541543595955,-0.224223436722745,-0.180450259797494,1.27715656157789,0.319698437744625,0.283915008713727,0.393593230492128,-1.09408241433254,0.954541095526638,-0.172799227049354,-0.293621628806562,0.463786130523128,0.651134016205584,0.783235005537094,0.239988547135301,0.0612172599562625,0.812647645447085,-0.560502520217229,0.321453707000577,0.851264672565943,-0.284483855029957,0.272164157713808,0.160613200699825
"IRF9",-2.4791194404186,-1.5600988641914,-0.985380594076395,-1.52379490902963,-1.22607764317231,-1.20825845218272,-0.248217895483687,-0.564719293019144,-0.759327895516238,-2.02907104045485,-0.341377340561332,-0.759360693335399,-1.59697078332432,-0.809707022359772,-1.30877164610558,-1.12832539757969,-1.57815847586239,-0.904626354914069,-0.456173678926044,-2.37342575297867,-0.721892773587868,-0.479906487836355,-2.14643524956746,-1.49531847339133,-1.43004926588227
"IRX1",0.405232710995975,0.467515167790842,0.476738388637965,0.610893976735824,0.741801560338157,1.18128676770127,0.528626070364942,0.401443985179281,0.585931557245351,0.586632696218068,0.539681636096564,1.03925785242716,0.738642659619771,0.623809428152196,0.624798999267205,0.329958452301163,0.347112595157955,0.641605090220426,0.664702056449059,1.16325195699013,0.613286243862852,0.777359686507142,0.733915407566056,0.695378077672119,0.890957885305894
"IRX4",-1.92743774792374,-1.99356602089257,-2.11768911608322,-1.63852529773528,-1.48730525452733,-2.6326361631032,-2.00048596553847,-2.0825460953414,-2.21402793747357,-1.30569412882998,-1.88763613387978,-1.85887014685296,-2.21378603285323,-1.71856223868747,-1.86503071958807,-2.04237912644112,-1.64215052711075,-1.95080402036327,-1.4905122044571,-1.37785019610041,-1.64781911545042,-1.16763556227635,-2.03716078761391,-1.30719332650166,-1.94855999931808
"ISL1",-5.18841812124101,-5.34020731674354,-5.29837273302725,-5.08424518896658,-5.35300265368163,-4.22727293660731,-5.03118325753841,-4.60792770272557,-5.0576946490223,-4.97996967423214,-5.35437495593902,-4.98257435703806,-4.99240564622613,-5.75899156585938,-5.62585715547721,-5.61738771716287,-4.88588758891384,-5.15170435181478,-4.95021070329283,-5.92884444006483,-5.09905128724104,-6.05724469576695,-5.40627267099545,-5.04285845585645,-5.13291957715895
"JARID2",1.64378707398023,1.63528653549022,1.57088068424491,1.83512519440197,1.9421095001416,1.49845129402154,1.50336265369483,1.44393167287143,1.38279011744285,1.94104054404276,1.77324666768632,1.78638931693653,1.76517424342714,1.63380367629367,2.01714326545699,1.40583024403558,1.83325850984335,2.27968595832714,1.90135288944122,1.99161655004114,1.14416994852291,1.86446553183273,1.85425235966135,1.8857604015968,1.63301897551886
"JDP2",2.5108641323472,2.59095736750324,2.58720842931363,1.71215955125664,2.13807189555191,2.63816508172032,2.23848323862573,2.2193753271642,1.99327921155746,1.92839676633377,2.60188252205246,2.0342213951637,2.14119938823608,2.51920868027332,2.76138354206782,2.56741098206168,2.32688155300727,2.6545724339946,2.45592252028542,3.04180404086133,2.41126051887553,3.00295917238079,2.78089179702897,1.99915753687222,1.85832431805631
"JUN",2.17485575180847,1.99039292236272,1.69636460461812,2.00343050897735,0.136342998382652,2.94190785789446,1.05277544030199,2.10685849277178,2.48264265531541,-1.17909652970989,2.3544612363129,0.0396468790208705,1.41925374934407,1.557456321636,1.05268678210675,1.28956854482669,2.74608309008755,2.76583829677004,1.12808645933792,2.19465771845085,2.40515375180027,2.24058023234727,1.3094008846863,2.50516055598552,2.91649126461966
"JUNB",-0.277548680549294,0.551227317389752,-0.600307480851417,-0.521837042034501,-0.693930826547031,-1.52925962895407,-0.956124312326502,-0.290053847316197,0.381258728298419,-2.26410679539289,-0.0404377210468937,-0.334665931960494,-0.847553223783877,-0.463851965084704,-0.447944711007394,-0.507746853831292,0.0740185333372991,-0.71996282825609,-0.724682128613478,0.616514518460169,0.231941947504215,-0.00864280036236773,-0.390232564397988,-0.440316326200405,0.541263827387451
"JUND",-0.543967933817736,-0.289411459350214,-1.00640002870501,0.20403124861689,-0.909777520613752,-0.499217070984026,-0.724554161575946,-0.539019821263649,0.222047495167871,-2.91134466641573,-0.295882534792041,-0.90325974356663,-0.668907895812625,-1.14712655303102,-0.582382246470472,-0.65432917056379,0.806795783489213,-0.366362509297083,-0.215170839980714,-0.0900071652974831,-0.163499763279567,-0.605271110911404,-1.20239670867398,-0.390137556315281,0.760184856695382
"KAT2B",1.1778811649395,1.30153798404719,1.10141796698258,1.26976200751248,1.23091786664313,1.2794879077834,1.61955252206002,1.22863934438209,1.26994152306883,1.28126347172606,1.45690067535232,1.34830350145473,1.94190139240028,1.18295336229275,1.47965046132116,1.45270857619615,1.25249419986939,1.4811015174973,1.18200970460222,1.25680747601394,1.34165676838218,0.983167241802621,1.2639641603472,1.1985736435766,1.28026862174767
"KAT5",1.29589140796373,0.56046826052288,1.16448041935484,0.978219913265956,1.20100949909288,0.648166965587414,0.216147102501126,0.587569609025482,0.701639504892239,1.20581558324015,0.99362570159939,0.997810223379475,1.01770112399645,0.537278654461952,0.96528324372193,0.945281063053525,0.999458325072684,0.796030032447232,1.14923119104394,0.679296202450035,0.763116320248961,0.990941040806141,0.756271717194774,1.06200543454747,1.4441400589501
"KAT6A",2.37439137146512,2.04966879259418,1.60167722773033,2.02680934802752,2.48221678303697,1.93462266213598,1.7906628087302,1.87101045369334,1.95896864482788,2.03506621346636,2.00893919998599,1.80151148971976,1.94363562481076,2.07680331728563,2.07460969482554,2.09158759569085,2.08594912421001,1.704752759953,2.25940545121389,1.81946945413091,2.24760379995583,2.32340073569279,1.89874010632884,1.79198681094782,1.86106777694248
"KAT6B",1.48510078734327,1.37591904395343,1.54446380341067,1.15714952659906,1.45333781968167,2.12573274646893,1.48189208145134,0.687208801622858,1.0343268211121,1.32889461644532,2.00307452359986,0.946212687619066,1.43515982951019,1.25278945254331,1.58437723307132,1.74941238226881,1.61682021724695,1.46404863771272,1.40776069959448,1.7594037756347,0.703016699078498,1.9900540614077,0.82283828520465,0.974984026080102,1.38713796856233
"KAT7",2.80995321205788,2.08362380054245,2.32712909653316,1.66868722543823,1.96088869704764,2.90227205894514,2.02013675624825,2.38619751662713,2.716478794361,1.46715409412911,2.6657183900256,2.12292688020438,2.09317796431675,1.88628679690448,2.43929668257072,2.4276515721398,3.01576594972094,2.29957756152388,2.34513468508685,2.60053250077321,2.68823366363746,2.91158050348942,2.34104516909868,2.65710981758438,2.75572848448883
"KCNIP3",-0.429100187412093,-0.0369701241446155,-0.235381927816936,-0.012129455610498,-0.181256471437517,-0.269551078158005,-0.632777311583654,-0.5983750063857,-0.235980692911781,-0.381826940304554,-0.0510401020176403,-0.77201056079931,-0.0677496706452708,-0.3523038348643,-0.646216026422523,-0.308233351512751,-0.151986590308292,0.041281192925857,-0.285599732933344,-0.112388779506543,-0.244524473181498,-0.0850219630717911,-0.896938354842638,-0.412914115334428,0.470933750164888
"KDM2A",1.43990295612067,0.814260480435308,0.81076844858417,1.35450613249631,1.26701040529157,0.375007958004606,1.05798665567713,1.31551333478073,1.40811258187932,1.44167671400687,1.04451147613193,0.550176236840449,1.09038372687723,0.820284291273453,1.27573809486133,0.863662939195173,1.16659971744114,1.26828494458792,1.23636708729279,0.81482532416764,1.53358944760618,1.05679983279052,1.39074317074294,1.15817409574248,0.929150594597462
"KDM5A",-0.239211565241011,-0.113245192378728,-0.541663966477046,-0.410662920751694,-0.149880593750191,-0.738155074147892,-0.281278919273882,-0.643354280156053,-0.63691180770846,-0.169008643532845,-0.230198065811139,-0.378582898987186,-0.880933459280577,-0.652483391890893,-0.412334296078478,-0.14931776873714,-0.258201639344166,-0.644186178053285,-0.625376209083303,-0.321967855547059,-0.569650479206617,-0.47724649452848,-0.481849500405318,-0.601726965276984,-0.0768926283074077
"KDM5B",-0.451672541319762,-0.393403358359107,-1.22772243584058,-0.264370319997563,-0.0893867641503484,-1.0982229685084,0.124109499449169,-0.27401375606191,-0.263675496047063,-0.682903713936071,-0.350357066230145,-0.178128213419363,0.00891131207730609,-0.593155915163333,-0.762885760742735,-0.558094821098772,0.323695844202845,0.00232239199618394,0.114500854504689,-0.236231708381601,-0.456629283334103,-0.153614103965769,0.11801207502283,0.380069861569905,-0.917553432936142
"KDM5C",1.72365272977737,1.41700578617706,1.78818156938953,1.07264262263218,1.18552409375103,0.881393020149748,1.64782983849241,1.36672788990518,1.30139124895192,1.91591030368436,1.46833384349583,1.47935854785533,1.57382629888609,1.47025228953196,1.58177795110882,1.39560844035824,1.50629030334731,1.2387772572261,1.85324396630891,1.93573272807571,1.33947701283002,1.81797649893112,1.64794768029861,1.74157583788852,1.04241025154787
"KDM5D",1.19723789340643,2.41456559772742,2.74319932244608,1.52545457964777,1.65171307049094,2.51935513751342,2.03999121158479,2.78573486352435,2.48228923905984,1.17826521961915,2.70743651570404,1.71367603412752,2.15533798381971,2.24846345447047,2.96031514570443,2.37713238940992,1.718683573081,2.09431847938966,2.06935145905977,2.20687599910804,2.3010061101145,2.28170279989857,2.44613918050161,2.26039481393736,2.38359551869782
"KLF1",-0.235639610491614,-2.21322163679756,-1.69025726441525,-1.77042655008081,-0.887840950701337,-0.935786559822597,-1.59415228734728,-1.02613346065565,-1.80512935126671,-1.48682089348908,-1.33297056707117,-1.68844971854935,-1.60142134398189,-1.17169192421457,-1.86635639118653,-1.24321076571503,-1.98964812087978,-1.62885583318838,-1.53384449602662,-1.18038267710437,-1.04598431310672,-0.0721397256823681,-1.97945720604362,-1.53863261166141,-2.05950334844737
"KLF10",0.91183704084085,1.50662115107647,0.741418629885566,0.625581770852638,0.785020661472472,1.43302554736654,1.25556210752332,1.40294353667156,1.25961883381199,0.277750107899336,0.976966759055742,0.207730559923446,1.0946890447392,0.658798002661289,0.749444159881903,1.10370483574889,1.21696613549516,1.42160048376362,0.85974654579868,1.12955891852236,1.27463992560194,1.32845426455595,1.15083348413891,0.763058717724086,0.949881786597132
"KLF11",-0.573918926915757,-1.49387242730578,-0.317184390200439,-1.82284432099602,-1.35096038493836,-1.34977626307882,-1.27443717769372,-1.00142068742409,-1.17126971396831,-0.835358119300433,-1.41094366514668,-1.60989921263429,-1.65053858460511,-1.08988570566917,-1.01061347040749,-1.1859478489361,-0.532394047857686,-1.06808458385866,-1.19413601793103,-0.449912226387902,-1.18712226430716,-0.473456021661047,-0.966438826709747,-0.955210266793336,-1.82892093402705
"KLF12",-0.904290186172955,0.236172353491935,-0.75728296293005,0.364364506546009,0.383613088492606,1.31079717631154,-0.130120835460805,-0.368491313716313,-0.421112908153996,-0.250740428905094,-0.485894145625107,-0.420205950595415,0.51429283797379,0.228078585885056,-0.101796356115219,0.673087425243404,0.0547037345934692,-0.795501241519292,-0.184956333004505,-0.817871076756936,-0.487501737602841,-0.0511432596870682,0.199694949086184,-0.108995790575637,-0.310909427244144
"KLF13",0.245958873582618,-0.0693725015477933,0.193342924685145,0.639466836395673,0.635614177180322,0.230529099356222,0.381414078763587,1.01224762846431,0.505319928233692,0.0921086833186053,0.895440932573469,-0.236947039833626,-0.142626156973361,0.340094000443028,0.730225035369969,1.20803713956879,0.176699151824894,0.342078159242163,0.656202190086655,0.309356344902908,0.598391476705812,0.118319516300176,0.833824358926341,-0.0841642758609623,0.777500980713274
"KLF15",0.516821563714391,1.46602327974946,1.20815715232262,1.40767492007988,0.266349956404695,0.658984448616918,1.02432575081383,1.2203349908164,0.827789911647955,0.502355570545547,0.23289722061618,0.809907990751493,0.760450305224042,0.775223793350363,0.513307500064657,0.744813256206069,0.958907346899322,0.646728236376738,0.00951922447180511,0.258198293591979,0.786814612416647,0.36709226782827,0.990099330715626,0.464759929535704,0.906991363261255
"KLF17",-2.38441054393876,-2.25486559924816,-2.2017256319226,-3.17744701683149,-1.9022440773754,-2.12996414974786,-2.38146091341862,-2.68327588518366,-2.66290561785897,-0.863675104575948,-2.27841718994632,-1.58183667395086,-2.58592054538535,-1.58326026033081,-1.7014081017048,-1.90899210110665,-3.17418765306054,-2.5779644353691,-1.85389513088171,-2.31974890705004,-2.52451045934747,-2.07271903938236,-2.14252835171329,-2.57900830546655,-3.00433369202611
"KLF2",-0.295728166718784,-0.716887760183915,-0.691436094367921,-0.610989720882294,-0.719808378402279,0.0284422459721365,-0.95891989842405,-0.683867728755353,-0.803428065644297,-0.534806565121506,-1.27537195282505,-0.594433960472098,-1.08550547408902,-0.514581840460466,-0.591552829626538,-0.765071923895384,-0.87836047099927,-1.18035105602115,-0.532263913148056,-0.973960826405361,-0.97837402745316,-0.403773831707146,-0.634137968680627,-1.02191792306845,-0.76005150714486
"KLF3",-1.30331199060892,-1.9634449615476,-1.43934279303242,-2.12157490937548,-2.06991149575711,-0.885660273041589,-1.80007283050382,-1.53171949240486,-1.78797902367855,-1.58011324515627,-1.42944364333073,-1.97160698376928,-2.09542225746514,-1.72890504415467,-2.04190304432589,-1.7104671887573,-1.99562718373017,-1.4478850879709,-1.91134166887403,-1.41152109222033,-1.22591145025064,-0.80643824845976,-1.56466329970655,-1.71960405944175,-1.92012444375183
"KLF4",0.95534174260797,0.867658918850421,0.337101184158782,1.31456769020841,1.50238568055082,0.802370369113381,1.25218912892628,1.33362882056815,0.985911043855312,0.505072634367931,0.893577203612191,1.04610302379192,0.679402372807151,0.687216947993329,1.12223185788171,1.05677323033349,1.31411071580197,1.66313556438019,0.925490257553116,1.48195403792278,1.29935461934905,0.687836397893019,1.01780705278952,1.38108547151405,1.7637921970355
"KLF5",2.45900471570043,2.82147578564562,2.6384975863443,2.50520663695629,2.37110458673443,2.8781691816962,2.82049688652898,3.19430571841049,2.82509309408858,1.39126965129297,3.16214553341442,1.82217119476443,2.77952976436023,2.72070249892525,2.58218817333048,2.58586718184715,3.133090581657,2.63990908662713,2.52118213926362,2.49304437414128,2.55419401663553,2.6437616523425,2.60033924969444,2.58740866441325,3.01987827507296
"KLF6",-0.285179003895913,0.918261702009191,1.02250436613032,0.567825735298585,0.979314872833529,0.432832879083951,0.856713810402381,1.01691188297374,0.658099240804015,0.112217856228879,1.10250798305053,0.628564427839049,0.621504981096803,0.718232183420566,0.385360943457915,0.677377315854372,0.511087246786033,1.22565869512004,0.576401159914817,0.627506587321215,1.305734444997,0.92004096206308,0.788976742970505,0.557035821417041,0.144535166595856
"KLF7",0.235333933654437,-0.107660443356274,-0.357187165762578,0.0944600561073248,0.155405823330228,-0.676960846257207,0.266449209116695,0.333765480527524,0.294437812920176,-0.0229835611712211,0.0698515814925761,-0.333118027287245,-0.0833254582569841,-0.0256978185626442,-0.129929024711611,-0.487097471349725,-0.114676618912978,-0.100048332624661,0.107366777132826,-0.38864782506522,0.275079891580108,-0.429264887206708,-0.00476414567498111,-0.0624299517467717,-0.555508157424818
"KLF8",0.428427292467127,0.551440247702871,0.00866007597544407,0.674048409908545,1.07942466790982,0.861882285149731,1.12255347141605,0.96061656848387,1.11342881108178,0.602895502539789,0.34311379026795,1.38043711724322,0.974209412586285,0.896941638108652,0.612047631497703,0.568287846046201,1.11028745753308,0.835727651734521,1.26393695266076,0.267480740612019,0.975892513095449,0.239878638197971,0.253503036220624,0.854384365287691,0.685383596022728
"KLF9",1.41309509547836,1.39148643033885,1.65488924813871,1.77262219081338,0.971472896864991,1.14452442019256,1.4394660163464,2.05982265197983,1.51975543648979,1.4292047210768,1.48576516485821,0.585932363502554,1.10426927118339,1.18603178533515,0.682967157187776,1.17579302252845,1.46339163759888,2.05168473409901,0.963909648504094,0.873170197321707,2.06977056449713,0.991908172161891,1.95817745528991,1.45788506045032,2.02821194613019
"KMT2A",3.07304761112237,2.67588138719138,3.15243791181104,3.33745094613515,4.13545316414175,2.889330758442,3.0887914198402,2.86572617820855,2.95324687972401,2.85695186001883,3.68772302780906,2.74235117198856,3.48529021450274,2.98376420035967,2.9317444850426,3.32061015164642,3.19811053020877,2.92056128229495,3.35731812482512,2.8261041628397,2.83286950105656,3.00179566416361,3.10772031685719,3.43936355475999,2.8174265404042
"KMT2B",1.31793199275339,0.0390559195499769,0.288202875758893,1.09501631258489,0.937073678478638,0.706241774110555,0.835252648983665,0.23517742078937,0.487570268408291,0.510127858458453,1.01661602002712,0.119303416491065,0.766065128396326,0.122679448094436,0.97488191940461,0.642331123008793,0.835327432189458,0.539025826429429,0.282835831918451,0.926209485294496,0.00895852589084859,0.0410826065103543,0.738953014376789,0.662456552140634,0.778342194397174
"LEF1",-2.35405348856363,-3.44700838596736,-3.65328239892161,-3.02538585617718,-3.94305332030431,-3.791916993606,-3.04907364599098,-3.58484726363341,-3.28043329513068,-3.67813358589839,-2.47536210173014,-3.72079590037625,-3.46423291014235,-4.03948990862768,-3.85703020585366,-3.55778935988044,-3.0729787475822,-3.4729058316424,-3.38390780897243,-3.32178905626159,-2.71148553871624,-3.74036533632245,-3.12430548587246,-3.83206507710546,-2.61020242217863
"LHX1",-0.688482955136524,-1.11112631432983,0.138897735103952,-1.69789664861237,-1.65789868567539,-0.477724425536237,-1.42761416576749,-1.35430594879583,-1.2968824814293,-2.09636319681163,-1.27547979331772,-1.8439504800736,-1.68460493136029,-2.08941263511112,-1.30996035346376,-1.479532064859,-1.29574423460467,-1.36395557157116,-1.68669307669449,-1.72265836730694,-1.52227643297136,-1.22025602217258,-0.955400733849942,-1.81657528263869,-1.79726828444123
"LHX2",-2.55305145546656,-3.42844197639463,-2.15620685637547,-3.23984779059122,-2.95216537108115,-2.99687762748898,-3.69213950715064,-3.08557132501841,-3.235566844114,-2.80074106434844,-3.16511244020196,-2.87183501778014,-3.27033808783388,-3.05104866125088,-3.52930486371208,-3.23843780189553,-3.0191750834155,-2.62808284478296,-3.47004616028235,-2.76177791632851,-3.20209482545969,-2.81160016097653,-3.45938292486731,-3.66011693687504,-3.11908003393119
"LHX3",-1.62844463139242,-2.73143615488677,-2.35231129557065,-1.9552934854141,-2.3766541767497,-2.68683672729763,-2.31716171756025,-2.59655446114972,-2.44956604576889,-2.04754715361939,-2.01806726741252,-2.33018937209426,-2.62493797780805,-2.55231234653169,-2.81345261495886,-2.42177249324177,-2.28103167417941,-1.86583810162553,-2.29749383398349,-2.17184805685105,-2.57472773711555,-2.62568035446348,-2.25271116041612,-2.46267853045545,-1.582679665507
"LHX4",-2.22803837917999,-2.89130190763119,-2.38808746149742,-2.08490166806075,-2.64705796183062,-2.46687001197812,-2.72089038552488,-2.6897581390764,-2.77351865944314,-2.50070345393474,-2.35428276463883,-1.69151550458012,-3.28577563089883,-2.78022857711976,-2.41057210045886,-3.05460860877718,-2.28707591446507,-2.56443202694549,-2.74295612314564,-2.48800400007111,-2.75902462760908,-2.57404177039839,-2.42697422810105,-2.96577944871015,-1.90454084007052
"LHX8",-1.02874018313047,-0.356652256973126,-0.957379403659702,0.118353704041273,-0.781187758946071,-0.836804747976394,-0.650563038447041,-0.602297754461902,-0.613906500166783,-0.609974225808369,-0.680255506232032,-0.801724715025751,-0.12432479607158,-0.567639073677027,-1.10272445041162,-0.447085282323325,-0.337769108277874,-0.967187360097763,-0.970981716233421,-1.01578319987866,-0.597501229022823,-0.469361325164272,-0.388032307497411,-0.630354907868327,-0.550755815130394
"LITAF",0.168740098080991,0.695466602829555,1.08230678715523,0.875438954865991,1.06707046952637,1.19519604688141,1.02313933936666,0.730987370008148,0.495413974260935,0.592070515373332,0.834415755511612,1.03644392873475,0.710108340355453,0.570589811980613,0.693767896876876,1.00859133109831,0.876830954403156,0.596376639317183,0.799027684771056,0.689213045112636,0.824385581148667,0.997700897024516,0.890297269622632,1.01281914380384,1.29285524265925
"LMO2",-0.451417754473894,-1.45375580758524,-1.05164319742101,-1.62916137849905,-1.4153673043719,-0.582748257209726,-1.64820612045441,-0.635322111256841,-1.41091936145057,-1.58803654338932,-0.559555307938962,-1.70403876229874,-1.56320210510567,-0.976563330387449,-1.39109908600763,-1.66705741379356,-1.49048426283657,-1.26735939984538,-1.25000357529141,-1.11037928599515,-0.876754747455358,-0.769719898254827,-1.33864614878399,-1.24188799184053,-1.47840144904055
"LMO4",0.243263095818472,-0.451754442603172,-0.62643360761481,-0.232796842752685,-0.3120960103843,-0.466973363079778,0.0539053933735426,0.151245007878451,-0.412796745945145,-0.159921294306482,-0.575100422067932,-0.112867348937999,0.129813270688723,-0.405979307046945,-0.605065181160283,-0.425832351200767,0.0137053459315173,-0.00067625605357059,-0.235320057874298,-0.516765010976227,0.289289495919282,-0.362522025349755,0.269718009807283,-0.134030296105571,0.25537692964676
"LMX1A",-1.57356957460258,-1.77583123499554,-2.68937764438222,-2.05725512545222,-1.82054224982919,-2.5086471267314,-2.30079009372496,-1.88505068362672,-2.22540412863011,-2.27270105285059,-2.35076229038969,-2.12255361083627,-2.21578973559178,-1.95680444679516,-1.92417136669783,-1.82969841135976,-2.20330037770274,-2.86138576220716,-2.4423091824819,-2.17764516289655,-2.0764704088928,-2.01847417015275,-2.20072147799032,-2.05577167488762,-2.22878229518156
"LMX1B",0.191075992567739,1.58834849244171,0.743632273694593,0.873106772695615,0.523786674157036,0.307523823589707,1.63447127249864,0.51141764695035,0.867864627989174,0.33342734962831,0.778624139829313,0.555814637277059,1.06560887975506,0.862044394070178,1.8175237127122,0.754868889880177,1.10553741649837,0.278363653591496,0.849231033921729,0.552055461752109,0.708435174666066,1.20316526906288,1.07100846722128,0.984722348641006,0.66107191922956
"LRRFIP1",-0.939953816803468,-1.43774962985214,-1.50723945409553,-1.48572941894146,-0.377689418512093,-0.954049391041504,-0.964970931271785,-1.37377589491231,-1.34041638608875,-0.868950118622202,-0.937980509330362,-0.790880240838123,-1.12970255106321,-0.900302903410701,-1.00247791239598,-1.02494497899988,-1.23837676082114,-1.02197465695656,-0.352735724504347,-1.38779903691925,-1.16746129548209,-1.33583460092394,-1.30426711708438,-0.910557916098876,-1.50373529224379
"LYL1",0.534733915802987,0.0206231908679362,0.0081716930215196,0.135912489736468,0.506436997257976,-0.0923805444527851,0.244481583588859,0.00450462375537583,0.129567764957597,0.458233767235361,0.089263483215543,0.163141074240537,0.3671330320648,0.102562431983749,0.520604307752041,0.210053554434769,-0.00168167346405116,0.310520319670547,0.294964600578415,0.0473411379384634,0.029425559406978,0.199634329778128,0.373020318973087,0.598438482093713,0.115291804829434
"MAF",-1.0249791013352,-1.23222444961751,-1.22902113040858,-0.930602750107967,-1.57589057677785,-0.689454204202965,-1.1879055026825,-1.29860010105978,-0.767971491851231,-2.03007722105528,-0.621932809773922,-1.35563432855235,-1.62454454823629,-1.26160851916813,-1.1386534742345,-0.800509235933198,-1.27244379896569,-1.31436818556716,-1.32504647655786,-1.92814040611442,-0.815225140427337,-0.759319112676454,-1.20751922928785,-0.927870091597154,-0.870456900415399
"MAFA",-2.27650509764407,-2.52480316046659,-1.86196768377226,-1.74812441548961,-2.38087987904974,-1.82042591256376,-2.21445903073654,-2.96775185895604,-2.42993683051301,-2.55074373897786,-2.43901794862985,-2.23084382593125,-2.45418520454584,-2.51383070181089,-2.4909777973905,-2.09808210484369,-2.40528100653396,-2.37554159368143,-2.32827071399729,-1.98616654951564,-2.28192333928368,-2.07086308254315,-2.47158566878985,-2.32296807163782,-1.86371997619251
"MAFB",-1.84935853966143,-2.51288354666275,-2.18493060724539,-3.15908335346158,-2.485302553796,-2.37698526792347,-2.35914621469399,-2.67768924191274,-1.73150219485806,-2.94573058816841,-1.75671282807496,-2.36394800295502,-2.30170700764405,-2.73478158490117,-2.36640217520566,-1.945436818356,-2.21035272302596,-2.03711509548141,-2.85439744164028,-2.27116792945337,-1.55440997969203,-2.10931066180899,-2.31890752620439,-2.28491235054631,-1.99208205687582
"MAFG",0.618729781168414,0.978295959755173,0.407769017666157,0.874651475566857,0.314625646295137,1.02348392843941,0.413687192825615,0.583745117870644,0.474020375996067,0.500671401650875,0.205396756974909,0.503693911883675,0.187670531438863,0.570139997312493,0.60836245237402,0.710893735472242,0.557412983812346,0.393972348984979,0.861268209740581,0.562645053338633,0.59276370691587,0.544840814205957,0.335110141905232,0.433275126724453,1.48281411194643
"MAFK",-1.07822942908792,-0.572936652723064,-0.491463121385532,-0.152992628878148,-0.257754105758431,-0.487179668678101,-1.11276384949654,-0.552725844211174,-0.57022849291735,-0.369148044512632,-0.0359916642041119,-0.426630965560084,-0.394955028143672,0.0805570567650025,-0.555561006970247,-0.00858824211975125,-1.0408113899362,-0.778616879469046,-0.446216310111311,-0.503852438729696,-0.295074766224518,-0.0537523774634127,-0.922223302110584,-0.617684643782866,-0.225980184329035
"MAML1",0.855186493730647,1.46739902872141,0.761161722753082,1.30350822285462,1.99192093618634,0.957705631894851,1.23967619868847,1.97056841880823,1.2674594703924,0.633777318630673,1.16546190246519,1.04907162222161,1.38016816368298,1.09753126978151,1.37858620700942,1.41082290964542,1.27552081231238,1.08562873825079,1.15646808542745,0.696876193022621,1.70175634796623,1.09759287425183,1.40873025426631,1.41875281921835,1.28518901510252
"MAX",0.342584004100126,0.819920149953997,0.918234594796984,0.297106290309269,1.06203453560402,1.4794507334624,0.406687084125536,0.645757698277006,0.593178704885371,1.16755802814194,1.0892914531527,0.90386580264379,0.731535562331353,0.978514981740301,0.917650646198056,0.74817586145587,0.439378590942038,0.0621374429456688,0.673476006635129,-0.216826387481681,0.595905201766339,0.513833437354341,0.193973192791005,0.129234512893085,0.841853527223346
"MAZ",-0.322371727455487,-1.59150840394586,-1.1781312301333,-1.4791875917013,-0.929060002217487,-0.276279150474784,-1.24243514063227,-1.15307775968072,-0.990963227161842,-1.40883795367942,-0.794873655708854,-1.33802347001881,-1.2880121603691,-1.38245961283945,-1.0282414824955,-0.950577237701414,-0.517572978114784,-0.750251594411268,-1.22177553030792,-0.672736171429119,-1.27707976412648,-1.21487790060666,-1.44175607549176,-0.874455145248286,-0.67641444601014
"MBD1",1.00268704938068,0.278690815677696,1.05435371198106,0.576043202473652,1.467441648852,0.936471866589766,0.839530664860996,0.940170586930062,0.635363654962627,1.6629124675298,0.204447662935985,0.810663178548127,0.824113238160612,0.874183129690107,0.587203024378332,1.19011632436831,1.58432984547571,1.88721646204342,0.87776887377793,1.2354961401529,0.57646399393453,0.906372988043298,0.636185405113842,1.28069421783059,1.39526879574346
"MBD2",0.629829029934812,0.803998017343586,0.683317992426715,0.483616957158548,1.15238747656947,0.718350235297874,0.356832658769147,0.549626924693887,0.499005351538705,1.3236100092213,0.566036925310958,0.735903809374296,0.196378726510377,0.819459074382893,0.901651406562458,0.767838407549355,1.23591437873518,1.54305363995462,1.17344109209752,0.93206239602101,0.0709884324711801,1.26542327215339,0.589447592787907,0.717433866911519,0.554892034046516
"MECOM",0.451969298596335,1.22436032695962,0.790300074954468,1.06320408509879,1.62302401688939,0.741736874946513,1.33050782686266,1.65814603470527,1.45867590807119,1.37563386294018,0.410239370238942,0.992854423777631,1.50733272700586,0.927961482120458,0.798571584562043,0.916476053730394,0.769189140686265,0.204668056365669,1.19420540153548,0.852092083295487,1.51795576255477,0.96748042186952,1.61337949031541,1.33395423218396,0.878812009998557
"MECP2",0.746766002097805,0.421643848053063,0.901529034774604,0.092840441628641,0.571907414721935,0.415158437881431,0.625364209911669,-0.320283694931394,0.0671576303877818,1.16927835046893,0.528715948989878,0.589654817709378,-0.0429188995213155,0.781653291538622,0.677673899318713,1.03358766096878,0.629449719853001,0.78762122120706,0.772409625473544,1.151994129982,-0.12842516623961,0.819017169632519,0.159922432859977,0.488834641395722,1.63381643146918
"MED1",-0.438238774463514,-1.01157061733705,-0.53874875818807,-0.431622171293259,0.62773912944791,-1.09697959510787,-0.703185977564986,-0.199715476241066,-0.694151697349673,-0.684633001650502,-1.41013984717128,-0.120908646353622,-0.222911366249183,-1.28843024210384,-0.401646143391799,-0.982199173910397,1.06242215239174,-0.053714143886699,0.0716075328608415,0.0365125895597604,-1.24007551983076,-1.26198201614971,-0.499168410347801,-0.0693255534733284,-0.25911518285204
"MEF2A",-1.3013038263662,-0.554642017352629,-1.63005279062258,-1.06556636090482,-2.47963639369851,-2.51404771557117,-1.76482282096875,-0.807023921941339,-1.22003412848544,-2.0618387668845,-1.185322500576,-2.52627156392794,-1.6107941926711,-2.06035767178324,-1.97403916825032,-1.97959372982419,-0.785256084072576,-1.99652232256185,-2.07356295269497,-1.67166599918427,-0.497373665058541,-1.40386926220333,-1.2375741705847,-1.75671131780755,-1.69611249922211
"MEF2B",-1.39590380246444,0.151654535461735,-0.533117432104536,-0.973020676881078,-1.19734540259192,-1.46926882886209,-0.487836477385245,0.153242842604284,-0.0116502999616595,-0.886704026461539,-0.691150334682583,-0.875271667884191,-0.638140038033868,-0.0134838323034988,-0.87417757202636,-1.19852088583607,-0.473152322908634,-0.882576708243999,-0.551757298342054,-0.655781147213795,0.239783709423458,-0.50909346792097,-0.0867496611748155,-0.924324397533731,-0.673094088649832
"MEF2C",-1.54713192183203,-1.65481034293522,-2.63589959784558,-2.27465505775088,-2.06718225797698,-2.12396649267167,-2.25301451719669,-1.62133899884137,-1.54058370052389,-1.40175915393454,-2.23188815469836,-2.2259807727654,-1.99417008857094,-2.60615910756981,-2.27603254686011,-2.43668866381522,-2.03901138387703,-2.34876069563932,-2.10599173502619,-2.57507477579539,-1.22057421425142,-2.58046885126562,-1.68357160695762,-2.52259136895423,-2.55204099866928
"MEF2D",0.649044877795658,0.940226158529291,0.379665137533151,0.745832929367179,0.103462202753698,0.307067062186668,0.541420202189719,0.697595052703922,0.478146137926376,0.236318723752283,0.723464473501307,0.0989989508948206,0.470566207869113,0.29751701717974,0.162384287194207,0.174606240116185,1.06071798868846,0.751368246559256,0.377262625611424,0.406264604887305,1.24645533713062,0.414206387822846,0.863443383012479,0.0609335851595926,0.321234865683539
"MEIS1",-0.818623311659147,-1.10051492743553,-0.726839810114383,-0.48584176732844,-0.535507976930206,-1.28750963230644,-1.03197668187956,-0.561172999895359,-0.570565111517259,-0.204067225727746,-1.26234113410195,-0.761822768210723,-0.603893923358552,-0.919814836994348,-1.2784522930639,-0.835902643125915,-1.3367072920016,-0.957783220732899,-0.784651386095628,-0.84544277103395,-0.69988027182345,-0.676875469928035,-0.859078742356746,-0.864723511644244,-0.551791832662065
"MEIS2",-0.908991086617728,-0.465553594021471,-0.129625201080955,-0.201287362969265,0.949726075922828,-0.251465025723659,0.152092252482539,-0.62839272341408,0.262491013882366,0.693417746647283,-0.353202572578618,0.339483422567577,0.025245764428637,0.882534573755685,0.150167542279831,0.420137854545175,-0.293764779233299,0.0438224514318157,-0.347359060233358,0.666893364686731,-0.853932722039502,1.17970161738418,-0.225891442606923,0.0533029203609761,0.149644188317669
"MEOX1",-0.58969050687714,0.45703454792229,-0.492756015947785,-0.462652910334565,0.263845951259589,-0.400718872692842,-0.0934576046714857,0.0559233373814943,-0.195610191384484,0.361574634642867,0.216147233651456,-0.112006388150978,-0.156728124139008,-0.0185475159381604,0.0889164326680737,-0.0895324687850215,-0.0276480226131764,0.267896775590043,-0.250382023654767,0.0440437697042472,0.050615657594765,-0.0881852519550074,-0.0297784969568051,-0.582654143179501,-0.486973364498937
"MEOX2",0.123512346866113,0.209050261866422,0.0185530732742774,0.708440854019901,0.89451303985042,0.423243687604781,0.307248682252047,-0.0495705916403216,-0.0621319914416486,0.306377640655434,0.700334661857706,0.685592541647128,0.470356950494011,0.435740349887166,0.108862944932821,0.266104064473649,0.124489549522022,0.819942140852907,0.118897239829845,0.729935573263716,-0.0107633036981115,0.355784156574103,0.490670245685606,-0.0906491340884513,0.624441158439108
"MESP2",-0.227629608466321,-0.772927373544009,-1.37175091821118,-1.66709720093287,-0.0799702660195032,-0.927470187356514,-1.26433201648012,-0.853833625297739,-0.881540074140991,-0.736228999402806,-0.3047051015695,-0.815760389459158,-1.18400977014371,-1.01228427195563,-0.703667318917845,-0.998988114631284,-0.988532783327207,-0.904590172369583,-0.905093239405895,-1.21932414676394,-1.13201960773574,-1.41622357760877,-1.50243945602988,-0.930763857362848,-1.55147550902523
"MITF",-0.147761389417725,0.204056913897193,-0.174509520637447,-0.301340338636868,-0.743936098654283,0.362680794493437,-0.284503041025995,-0.234132658503737,-0.0472060452897593,-1.38571040435643,0.749495678423338,-1.527343387296,-0.634735778445562,-0.544349474819661,-0.51986134199373,-0.301408572493311,-0.419678783877685,-0.435582879666714,-0.707845703080962,-0.770723724323187,0.301954125845293,0.14428112975061,-0.155977514039566,-0.853394969839587,-0.0914630315044644
"MIXL1",1.49707576997593,-0.319248143257642,-0.190247928002386,-0.349450243957765,-0.328194514673236,0.118876654192306,-0.262900919597841,0.0742117803739517,0.119805984435164,-0.273804616616464,-0.441881242480508,-0.204770435492954,0.181551774093144,0.020785109937484,-0.131609916833355,0.21160601754963,-0.164833089618523,-0.440619959150153,-0.260959505702872,0.293407042429915,0.414315230282455,0.936621491844919,-0.0775787724300954,-0.0221577383388549,-0.246969658940165
"MKX",0.763205628271484,-0.659306830474336,-0.321767879966347,-0.857630235377279,-0.692172002766144,-0.687110669675199,-0.853224315941047,-0.553308730166347,-0.560597490659021,-0.899362839717418,-0.125934841414324,-1.00991095047218,-0.424423252983892,-0.720757005217242,-0.708027188977529,-0.896808366750277,-0.774366095013915,-0.225807664266613,-0.728565904722883,-0.663307321602941,-0.0543079564089985,-0.519760376638796,-0.58678425253285,-0.691775553964415,-0.774366270255207
"MLX",-0.0145308046141517,0.141298577333793,0.392257859813806,0.990508865970761,-0.833387784464532,0.174677192638083,0.0203104122677796,0.0346715839471894,-0.177629341750772,0.212949837503245,0.71494335677074,-0.699452958071563,-0.0665803443366592,-0.502037433704156,-0.344572485170794,0.00863855529390851,0.266540502469807,0.437195962077591,-0.179012852285305,0.611914796582964,0.453074876742448,0.383946387911057,0.146391617172232,0.0839514018970471,0.267550263057692
"MLXIP",2.54487324917758,2.50027471623992,2.47819841120179,2.54288764319637,1.49226029718152,2.86317564686349,2.30200954770812,2.90191650875237,2.44824714720743,2.76179735105695,2.5133741076774,1.92068913094889,2.71824219027297,2.45690347109299,2.46996185060503,2.24007298433566,2.2944297154076,2.68242263935308,2.28794472397735,2.55088822356544,2.9760267023986,2.59342860636844,2.47783787892394,2.55447800026623,2.77897833237284
"MLXIPL",0.31707557431515,0.783205830756634,0.568828214514679,0.909010466323092,0.456446324071334,0.913079055418659,0.809947636496405,0.542447831539697,0.495128192474414,0.314928126512631,0.158765321155522,0.705578399282433,0.683390747831042,0.801577633731239,0.790251682799325,0.511511115956424,0.324527921834328,0.122652276641619,1.04086925634283,0.357551529569786,0.361917342850272,0.453144500877685,0.778467361513099,0.391142719642579,0.875822918479132
"MNT",0.15483904100675,0.0101903136022637,0.312170263618733,0.362716872805356,0.546949315760822,0.665036537260112,0.456670095667222,-0.0279466035799661,0.127080491640114,0.761513710498162,0.431622594242679,0.774529908814024,0.354317729080234,0.372907491458814,0.57129860951863,0.513838579133952,0.411886608504185,0.618431870207697,0.536397979410516,0.105595144346076,0.0488915546800915,0.231433978003571,0.0505597051573059,0.570018734646365,0.154186130755762
"MNX1",-1.60582748761107,-1.16915160509574,-0.625132057582497,-1.48829871999573,-0.907411280847072,-1.21850448196938,-1.16315623414872,-0.823515025247991,-0.982895523165464,-1.13714097389902,-0.910055018663887,-1.22918878238462,-1.32173758287223,-1.19164685029654,-1.20851447056655,-0.742874920798374,-0.883500157838131,-1.05015376353097,-1.07448144313017,-0.94141581974273,-0.859206288190904,-0.976744965306865,-1.00561517435381,-1.64037471899597,-0.585260218965159
"MSC",-0.9785465117016,0.242271969918756,0.416298226947134,-0.584963923283897,-0.393698345339212,-0.176815184900424,-0.0342840876319097,0.890601552519693,0.368567839380581,-1.37374711422561,0.318275393750713,-0.244544237769825,-0.197800936131113,0.247944073554293,-0.0155501514775862,-0.491993400791847,-0.274516464864511,-0.604443241243959,-0.2665099778937,-0.992652451257101,0.834936998001379,-0.081729484690821,0.0527957850147529,0.314905101073789,0.507764021352433
"MSX1",0.790461662817655,0.653049082626272,0.645895671998323,0.400365189466107,0.740428155634198,0.618351483008076,1.17534136649783,1.20720100369076,1.081372759839,0.243259169463205,0.430959487154134,0.917285641659753,1.25714208585256,0.685211755365692,1.18156945748383,0.632411580531042,1.0352963219848,0.468167343391462,0.685629421337991,0.473877240468258,1.15502778791463,0.609029418350517,0.944220879643199,1.14355720471058,0.0892405891911964
"MSX2",0.913060242149358,1.7441259473248,1.54593962770625,1.32778493978411,1.05905654773798,2.25989106262031,1.81192843322543,1.32849307681793,2.07473465216906,0.723496601275061,1.65101406761606,1.31935150864875,1.59729353026474,1.56019203847541,1.15340410352252,1.15573593801726,1.97901943386427,1.55655817010695,1.75681971768484,1.57725045113751,1.84602982156903,1.87391871910512,1.46145174365659,1.57961058977152,2.02155949400855
"MTA1",0.744933023230295,0.0106958172270791,0.483086188256377,0.4938387802693,0.415320902237873,0.86479398820104,-0.00254782484557861,0.37601651250271,0.0384506464215253,0.497466941108201,1.26146166287086,0.277661778488182,0.374450795247462,0.222783387802027,0.806336913239711,0.706990783465984,0.063706891857458,1.06893966305473,0.219171094711857,0.583889439889832,0.388933854612728,0.64625151290209,0.442787473878299,0.542036236875482,0.794316666222665
"MTA2",-1.4643357845029,-1.72098483136483,-1.29658473758969,-1.39005485543691,-1.18840890623421,-1.48875693132834,-1.52687190529509,-1.5000302209205,-1.89397025312833,-1.77952689948856,-0.157930128625228,-1.67849246403076,-1.43954249494816,-1.60328614060815,-1.23732270643842,-1.39828619465044,-1.53470915268671,-1.47282147787407,-1.19785921576292,-1.79185454116084,-1.20773293221816,-1.4493462522802,-1.60372918732891,-1.27606598590996,-1.19057293527412
"MTA3",2.77508380039384,2.85240082794857,2.85868793878325,2.53016170284749,2.55478580772583,2.79877595008054,3.0173293019198,2.80947414051425,2.80083832488091,3.06567807617476,1.94691191468637,2.94635951134047,2.60189076900833,2.96549443680977,3.27991021546057,3.09385256059252,3.32520904971873,2.48711368259073,2.82132651245323,2.82843062242039,2.76492951897394,2.98000469148645,2.44461727428121,2.46979753653396,2.61609377539547
"MTF1",1.05537832999647,1.46229425622278,1.8083505565411,1.17205599530012,1.2442252388369,0.785742647525246,0.950604534541802,1.05913477515609,1.01792193086869,0.756182888511185,0.951165091484252,0.59901593533616,0.787977666457682,0.623701125710912,0.48938218902561,1.067866932429,1.40336621544796,1.39765166933874,0.643095876542385,1.11835856981092,1.07733744998396,0.968989714826426,1.40541321068764,0.958437164415812,1.70945377274911
"MTF2",-0.225646015993361,0.140938646195232,-0.27723656744156,0.859417822019129,0.367898776079761,0.625920794226842,-0.526769439205923,-0.889196100172757,-0.53698816683664,0.971446101814668,0.642165688072368,-0.086432144868289,-0.105023920922889,0.566739753503022,0.194201109697413,0.82024824979049,-0.22043455445096,0.419328661135835,-0.11085593594726,0.641960331793577,-0.896273276338653,1.13780755621937,-0.240199525252905,-0.290995446654823,0.231940406722887
"MXD1",-0.0265897049163134,-0.309774131463319,0.545969966423268,0.333493241805661,0.442188875012591,0.160039540935721,0.349559232460404,-0.0226469484633636,-0.124729608803495,0.813347792227755,-0.412660018591966,0.826022132957426,-0.0840492158862046,-0.0157512003546674,0.00430592403152966,0.218255484193732,-0.161100804563916,-0.113390763471683,0.307712260995056,-0.107516994663328,-0.713925931463237,0.190384055723451,-0.308919307392166,0.161501869697144,0.00393233472350023
"MXI1",0.276421671728848,0.126889472330622,0.0557396424411748,-0.0152655133572504,-0.230625914013961,-0.0162828208468007,0.5381790551255,0.1237944254602,0.0992640131680047,0.649412785891614,-0.162338199117827,0.611465454342308,0.235006548695246,0.244313855274654,0.707899791845855,0.434536934116634,0.151386648861452,-0.0810385434768993,0.0879762089194448,0.0892940459055511,0.228813195654549,0.024878611698877,0.377550010131305,-0.098361644149794,0.282799774534327
"MYB",2.19179634637459,3.10471280687166,2.18133014445883,2.58195132193565,2.12780646073811,2.6311037707618,2.4279240195521,3.17791547948297,3.43510005794275,1.34899539785316,3.48410761730128,1.73053848299042,3.30392360016387,3.42688209522671,2.92017807115673,3.33903415780519,3.02737484653733,2.19656563753614,3.04793309574784,2.48314060240883,3.11535714590535,3.0475863025115,2.5898766181331,2.83518416302613,2.94808437177072
"MYBL1",-0.359913885947464,0.409686844351335,0.257820577675242,0.268874857694569,0.897475677328458,0.599995808420621,0.930699512625674,1.24698961391983,0.413400392312444,-0.0558999937829104,0.0435184344168804,0.641361011032831,0.988688456483022,0.235501124511223,1.07412661654233,0.413564751361844,0.477748823234518,0.227231535028365,0.730387144593772,0.403126735388353,0.619137649682205,0.0379077181865472,1.05430658808052,0.353628612046829,0.883861041957144
"MYBL2",1.32051539944468,0.0928187861619503,0.732908598105898,0.913112011166718,0.436689842553926,0.810241380187728,-0.161382185293663,0.197231624934988,0.315550330323402,0.755013412781735,0.717044364140171,0.530151933388954,0.692684453178638,0.09439356059102,0.206827426048717,0.31145217339236,0.15741893200621,1.2545021146101,0.284016346947946,0.222813660385596,0.0344669587536512,0.132777244071057,-0.386862408714385,0.127986682010192,0.702838226256142
"MYC",9.95346013173231,8.33185016056465,9.94627168713106,10.8229142637144,10.7029650246281,9.49175620747268,7.97652527762757,8.4655043243837,8.35532666727534,10.3956218258327,8.81851030307748,9.62441632281834,9.48362884162507,9.19044633584199,8.839395830459,8.83149648978626,9.28246888744499,10.077026135193,9.01977314926161,9.41778610866856,7.45618257331311,8.19020610714516,8.12971367237706,9.85327446663329,10.5831604196038
"MYCN",1.99170479811481,0.62991595200096,0.857437536364941,1.30874330115791,1.42828946174312,0.893781245304055,0.742131373758191,0.577789660481424,0.743285746990853,1.9115183661034,1.30542839677866,1.11818397393283,1.06886312279859,0.930062908087801,0.689272477679923,0.851591058891019,0.863245492694212,1.91230856163746,1.45883453227891,1.25666708110798,0.0945662146882563,1.43384216540935,0.431502887606663,1.37261160734474,0.958703541838559
"MYF5",-1.58768176657186,-1.59749929783734,-1.90321709625639,-2.61847045317705,-2.82009752605918,-2.80717980152272,-1.72535977380425,-2.1264358191355,-1.77817978289003,-1.48650232783653,-2.31450308995649,-2.12188646711335,-1.88850354831996,-2.2190953274422,-2.22678167355444,-2.58836038109492,-1.84683274244591,-2.04171674755135,-2.61110374251957,-2.2885551974816,-1.21359926723535,-2.01500444212491,-1.23764220494642,-2.12633038978424,-1.94978295517468
"MYF6",-0.316037998568591,-0.175822909493839,-0.847168861608964,-0.822242477989498,-1.17408660392691,-1.2108917019081,-0.673961365352511,-0.436178671699699,-0.378441886101791,-0.516596855497308,-0.542043697562093,-1.09873757030946,-0.366277450154414,-0.689042749647077,-0.878113752586571,-0.841545971344758,-0.956863922728837,-0.565375248922601,-0.932962708856846,-1.09298170155041,0.257035392997221,-0.959296284227585,-0.381608812183742,-0.955802652484451,-0.931869769860728
"MYOCD",-0.307805535628515,3.12519569824851,0.0795403777141283,0.0712819074467754,-0.734636959171671,-0.473571750067098,0.695668939983387,2.87229434556542,2.85709824516186,-0.0801607743711078,0.708702736140217,-0.368699317241994,1.1727009209304,0.585666040453945,0.191395072494329,-0.207771317617073,1.52092885508339,0.45221352708321,-0.0591432096613711,-0.415978569274919,3.14011511809972,-0.109979547854932,2.44766423340691,0.30584383335871,0.290206457698613
"MYOD1",0.612483831505021,1.19017371023282,-0.335781520393962,-0.0304962215006416,0.0389576268467692,-0.101334153217486,0.752785089435806,0.940937637706957,1.05405112800594,0.751447799295387,0.39239314469255,0.261652357905923,0.213998201027921,0.541839217223642,0.598012531656023,0.1252102964218,1.04876111803773,0.486384313888224,0.699949466507507,0.317489415421379,1.20894143906856,0.0464805064227177,1.28437526667006,0.164369703271016,0.0228172351127618
"MYOG",-1.49336421588038,-1.43747763715845,-2.33879636755634,-2.25359709304188,-2.36005753025158,-2.62757335741902,-1.70964872690414,-1.58592559308576,-1.77705100920836,-1.95718868633022,-2.4244729083064,-2.13459377299418,-2.21736643513654,-1.97603021308434,-1.89797061119862,-2.50681101389958,-1.59893838465269,-2.19317589905985,-1.89580342237118,-2.19680298544514,-1.62708526228132,-2.08569896148033,-1.48333614889968,-2.3788933245928,-2.61560918648394
"MYRF",-0.269526728283999,-0.951130841019089,-0.751878917005716,-0.893811391078589,-1.12819438537395,-1.31737493461165,-0.999593234167832,-1.08419993515941,-0.928473905861916,-1.1018231165539,-0.93284873743923,-1.31771129809423,-1.06629144893909,-1.14829297958477,-0.892700612865551,-1.18143783298497,-0.955890918761412,-1.60755374411093,-1.25125338874333,-0.854595087925801,-0.449307216416807,-0.908800816564453,-0.967515604586446,-0.96736411759074,-1.20713880866965
"MYT1",-1.72935222433357,-1.63511941642065,-1.40549734584948,-1.96568734003157,-1.75275018756961,-2.24127578225236,-1.77683295227164,-1.60613344756448,-1.52140846107524,-1.60316668845622,-1.43059949548784,-1.85104233346985,-1.74262769255269,-1.55965971191288,-1.59157364196469,-1.49562117504413,-1.72950340793583,-1.54432184914295,-1.59417988094776,-1.68606561512113,-1.24855131775135,-1.58783487900074,-1.58768681297562,-1.98742341503149,-1.64903608746189
"MZF1",-0.76713174519183,0.12676749507701,0.327636957779788,0.0336524338045931,-0.91129958408148,0.482684792137112,-0.317838351612954,-0.29740692523708,-0.261326592745872,-0.624934831369665,-0.768432256254856,-0.696546401721157,-0.477083412458036,-0.498273065096303,-0.0902451009184317,-0.176134652734152,-0.693213073584232,-0.388376268360381,-0.697688031986791,-0.646192423529269,0.104685680855638,-0.490060858663895,-0.356587517819799,-0.953237225280566,-0.215018533061552
"NAB2",0.701586503694363,0.0546026050754257,1.10383718382663,0.638719550795973,-0.305425427797599,0.42640664675136,0.449927517075084,-0.329583781202264,0.125843231280095,1.21787940886359,-0.107052822891959,0.729163900360886,0.734548363628064,0.400647840660217,0.217511074057422,0.0269269030363855,0.128795746625332,0.261583959999403,0.725913686235045,0.554737940571839,0.136851522112701,-0.00743036385616489,0.641632275547769,0.48340926512438,0.826270104842785
"NACC1",-0.965524346236216,-0.952012532911901,-0.872817013471347,-0.726468534589048,-0.482820887363237,-0.806521896167469,-0.396983523741335,-0.431957423414632,-0.812861843333284,-0.519111005532362,-0.398129396439103,-0.482905119361009,-0.414029749472438,-0.814397953240034,-0.869608531826295,-0.815990153301469,-0.954334248851478,-0.756648226920059,-0.569029293547741,-0.740293456117881,-0.717501735235655,-0.981355879460592,-0.789623326829515,-0.450584713192802,-0.15602341410225
"NANOG",0.427519886194003,0.216085865293764,0.463655290542433,0.544707938200316,0.331364601329556,0.378299024888477,0.573483198172506,0.566409124992847,0.110293370777712,0.126877550340101,0.46105034279381,0.29353166102559,0.86836893844141,0.372869067411032,1.1637806294981,0.492027450859281,-0.0733331579580748,0.208686632715993,0.393762127848482,0.326080611694702,0.353443028675909,0.321384111120927,0.477304331839155,0.483039859490252,0.423241657370415
"NCOA1",-1.76980523003017,-0.796734909395618,-0.551554881039466,-1.22632423595597,-0.956208446649248,-0.440971818290816,-1.05026620899946,-1.0733278482801,-1.37287402460677,-1.01921468180246,-0.928343441196656,-1.25681225292827,-0.851226896131175,-0.979993987845252,-1.52016264214177,-0.992624421847132,-0.739531239727569,-1.66619578752221,-1.22347465531705,-1.23889212047592,-1.22800653840706,-0.949343623063582,-0.683169444766839,-1.29972919656613,-1.04043752006243
"NCOA2",-0.107950352927971,-0.0369232737416845,0.374517820066564,0.346327046178541,0.224526351235976,-0.241782690995253,-0.00504021924917437,0.328500073729184,-0.408268320898587,0.0470976538611024,-0.504362897314919,-0.451940097956435,-0.089369010602262,-0.180317150880577,-0.303079594699167,0.0826291525173852,0.208544270288893,-0.0863839428941854,-0.128845470493934,0.0468788539189424,-0.0354832677928483,-0.212967267027911,0.354422105480417,-0.121097723636674,-0.260231180289114
"NCOA3",2.05965309166195,2.24406258998427,1.44195448906165,1.56414557194876,2.32684513569507,1.84888279672935,2.03757658104052,1.89776381040431,1.70100182754215,1.68753324432772,1.84244393336211,2.15128136618066,1.99548596948417,2.1803603462212,1.49977246545678,1.90802927705107,3.0017333535234,2.22123178313444,2.33645036448259,2.23768692767708,1.30344536527057,1.83364496768155,2.09930618210363,1.86045690987405,2.1393326964618
"NCOA6",-0.193961534613093,-0.113107917558157,0.228822485830982,0.782288786098893,0.180130520095474,0.0161523678508548,-0.506013901576217,0.232834375270375,-0.0293816874534741,-0.442110717478218,-0.21317526665949,-0.391078995835908,-0.240027142285869,-0.427588745370019,-0.120994410703796,-0.532430230309344,0.0576828588245376,-0.315630253169511,-0.543509321952398,-0.2673205246745,0.32454054879224,-0.107561242958532,-0.106014254590399,-0.277892652811593,-0.123247308269077
"NCOR1",-0.0860121809230372,-0.150975513027938,0.20099585874847,0.472886397297459,-0.178052100571074,0.111739793641648,-0.112226923402449,0.162304661013699,-0.303226725517118,-0.00157484522445649,0.0452617063291093,0.297708461919349,-0.461543630827185,-0.0542758117570959,-0.0669352021454645,-0.444358059594681,-0.0399952373160783,-0.270671270659086,0.592405490623599,0.206595517614849,-0.0248933273539347,0.239741609210931,-0.207889954407506,-0.0358981858396077,0.366392520858574
"NCOR2",1.55640454479097,1.44776924990393,1.14032358137836,1.35558280204737,0.935134646507014,1.480290056792,1.32043866175246,1.2143057842901,1.30607192086908,0.627668653843267,1.25614770339966,1.12243919187763,1.58518037600475,1.11861987994709,1.27053525257323,1.00302291409087,1.44800997913156,1.04237397851927,1.62265778055251,1.47170405769473,1.41685552694637,1.30812813675303,1.25529504054164,1.07453548772224,1.61556172688306
"NEUROD1",-2.47572107764997,-2.65972403906329,-3.1372420091909,-2.55722693214936,-2.77007747933278,-2.81069058534169,-3.2710436872595,-2.76125870859944,-2.98941815375967,-3.31467771935318,-2.65106692940613,-3.77250963427106,-3.30607165043455,-3.26596292208862,-3.11875577606784,-3.05540270503682,-2.9656316294661,-2.92129317583381,-2.92244873493095,-3.33602127096809,-2.39574012504562,-2.50335901068904,-3.05074122348105,-3.1710895963183,-2.25204822249994
"NEUROD2",-2.57607184957339,-2.16732999946367,-2.41112613534237,-2.69659209090372,-2.67499637651008,-2.42844751514625,-2.76189773886616,-2.58948635631086,-2.44994819565621,-2.49727024664827,-1.68993189835143,-2.49292440645221,-2.43300183306598,-2.4949140103479,-2.48055848873923,-2.04614150780783,-2.50907814744393,-2.24059567875572,-2.63131802592054,-2.63750784749153,-2.31941211867434,-2.48868995789475,-2.54164924138316,-2.60956960581056,-2.12263831469568
"NEUROD6",-0.220904411321434,-0.547614499855408,-0.422235130914098,-0.829549921723633,-0.740242817628083,-0.830588486601128,-0.601126690303054,-0.721550344004674,-0.530547447190965,-1.00908327260709,-0.418082509224419,-1.13861336115128,-0.500013452131557,-1.1954952467427,-0.830625520309811,-0.6264313916743,-0.234190352954873,-0.439241026224366,-0.970951862016369,-0.840472586291714,-0.810550219826124,-1.1032315862098,-0.798722288438334,-0.92333949624346,-0.508957141965604
"NEUROG1",-1.67689887403886,-1.87461978878591,-1.86923668058065,-1.84794662975811,-1.62998750228591,-1.45426082353098,-1.59454089716983,-2.06094108789154,-1.5131910917053,-1.75932087653294,-1.77158837543447,-1.65473872552625,-1.56829847723226,-2.10836447526296,-1.85128035673391,-1.66949398197087,-0.99767809396529,-1.278876698497,-1.72392491753533,-1.37032910120905,-1.65355022142831,-1.16476382869791,-1.83018352947359,-1.73772878697538,-1.09879128455996
"NEUROG2",-2.7503126031814,-1.81258403156567,-2.06877935483141,-2.03308647117367,-1.37022310737805,-2.07971766913064,-2.08235894340739,-2.26137435406683,-2.64720117813709,-1.47509497410216,-2.08583545233851,-1.70096419826587,-2.43162990494868,-2.10110435090802,-1.86419903604571,-2.08459074182434,-2.32109732576524,-2.34417577271869,-2.1648706159775,-2.01343514134643,-2.14495216538004,-2.57615095812983,-2.11988344965184,-2.55420877781941,-2.39632709044403
"NEUROG3",-4.62236473393128,-4.78335071223912,-4.75992118025907,-4.89484611215196,-4.80244243656649,-4.86888817947853,-4.57669356689852,-4.83294357165944,-4.82994752789044,-4.21388559592937,-4.63143330334434,-4.64830784543864,-4.86866743235584,-4.79192004461551,-4.63266849258454,-4.17188065786064,-4.61375152957338,-4.64202038873003,-4.36351223546411,-4.58792291126849,-5.01501803736738,-4.36255475599363,-4.45309217985446,-4.52141523329474,-4.41115326106712
"NFAT5",1.04274320394537,1.30079346305548,2.58577012137921,1.07794930498918,1.31240726512705,1.18969829102376,1.71309404266802,1.28494880128353,1.80028466894342,1.11872203079927,1.29520570651539,1.5721571185532,1.95347870566,1.51115789716724,1.75226119328305,2.0039965152458,1.50175506558453,1.10226855844755,1.51836218013357,0.992431727066794,1.660712936188,1.31233808358033,1.79415098914652,1.31282710486648,1.32123674731298
"NFATC1",0.4056681538215,0.277026673797515,0.36434078914717,-0.473947116695626,-0.476285618007992,1.34475216717492,0.0706330279887718,0.482578117983038,0.742985031558807,-1.26588803849939,1.38648445155167,-0.770455065508868,0.123416412402617,0.335549305809635,0.603897234823611,0.779475901474418,0.487227659825295,0.0883985856276804,-0.0346298482148107,-0.245731546631979,0.768024915361046,0.50373692267315,0.0615755727091337,-0.0476082431094919,0.0853278118698967
"NFATC2",-1.71251961319471,-1.06113242488283,-0.362126418414612,-1.62518056317493,-1.06899477862375,-0.253348904417021,-0.908741226472121,-0.307188859281698,-0.615815460289636,-2.21171674576649,-0.0879326172286334,-1.04543816018475,-1.09745094061852,-0.522598860352585,-0.169307660664967,-0.415710559692611,-1.37432721960322,-1.06543715583842,-0.841765355419523,-1.56532424559194,-0.323009203100091,-0.263573372613853,-1.31570592593503,-1.02286357353628,-0.928159345937559
"NFATC3",-2.241607900146,-1.35630492898245,-1.32235992412837,-1.46694496175504,-1.02942481964618,-1.16586182084726,-1.35588135298293,-0.753397547457296,-1.41913344411093,-1.79579413588318,-1.20731300212029,-1.67867913398327,-1.20223436357235,-0.827317953954001,-0.756562539561221,-1.38794687562118,-0.97824657101491,-1.430320217211,-1.295355608176,-1.20254708558359,-0.685362625438104,-0.942659078088284,-1.43966070312265,-1.61902006497252,-1.54440251455631
"NFATC4",-0.0924376665480719,-0.48414070146434,-0.356300820940641,-1.01865970797923,-0.615227949106511,-1.10913805605077,-0.89457132078772,-0.587645398642124,-0.471565067087911,-1.14818244241475,-0.258001516291885,-1.09243532858816,-0.753803072032762,-1.23926256291558,-0.734313597992565,-0.547406146133984,-0.550691461108992,-0.564625491620697,-0.951148106614048,-0.684942328394463,-0.548032254331822,-1.06242826408081,-0.585499474802209,-0.799177487021787,-1.2255555414687
"NFE2",-0.041499476946873,-1.50159407268163,-1.25585725133505,-0.548479224675601,-1.36664829617348,-0.289861815769716,-1.50214035232246,-0.805495239863345,-1.53680649943886,-1.3545504735802,-1.39026368927271,-1.28799940886289,-1.00275715400243,-1.14402500031365,-1.78990938261455,-1.15030270076422,-1.41228450109144,-1.08549931725925,-1.47930781474157,-0.811232985577099,-0.578886988514726,-0.318693273100545,-1.68864713086977,-0.797175868409662,-1.07194438757082
"NFE2L1",1.77125090010648,1.29279607333517,0.825901392106027,1.4429286061864,1.17903158549398,1.53538123760255,0.899510747408639,1.35686096760625,0.948141684088561,0.703181323970273,0.317878221237513,1.35165154069839,0.924283990710309,0.921971878366348,0.93900406883943,1.14776435974058,0.800607719808906,0.684826408930381,1.30505884015376,0.937429624021737,1.13217236255036,1.43206785882111,1.02268480311309,0.972582559215474,1.32843978998002
"NFE2L2",3.80662670059031,5.07828783470322,3.77009672643391,6.30316000507187,3.85671086118848,5.45374574594833,3.57215867578146,3.93615401104717,3.77159839230721,3.44884231242833,2.77775827397269,4.53487100101579,4.6336263118285,3.85448414250715,3.43201399525943,3.42887923941002,4.71105323287659,4.22304546966526,4.00872891802086,4.40074393042774,3.98371332080461,3.83075034152809,4.26126942592043,4.37575132985898,5.21876442746246
"NFE2L3",1.57037433896156,1.32348534842801,0.546719085223818,0.0403374550118725,0.299854801115149,1.6011065763068,0.912181426090494,2.05916831927801,1.66216048873447,0.421948330124872,1.42470607042714,-0.0214703231680846,0.950186077676613,1.16576741491905,0.998079743155616,1.00502204993453,1.26925786920933,1.24149944695536,0.644888129150862,0.865290152015983,2.27635156995425,1.52838928499102,1.78865625284166,1.13481689335626,0.348453403024561
"NFIA",-1.69761675402446,-0.661103623793639,-0.581918795803266,-1.03025449858648,-1.68450780232171,-1.32543916754963,-2.53451822089856,-1.43334102278158,-1.59085535484213,-1.55459016484693,-1.16221517280772,-1.81668165397202,-1.32661735554964,-1.33877349919738,-1.93627209870231,-2.18408961726178,-1.73953923489019,-1.32105152170656,-1.759100332352,-1.18220869718215,-1.67686322170566,-1.31794979983636,-1.82589352848726,-1.25543229414689,-1.61213751939599
"NFIB",-0.719661927005911,-1.29691816068454,-1.17529861204492,-1.54032630361981,-1.50135332366184,-1.43379281065907,-1.39299850467578,-1.09910624369817,-0.881164911626104,-1.03526989675124,-1.33331199752716,-1.52497518085265,-1.9143976386726,-1.97889138220209,-1.31296967274785,-1.75864906537483,-1.74503765145034,-1.19931912797595,-1.52608065092102,-1.59152328355631,-1.19087186867709,-1.99060125031996,-1.28204701108255,-1.32561224546148,-1.74528038783098
"NFIC",0.665574701525971,-0.305149497745875,1.10115800543366,-0.0245172060316553,-1.27730039709586,-0.488605142464417,-0.950217040327704,0.076583722710582,-0.211779479584838,-0.281625290175962,0.273194176939234,-1.41631573505993,-0.785905865714938,-0.731487513512558,-0.660256313024377,-0.642781500849635,-0.725234444798151,-0.592892544982913,-0.603623317810739,-0.613580883173472,0.0352615638887365,-0.184901113352038,0.272795823712601,-0.587524260689193,-0.765657248458681
"NFIL3",0.511661657272089,0.917039289734743,0.553252635309009,0.39378929285104,0.97256661235587,0.934975607634511,1.38812223089113,1.29420069380809,1.59865089600398,0.261607458060228,1.29931102306626,1.32168379358799,1.27905985145981,1.44996601301139,1.81308410992813,1.477539325775,1.065805833166,0.755505187172739,1.37802933311831,0.560236899107087,1.5691209519929,1.40457293381958,1.00173637120143,1.02831829421903,0.852240649044131
"NFIX",-1.09673112649625,-0.911031582130135,-0.938945952548334,-1.63519780357344,-1.65715747271938,-1.72637988300402,-1.71253233429066,-1.06108685843595,-0.737581570384339,-1.22949581252565,-1.15321515321893,-1.66975983626645,-1.68625175891032,-1.3131606467975,-1.41761868577645,-1.53855785985958,-1.5982933719043,-1.3871200742744,-1.15148692854819,-1.33260143627539,-1.06077464775138,-1.57707302445724,-1.84226451159708,-1.31411194406815,-1.3920314000279
"NFKB",2.87221179741074,3.37054455709651,3.88488134750581,3.35316615255143,2.72510039540859,5.7690065453454,3.37287281428972,3.4503206632536,3.66574339072052,1.25124588406167,4.51489603331191,2.65647193523135,3.20981283896972,3.43091793898224,3.53528149369191,3.33434052599182,4.06117297923295,4.11879110260945,3.65770659591532,3.59860621609674,4.14230371019224,4.00353167981122,2.83116837922512,4.1610972279051,4.17017371009872
"NFKB1",-2.10350887196212,-0.489637409910092,0.173826447979235,-0.855748760270824,-0.803714900332567,2.3242676839802,-0.342826793031147,0.109562444759407,-0.0498803764697899,-2.48065854487976,1.08496228184342,-0.520509584115917,-0.492908756657528,0.228321312017452,0.2418049667424,0.0274331254648012,-0.27761649713709,0.0612385695532554,0.0713419341056242,-1.24397154192654,0.630367384601303,0.55828953293928,-1.02997087489457,0.187000116628472,-0.0622190160604734
"NFKB2",-0.559022841862529,-0.519251859504811,0.681031548459265,-0.404568401249746,-0.656259945153336,0.383866843050574,-0.179698729759763,0.165014360811057,-0.148238287105512,-1.64619693021272,0.240597518068616,-0.481466968756347,-0.431613815952244,-0.182915308302235,0.471578675375929,0.313450285278175,-0.256010129669144,-0.191833812398163,-0.119884888328898,-0.360972527640367,-0.269223508390641,-0.0678188614049633,-0.727389424858353,0.211220899493152,0.678808276105802
"NFKBIB",0.573628317842378,0.664923967296082,1.10006522068815,0.770988304818022,1.0223980949167,1.20995466413655,0.301277603103874,0.573832732724245,0.578645373978541,0.0120038815780383,0.89516322505689,0.560995961899367,0.266763684705349,0.374370894649171,0.914035920939681,0.364606938735014,0.965218868112951,1.58836351465336,0.529685217093116,0.89204001218228,0.63858781346638,0.490299501815066,0.158860618080792,0.999126740218161,0.807733208755863
"NFKBIZ",-1.7083871083009,-0.893645946919269,-1.23421156956712,-1.50154193853546,-1.65692522190011,-0.364831106002989,-1.87832106673864,-1.29047747699731,-1.21216883871371,-2.04187666762677,-1.27557825617512,-1.39188722520015,-1.83895100073953,-1.21748822038743,-1.2092344646553,-1.23634578393306,-1.27889907232323,-1.11976890799839,-0.991508097616949,-1.69783418902078,-1.05693216890766,-0.637130226961457,-1.98708779581453,-1.63295783917725,-1.0297709439572
"NFYA",1.43652951690591,1.05223187262596,1.34089410321253,1.14292781003307,1.41346068149579,1.2194963135378,0.819707041413264,0.850378339470307,1.17979724820125,1.26770737638881,1.19389444413517,1.1244884462947,1.28990369961205,1.468655868043,0.737830367920071,1.27717127366359,1.04779753440151,0.940635511299371,1.53270462319658,0.953779010292919,1.08043047494792,1.54902278250119,1.28729055743334,1.21093048266637,1.65095643167769
"NFYB",2.39286415372381,1.78664662366369,1.60761573947148,1.60852781952437,1.03556874708931,2.15054815007958,1.31095808150632,1.80221773879749,1.78376420739433,1.04347022365481,1.70633767663432,0.923322023490611,1.40474395573602,1.97537040244777,1.41096446014049,1.67607927685616,1.73736681352681,1.99926513268908,2.38576305289235,1.62160693171802,2.33271682896599,2.83248736214567,1.67551813892844,1.94665341019551,1.58315768469067
"NFYC",2.23077237784703,2.21287063836695,2.17149198500744,2.37177391612689,1.62684357284265,2.52269084078189,1.49796616073678,2.22677750918457,2.21399583000842,2.12318743195236,2.28762575276815,1.4804788523244,2.13186986479279,2.41323040415734,1.41475256351829,2.36743757279347,1.88322099662462,1.90180102201606,2.2692927563381,1.896194277863,2.26755382774719,3.41698000949151,2.19343651045578,2.40270290542147,1.77488368763305
"NHLH1",-0.768424517616241,-1.44509185944652,-1.22257730144324,-0.783540865480925,-0.649147874912983,-1.07603072799143,-0.924273086836494,-0.345754577558461,-0.528710097281792,-0.799631179737603,-1.20333834548576,-0.0685455370107505,-0.385702003704251,-1.11053726574124,-0.807364643866244,-1.75651164412049,-0.699319505506557,-1.00655560101134,-0.597059923340695,-1.51359761442133,0.196668784263693,-1.47605488855351,-0.434487332933966,-0.797149919446104,-0.695299043550741
"NHLH2",-1.28118246963919,-1.88528537983596,-0.26309121217288,-1.2738611374391,-1.52242173729188,-1.56159573029692,-1.43294190858779,-1.17502990812908,-1.28949925694593,-1.4916252146324,-1.41827322658607,-1.42766798336221,-1.46223483235781,-1.61005869646602,-1.86655637099064,-1.88869283268188,-1.48245514567033,-1.29134937240359,-1.47531498381623,-1.15330990068306,-1.28979405751141,-1.52347120959342,-1.47867854367475,-1.72109834850736,-2.05695402872712
"NKRF",0.408715406230114,1.02581713892238,-0.0469545458731855,0.507698198509919,0.723157248067814,0.382684262783476,0.677182159908469,0.703265532141472,0.585712495356445,0.586411323565687,0.40183781036134,0.639390659295697,0.448071428847246,0.302980584990978,0.292411590288553,0.635487181553669,0.268158762478025,0.502099809957845,0.514091522584687,0.247389479699536,0.921784057340591,-0.0825197175560127,0.708540655936139,0.227340529625892,0.786270828151455
"NKX2-1",-1.7226389637371,-1.6307592151365,-2.0093726264308,-1.7909411536063,-1.8571535670093,-1.67439711617571,-2.3777482034175,-1.7327939140834,-1.71492089468805,-1.21565244950808,-1.74080480173921,-1.65646450652703,-1.89762191993248,-1.74715853643214,-1.76220844595514,-1.52698059261267,-1.87765724994268,-1.66077919246186,-1.84470794291146,-1.95850812781809,-1.93981002659189,-1.73976698454678,-2.02625287680739,-2.03725923502366,-1.52554582679324
"NKX2-2",-2.60473477863641,-3.0085934854771,-3.11638733268643,-2.99067594057337,-3.73512213103397,-2.56243202020319,-2.80915034277508,-2.67471969880641,-2.84004763112051,-3.35523314995396,-3.39413190512262,-3.27858030901262,-3.19388496094491,-3.08571525022785,-2.69340551033867,-3.51135647582112,-2.3054937216773,-3.08361381191703,-2.80687076905664,-2.97912312546095,-2.93066575603972,-3.15251296481959,-2.71031306128557,-3.14777797765139,-2.75641992608811
"NKX2-5",-1.15838595505649,-0.049012324845543,-0.783587204356822,-1.54602061049474,-1.51458205668306,-1.43330554035157,-1.34671687644655,0.138853367001605,-0.404339589765542,-1.10820651106585,-0.718599824381759,-1.68669062711717,-0.884769463900937,-1.16457357495602,-1.12913251578917,-1.38187044021095,-0.695627479106023,-0.962845834042344,-0.962371037489061,-1.95757615203717,0.0871631759951057,-0.895130229579029,-0.660720499710887,-1.41867514184635,-1.64256724388967
"NKX3-1",2.39442096198707,1.66455767923623,2.00064662285171,1.34048552667192,2.12740746976954,2.26644052330356,2.33448668268004,1.93776235700803,2.05255194462544,2.11539429876862,2.35512428359205,2.44544134421566,1.83886214426108,1.93800645113669,2.10423622599595,2.16126920571587,1.90720479928169,2.6367820441695,2.27722421846293,2.14834799159419,2.36554787030538,1.92293383743577,2.32615033201821,2.35270411521158,1.35312591227756
"NKX3-2",-0.662076206567809,-0.278834778295591,-0.20564442931154,-0.0556188051921173,-0.943730613508941,-0.571360078730235,-0.224179233798824,-0.410761963275718,0.141086932054406,-0.854843410175306,-0.600537212964267,-0.676689638772638,-0.265454329681035,-0.0109847663084231,0.0234775346099794,0.00931514971234269,0.421571455141348,-0.101004762231359,-0.689384449548776,-0.12049033872159,0.613503662184669,-0.0830669706803282,0.290722812706377,0.249243772380954,0.0524554870493962
"NKX6-1",-3.71966845816403,-3.30817014657131,-2.45008291959556,-2.70691143697758,-3.1320145970946,-2.73141847714265,-3.1827525686677,-3.51165484745291,-3.22881637917418,-2.95376752651157,-3.18640914510698,-3.08220811595949,-2.91415060344316,-3.21081371713142,-3.08730873993305,-3.23977380160844,-3.02785760143938,-3.03083020094624,-3.0197463115101,-3.07464382583943,-3.29584355425953,-3.25832467818048,-3.405532410516,-2.82126970505115,-2.78174709085313
"NKX6-3",-1.36466906438117,-1.39127736953804,-1.26137372112421,-1.37456993722987,-1.25008931593505,-1.31363984644252,-1.41527652761195,-1.47457722842378,-1.36546149155409,-1.36388152585998,-1.24890472904191,-1.14057838985637,-0.656965058849245,-1.68925504679965,-1.30747340821468,-1.38221563752122,-1.30757539005894,-0.722723093873427,-0.990054600724935,-1.22113858000831,-0.832202920501004,-1.48715868171627,-1.55308554209723,-1.56496623275773,-1.62228256251961
"NONO",0.307203334081316,-0.350253361572328,-0.123937692509093,-0.853804465528362,-0.33437882874195,-0.455290294248044,-0.832611612738215,-0.790592297884703,-0.751512958989271,0.484476471537066,-0.629349328529075,-0.0267521997531207,-0.414903880754577,-0.631839790182716,-0.3274951947524,-0.292805045127252,-0.773651459551816,-0.375717908868895,-0.740425286619011,-0.0613606475939784,-1.15670995370952,-0.365364568817858,-0.342541839166205,-0.855525095832985,-0.629807391461814
"NOTCH1",0.347340889508796,0.0523801479932003,0.923805066418564,-0.0675651870407087,0.299241458187487,0.160155309538225,0.937753675696968,0.316730887194563,0.622507931232277,-0.149136278477241,-0.049218235969917,0.420118800339289,0.596406570538889,0.485125917192964,1.07855564210218,0.830905407933787,0.466460776299464,0.197051074709158,0.492059423191003,0.286533719275199,0.84936474062319,0.226636189263545,0.931064341216081,0.798029026841227,0.924641995850071
"NOTO",0.117604039895947,0.532632875907013,0.257017814987795,0.218229611409698,0.781756896960932,0.598254329455127,0.620488101294904,0.866693251500379,0.348487785974923,0.151219858734974,1.02396765145597,0.41904667200247,0.201779263275579,1.04550930305089,1.21000931939724,1.08190102144677,0.498388916867502,0.717770771064505,0.697104127904294,0.152167972296766,0.671575745091507,0.901676448812178,0.575955340936386,0.33409171582257,0.406764265221405
"NPAS2",-0.132676694370466,0.504135897778917,0.169378796342175,1.07688937469166,0.231615303971548,-0.170234761913486,0.198418761419949,1.0279991628556,0.106407058564434,-0.285490693966444,-0.479599157165805,0.507311947531907,0.574149587354938,-0.258701412176449,0.264961394461897,-0.0188135800560646,0.576052651951702,-0.0648572866696554,0.601170106463671,0.498066058530261,0.131823495621903,-0.232502935691026,0.680986593311614,-0.116264101456453,-0.614127888195661
"NPAS4",-2.13711300902288,-1.47742649208705,-2.0873485863701,-1.92973887321562,-2.15435605678456,-2.03352323611981,-2.15590213952333,-1.50307802890337,-1.65397031884623,-2.16626379049841,-1.9822306754504,-2.53101942147081,-2.15741230666125,-1.98218596576689,-2.05345464670232,-2.07041961515491,-1.65483899199401,-1.92219466920789,-1.72925875281674,-2.09380283700096,-1.49894364543718,-2.08499261723725,-1.77723833686712,-2.08655172989215,-1.58322981568342
"NPM1",3.24025872629217,2.84310969981359,2.89060324770803,4.02744326286325,3.15949750695633,2.91268862991432,3.72524785373287,3.5113349463417,3.31496906498591,2.80765575620084,3.07377388516881,3.07796947635557,3.47534400944905,2.93380323362482,3.04806496010217,2.70239522685099,3.53211929939923,3.31471509938565,3.25370518697595,3.01467953297062,3.06067602214729,2.61216688897767,2.96694580996335,3.4976783467378,3.72868622354046
"NR0B1",0.284534790042485,0.398373624335339,0.226448557264957,-0.773479660355154,0.292074046812869,-0.124007089982146,0.12595465103949,-0.315772540481831,-0.430364655739864,0.386892199224301,-0.282658705320923,0.351169650069612,0.562573422460594,0.283455460011374,0.345090057396148,0.298340426378489,0.00250895607578281,-0.24502017749862,0.558527230104672,0.325457760938374,-0.0253411150130335,0.135852601718569,0.0434002607591102,0.519269438512775,0.638085868691155
"NR0B2",1.40404526590346,0.337843598862718,1.21995774589343,1.17841035272143,1.6372985016464,0.928600156976656,0.896966035994346,0.990502742986504,0.598808376318039,1.26926654608288,1.20854397786839,1.16455958673548,0.664276373572743,0.744177553161849,1.42709586016417,1.00267223224368,0.769954235549758,0.62502544785162,1.21688671472466,1.35435598548971,1.14139396594711,1.1365561694012,0.969732903735993,1.20695123601798,1.0075975399238
"NR1D1",1.38072307032951,1.21321185773429,0.477428951756731,0.488537201102655,1.80919903514242,0.816373800625477,1.2431652283639,1.35757545226737,1.02685565376329,2.13293927721558,1.029735994823,1.27971236457339,1.01398049249753,1.00154901104926,1.3672680224758,1.20556022553907,1.19181807456337,1.79033293483777,1.66951176958351,1.15443123457156,1.64019786593639,1.48700315378343,0.985551209946789,1.49825338778701,0.941420958190915
"NR1D2",1.99106785198017,2.37605931978271,1.98225213465237,2.52320496194808,2.95642229973956,2.78225040605154,2.53599828869287,2.60867097135334,2.40725271130739,2.33251118168246,2.27275680252307,2.11157151344698,2.37126734807487,2.87602237595128,2.1962150755447,2.50793420620233,2.79832523412143,2.90832479933877,2.89766216572483,2.15392121388404,2.50981295068441,2.45952953505891,2.37080283491537,2.57199091040488,1.97531726374348
"NR1H2",0.446465866300084,0.399156622212429,1.12614472567244,1.35528128222799,0.242118017500158,1.47282758540815,0.557121021135025,0.397612195205137,0.403977718076587,0.565540411603742,0.762200545498898,0.164980726260832,0.69473173857227,0.337183489651165,0.46746173223441,0.432789508501977,1.04326456025068,-0.249711735060203,0.909866290360812,0.780700847205952,0.374251615147448,0.88536432306868,0.973537199903422,0.670389815165821,1.29018369948566
"NR1H3",-1.45575234877293,-0.932411458715129,0.13124642055483,-0.437981989070974,-0.936507191187509,0.906481247996281,-1.26615030028161,-1.33034134130896,-1.25103816216534,-1.41096764650703,-0.92140321461891,-1.12648180688024,-0.402429197645642,-1.13753479429036,-1.04913902448951,-1.22863787837431,-0.538440769867066,-2.15258456788967,-0.406987480716599,-0.675438495551057,-1.48818139223624,-0.517129785926974,-0.523810080351797,-1.4999945168534,-0.205853531922629
"NR1H4",-0.850617739302559,-0.342563620232472,-0.317587543755213,0.0402900408430017,-0.0455387346445804,-0.404935039067921,-0.545575866239432,0.0359038105292535,-0.552763301755461,-0.156003191595952,-1.20338316322622,0.0944191587414336,0.395939003821747,-0.130334813753365,-0.408718882358545,-0.113824432503013,-0.445459015387819,-0.83849117659233,0.0210171847906515,-0.149626564849374,-0.342517138559995,-0.760276578085585,0.53432347118687,-0.430621338692327,0.552468376475641
"NR1I2",0.419174351164734,1.19176452558399,1.2499625246568,1.56054369016391,1.59579924690049,1.70287470625473,0.97633322992585,1.31038973895556,0.862882870481822,1.28710308552108,0.353515909813059,1.40034608589534,1.49841863545417,1.37508131626864,0.668240232679122,0.927129442085556,1.19602081282182,0.735540919430228,1.02979979246452,0.931922574209492,0.913984424267861,1.26252680071974,1.70862945193676,1.30371530677714,1.74182327348717
"NR1I3",-2.94087627831512,-1.38670542027259,-1.06068939786306,-1.49132003797117,-1.68782023243782,-0.351969671706246,-1.56526022964993,-1.79170395994092,-1.84417836878435,-1.64541562133794,-2.29452790246158,-1.00066723354737,-0.773145464500979,-1.40928877779355,-1.54711449817189,-2.18356439635348,-1.02684272036591,-2.19823136653209,-1.87725115430841,-1.44111320142016,-1.40302784484878,-2.18801222107305,-1.6337664874437,-1.81139465201811,-0.909426450841797
"NR2C1",-0.744021357783514,-1.96036237020735,-1.9550810297175,-1.28253242493021,-1.75068067714282,-0.736207890911297,-1.7454898834952,-1.82048134213718,-1.84674479005703,-1.26291049670223,-1.76554863997087,-1.74604764876113,-1.75729704182431,-2.21671202684598,-1.70201904260061,-1.80627762563252,-0.959596342256923,-1.36903375563721,-2.27198507808916,-1.46411779063228,-1.7853887085145,-1.8178087075371,-1.14351717364694,-1.79257512384839,-1.7992644376731
"NR2C2",0.636390915252342,-0.0275621887862984,0.10577940306275,0.17011877609651,0.500180184249412,0.529781332613026,-0.136403459715896,-0.162366487206241,-0.207793687868584,-0.788715538431955,0.87132962797729,0.0418611031229444,-0.0257750702766957,0.152322467180882,0.104361082780118,0.20655152288552,0.570488324529025,-0.01981210547484,-0.112750134334778,0.201167981672918,0.168714819452904,-0.0130592965399201,0.11079394519996,-0.0563957711316055,0.157427920852991
"NR2E1",-0.670372015231534,-0.759580032348507,-0.195214204981484,-1.04502023574086,-1.34334624176109,-0.967924308787926,-1.15294520471285,-1.30657967231395,-0.77792189900723,-0.56271341464029,-1.35802903322799,-0.789049517905403,-0.739963695357886,-0.872120927699615,-1.42722781546471,-1.01840469769442,-0.980773752450876,-1.16349544836373,-1.17458719451885,-1.17731556223469,-0.733144866642545,-1.04427341883086,-0.984904857297294,-0.566142595362131,-0.935413774115887
"NR2E3",-2.97422928584622,-3.26547083537728,-2.73335416482753,-2.79796000674151,-3.52356452778484,-2.71031849514213,-3.19350470204307,-3.10116038786804,-3.15800217144632,-3.33846261962623,-2.79985923685943,-3.08092968949681,-3.47424240485923,-2.9074756146591,-3.0522860026742,-3.34874241792807,-3.37279680445173,-2.82484404713336,-3.11850980053367,-2.84371715003523,-3.1373325968922,-2.7066305859513,-3.21745876683317,-3.20373091550391,-3.3144074004804
"NR2F1",2.44111761878813,2.41502038772072,2.05928848229681,2.19007099646005,2.60267203234841,3.26834928447607,3.03364360415695,3.28726806881866,3.26370590069333,2.72263220664977,2.83160408120981,2.40601397322534,2.38894237232889,2.80619831796922,3.14235006252121,2.8252638266556,3.52017794731724,3.2908099285463,3.16269217146624,2.48556558780235,3.26900070499676,2.97183109558935,2.98798570568935,3.01995750942078,3.43426250268585
"NR2F2",-0.574205643439232,-0.151375014541001,-0.696864395719812,-0.320424838043831,-0.176658942048125,-0.0280440369434961,-0.363557381642152,-0.129884904824191,0.231445990446254,0.04218859150902,-0.860954448766485,-0.388941127078257,-0.285384060697784,-0.405067567885186,-0.116809753818514,-0.49272435708677,0.0397775984999202,-0.369361561297271,-0.248172860085162,-1.23512539414821,-0.160866024282481,-0.450640325254217,0.13909688584827,-0.834396905691256,0.0173679322793558
"NR2F6",-0.784334328765371,-0.176647978656673,0.682585998467068,0.0873176086465799,-0.328410678196463,0.593886638090856,-0.720055177654653,-0.418514024536126,-0.153920159428949,0.105089972206952,-0.354036851475316,-0.090061958895634,-0.440494735961435,-0.236143474692763,0.116202010296983,0.00997754792906391,0.361819375888315,-0.547523458263443,-0.444775817915025,-0.493134636462328,-0.345762553032247,-0.225245187726413,-0.205987385142679,0.0677165945859923,-0.00448965761725661
"NR3C1",-2.21746497737103,-1.08374756252406,-0.306986465195137,-0.293661370759344,-1.94603158698618,0.725728254940599,-1.58207798530962,-1.32017610873266,-1.17107170155319,-1.65751008777864,-2.16787735524303,-1.85829014757054,-1.03311065265038,-1.46497545921752,-1.94241664659462,-1.57882804375143,-0.843515072566325,-1.45801039670939,-1.67200851844728,-1.51762598363773,-1.67676731429744,-1.41956109296929,-1.23876714874037,-1.55986705202078,-1.53961062178267
"NR3C2",0.456572029956485,0.541008037097414,0.840246929659096,0.719634061458072,-0.603017535076284,0.417717296349654,0.406146600971695,0.309451601718359,0.393865851809301,-0.0270678629481755,1.12261003626538,-0.479387094500522,0.835356011618115,-0.04226764952237,0.141723631649802,0.425232703854273,0.726396563459301,0.697846468805954,0.225686869237548,0.366979299387712,0.753134066250504,0.646835582876445,0.865705695828352,0.0751767616813756,0.515782435111652
"NR4A1",-1.96013419770067,-1.52491206080766,-0.93927199530668,-1.60630286532845,-2.61144465062609,-2.21713155745009,-2.1201985345255,-2.02544580966189,-2.08167646426099,-2.35270276272192,-2.21201178137996,-2.75362383381615,-1.8081670591238,-2.59061237541437,-2.11728908275785,-2.57233064632189,-2.56425715755457,-2.17589070949423,-2.31536216999186,-2.53558677231346,-2.20551350302604,-1.85035805283034,-1.41014841981685,-2.58715355199957,-1.93833267458864
"NR4A2",-2.05700738971637,-2.0897468391944,-1.69785332365879,-1.42600660261059,-2.13310717143829,-2.49400481679237,-2.0814924382695,-1.7985870033723,-1.84594087101932,-2.18801008319673,-2.29803434344651,-2.77088786653111,-1.95464662489865,-2.68928534958793,-2.14853741422438,-2.48954570211003,-2.17419461440495,-2.71664640136499,-1.79702748481846,-2.25129954125787,-1.72965701415131,-2.14400971954554,-2.1174805292301,-1.83605366634593,-1.95746142386058
"NR4A3",-1.02700712921501,-0.665251427858975,-0.919954553649193,-1.48919617746368,-0.996403188833945,-0.318228936262897,-0.818427045709406,-0.0541042650332524,-0.56658333720774,-1.19999296307066,-0.846225212154262,-1.10424857971763,-0.018078406299539,-0.374313737372674,-0.81411658308968,-0.673998491979262,-0.872448521595024,-1.02325139326611,-0.489830936090295,-1.08411059545555,-0.262195271840983,-1.15815052450369,-0.762751605017596,-0.942928663865104,-0.741510052149386
"NR5A1",-2.06932426692983,-2.1296868871249,-1.36484484360351,-1.66504149508678,-1.8701651605716,-1.51194285862652,-2.4367931362633,-2.15404781066473,-2.46698077031453,-2.74612636522786,-2.43775978614652,-1.88180854778348,-1.84767808946929,-2.09614112263962,-2.44808016491342,-2.91882015222776,-2.0832249917785,-2.72891045710829,-2.12175850300425,-2.63543406707634,-2.14982613082746,-1.77451507358653,-1.49865947140775,-2.78343284868564,-1.68487516556407
"NR5A2",-2.8665512217886,-2.19367664792793,-2.45463982295849,-1.43223912156545,-2.51998198486919,-1.58952355905505,-2.37217998556743,-2.43860493645337,-2.48772753241428,-2.73950957378182,-2.50031261590622,-2.12414637388664,-1.30762269073988,-2.44820411461577,-1.91529145743737,-2.16320790248552,-2.51320915950009,-2.87815077355668,-2.57126772885113,-2.42236031533677,-2.66937695863511,-2.25081413656336,-1.68596935589856,-2.45389188384046,-1.94770380106421
"NR6A1",-2.85382423185244,-2.5842829357663,-2.52293449635061,-2.31611055292125,-2.39057104864063,-2.45963777096451,-2.48153866571873,-2.74000435591418,-2.52215734402662,-2.44947494726178,-2.21245190744907,-2.71165862745175,-2.7594480172091,-2.44957166144431,-2.48133912296469,-2.25573379366344,-2.79506786739168,-2.95334964186986,-2.33606332449844,-2.7224989899609,-2.23214135496996,-2.3866312117111,-2.48067674683643,-2.42352667644347,-2.50361665608318
"NRF1",0.0492862959632179,0.312095781010816,0.364372619181876,0.950467781707438,0.568087347741722,0.601410456797049,0.0691167234178939,0.262465610117496,-0.157444898966024,0.431007494078717,-0.174329000993138,0.328127423084739,-0.0986952407085274,0.0613247971657002,0.316335961144331,0.131837384970919,0.199690289272838,0.584645952223021,0.130233613257027,0.040570936601487,0.149670288885286,0.270262576378008,0.208139697873169,-0.0865421008015472,0.88732349588271
"NRG1",3.49828499920469,2.98981083941427,2.98392363492747,2.67785984716624,3.03117875053566,3.14292650733248,2.82805938503526,3.080479041814,2.95824299113477,2.83313626101607,2.79658668394286,2.75804332079122,2.96563680741733,3.09265372048038,3.18861919596673,3.11162913275548,2.80186086638154,3.45702549071561,2.82190699363696,2.67723273177708,3.0381399909336,2.98574791834681,2.90208924989755,2.95006964793823,2.70429337392276
"NRL",-1.18558081424649,-1.42944161379468,-1.08539206594182,-0.994323276966729,-1.18592997386546,-1.14889982417829,-1.5296406524094,-1.00295102388416,-1.00517502623451,-1.02126666243538,-0.860919248021246,-1.71874076212793,-1.18596603457027,-1.33838540516095,-0.53329154315891,-1.23825008302219,-1.62332812145777,-1.2156122487926,-0.772263859589581,-0.779884910463076,-1.37432581621889,-0.488761123804295,-1.63372079981794,-1.17068482685788,-0.975208602882298
"NSD2",0.651057540057667,0.843032841711699,0.570099944107791,0.326346813926538,1.25576124693158,0.577368805647561,0.694168725018525,1.04891179723002,0.743424734096328,1.04533310862766,0.871749836183151,0.58621513441583,0.810929407062548,1.00037848449056,0.81857770007303,0.932936873126932,0.545890884235551,0.969323453655735,0.744986412836413,0.245668234570483,0.666590291090242,0.604190336208552,1.01668760864809,0.629850608100032,0.782947921090539
"NUPR1",0.580542623299765,0.751387725400769,0.824590252082617,0.86273140886394,1.11474906863197,1.14666460588286,1.30389089020788,1.12417051713671,0.743661363630862,0.885012524247985,1.02650867721372,1.10368544863789,1.12170217914679,0.614958069575974,0.848131887350075,0.967099497733471,1.00023123296237,1.32668678050974,0.975870827024248,0.566489029209503,0.77064641530545,0.669203297218345,0.909661808726032,0.787549813805657,1.14848055003086
"OLIG1",-0.991799154868306,-0.967158943734953,-0.926825785282983,-1.1916487933117,-1.53633753314771,-1.70533431056542,-1.02830612520911,-0.471837359563471,-0.39116975699665,-1.43852773230653,-1.17543664533371,-0.982168245462478,-0.909284723175516,-1.41554939733604,-1.23913883294507,-1.40353799937533,-0.587131663413314,-1.35060208475627,-1.25705961473626,-1.54395357004502,-0.205323865447553,-1.22548922014873,-0.580861986078456,-1.24736975055836,-0.805531517583253
"OLIG2",-0.377565756728421,-0.314362238039513,-0.0946949033535301,0.00496044462875339,0.140690471573,-0.416877896231627,-0.508323297429815,-0.22615881539434,0.166937884259155,-0.161828764093747,-0.0444973983804538,0.0617981021085977,-0.296194542055551,-0.0509080864967691,-0.218792261626429,-0.400254485795235,-0.0845382164973646,0.00957240248990812,-0.0134097469622241,-0.622994517248348,0.254496363884435,-0.0300681860300086,-0.32629853544531,-0.0257828579404505,-0.028293345654573
"ONECUT1",-3.41646376465448,-3.9358530846044,-2.4448747360297,-2.79160294553716,-3.82894382835778,-1.11546177413251,-3.54719923812805,-3.80581196721342,-3.64314187356175,-3.16476474436491,-4.26208502079604,-3.64418978722293,-3.12294639484389,-3.70288435697911,-3.20158144068856,-3.6864126232111,-3.14886756105181,-4.05034693792485,-3.23639854179326,-3.59425235234216,-3.96553674264005,-3.67188522147056,-3.63129894558762,-3.24373879996066,-3.33401572233424
"OTX2",-4.90979217806588,-4.76183980282348,-4.56624071791961,-4.91012766906222,-4.75841090711279,-4.51170855997889,-5.11803108974728,-4.77732398536444,-4.60770890368649,-5.09682976430713,-4.80609426913194,-4.50078323341289,-4.67615537267645,-4.67301487672646,-5.03032993251286,-5.07466043594637,-5.28202422138217,-5.0272167260641,-4.94783898235663,-5.02551143688848,-4.23544922886623,-4.4970351713479,-5.09156155555918,-5.13175441727895,-4.72280135355441
"OVOL1",1.6865189469043,0.888737067019107,1.55839490756088,1.18140830885585,0.780079740435215,1.65305443886605,1.04231605856503,1.32279641988567,1.22527142361348,0.949723553052553,1.54051384951097,0.675409159785257,0.935740236949973,0.88917568457873,1.24862062578211,0.975430257298603,1.44473249080202,0.9082296184871,0.818835710082525,0.959420789179306,1.64635955513595,1.18936648139819,1.13969774201482,0.603800420877845,1.2125388817405
"PA2G4",0.911492759541687,0.335421591322821,0.849746400297599,0.838199691366545,0.502679620975875,1.25211791295412,0.426839593163456,1.19823988128594,0.944529302951709,1.03399823881736,0.468586178961543,0.54036520598158,1.26109453990139,0.238437827687317,0.511718252413726,-0.127061311584585,0.194457158365437,1.0512397992591,0.535856714976948,0.928269409218987,1.54936065948279,0.711243834856573,0.513350809558257,0.592665687975411,0.669532584815161
"PARK7",0.521366354447173,1.49193955417866,0.605719396759196,1.84980319528362,0.565142550279018,1.12672679502749,0.821776817441417,0.498925445944392,1.30384381939404,1.08015285120483,0.508079572748247,1.13016058069263,1.23857569311599,0.817789158482853,0.799194354175054,1.03107071685871,1.37816461747169,1.00822973562852,0.864816705759362,0.921292499736349,0.756778209482294,1.10392272146248,0.897682387106854,1.25275610627684,2.1962992753129
"PATZ1",-0.3895401946563,0.0653854652782191,0.172046046832977,0.273476932107769,0.700870843804952,0.29201004770773,-0.0548014142568318,0.38283705022973,-0.185064663089188,0.325258556122474,0.92772247302249,0.0100234217789981,0.433284161797417,0.316106787894149,0.00314296343635345,0.412969638926676,-0.517705240906065,0.252097164538438,0.0753134370102263,-0.168152686474746,-0.105663757013916,0.0753398387438511,0.108948428046138,0.282095033836254,0.430024964224175
"PAWR",-1.07419890688491,-0.415027059457676,-0.626045220616074,-0.14993741650168,0.214706519391744,-0.755458628614074,-0.191510376703041,-0.42646052925356,-0.251291304818609,0.537768631101358,-0.737600136567508,0.627873854500517,0.00215532985016084,-0.263606354283653,-0.44221193474147,-0.40146593204791,-0.60971429245122,-0.41894316057909,-0.00168812021048251,-0.157346440148582,-0.498222565324061,-0.0806723992758124,-0.27793230277962,-0.0532447070194925,-0.0269171545858963
"PAX2",-1.82168304094546,-1.98918059182006,-3.00352024148197,-2.52675114407713,-2.02672473442095,-2.74955480443741,-2.00436544871488,-1.83036627491625,-1.71234923334117,-2.08374937116569,-2.53650990153508,-2.35291114895984,-1.99067062100854,-2.35297714242312,-2.00508923152789,-2.60374599287895,-1.87678953136898,-2.839568884268,-2.07165422918884,-2.22907057936517,-1.56902481727845,-2.50290459530438,-2.07251426606978,-2.58483642879103,-2.62921265520381
"PAX3",-0.820094474608534,-1.06553853620298,-1.1133743096189,-1.97997350178365,-1.59189913711861,-1.71458228509735,-1.32992205264495,-0.682569972314685,-0.704041432468301,-1.92168815100676,-1.21355245769122,-1.7008868843393,-1.12811544640714,-1.46357975982793,-1.57689241657062,-1.83939378686172,-1.37435668974276,-1.65603718741712,-1.2242907796934,-2.17098727100237,-0.0574541553287079,-2.00306145445689,-1.12124210712027,-1.44921715223362,-1.87842304710407
"PAX4",-0.92704289756083,-0.0785347091520226,-0.442941038125079,-0.628843494704981,-0.345215923580717,1.07198328417572,-0.230588513400205,-0.205548732127566,-0.267592941642822,-0.309194344948643,-0.417965877909506,-0.430231683054495,-0.254811235838988,-0.400712508497007,-0.183231058414162,-0.597751315677316,-0.538767675036605,-0.068821256467937,-0.479833852042061,-0.663301855079841,-0.289921591197241,-0.326537784021789,-0.388021765617661,-0.441340430142042,-0.765493677269968
"PAX5",-1.71218692874283,-1.22349722184753,-1.14521404740259,-2.27309471155687,-1.64111046836412,-1.3257247694211,-0.50036399869165,-1.42617744067866,-1.19951809852108,-2.08555095551602,-1.00734638654866,-0.808965087269713,-0.831480634091667,-0.629589142294448,-0.0713417691640175,-0.303165000262852,-2.0676581017984,-1.76349137593848,-1.08622482567745,-1.82188334196861,-1.33233176718377,-1.25787467268593,-1.25328638871099,-1.55116974710606,-0.785737403066545
"PAX6",-1.0424714368326,-1.87385947156493,-2.18757819423704,-1.88781344172977,-3.47958741535248,-2.03503101770189,-3.03863370887895,-2.32089737639503,-2.36954238991526,-2.92641840221345,-1.77221204056406,-3.54924454215587,-2.74703804830497,-2.43973936162869,-2.70775886339354,-2.88945463155487,-3.07547978950523,-1.97578647867824,-2.94671369347022,-3.32442564856641,-1.99225972138831,-2.23938315999023,-2.68341000012511,-2.81820866114558,-2.69289039155872
"PAX7",-0.418667341628375,-2.09928309027072,-1.62521684649284,-0.931214796411586,-1.4645507720011,-1.75031114980039,-1.26220683082417,-1.2775107569646,-1.76716125279424,-1.20686726488056,-1.08624541341067,-1.33374187832747,-1.41932407091166,-1.78839522781332,-1.46319571498077,-1.91371820579406,-1.74354961624427,-1.20024572413218,-1.4817575244875,-1.90175720215126,-1.49520688039543,-1.09764632847008,-1.23972129811771,-1.19600038128327,-1.14838509989478
"PAX8",-1.61536147528683,-1.47109210217471,-2.16184201199593,-1.93032402331283,-2.31322775156717,-2.25464087123108,-1.87654129305083,-2.16017449812369,-1.83818584444222,-1.8434706085861,-1.63124739658424,-2.03053559113997,-1.88567519568124,-2.33596871442583,-1.70178730058978,-1.56940310439731,-1.65280053352413,-1.4968866501145,-1.84960256539437,-2.19021133153594,-1.90165360635814,-1.81537831023769,-1.68762571167495,-1.64766896055746,-1.21227702801756
"PAX9",-1.35752940547995,-1.50624936516805,-1.52255764424036,-1.93072680121738,-1.51554732610517,-1.56568177782069,-1.81867605927551,-1.31401359710775,-1.23272550219429,-1.35789923316215,-1.95726035894526,-1.33334340040317,-1.55971491407151,-1.54209096996566,-2.15633734557617,-2.08245445214864,-1.46878833587261,-1.70309741771524,-1.67015552796503,-2.1506270084811,-0.889016735590649,-1.97967376933119,-1.57938519650371,-1.82648317549542,-1.31365685806383
"PBRM1",1.69281070144559,1.5061836421493,1.49400751656724,1.06179869489618,1.56682781937934,1.25250702650889,1.62192003019046,1.44544479650461,1.51476132315354,0.876456010889065,1.68388942694943,1.40399622451069,1.26191118863872,1.93225620702246,1.34994256739775,1.31177044612174,1.85397746493322,1.47568094415738,1.73363889861638,1.74796467126363,1.23336480158747,1.76271267735252,1.64945416729107,1.31521710520144,1.53682539618053
"PBX1",-0.91047636298937,-1.23624377265018,-0.753160464115176,-0.639395912910274,-0.132863258656217,-0.289877678226023,-1.0208070703836,-0.958474539771033,-0.490799029983794,-1.10180062525478,-1.12256188182315,-0.920460055403334,-0.999951280733682,-0.748901478946136,-0.894818349055225,-1.14247172383574,-0.69955557972222,-0.42440475259684,-1.07464035468973,-0.961395392073336,-1.21979930588703,-0.138838623055538,-0.649886879273575,-0.682458506071371,-1.15198812020956
"PBX2",0.976268360611036,1.32704336672901,0.980779816804641,0.0766835165523702,0.437098039180104,1.16524675345366,0.942740016784599,1.02923414744226,1.13363538788013,0.533597808337925,0.922675259385876,1.25988925657923,0.760499839779993,0.925455225529919,1.12933039273699,1.13387672152348,0.875775091845188,0.89982261744968,0.396507211944656,0.647766218431894,1.35478764007617,1.52615889172052,1.28179884338839,0.791770042920177,1.5606417826651
"PDX1",-1.93391005119582,-2.22908654695781,-1.04563390525628,-1.45626385051846,-1.80598634185976,-1.28971257377598,-2.18764610226653,-2.39123647884341,-2.2578678502841,-1.66833450420404,-2.36086518836449,-2.37295471334537,-2.03416073871866,-2.1655708949752,-2.09133608871145,-2.24114194725721,-2.26154652277683,-2.09512086383254,-1.87860548106953,-2.13826665349878,-2.40003472075071,-1.81751594960288,-2.09630364381186,-2.12083995851004,-1.98771585411702
"PEG3",-0.0017678085718514,0.30902306112719,-0.0803198586368965,-0.330101520234552,-0.324324423894528,0.507405666054374,-0.00687980160107315,-0.086157140460852,-0.162565573643129,0.642740138633601,-0.102153422307056,0.0440361919434726,0.112326338596547,0.323129149818334,0.184075249509251,0.714247620618311,0.072541962518279,0.10568027463662,-0.202119076113336,-0.284163799258792,-0.0107346403419108,0.257204380562556,0.317685649879876,0.0620504775563642,0.264290164140705
"PGR",0.189276331082685,1.16242794428661,0.536823273980329,0.386669492914192,-0.616081587960202,1.18801017000208,0.650338669458936,1.19257868486134,0.96383264731348,0.180012136902288,0.786615495707137,-0.322124823524941,1.16956785646644,0.424888950933809,-0.00315344558452492,0.462026295025379,1.63859714221108,0.978574284841339,0.425080827331468,0.505202461467215,0.882197396176595,0.952966268430264,0.981944057123967,0.687983352189625,0.705978388956065
"PHF20",-0.363695785100772,0.282293053731651,0.0576329652843935,-0.00148246382961877,-0.103856479851425,0.684541831840512,-0.240284389858427,0.0186251481085426,-0.326065021340688,-0.128352446860483,0.75027784249563,0.358614874066706,-0.289491645072458,0.635556711248354,0.780960316651994,0.195391782675985,0.253492326055809,0.402720894796188,0.115490323053676,0.0334874430102333,-0.106126365361938,0.635875713445862,0.0617040528104395,-0.510806708190123,0.190340681397381
"PHF5A",0.571539407398891,0.0134149182341173,0.781588696166175,-0.437144548287319,0.91026094382372,0.878678950073522,0.551643218946106,0.547491103609697,0.733530376085164,-0.174791712587148,0.40993619353169,0.126820664561391,0.0289282102234741,0.248063531812033,0.971637224549966,0.333883540041379,0.147834531231458,0.561837264928716,0.530895393269203,-0.104174264184959,0.096350769434668,0.227005202865902,0.170093025451968,0.415963782082669,0.0776425637281945
"PHOX2A",-1.9435271696769,-1.38250201103018,-2.31596223334178,-2.78262119343357,-2.62795493446631,-2.9182076793425,-2.09543631889782,-2.07079196913323,-1.93419330222514,-2.3804492047952,-3.17789710644339,-2.74106321950191,-2.69602643224075,-2.66562291764159,-2.57310358884688,-2.98161432730551,-1.18196578852802,-2.25261371232862,-2.00520451799398,-3.14353814267928,-1.79415635060959,-2.46049255042895,-2.07670879306519,-2.49265538233607,-1.99797290975855
"PHOX2B",-2.485913143713,-1.14505292798295,-2.21667052929089,-1.99833861335633,-2.12134230305713,-2.46445933945467,-2.18426035011173,-1.62665526943568,-2.04372171643757,-2.22722723522742,-2.48924217324431,-2.34160268431886,-1.87478494085407,-2.58506809835503,-2.12136723977916,-2.75226866676111,-1.39258974450926,-2.30346702682042,-1.51259265691674,-3.33354742788194,-1.28066417372868,-1.99806713079154,-2.11054915970198,-2.35984770869842,-2.73761885605388
"PIAS1",-1.6728717361794,-2.64444984130238,-2.05497546436874,-2.306097254806,-2.11154219040029,-1.3080813398269,-2.36917714333661,-1.72201439341249,-1.85508165532506,-2.49069790238036,-2.29907541192707,-1.65145320573568,-1.70973154524452,-2.06484106757115,-1.38264195996742,-2.12415786181169,-2.22375393375015,-2.21897998479845,-2.29839978012278,-2.49769527280136,-2.15899070476736,-2.22004187728822,-2.34845237243301,-2.03043280579998,-2.08169946394278
"PIN1",3.11328091071751,2.75614063361384,2.52417540497038,3.4810427510751,2.25156985038398,2.67917706784002,2.80804196687039,3.20382919445058,3.19442542336099,1.76055064541054,2.86584926494176,1.58273608763137,3.30418276000433,2.13497942095551,2.30874273894789,2.83363822998987,3.40529917001173,2.65449070791723,2.41922981689397,2.70239831082654,2.98850368096557,2.53821080834752,2.79239123582931,3.22146859959557,3.23275749217301
"PITX1",-2.0973300215509,-2.07176106123829,-2.48250993254799,-2.39991734442553,-2.92038628747811,-2.89246118094426,-2.38646371174341,-2.05874039474436,-2.37477142684108,-2.16329297026876,-2.48165345290643,-2.75563448397339,-2.20291873729696,-2.97751230805341,-2.74097881126668,-2.79190895462187,-2.60086567024184,-2.63620448947409,-2.80300855648888,-2.43784285565927,-2.29200411922592,-3.18071290047657,-2.06481198114937,-2.53251358440671,-2.25706723766863
"PITX2",-2.05477456132299,-1.75681708808897,-1.51093909011978,-2.33305909982833,-3.24572556993004,-2.1104650969097,-2.67823149060489,-2.68579223898257,-2.17678315953001,-3.36161224699545,-1.86686503172533,-2.53294663106717,-2.46980288577037,-2.78902399859986,-2.45593673431078,-2.55874719706425,-2.27680122780231,-2.82970168006631,-2.73677851161365,-2.53074443878857,-2.20397760828029,-1.99551578097858,-2.05922639217517,-2.80573429959423,-2.92215468811392
"PITX3",-1.0967889480261,-1.73750602037786,-2.13625659948283,-2.04508835727235,-2.00563333876282,-1.38737143724879,-2.12938689566761,-1.16882558251265,-1.79094357784534,-1.6804961129623,-1.22105481849462,-1.64169917127685,-1.86550152207,-1.86492853222233,-1.59483685312063,-1.8198523165017,-1.27301447199845,-1.83663265478931,-1.79294725581854,-1.53140662580687,-1.58251234294899,-1.36731992097456,-1.6089583945085,-1.51034832209571,-0.868740502149414
"PKNOX1",-2.30152172714106,-2.03047578191263,-1.5864909554412,-2.37882436864605,-1.9634457624093,-2.05909081089738,-1.55811303820301,-1.5470309172875,-1.44335962292312,-2.03150179444111,-2.1970457475772,-1.92909430549091,-1.93718303584623,-1.75776280142712,-1.74573778385746,-2.17286654864029,-1.93470949606827,-2.38058972177111,-1.74415445371552,-1.60973739420189,-1.60368395496498,-1.52926027555233,-1.86548479534848,-1.4723589891924,-1.68137200238139
"PLAG1",1.17630603635466,0.95866868608877,1.16008799498181,0.718437677982977,0.883030453049008,0.601617881856173,0.837806539561541,1.3103165378273,0.771820188955737,1.12376152423966,0.983675634545675,0.759331565176943,0.879618035408686,0.675205628526146,0.498394861697456,0.751943202567892,1.10400587210129,1.12829838553298,0.935879317401158,1.2562858218766,1.08188860058534,1.03891773918624,1.48811808051493,1.2255578018624,0.861521993474845
"PLAGL1",-1.91393875298152,-0.869823408111984,-1.6868125793882,-1.63983346956482,-1.11095277164051,-1.39371840868296,-1.15856577631502,-0.871291971539869,-1.28216272789926,-1.31464319557245,-1.25580678831091,-1.29180208195097,-1.10313927055296,-1.17775332545882,-1.53220107802406,-0.734670022154079,-1.21787600160336,-1.59244179514809,-1.47829454149462,-1.54899145453601,-0.984645803735134,-1.20406947463734,-1.22772817971561,-1.99599987085769,-1.22975208275046
"PLAGL2",-1.65589180143141,-1.69287251670361,-1.44707595456593,-1.79681451866612,-1.34453262082535,-1.61936550204022,-1.60722328424209,-1.68765739543593,-1.76560025119523,-1.15632203041928,-1.09498405597557,-1.48273343715897,-1.65919174102226,-1.69636213474849,-1.84468931220079,-1.31829024244681,-1.49565011609433,-1.48770484760749,-1.52169395869629,-0.869023757307411,-1.75625179304476,-1.33179421143024,-1.21941923558133,-1.54654166099943,-1.78859270603118
"PML",-0.690248756860375,-0.949779557894695,-0.495557360288231,-0.697121203230466,-0.281643402646917,-0.365965611299646,-0.374370153075638,-1.00338686401613,-0.729819439447585,-0.590370475507809,-0.589784583504649,0.0302631256091493,-0.635550824517828,-0.471726379817772,-0.337216244923139,-0.590729067310547,-0.729300734765306,0.132717873110124,-0.160743236967359,-0.563408282853844,-1.0664754251371,-0.404503991598048,-0.618267941819043,-0.467349918311159,-0.776269205053718
"POU1F1",-3.08769069289447,-2.83558555637434,-3.0438472051092,-2.00408643392051,-2.62011262327337,-2.78044860772206,-2.87130607196452,-2.94493674397228,-3.14353214991608,-3.21810020677055,-2.73569166311267,-2.18600017845833,-2.70049876223852,-2.87625922396009,-3.19727984438972,-2.8088859690929,-2.91773330931323,-3.31904368875728,-2.49507510618633,-2.99550931544752,-2.45358494943919,-2.56954303469312,-2.60942791247205,-3.47719207597082,-2.29967819912976
"POU2AF1",-0.856440271247488,-0.891741357650047,-0.353730677681612,-0.939948187662537,-0.622081101289557,-0.00748937430313615,-0.457439661207651,-0.409353268077794,-0.70186765381945,-1.04721748422216,-0.505170394654375,-0.468956094192882,-0.657055705737158,-0.263282677127237,-0.215736475519309,-0.443541481534908,-0.841587203335364,-0.994262393968578,-0.447822169796409,-1.71953359318309,-0.8983657214014,-0.567267749138905,-0.746450968498961,-0.695514741698491,-0.180705670279733
"POU2F1",-1.59431797354562,-2.28183798488894,-1.95014015305823,-2.08509222236807,-1.68689857238318,-1.82408344862964,-1.74833184894888,-2.18101704760264,-1.98924939806454,-1.78208935486642,-1.68926596395585,-2.45460785659148,-1.92636003046572,-2.23754732565707,-2.14213847498822,-2.19060158680511,-2.0072857842345,-1.89679981609708,-1.66717166777078,-1.98832081835028,-2.18272360080256,-1.2893992197691,-1.91394593596917,-1.78273066645858,-1.60531398208204
"POU2F2",-2.19500796555968,-2.23350036925015,-1.89187636266704,-2.12920094658272,-2.85696984483095,-1.61710064083817,-2.53308222114261,-2.23679059091697,-2.40533235641431,-3.30380280702537,-1.36291743517238,-2.98685543817408,-2.77997067949632,-1.79935209268313,-2.2740169317292,-1.98136322608236,-2.84577837691996,-2.64876190142113,-2.65714582385937,-2.77342678845686,-2.26702265589264,-1.66876808863069,-2.34079911904583,-2.42425566515217,-2.09461795388686
"POU2F3",0.0814309333692264,0.51912408130421,0.580036190329948,0.355531524818047,0.964312574668096,0.212006789625537,-0.152920243944594,0.850747796476571,-0.919613723508644,0.738480287668834,0.277134437935386,0.850216516436513,-0.0294965130839688,-0.158092161928431,0.489703385882607,0.367791875298693,0.267364235428413,-0.315661908219068,0.683953110774258,0.0409911126716425,-0.434928383833923,0.519107402760922,-0.0615265696926582,-0.155384089067594,0.491435350699739
"POU3F1",-2.23039178574873,-2.21299083829142,-2.00012083749276,-2.55154358551065,-1.90809081769777,-2.62225681638523,-2.55385325414092,-1.90059207173569,-2.27815241886139,-1.94984984359442,-2.37604116156949,-2.22807381012048,-2.61388261603224,-2.80216501925702,-2.31032776612231,-2.36811385530456,-2.04376070557582,-2.66085201093827,-2.06253594606161,-2.60818196012198,-1.97320282644409,-2.62921526763205,-2.28698395215168,-2.03660058864335,-1.8817435736175
"POU3F2",-0.735444145894605,-1.62104394869287,-1.86081768753734,-1.35761074424462,-1.32349704818621,-1.67216847050553,-1.82369119398708,-1.99085705874544,-1.69471877486919,-1.04549618422823,-1.46984014268361,-1.95731029475694,-1.47291995843459,-1.88071601889838,-1.89569068166713,-1.72051370402381,-1.43257103164731,-1.51027265322604,-1.72449086727552,-1.41561230511529,-1.26539880446347,-1.78867199231276,-1.62648221242287,-1.47703331271355,-1.78266386799205
"POU3F4",-1.96532800176927,-2.25761653637492,-1.73650825873349,-2.53845018494957,-1.78397751963775,-2.67734097468527,-2.63654243910941,-2.69115927976603,-2.42093574458399,-2.49848154828126,-2.46289082724206,-2.93894104071978,-2.90742867174776,-2.50622207889908,-2.82300726133988,-2.47543813523573,-2.80464746661847,-2.72628274377443,-2.44697613236165,-2.5704411011066,-1.8494164154144,-2.31239314499693,-2.18420331176575,-2.18449290536118,-2.82308067056706
"POU4F1",-1.46199552576295,-1.14776650530741,-1.71353931587412,-1.65633792196647,-1.28742724042716,-2.02828403813893,-1.37719233877943,-1.28495296517027,-1.26486860498636,-1.39810547244542,-1.48007728956132,-1.67639010449167,-1.45205666987624,-1.97226905471088,-1.2616344609419,-0.976327708681034,-1.02733917664108,-1.35482009037193,-1.05021834948574,-1.71689872358558,-1.41902125474314,-1.20787271677155,-1.2145592946148,-1.32813257894392,-1.3712587617496
"POU4F2",-0.193626547459971,-0.761925564623746,-1.07005079572255,-0.333824211725714,-0.361864945324987,-0.650809619741434,-0.420396799737893,-0.109976793673389,-0.41989706915841,0.16664612149895,-0.995613329627078,-0.652167803700649,-0.200317796973978,-0.587481117746851,-0.705262325117869,-0.875834876899461,-0.324656519883989,-0.405673309167418,-0.0814470920020041,-0.762701056558259,-0.29166291120774,-0.255519971836439,-0.194507128184087,0.0394063648267896,-0.0291950046603904
"POU4F3",-1.9269027533392,-1.9354818365765,-2.02077973296318,-1.87127253748648,-1.38057070567599,-2.21360015890691,-1.85735662251996,-1.7775545026061,-1.92995289301588,-1.10980186828152,-1.95375277523411,-1.59901927785406,-1.29404428508619,-1.70915607098473,-1.97026970519095,-1.62522323129381,-1.57434315416134,-1.88491434712522,-1.72427804298728,-2.00904963617831,-1.16890694031235,-2.01309632358916,-1.68182006697597,-1.59165164104857,-2.01647720837755
"POU5F1",1.20946203669389,0.168448779466163,0.383354669859207,0.277999869077321,0.167980706858494,0.120464185746531,0.408352254590389,0.217685287863064,0.211224174323477,0.75013623563193,0.51605861487894,0.141989109556479,0.377745864183125,0.174604463003034,0.7257638723223,0.303988784700258,0.354350109584133,-0.0492842652708737,0.515325640174028,0.763907051000508,0.560392798977795,0.387606407349084,-0.125110486373022,0.637771723322607,0.347399427586879
"PPARA",-1.62117733277824,0.0373435464951254,-0.562824028775766,-0.680245492682172,-0.205133449576556,-0.348189239280571,-0.568118709390504,-1.02592202707569,-0.945096910668033,-0.821085844201107,-1.30791665292038,-0.00568013335728024,-0.223553076093221,-0.44831406860822,-0.439583771213656,-0.379884207777598,-0.547643339127206,-1.23337445125603,-1.4107956510168,-0.217570007319552,-0.908457844058941,-0.768192702412064,0.0720711253266852,-1.31472368416172,-0.762538642919686
"PPARD",3.1108261144218,3.49382272184011,2.06917434472307,2.43997531352337,2.20514453397452,2.94955572035297,2.51541955229818,2.69358778034101,2.76573191549579,2.23045945068614,2.4341508184176,2.79498189419869,2.92746810000706,2.74995074846349,2.65726968098973,2.65773204024827,2.5869463923616,2.53132278637694,1.45258642814559,2.485446690645,3.02193203831642,2.15771099593811,2.70878587806508,2.21902263960337,2.85570972996416
"PPARG",-2.50478155980528,-0.939188118360717,-1.4914420441372,-0.594799457154572,-0.453469968761573,-0.656059278676133,-1.09807153101073,-1.69784359665614,-1.9750066348712,-1.47744645216871,-2.05501528633779,-0.730910986888038,-0.988291261119364,-1.03157784057872,-1.31001742903308,-1.02159479280157,-1.12738961833931,-1.13267447209649,-1.0414552407771,-0.88119266759348,-1.7607514557143,-1.3533148487849,-0.237002651575937,-1.2669346784902,-0.760756247712813
"PPARGC1A",-1.53504913801863,-0.867135968942278,-0.594525056621001,-0.685030904104915,-1.08388907539322,-0.599113406214397,-1.47966527938665,-1.51949588672256,-1.21734654467857,-1.45877075651575,-1.12364882926669,-1.38819311190416,-1.16347518925496,-1.37272669452473,-1.35704475262357,-1.41478304148812,-1.18190225996776,-1.31226997371447,-1.65005874124277,-1.39938301135419,-1.77799304006945,-1.56804273839198,-1.32358015048468,-1.67243122015962,-0.595670709553293
"PPARGC1B",-1.16188794950858,-0.780035099668583,-0.109058276631434,-0.872643593345771,-0.673374429814347,0.370244944944492,-0.682195913372694,-0.866085090212473,-0.756531660499573,-0.663801839458801,-1.08663363763528,-0.885563597979357,-0.736122766770411,-0.475426602857886,-0.43625370204255,-0.502877586915681,-0.29906330780043,-1.34347206023837,-0.874854176903271,-0.827249267945828,-0.765977645758688,-0.60005327497939,-0.755530383223808,-0.798207344293083,-0.947694080300812
"PRDM1",-0.615586501206182,-1.03966277485459,-1.35793730707969,-1.24086153281391,-0.982385657990629,-0.0511982818952612,-0.977360207381897,-1.36785039653767,-0.413749144506383,-0.810017732953936,-1.12264117316259,-0.539836227353334,-0.882229452357707,-0.691970667978368,-0.51347480548261,-0.586082273022739,-0.689523628513351,-0.506387707167532,-1.01568207902385,-0.526110669213872,-1.0935084865871,-0.800059916322843,-0.999259648545158,-0.475884602811623,-0.727162536600286
"PRDM16",-0.565001007110447,-0.95248489417372,-1.15465313578317,-0.928698555686569,-2.19787746970146,-0.884746275515533,-1.94069919268598,-1.19472264496465,-0.486872946765525,-2.19955717399617,-0.355962524601248,-1.81836763026092,-1.17755184687055,-1.12588206828162,-1.76061909925515,-1.81149240091894,-1.47979744148792,-1.05563835656063,-1.84070571489381,-2.00564488704642,-0.775400338722147,-1.53109731320805,-1.21405527708463,-1.80815817544944,-1.43530749688974
"PRDM2",-0.399369273273472,-0.339477169146246,-0.756752849873441,-0.796348615922261,-0.516338544609097,-0.276230357294752,-0.466139034404806,-0.826711466924382,-0.740827623712221,-0.666371293609393,-0.485138891008232,0.0259565361585933,-0.557712071289035,-0.23189634783918,-0.329916755689362,-0.210998764538319,-0.235028709605029,-0.706674655270531,-0.312083917091843,-0.153002566415741,-0.91314257392972,-0.33644122585102,-0.248484197792628,-0.632324559972902,-0.222784636001107
"PRDM4",0.172409166455134,-0.0494747951248547,-0.816947983693302,-0.589002760963284,0.07999570044667,-0.71591247802055,0.281590957437897,0.0128143642229957,0.141885291384939,-0.416291310935459,-0.582666561245607,0.316238876750488,0.438493393509738,0.175125331423843,0.343256216183968,-0.274829072675627,0.131014699840992,-0.816701149643998,0.604892290185774,-0.331926755789779,0.377787183473778,-0.621605178603752,0.612568164746007,0.0918966198084595,0.534303217996228
"PREB",-3.316563945551,-3.29202359677952,-2.97574611946856,-3.32979783166874,-3.10954692981254,-2.23444815841779,-2.99401568406434,-3.33781057546789,-3.25850447522517,-3.38360534399946,-2.76651183043163,-2.85928751153385,-3.16439852269655,-3.0168999467981,-2.90195131970437,-3.022518875565,-3.4463764239911,-3.82127668274123,-2.51788522180893,-2.93160281033676,-2.93364811335439,-3.31993834500363,-3.07127362045968,-3.20925349521368,-2.28316420208194
"PROP1",-2.16110753297036,-2.64060075621223,-2.4176667604207,-2.26050967284871,-2.48248201713514,-2.44081038639909,-2.28243512292304,-2.5386895123652,-2.57125789912703,-2.17124891101115,-2.42652426328264,-1.8945308867396,-2.85815076523788,-2.48981631725246,-2.52816541887926,-2.17802749545408,-2.69592363499346,-2.81579279065505,-2.39258435570542,-2.54757187665343,-2.30307204570108,-2.12326029445588,-2.17724282705578,-2.79250320874007,-2.2460879824906
"PROX1",2.00577327629545,1.21994263049365,0.858919215409732,0.931112035932895,1.13124430397344,0.854716869842843,1.12175993897074,1.63298860277038,1.78521656231063,1.8471315845923,0.731423988222881,1.02272003959663,1.28935428371957,0.865463174790839,1.57491406809996,1.12658750624576,1.08121359785374,1.15733040786678,1.11681849324446,0.927187362650294,1.26956677377235,1.24696591066861,1.79962437556337,1.5879444024023,0.953848654592931
"PRRX1",2.272404307536,1.22008573246491,1.22181878941511,1.19188893594287,0.4487156960624,1.14608005117461,1.09209435733408,1.20930916480041,1.62973205717677,0.628653829505562,1.96495821466019,0.410168023849975,1.16421025692905,1.05495914726692,1.28313587856868,1.70446615982832,1.54965563179864,1.96552417936452,0.714026953061684,1.18537123339064,1.67896949860352,1.1546450986403,1.64106506102534,1.65592463774108,1.07039115188254
"PTF1A",-2.62927313135106,-3.1222730566674,-2.92854588721,-3.35029624148529,-3.00814408957928,-3.9931418006675,-3.06892240030915,-3.49801860264953,-3.00279764522804,-3.24021605238025,-3.29559414170764,-2.89272552505859,-3.38553404937672,-3.81451323753004,-3.15555850369537,-3.14049758411762,-2.8571444958877,-2.74142976991568,-3.28438316639666,-3.37120784618442,-3.1905495604704,-3.01368215755894,-2.7761462779356,-3.41745733577045,-3.27625733360157
"PURA",0.115449430397427,1.49241206504909,1.43193199652813,0.488229182614166,0.513711762389443,1.09572427295042,1.33128172552277,0.925176936761364,0.596858654964616,0.255547852822982,0.91924254779599,0.686376462701114,0.751040038320854,0.871340911763565,0.856829730672007,1.19153356385323,1.51060417889228,0.355629904064543,0.323143483613205,0.67333533099293,0.9123344878567,1.07520668790193,1.59444330672559,1.1969143606374,0.8182691730048
"RARA",-2.38231848559991,-2.8190711159507,-2.64382042272113,-3.09969306232503,-2.63080759277908,-1.42215220341704,-2.83678935164812,-2.6396037013877,-2.23137981915267,-3.64370372836917,-2.50299600318768,-2.31645976678309,-1.84185225748511,-2.73712577398291,-2.93216832887156,-3.32683785512523,-2.21277145172427,-2.08733870319257,-2.14725265606122,-1.97470665406178,-2.09036074952132,-2.40841385214826,-2.4864622886322,-2.30604653336996,-2.32408764119584
"RARB",0.613500165927772,0.642865152819768,1.23545332535565,0.884769718917901,0.937043157079551,0.756517257202973,0.788289431403429,0.466276519577443,0.836846230321817,1.2519945788475,0.811957582062182,0.686562940930467,0.71428321678146,0.65782595487344,0.990057685394848,0.262721049781593,1.18917384015284,1.01779804737422,0.682637099491825,1.77295737033913,0.766677100384901,1.6528638304895,1.35955919699066,1.23617965758364,1.04691244627177
"RARG",-0.137527488886118,0.51380451042664,-0.133431412031656,-0.123054677879941,-0.649259951500217,-0.907282807167867,-0.16571500365132,-0.0670343414517378,0.665133113250629,-0.232420394707063,0.331430387914507,-0.868297044488569,-0.854992563634219,-0.43704443314164,-0.572869579335565,-0.243127494475337,0.459152316430066,-0.218713568374701,-0.655414113488341,0.157732054289302,0.560672433939711,0.824013995740775,0.523433367516011,0.122140145894037,0.112860065135425
"RB1",0.415168170293137,0.736387653088541,0.32187460472459,0.516399047443778,0.604873020480917,0.911413966234793,1.23118838817128,0.79433100165401,1.18543493869167,0.856994859989517,0.298182190963697,1.29770442488342,0.819626927459414,1.06329270016819,0.723376428805035,0.880290444149789,1.10947569800002,0.585081195194491,0.923286885366233,0.769095440688435,0.923226940395296,0.7969821445167,0.650623142063183,0.766455419156423,1.25249692187641
"RBPJ",-1.45721689949378,-1.63967065966125,-1.14784270875031,-1.99907838990009,-1.44083860117999,-1.10320236429717,-0.987268677273484,-1.71603000809787,-1.72353413219049,-2.24133342796671,-1.26360879927834,-1.38392545695137,-1.57169259202621,-1.32928224398275,-1.01202547625977,-0.886584313131741,-1.45948115192981,-1.35082967071831,-1.38158053423749,-1.13151291311648,-1.56960973372528,-1.15019636268918,-1.53832589873066,-1.36515661541405,-0.907914861293791
"RCOR2",0.936820052902147,0.584890329245462,0.757351131353899,0.823878847595617,1.25802775066477,0.971502199258567,0.100843575705886,0.43709403732044,1.0051531054665,1.2598373318837,1.16535211749097,0.990636955834448,1.1126851314153,0.722199844624689,0.856231961290167,1.00638452717874,0.622217502331262,1.34175844363325,1.00132167305903,0.951110105407435,0.350444729610484,0.546529380127706,0.238110066455638,0.999656634020695,0.995562513827005
"REL",-1.59268921000104,-0.806752977029397,0.178454007551334,-0.426043588064795,-0.202264186613328,1.37573413428979,0.12468207999318,0.294787725681991,0.527606646315143,-2.09394709023371,1.12798031674258,-0.19923648856532,-0.395666516821801,0.482368350093704,0.778285419452429,-0.0386461566188713,-0.28679362057528,0.892890773681234,0.123430550607267,-0.740924386467841,-0.0480333191817605,0.525935716160425,-0.87126588584971,0.424630865924106,0.116974404789113
"RELA",-0.55081175922293,0.383517172698949,0.736219859203348,0.253159996944552,0.0116374988108985,3.15805638843839,0.912124839056831,0.865248574487677,1.04349880059342,-2.40887961079154,2.30016915285542,0.255108037011251,0.460977356270282,0.835099459943444,1.04839358780799,0.803708876223938,0.787009629171086,1.50017859106675,0.853281352396443,0.338356487857921,1.96611199147279,1.54445852543879,-0.165868081179863,1.31733404720987,1.40866008976067
"RELB",-0.578208027903666,-0.154325523460399,0.631245138711492,0.455431813692694,0.284969776008059,1.37273819918365,0.672380015754962,0.802616297119975,0.724486684784743,-0.7340780553708,0.763069919220813,0.475418778133308,0.702693648691253,1.22023073273459,1.32851128983302,1.19910918394136,0.337967457307305,0.139270455539387,0.574981693318272,0.0804355159754075,0.648616462724829,0.319816361432791,0.117571953564204,0.620731794667398,0.748878207231004
"REST",5.00417462593576,4.57958728385163,4.21013742643939,4.55127415240076,5.23762209685333,5.61787421682189,5.48077993418212,5.3119845701812,5.02869796827843,4.54549668867672,5.05571789330998,5.65086984104495,5.05785120998805,5.60177802574737,5.4840638261217,5.21048108780726,5.3347971549605,4.86199620042619,5.85716341233775,5.88626216826702,4.75132254685556,5.29128512380336,4.98305945022351,5.47188603830159,5.7347596376921
"RFX1",0.550105329278115,1.05858740281433,1.36622546054546,1.05947303706452,0.734818779686254,1.44943166792131,1.29448312354192,1.10974999126023,1.30095704739914,1.42094662720313,1.86852022815186,0.897808591591302,1.16690336698974,1.40662394056786,1.12189012029393,0.763676236743625,1.0385674694569,0.937233967358799,1.14551086453894,0.847662274584333,1.32296251677783,1.32569251711989,1.3141705086243,1.07031837052006,1.37609621934436
"RFX2",-1.02684713703687,-1.30132206185471,-0.998460966737646,-0.551375743260947,-1.20518620949912,-0.934950341738278,-0.672765876990039,-1.02777474265902,-0.973669803792335,-0.901494827994291,-0.827316579209662,-1.1451813659865,-1.13799231694417,-0.854700631691397,-0.80201102716775,-0.878955585626198,-0.675058518690564,-0.763088607507973,-1.09702132120496,-0.67444364413177,-0.9122194757432,-0.568088530951568,-1.28865598126011,-0.948016112344744,-0.651446239556645
"RFX3",-0.897974119145654,-0.81072848544543,-0.417542988909959,-0.374474818349019,-0.370563548703757,-0.490928161120203,-0.45821606627255,-1.0555083891069,-0.773089484787841,-0.249712663895726,-0.389643179945874,-0.47566744997048,-0.525954285071791,-0.391932476750807,-0.397797784735236,-0.53346277625385,-0.477194730162369,-0.682325323990677,-0.492008804366613,-0.714284732914892,-0.948641813484402,-0.551484845553355,-0.897180979178903,-0.558022961988222,-0.550905427552557
"RFX5",-0.832447996487922,-0.293663710341615,-0.424465885328719,-0.691425524542466,0.0767209958690073,0.248981308376936,-0.202186002150133,-0.0766973575503836,-0.201299983995398,-0.526891317668936,0.0732490958143659,0.622087708333208,-0.111135782330258,0.987108608284483,0.627108911088311,0.213193265760902,-0.229669745171851,0.0164789088288346,0.586018440345093,-0.91607595050168,-0.121661682997648,-0.266744517952053,-0.650251764970132,-0.144992169399757,-0.183665145766147
"RLF",-0.581819038275635,0.128103636867156,-0.452475914759959,-0.153923188855115,-0.0261000272476035,-0.510877266098963,-0.660821634363466,-0.129714416762593,-0.172609030308536,-0.534884285225604,0.114081140471662,-0.570106689581159,-0.347165312064827,-0.650124700398809,-0.496411433351676,0.162265284617991,0.17950851216009,-0.551804142009059,-0.768235037483138,-0.254605016713116,-0.000630638555691247,0.053446027351497,-0.318881726268662,-0.14984731184706,-0.376042530930123
"RORA",-3.08871702906165,-2.54275539733738,-2.07486913155597,-2.83206511059202,-2.79166464558319,-2.94713830449529,-3.12681806756025,-2.83370639690985,-2.7231315452,-3.83930845905986,-2.96092518061146,-2.63927406374589,-2.91602610207765,-3.3009114145051,-2.79459173145487,-3.15006936333933,-2.26103962977324,-3.41931262371757,-2.5994518162834,-2.74499206648617,-2.39992074228539,-3.36367458701136,-2.46516566554705,-2.95611379124478,-2.65261238697274
"RORB",-1.79324549089703,-1.82827358654494,-1.97662617368502,-1.4852013125271,-2.1430503462969,-2.08160556974147,-2.00299877289884,-2.03164033294694,-1.97887305323488,-2.3924706176642,-2.09434485172522,-2.24467917315383,-1.91282559048567,-2.04597141324847,-2.02706581405115,-1.75839102953432,-2.29083803912906,-1.93714285996144,-2.04982531925243,-2.14163858566992,-1.71907916401735,-1.86401950013642,-2.09972238640469,-1.99772067525534,-1.54612187426349
"RORC",-2.17580328266154,-1.43178242772467,-1.42386589626737,-1.931857337419,-1.44783202942024,-0.20614597348265,-1.13367874363682,-1.68784077787637,-1.17293762784899,-1.81068542654545,-1.61347893275049,-1.0688855209361,-1.89468756378867,-1.46011471843664,-1.20879161347625,-1.2729266351402,-1.36421518576391,-1.74958340896777,-1.16770468624937,-1.69588315563466,-1.22110143204583,-2.04944294727295,-2.15564323873961,-1.56037125759048,-1.68670101608632
"RREB1",-0.047949701871505,-0.636139730371946,-0.175864483165121,0.0824537703495556,-0.21533111965167,-0.215572099299115,-0.371395056255089,-0.0940106731050988,-0.457394520072496,0.00192162246023268,-0.401384812447341,0.112578345279714,-0.389754156319069,-0.574220718364981,-0.484201803382872,-0.707549559047959,-0.560823595015855,-0.140097207138225,-0.268373307171502,-0.764393849496326,-0.171040591525182,-0.0687151483355007,-0.483004900215358,0.0352962371869775,-0.402667841608634
"RUNX1",-1.30119399780786,-0.389161950180867,-0.915017539081328,-1.8031635846786,-0.616778259430162,0.838269054251369,-0.133373812571977,0.433828722304292,-0.01197129098527,-1.38055414725654,0.0568560672389995,-0.632568583918294,-0.652261513842395,0.316685035956418,0.608174795856501,0.0320944156494988,-0.586495360616516,-0.803060288523518,-0.142867926058471,-1.21792574520802,0.332870540133345,-0.0929493863640073,-0.434908374524477,-0.643605067173608,-0.352029700448511
"RUNX2",1.48624075256082,-0.304334961880371,0.416955147423636,0.0132804451937698,-1.02920259001385,-0.613732294207553,-0.359105807152774,-0.256663463608764,0.189212951034778,-0.777042670566242,0.35685813147399,-1.02955430056411,0.0507486432631421,-1.30704934966435,-0.591345158418388,-0.466761321102307,0.628204670608002,0.157553747182552,-1.01433777933537,0.600581213558066,0.148571113355745,0.25745850903791,0.0133241176653182,0.12282684296201,-0.265876675256893
"RUNX3",-1.78556363913577,-0.926830746015109,-0.848692138406917,-1.43357051657268,-1.02548741228234,-0.922346535746526,-1.08652266360144,-0.679555814837765,-0.712987735858508,-1.04627898961201,-0.960098252793253,-0.890703449881824,-0.978961440401591,-0.406539261281988,-0.372246382786598,-0.706272503748778,-1.19432454163422,-1.16558473380983,-0.637247847768204,-1.23424743365461,-0.793047650981088,-0.48599752235516,-1.37786639874484,-1.09909056260456,-0.69449125389045
"RXRA",-4.4956626268842,-4.15048502879737,-2.37058408236875,-3.98203976709087,-3.25801706069059,-2.82247244435488,-3.71339405821454,-3.89349970695256,-3.64771999353125,-4.37754108062538,-3.61963939864584,-3.04555895226525,-3.71270512712987,-3.7548695505411,-3.01623329893778,-4.27125376530033,-2.85930490522786,-4.10627513664016,-3.69316000280232,-3.1923582669331,-3.542037979066,-3.28852551852083,-2.86981680470938,-3.48551336005963,-2.88475331210542
"RXRB",0.22911736931878,0.571980462409343,0.014736727757626,0.0776768059716697,0.0333288961105755,0.130260980857804,0.403567865678031,0.740447783101886,0.548960670792259,0.437887452373011,0.504591639122931,-0.292453630900108,0.0271132619393304,0.19836860503293,-0.0970063191498644,0.0939781142922905,0.399701108533273,0.467101752233741,0.343636936509788,0.214292057268462,1.08653672648085,0.774402000930248,0.373987075731493,0.56585178871184,0.768663549721235
"RXRG",-1.32839882359229,-0.687452988226594,-1.62224652042561,-1.09008273485995,-0.556958062460053,-1.12137353994328,-0.669261572393503,-0.772601092036283,-0.579383553874679,-0.876252604876614,-0.897758543874996,-1.0316403255232,-0.528274872583392,-0.784245545965277,-0.480392303179258,-0.264648296369684,-0.762118740455671,-1.3220828114681,-0.500836741368594,-0.969929174795812,-0.421176093737826,-0.935303585768536,0.0513479357258232,-0.357583655606119,-1.16095046305633
"SALL1",0.00808300772145706,-0.540343731977676,0.327725310735993,-0.465361656972382,-0.842710088150954,-0.207710112832501,0.316652753720165,0.136853382111759,-0.488848738716411,-0.955352768948234,-0.406836712512396,-0.143332295494554,0.233228841610762,-0.470249070342151,-0.629201767964441,-0.457876712952801,-0.28099828227097,-0.477199020787718,-0.526535896020011,-0.333464228247689,0.209932277450201,-0.665500344655064,0.242326458912286,-0.350958016436522,0.273591373971944
"SALL2",0.596350794679618,0.277287885283189,0.294660502192646,0.577871109925272,0.792056356784219,0.219169744101095,0.497847993702274,0.566481379917278,0.245285355617543,0.313499394094344,0.70322993158376,0.586967913343373,0.473592300847569,-0.0167725419599916,0.391883743448836,0.342495162496697,0.384544770045331,0.821004184758927,0.246204822791915,0.261195654429394,0.420942483379413,0.276749756886431,0.629825306749637,0.530089491779897,0.438038799360452
"SALL3",-0.33939213317218,-0.726076105527956,-0.282362979738232,-0.582665015815,-0.272825321890962,-0.954644281559762,-0.121182070191681,-0.68851605575978,-0.382406085772823,0.948031867443135,-1.18628316713321,0.283300402940364,-0.345233928808637,-0.626283807861995,-0.0797163870394063,-0.85289786554658,0.636695332487855,-0.19273359060786,0.00441941082097074,-0.221948860385318,-0.809348294870294,0.468189572628935,0.0630313006550804,0.114507751068679,-0.0153714574128878
"SALL4",-0.350701814830274,0.0590862869543851,-0.238407750285467,-0.464648101056638,0.0468655065043417,-0.94567973491591,-0.343253682968564,0.156336440625716,-0.054366532383607,0.237234205578441,-0.218607229273605,0.0629233424314452,-0.556243110306882,-0.261996377356186,0.239601448215736,-0.179756263453558,-0.0816482803254645,-0.603891432490817,-0.592494638147812,-0.331827708975413,0.201240494340171,0.233614045958333,0.0811990159646687,-0.368831335221679,-0.476638149768987
"SATB1",0.703614161164805,0.620024932755785,0.813760019246931,0.397907448095503,0.458034682394869,0.360217430977218,1.03262967383007,0.86907796824223,1.04199440395177,0.941001301743417,1.51242448451668,0.805363005319279,0.720024802089477,1.32592933260315,1.44979630831815,1.13112761979643,1.00076216409443,0.638888526855543,1.24682745395623,0.868600225948856,1.04893808170815,1.34262401984225,1.07075397951105,1.0390583755916,0.474194650509707
"SATB2",-0.660334740493416,-2.32462746839245,-0.435773631609225,-2.13852604486309,-1.99368503967386,-1.31258795552297,-1.67894848247415,-2.092036888239,-2.08519131464274,-2.5628751626155,-0.463803559004068,-2.33133871166767,-1.75186598584803,-2.03217625829336,-1.55354656515108,-1.89035288422291,-1.66181875034959,-1.25714878282701,-2.12162083518996,-1.66615845832958,-1.73512787198547,-1.97953212343645,-1.93954745114126,-2.02454791170978,-1.84015880578944
"SCX",1.63028479372171,0.745715050401538,1.29084131409105,0.583398115399212,-0.346810545571887,0.35935257880633,0.548442564856914,0.33392256793171,0.819177759719104,1.56164901253777,1.07103602329428,-0.271976179891631,0.716548307826172,0.0903363775457596,0.665783442177063,0.702278093561145,0.970779849884842,0.13631405998023,-0.0393545693297969,1.13215344485647,0.663453088974477,0.691547851313368,1.17647234804806,0.111657829604181,0.737752080498857
"SETBP1",-0.467479785922152,0.127157134217651,0.263601340641015,0.105804846531368,0.24142987937218,0.235493321749416,-0.633276146529671,-0.515254678094437,-0.483724300069949,0.497940089696047,-0.0132673765444939,0.0473935981785034,0.0218252670400992,0.631903932542986,0.0601911753915222,0.604311070772479,-0.340165947561302,-0.262881588983813,0.156172037633967,-0.17197090990407,-0.295839686705319,0.556051088106331,0.0181261140310487,-0.610953495384034,0.107252521675583
"SF1",-1.6156474382552,-2.16361759540373,-1.33025487476239,-1.55343807852711,-1.8286049857955,-2.06886124430986,-1.81222012687356,-1.70230950557029,-2.26198741935704,-2.05174899111275,-2.35632079652262,-1.72642962025595,-1.79303181868871,-1.96718090815135,-1.85576085409804,-2.31556898130389,-1.35844207437552,-2.05319186740647,-1.95089902639822,-2.21308924643313,-2.41063276526889,-1.84602856963356,-0.426469620912689,-1.84495530178325,-1.9060395861262
"SFPQ",2.1992206016011,2.08456976313017,2.58312051211961,1.84111325819178,1.98750113552458,1.55197277262888,1.7724289982946,1.87576168869448,1.65600963432208,2.30164871968099,1.71719226335813,2.14606483575485,1.76086845202237,1.66390133413897,1.95296144171738,1.78835679549747,1.48308928403076,1.57473849806825,1.61369015281182,2.31904247888562,1.63835718526968,1.61845905346324,1.58897194943727,1.50998789356756,1.3625716666935
"SHOX2",-1.13239685664711,-1.72572322279229,-1.41682240031427,-1.035610456384,-1.18983334649009,-1.39052358931099,-1.49298137933379,-2.01895297339056,-1.42600609820801,-1.12863534567665,-0.907820440192879,-1.80267514619512,-1.58142758865759,-1.70149996836304,-1.91496550961963,-2.00877937457523,-1.50964308743729,-1.89008620182124,-1.7414945139957,-1.25583833996614,-1.79198942671187,-1.32527708990537,-1.40022962565775,-1.45164564864685,-1.26715498283524
"SIM2",-0.606048265452047,-0.717713243238126,-0.612603335202233,-0.591703877585776,-0.217641003526007,-0.312142940619678,-0.643914971828741,-0.425719590478687,-0.40664196866212,-0.0178023607327691,-0.863553316687229,-0.0210532973132465,-0.507913422343773,-0.119296587936021,-0.379120098010386,-0.377156913867974,-0.27874803586641,-0.993931505393189,-0.347521905205556,-0.340761690929959,-0.534070416938979,-0.271670658086747,-0.0951979871430946,-0.0400401791413616,-0.429857660133011
"SIN3A",2.29938619823592,1.8304705555475,1.6156759797144,1.45905136605296,1.08764887393115,0.132772260485677,1.87597071183863,2.41491741239642,1.61877939106696,0.995443581665412,2.33734654830416,1.62280954676986,1.96817977917774,1.66939827433861,1.92590290232432,1.45513767119667,1.31273707174,1.84634708723232,1.56864597679841,1.83198542331586,1.9142348944397,1.92414447020923,1.70949230151589,1.49368270666155,1.44487595043725
"SIRT1",-1.0716257510402,-0.459300026280369,-0.402085623201661,-0.731945258037677,-0.92396730622955,-0.260922459514325,-0.84891074371179,-0.443050801693413,-0.690392147286554,-0.377371298686347,-0.18065323605549,-0.489653649345312,-0.626881478066424,-0.479620211937881,-0.601860589569828,-0.871354308865342,-1.11467096638583,-0.524746356045978,-0.753066079489399,-1.17353153932884,-0.582013938180176,-0.760934894345114,-0.463146034224101,-1.08422501360924,-1.35124237041311
"SIX1",-0.500070255257209,-1.50776666935676,-1.78352423160132,-1.65253149067452,-1.67434426477956,-2.20368928317462,-1.60928534981782,-1.2039326024434,-1.30613101787214,-1.60861416017702,-1.17490324278426,-1.89058929864553,-1.68181678446551,-1.87752507236219,-2.21377179962381,-1.89110270844695,-1.40440201360217,-1.60933172841033,-1.70548271020169,-2.14492622679234,-0.877570480216929,-1.97449390565447,-1.41004020420357,-1.64209855138329,-1.65688400279175
"SIX3",1.08223628661365,-0.142764712306731,-0.391679048486922,-0.54006322578666,0.345367644334829,-0.296537652499312,-0.230578600150004,0.808719151431628,0.530631533933899,0.47318409657651,-0.309394752471525,0.166605494665168,0.727104095269191,0.141613057444873,-0.311259836332958,-0.276327240883185,-0.663833217304346,-0.0492040843322753,0.12494696662459,-0.237224552879598,-0.189979774697296,0.280622719770923,-0.139106195989032,0.460227801441883,0.384679922386984
"SIX4",0.99268509292324,-0.183722014004771,0.290644466619906,0.572374932827216,0.772445438389513,0.447124412913323,-0.179660533166946,-0.236181204151342,-0.167852506088246,0.913772154795053,0.608404209610181,0.267921925599082,0.626996626863244,0.0396641750942221,-0.446880044607873,-0.169559062557981,-0.433766002212066,0.167528546112551,-0.233483432695572,0.0921813837797503,0.0667496432746968,0.0115167395011776,-0.256199827942017,-0.0582483823189345,0.107237203796702
"SKIL",0.701112419375985,0.316908175596024,-0.0488049149672077,-0.134952402489145,0.0776253256015278,0.650027306067703,-0.240195878171548,0.193431320014002,0.235741841686112,0.510143283822043,-0.147263202690727,0.296523714129104,-0.0488099271857028,0.303312572204361,-0.131877754555644,0.117511446093209,-0.387015076722233,-0.0317888493378181,0.0596047164207738,-0.165283453202611,0.649817050664333,0.324229364986454,0.479476517735535,0.012948802359054,-0.2684818663507
"SMAD1",0.726596650524686,-0.34913936110781,-0.608258164177875,-0.936767583488176,-1.10325265653099,-1.55009573487061,0.667343742056975,-0.0480735779276358,0.0435977301461479,-1.47395152264489,-0.202239256321868,-0.896145497852705,-0.0423371424366235,-1.41752083797183,-0.88029134659885,-0.684110269015788,0.517213293324805,-0.531246245418989,-0.717983206974669,-0.258195878507851,-0.166092748079624,-0.245427078900408,0.23675924136718,-0.179464348014219,0.110244099665669
"SMAD2",1.32272419298468,1.11664235952848,1.21352976107895,0.476711433536197,-1.09325702846153,-0.512156256751725,0.995515474305597,0.794509076953211,1.27430081735044,-0.167129463500384,1.77014598461253,-0.549739798319021,1.11497987229022,-0.0742528516360109,-0.0338596149622396,0.802423360608937,1.19124925878627,0.991107120944581,-0.697221723426506,1.20909689944421,1.41353402652026,0.95116934365361,1.0072106859204,0.238851049922434,0.354369174725658
"SMAD3",2.30076818513872,1.98745595569351,1.95339232416074,1.22899894956992,-0.688446243812346,-0.288596281052071,1.27656278798083,2.06128824014235,2.23779149314353,-0.242427506769815,2.60001488616347,-0.901026609855699,1.05202203854525,0.305997391648362,0.582234996769067,0.857401022504882,2.50194731744864,1.52443810790742,0.0727949918803616,1.61544839280497,2.40562867503869,1.27263159082784,2.29255592092088,1.65518083481205,1.60327553202858
"SMAD4",0.286708434172682,-0.633193018387493,-0.816340446665562,-1.30066672511373,-2.13378879955328,-1.1018183888464,-0.949050292390827,-0.623719536250358,-0.301416152035874,-1.58319820781937,-0.0586509136616851,-1.80478660374881,-0.367281575670165,-1.19506328563014,-1.43033216857456,-0.745841917261151,-0.081282167438142,-0.223156425372783,-1.74895054432577,-0.374611726534979,0.104318239460992,-0.45359795366175,-0.116919689817087,-0.465550033678823,-0.296154762910287
"SMAD5",-0.0664146814159171,-0.737995411747637,-1.21716465914851,-1.57326424308727,-0.572425020104807,-1.19118472723255,-0.00943372610157565,-0.113467324526721,-0.832154077412877,-1.22683508424225,-0.916419417379731,-0.0788191040573292,-0.46026047702857,-1.19972460421476,-0.549067510996802,-0.734647975176424,-0.43418142482201,-1.09184840735019,-0.567541888425948,-0.912795990095724,-0.674813488799138,-0.894565175458567,0.117136646230242,-0.74341954720951,-0.135903902227011
"SMAD6",0.529730481670938,-0.193869143768245,-0.265979541778109,0.395246041283723,0.245007697706683,-0.592136840877383,0.325084588675253,0.446718553761046,0.524278765147892,0.271224632632466,-0.125664440645692,0.288510507444671,0.414102231549886,0.0315736001980597,-0.0423221124698241,0.0976340178945694,0.3909064129771,-0.0782958994596391,0.469575852338955,0.410565413148647,-0.175689414218309,0.425647838970253,0.308054932917946,0.0890459673762899,0.178895618792247
"SMAD7",-0.546612745833867,-0.741206260096152,-0.330893393242484,0.169692210814236,0.592525678044224,0.238616220528729,-0.371578505617403,0.399684570159266,-0.527172864831003,-0.00927923407517042,0.0647717106108067,0.314930917712462,0.101484493624619,-0.303007729994701,-0.122536186240327,-0.637424541225012,-0.431134607216143,-0.368654951991615,-0.26581768633836,-0.740788753152486,0.0422488033081882,-0.374654204560086,-0.2868911082125,0.224327787117637,0.341987415640846
"SMAD9",-1.74276865867645,-2.52595040432596,-2.50618621443494,-1.92654505034733,-1.64100137398284,-2.00227526868021,-1.61503892722581,-1.32555096817897,-1.93277557146506,-1.9949096751815,-1.9266446177504,-1.51544580080914,-1.71759620405814,-2.4693066192158,-2.10117570275875,-1.90399136910305,-1.97814690000421,-1.75493861718768,-1.95098704895195,-1.88759968236008,-1.89163637150725,-2.20597091258966,-1.30334969557706,-1.3182818153152,-1.69532739795569
"SMARCA1",1.15348765509279,0.70329505138774,0.667829133726877,0.548868713384211,0.442246643034524,0.598258426691229,0.502281408598581,0.442183114621845,0.748466721969449,1.24050067458152,0.485153270847638,0.522276199892333,0.598410798523173,0.888286141911226,0.693951539748196,0.739744572525001,0.849482517856663,0.25734836250883,0.642179804685708,1.04895435513829,0.38378355339507,1.06528566280859,0.760588117355508,0.756705619262769,0.583773807509925
"SMARCA4",-0.0982777456843694,0.559997168030689,0.781963220449962,-0.284041796184279,1.06223301860867,0.395445213741918,0.700415704418282,0.123355309063084,0.328195218225067,1.72150350279333,0.104367906677794,1.50812551714097,0.363369365482448,1.23398192873052,1.08212213117904,0.683929536845624,0.306960001270063,0.989469832140413,0.817561034584764,1.3248164240909,-0.165259646545242,0.865978912986438,0.57497783418904,0.193011594521216,0.688572417582127
"SMARCA5",0.0582482981263051,0.102342363440209,-0.185801424957394,0.125901336265601,0.0381257206188234,-0.269961503869902,0.629831101203136,0.536179996933703,0.36997444171718,0.0922734801061919,-0.163465043311775,0.224212180883981,0.324818962074347,0.140954287060088,0.121088194405823,0.0227488951656855,0.314051485351879,-0.221828339016573,0.435092389192866,-0.267215972689358,0.819226533114073,0.0951263499473842,0.239287421605546,-0.0540236350835156,0.243403963244253
"SMARCB1",-1.56732156649816,-0.77540720509052,-1.50736493693784,-1.00976648016773,-0.752933002785394,-1.04602339515759,-1.18819691046997,-1.36310418644813,-1.54671367167265,-0.310387230343723,-0.408529496623429,-1.04084334904901,-1.08456273148317,-0.267595714177214,-0.943667213202334,-0.511647665603713,-1.49567607409525,-0.943573474638789,-1.25930358429115,-0.509901345796892,-1.95746489697314,-0.441134063547338,-1.1176411393093,-1.59497136496264,-1.20580853290173
"SMARCC1",0.0848091802103832,0.113378861117515,0.166234034238919,0.174112249830892,0.50661444362479,0.263037337687927,0.00231897088527481,0.051040535885893,0.501060669109264,0.731977222225724,0.218200592510498,0.74663736487971,0.458700952836557,0.513318528785997,0.438859120938277,0.911659081936197,0.257402824653421,0.0813684567571177,0.737663575264325,-0.0475918309654656,-0.0737941912062459,0.0394864438191087,0.253938027014175,0.492381106767553,0.248846042176369
"SNAI1",1.97170816723112,0.751730163725922,1.54316678361038,1.57592651526091,0.176338245525797,0.675085750101228,1.03573081644506,1.50382970283781,1.48984221492005,0.414858837076733,1.87871800945926,0.283211572996581,1.05023938125454,0.357313984765099,1.06734409773144,0.772058098996472,1.39341550646315,1.84067777765334,0.449114575897647,1.0815970841129,1.62630545265286,1.03625483594205,1.39091713477759,1.51135998348053,1.14284884556731
"SNAI2",-0.0441836000706407,-1.50939679979946,-0.544963723442635,-1.20673576821855,-2.47718330445259,-1.59272893507747,-2.78850052263424,-1.65818609524111,-2.45262898132101,-2.73356725414196,-0.183572186258441,-2.6619332732592,-2.33900701540569,-1.88509302666561,-1.81850078132956,-1.94889799551589,-2.55080652004854,-1.78509693078976,-1.35264518876682,-1.68062377587378,-1.97863934699457,-1.29443896349128,-2.49767119373273,-2.73026880336583,-2.15659348004341
"SON",-1.59682729798361,-1.73614646563811,-1.06924060265335,-2.08025744833693,-2.22683472963209,-1.75079863406835,-1.36175958006017,-1.39814451521055,-1.61984149841074,-1.45573989917593,-1.02866549544496,-2.12554800877004,-1.97911355815262,-1.98761869864316,-2.37204089571919,-1.99887007265826,-1.34576193054964,-1.59004357100116,-1.73214332043041,-1.35652181308896,-1.31628590903333,-1.24907921806351,-1.6431647352383,-1.95553892390324,-1.75420937870812
"SOX10",-1.53238444239919,-0.946126896349929,-0.710583786518566,-1.48139148659493,-2.09349256276594,-1.56724998139991,-1.24381221488298,-1.24556772225963,-1.00468484746544,-1.33333856560169,-1.22516693890303,-0.860090154986721,-1.81072368019525,-1.33133270841253,-1.46948330454839,-1.12683608433082,-1.18273284281367,-0.857076479711335,-1.80843349045115,-1.449187726712,-1.03642802020428,-1.08414303204973,-0.917136354545064,-1.53387886433729,-0.812195848461373
"SOX11",-0.148187922778448,-0.560315817461994,0.0737195911257232,0.273301369037764,-0.29185525616941,0.0618861218918273,-0.342046305445489,-0.619916231178018,-0.296118118432237,0.0812417730938405,-0.288646059239887,-0.134505791196101,-0.365913082925277,-0.32836340664852,0.585823671403559,-0.160117102187107,0.00434762912501981,0.0337804040261139,-0.485456641084472,-0.292278716381437,-0.473221835538873,-0.324011224777725,-0.0615627252818894,0.468112725295153,-0.177874862919028
"SOX17",-3.21743458543425,-3.67454803236025,-3.01329654475477,-3.46318643606491,-3.72862596620497,-2.81219797454062,-3.37253250357498,-3.27297676029929,-3.75798039894605,-3.46398124044939,-3.56751275228793,-3.80736439226172,-3.18827500831542,-3.93417983174684,-3.6412675120445,-3.6467227118733,-3.43510754725469,-3.84579805382087,-3.7502906522958,-3.7697212950173,-3.67441613229138,-3.20607022116409,-3.12408767075481,-3.57614897432992,-3.77160995464225
"SOX18",-1.18770946492365,-1.48152103734701,-1.47265715063183,-1.51813105577046,-1.80052531968611,-0.762653287241956,-1.24955218182544,-1.16105149715906,-1.08775240743479,-1.92392588772474,-1.20912762612576,-1.6160177924379,-1.39341834890147,-1.50088313108582,-0.940670729119834,-0.825519834456201,-1.39973569389568,-1.76605263989566,-1.65010785824743,-1.81426300398873,-1.30020051890273,-1.23600175031013,-0.937360164309376,-1.5827731169005,-1.20794094767045
"SOX2",-2.22439591527326,-2.65630323335002,-2.7372818600503,-2.75905174102096,-1.90953923880138,-2.31214037613151,-2.21150720668415,-1.4183990586821,-1.90354127103486,-1.81684133800981,-3.3864785094672,-1.91613512902637,-1.18865631541894,-2.34213762856207,-2.73923841692509,-2.4706338494192,-2.74904999819728,-2.47480117506846,-2.69473569274993,-2.69038210951404,-1.4787342405998,-2.99971563555906,-2.40310476434861,-2.13004971395361,-1.952669855971
"SOX3",1.10584906211433,1.65968825070463,1.90732258502818,1.3467450249767,1.77394759281268,1.16158619758919,0.820801341983433,1.8951318178026,1.52960975746297,1.91028726448751,1.78949157906933,1.34075870191287,1.17088689821419,1.27753130425995,1.36823406954675,1.57175065209438,1.0516970516877,1.15182320032138,1.56188528927523,1.19448138473364,1.5550925065666,1.6320280101653,0.835330436295453,1.53080326639428,0.743370512977118
"SOX4",1.82372174220012,1.21576125319365,1.21139783021106,0.866551963864923,1.05235292173894,0.445664326149034,1.02313462282996,1.54160109562437,1.41271602430633,1.2569251718747,0.927003305079656,0.91299885707367,0.877053111067114,0.747820131744984,1.15631397811548,1.16649699151573,1.39848322709061,0.989433669860029,0.825386759442387,1.19001140395233,1.70495628192668,0.847464252557703,1.26383859115246,1.00901661029417,0.950218773198447
"SOX5",-0.25535275890663,-1.47063384555736,-0.962809612526912,-1.91078018933876,-2.67491051443538,-2.16023030339552,-1.6601562625038,-1.9531024361154,-1.80303114959711,-1.63106766254566,-0.65142558655821,-2.1881137414279,-1.86252396065134,-1.99011485624149,-2.00448131340678,-1.53681652522207,-1.05036966875336,-1.11176783299939,-2.20946046549711,-1.27034302512305,-1.69273906692343,-1.46002441635613,-1.19627696301974,-2.07592358091983,-1.21629128852987
"SOX6",1.18876731307465,1.38236188496482,1.05805683508042,0.308445305996075,0.572023783879224,0.285294022202551,1.15642314243876,0.749284476787042,0.722989661598408,0.72139920519584,0.505554170563851,0.97606438051747,0.975805527454488,0.477496105259471,1.24922043215404,1.01605846787278,0.751041965641354,0.782367913773194,0.411994506693864,0.637545049487913,0.446909269726773,0.834460406095267,1.65790554902124,0.165917693375952,0.564810391440073
"SOX7",-0.567205856866694,-0.955810479603889,-1.8156261872184,-1.49311074852576,-1.55565057290796,-1.01930875117566,-1.65229649012352,-1.64386814479098,-1.48250213104088,-1.41642671283232,-1.45115889402105,-2.00351796822143,-1.45953749789811,-1.86450348060925,-1.39628373996962,-1.45049194957306,-1.16856879833818,-1.01531900268239,-1.68964830062059,-1.56465134805772,-1.14585310662467,-1.06988097888905,-1.29341869863608,-1.77728544511268,-1.65647414681993
"SOX9",-1.91202336045405,-2.23662896992624,-2.9493370552224,-2.8135998144341,-2.6694920745924,-3.24865130591394,-2.47092295152494,-2.07322328736443,-2.0703624920413,-2.72667996969521,-2.87560521643785,-2.75080271009218,-2.29094174916432,-2.52757511771174,-3.46664113897148,-2.79544643394443,-2.60051403863959,-2.71518137139731,-2.45580701039668,-3.15372484312427,-1.60006185039213,-2.59307855070581,-2.32636607993174,-2.58124420286986,-2.57704758067302
"SP1",2.73436212206067,3.9048006964025,4.53079674350354,3.50653668308793,1.83753980285461,4.00222434696105,2.89370139486866,3.74722831892875,3.27284021680779,2.05959039549405,3.47030122696051,1.71063503936745,3.41452678154892,3.01718413211405,2.48680451616941,2.58738209762869,4.36687338151878,3.80774117762398,2.24441701735534,3.56021865049027,3.65197817454321,4.00097533589581,4.07746576169837,3.38418357226852,4.52792825268975
"SP2",0.611194207519967,0.429951721558403,1.20538580416578,1.23878461836437,0.806012163292669,0.958752146258885,0.766121518818516,0.773131363766559,0.362263249510685,0.685058925049148,1.18033388305005,0.561782709993436,0.510040395416736,0.71788399373327,0.312972801607594,0.681798410366678,0.657864751130522,1.08439628935987,0.717433220907991,1.09790496221259,0.470609386226603,1.29665495463846,0.894610954896757,0.677496016515361,0.742901808799258
"SP3",0.527440194951858,1.1074378857684,1.54293911872199,1.0964524087951,0.492974533714972,2.13943088472204,1.2367877585409,0.989653930185205,1.42354856951211,0.0378901737012116,1.47315822828048,0.501556090555689,1.38604055191366,0.945350478471526,1.07570892145237,0.708058132073919,1.81523599506628,1.20571148039322,0.689449945919555,1.48550152028189,1.55647058668035,1.61439824513726,2.02393633054552,1.24839172141018,1.65347192403635
"SP4",1.01804334290305,1.17850937938512,1.18070063491152,1.46612362019661,1.39522027401282,0.980459589955233,1.10986150336628,1.26331190879856,1.09618127982628,1.28051261375891,1.6026350733116,0.746531687277952,1.12693046941805,1.5961332712643,0.869338793293373,1.41358614681298,1.42308477183465,1.14866552469169,1.16309499416649,1.67618933181984,1.37852209295614,1.43184828133945,1.35803807049042,1.19668536385258,1.05984908951182
"SP6",-0.426727880756125,-1.05160906924675,-1.02293241085739,-0.636580166684454,-0.0499719105687541,-1.42233056379754,-0.527161629641811,-1.28161573673298,-0.779423086343614,-0.359731073127449,-1.228388046134,-1.0065362911213,-1.06883978179417,-0.730003490212959,-0.848715488198603,-0.541705253532544,-0.927255217646136,-0.34115617980033,-0.805711225564717,-0.566734130756144,-1.10631306925163,-1.10473069354648,-1.08435210690954,-0.684939374592755,-0.998576304243371
"SP7",0.372901801662518,-1.09002469770012,-1.08135589896937,-1.38977013987473,-1.90219985755885,-1.51511163416676,-0.85039647996874,-0.730822761695374,-0.558875327036398,-2.02304814823481,-0.26874863739541,-1.85292787433768,-1.2742555338218,-1.93651727855597,-1.09422039611251,-1.32772855719779,-0.483741354662935,-0.668645068262462,-1.50073674151237,-0.792096340185545,-0.523847274823487,-1.16503494742799,-0.754718497838328,-0.760423631789436,-0.760278435024567
"SPDEF",-1.78214399108884,1.03752106153155,0.434136704166987,0.402310078499666,1.35655138415571,0.429634346880701,1.28383962943341,0.725889374355631,-0.329716670108929,0.790239202824508,-1.02845376878288,0.867499638471977,1.81274969761812,1.23448206563021,0.799727100896362,0.876895376471324,0.413993957873716,0.530924574655472,0.492618107364228,-0.0207281451713737,0.698853283277071,-0.0553611151336154,1.11266632069314,0.434625916715355,0.173058024287157
"SPI1",-0.747761560344032,0.549604154984255,0.56941071753782,-0.846594295049636,-0.783836254513369,2.27576485128837,0.941466915966402,1.34585594673476,1.45030514506191,-1.98732218979699,1.75974559886108,-0.491441765581264,-0.0271793850118764,1.69948595919922,1.87061227378911,0.960257458465096,0.145611494149742,-0.0684275512921067,0.892815699560877,-0.399211628117933,1.03423870566537,1.45679137567667,0.471937105335537,0.059776000372722,0.149175623288924
"SPIB",-0.180447595815066,0.176531392709025,-0.106241464193173,-0.110227059557362,-0.13562668408303,-0.0963675887816879,0.150133581294031,0.471055247962761,0.493762468996147,-0.5440311522537,0.424880763602821,-0.0934861284913622,-0.159707220630266,0.604907184932776,0.532295117657425,0.218543423455166,0.215520103018485,0.143233829937982,0.403136287156358,-0.180137990186699,0.248572333145963,0.528130949265166,0.0218223242268539,-0.356580922748141,-0.260767823870286
"SPIC",-1.50562170016863,-1.77606871832939,-0.375950389167791,-1.5101541656827,-1.07445976943289,-0.226733701006341,-0.991796334334812,-1.51269140765196,-1.24641478669476,-2.00557442168104,-0.209601875073421,-1.33126149583377,-1.31931249211899,-1.08870710227526,-0.866890937113998,-1.08420848011585,-0.879072155576378,-0.453131426275202,-1.02489535597718,-1.35835651774274,-1.40755768416623,-0.872378112654493,-1.58632517053801,-0.773641970121947,-0.713474395777745
"SREBF1",0.72001518975667,2.18118652835405,2.64039366321764,1.60894187176864,2.54822548750512,2.99293751822632,1.37309229576174,1.17795122765166,1.57867834577388,1.31021015360743,1.46222888061676,2.0881879258096,2.2571485437887,1.80977739968672,1.68650734735765,1.65117966355724,2.11551764284257,0.760211431065604,1.54919374387042,1.95577859387597,1.20132739723979,1.53632592642675,2.85013069572328,1.24571112603183,2.59871646942858
"SREBF2",1.76883675969025,2.62819832152624,3.11563178509362,3.13832512891803,3.51200969297102,3.66452481224567,2.58609979112923,2.19482062131988,2.16179632556034,2.54022018992411,1.7557493805803,3.03270090331206,2.26092655704411,3.12285722919878,2.7283280809571,2.63559799395694,2.7284070470197,1.48644239233658,2.52137741476097,2.63552098943596,1.63008205702861,2.41438874891498,3.3254853594295,2.25917080975291,3.43316386573399
"SRF",0.977824348314609,3.1150009752106,0.835504626298808,0.947310665410195,0.22319382001061,0.371594294809923,1.07286737418152,2.71932215421522,2.63073064514186,-0.0724866289221794,1.79172504534188,-0.21192208285816,1.65263583324069,0.684655440028777,0.765803247277945,0.782450566515724,2.30495659228818,1.93539032298576,0.325039774115076,0.778471686661124,3.11823907032006,1.1919243062645,2.48209069421873,1.40773005549159,0.96118316903582
"SRSF2",4.62761368344287,3.96073112911185,4.51002521688352,4.60791033092276,4.54794425265837,4.04938644863352,4.31926310567544,4.25553087693746,4.43808615632714,4.20067151306921,4.76906360166866,3.81441618527172,4.37429915872802,4.05083446508478,4.51811375469164,4.0223868056169,4.42161431515229,4.39844030717785,4.93412614472925,4.35091675406135,3.90770562333831,4.32915159112759,4.07010779433254,4.63187559837987,4.68885439397411
"SRY",-2.34201203205745,-1.46148530523332,-2.13519504856403,-2.03779464126318,-2.23600559817713,-1.53351749988161,-2.24246066192722,-2.05385211345816,-1.54976361522144,-1.61908860636367,-2.36555210895701,-2.08230636207992,-1.58526248829538,-1.84002444117699,-2.3263500380711,-1.64973191182439,-1.85038526624148,-2.33602447083506,-2.03470034586517,-2.17643580228515,-1.58123831466152,-1.5294463118397,-1.57813336334879,-1.95428897076418,-1.90290004901355
"SSRP1",-2.2177411870421,-2.65328646421685,-2.34523620768353,-1.6749855906171,-1.9499281552668,-1.80082110270268,-2.20074090864518,-2.07763955676404,-2.3350872533151,-2.89239134691421,-1.70060864978766,-2.49620846320459,-1.81732093562394,-2.43705093021906,-1.92933393843476,-1.90323508521742,-1.79842033475515,-1.90320926116704,-1.85017449701691,-2.97412589673664,-1.8119631474775,-2.60141055936411,-1.81495889617981,-2.07335989658095,-1.46199073082744
"STAT1",3.39828343283242,4.17997891568535,4.83370728957252,3.84427553693231,4.14800200822891,5.62076494318043,5.09016477581562,4.90831849964241,5.31139317733684,2.32647206507882,6.10117732086077,4.32446008761766,3.83618882362923,5.07089737364065,4.53052769540947,4.67755754244833,4.1940383197415,5.64226726792144,5.3947303913237,3.30075918014859,5.11526031361585,5.89693071168235,3.55661643152501,5.07326544867745,4.32991147475075
"STAT2",-1.01753162848518,0.34408691852901,0.242059529091654,-0.71997653717277,-0.5344509434339,0.00287929691723925,0.68602142967402,0.913106679697404,0.679912775537752,-0.832156014326305,1.00902486873505,-0.333355022930578,-0.724119360220276,0.481932593182782,-0.0225617955403348,0.118930581348406,-0.246680240698304,0.231543859840494,0.266845879889984,-0.657540342598123,0.750538288208887,0.888581984137596,-0.432470761542261,-0.455599224527855,-0.239858701332673
"STAT3",1.55449817470704,1.17304398328013,2.51113836252156,1.37910234998928,0.516921568505762,2.86568916277521,0.655792508760112,1.19721585419927,1.83536744976133,-0.352903866737959,1.71857518189893,0.54253982010504,1.11055250757022,1.18956441960473,1.11798081878157,1.22554103436205,1.8065878524246,2.49842679515872,1.20616600032512,1.56300021152566,2.18597477847585,2.34622616154227,1.07788309074913,1.68771258250928,1.49916362216369
"STAT4",-1.80255455747301,-1.46988866206176,-1.16203426638721,-1.92882970562472,-1.19358294533991,-0.194822723606636,-1.24289498034061,-1.02652707687598,-0.855406643542042,-2.60222205305834,-0.907554661424161,-1.14407518378387,-1.590368454176,-1.07263264616812,-0.963682481686297,-0.967292069920262,-1.58215144596173,-1.09467856461223,-0.729972789097169,-2.23635129228304,-0.77920885958688,-0.589038331534512,-1.84670157621867,-0.784942501128799,-1.1786002757386
"STAT5A",-0.24099466831122,-0.303885664836099,-0.0723547378873543,-0.00851792737766972,-0.780648543427955,0.770777396352624,-0.786010702197161,0.174995407553065,-0.226647702186099,-1.64411499731571,-0.025450021209642,-1.0291425141335,-0.739732007999412,-0.269046335323259,7.62378312319026e-05,-0.301351887009004,-0.128300038283728,-0.349161236080462,-0.142313713583586,-0.936683261781754,-0.175291290709687,0.668480232655117,-0.364973517169057,-0.257226341237854,-0.0334517083903169
"STAT5B",0.564303817524001,1.39667500187655,1.35719025408184,1.67651587093114,0.334732224698407,1.01296866988722,0.602396304569576,0.869694496811735,1.03154854297735,0.304154711094581,1.01831848246,0.606723687146213,0.45360398854226,0.903041633772347,0.781316914289653,0.866224034308246,1.04134559649295,1.42033620971338,0.964235493254646,0.589328725134433,0.86154787685698,1.8362437891302,0.933515730708871,0.764602513753166,1.35659331392842
"STAT6",-0.82475258886293,-0.296949244574858,-1.12105169941714,-0.747399312700894,-0.869994054759564,-0.312903624712038,-0.718692391387063,-0.21253647619563,0.367139426083112,-2.18590557418017,-0.261373512897312,-1.05435518082195,-0.277104291772891,-0.560150658699299,-0.359170111481607,0.250468342060454,-0.134495523191302,-0.417593236448781,-0.858127830980763,-1.33095270171001,-0.298581997832466,-0.537721043313389,-0.484371431120091,-0.301971531450024,-0.236250515400551
"STOX1",0.364355899506624,0.361463756293437,1.01872550031978,0.284984187298374,0.888268880443914,0.672008343989416,0.360988083810656,0.303913885633781,0.568865960577856,1.10868105866029,1.30518353451643,1.17165590481141,0.633971453059627,0.555091701211746,0.679696831674192,0.5177810751319,0.734967666357346,0.716350943654647,0.736926998921322,0.72805922624803,0.0615560790977344,0.55633401935571,0.32647236947656,1.17862057918944,0.974874200400056
"SUPT20H",-0.593763081777891,-0.139522957198488,0.178418271710345,0.104317851432904,-0.562726441261212,0.440493163223091,-0.347371146700649,-0.436891557939477,-0.0828703331675193,-0.562108379792741,-0.565206490827168,-0.0237618339011655,0.021652400064244,-0.137240114398684,-0.260725204588821,-0.618062551171879,-0.208143397085789,-0.568794716471437,-0.351349896687076,-0.407264772307788,-0.131988545618067,-0.488884737640392,-0.00402522595373605,-0.470861821077406,-0.26773873842457
"TADA2A",1.22824440980898,1.28712847989657,1.53736719179694,1.12645720359039,1.35618131158208,0.532286556753683,1.06518298978623,0.97098996600689,1.29646192625342,1.3032440097444,1.03252098151269,1.23520316469229,0.916910215642032,1.37394113956206,1.09122977892908,1.43892913552291,1.3697306651354,1.44978222776773,1.10104786072941,1.64431605616967,0.912525738976865,1.1080467287675,1.29634278500925,0.857610773320429,0.880813204552501
"TAF1",3.10637122785847,3.17351518543308,2.87344086368562,3.41047596025962,2.88399158024424,2.60131577516972,2.99037702642779,3.22323428445147,3.11352478904347,2.98037887433976,2.99039166282068,2.51389174290891,3.15183755592969,2.63569330990794,2.58526191298141,2.96882410340545,3.11019426808531,2.60104632495656,3.24826863163392,2.69614459515361,3.32865586229795,3.0624375601193,2.81363984108617,2.6646048468553,3.20134064032842
"TAL1",0.542997997267866,0.199555275733772,0.129505408517172,0.0718211307726999,0.109192984704572,0.202202029222555,0.555938003624163,0.491255714345095,0.646881162243097,0.139208543877082,0.605218098271674,0.221836028958749,0.415988558947046,0.722262611176547,0.948438097896705,0.256334645129529,0.32916117912824,0.304298439111229,0.455982115215728,0.186554052168056,0.498646387784663,0.97926840388748,0.513488236212918,0.749294205490144,0.569407952927394
"TBP",1.16845383635476,0.663432214694648,1.81856111161351,1.2148272360307,0.708618213218883,1.70906085246922,0.570712019572612,0.696565509373844,0.705072578890157,1.45522663055542,0.95700691659611,0.706784263248831,1.20290744281227,0.694169486672714,0.305672718593457,0.616522799438838,0.967692711178978,0.725270706149779,0.740119014324166,1.30841194587641,0.998596533268843,1.00267131256347,0.602536985829714,0.826718614704904,1.1059373759852
"TBPL1",0.107815704386197,0.0415234022324056,0.387465851931543,0.777006275459958,0.962671458689204,0.472879378473093,0.651565085022785,0.550955280484277,0.207525348496938,0.639290796146365,0.49843074062891,0.832254267886061,0.678275578293295,0.403017408280527,0.618645177590223,0.222050545759503,0.59388557698464,0.746731267028766,0.500038499978519,0.311331754056954,0.231003271747627,-0.00183377238790926,0.413943618655493,0.616049279494888,0.265879320844214
"TBPL2",0.566129426303808,1.08605769781536,0.890321392873985,1.06694053962719,0.837102561657347,1.1214197185902,0.549277609546313,0.693229226789833,0.897976764007574,0.796347764636669,1.28279511055261,0.52364804348841,1.53660520438029,0.640725755233053,0.505981905543327,0.981971100464429,0.651928701813361,0.939946835312396,0.742139347029967,0.784643672944632,1.2930307930539,0.9912537872704,1.01248344369177,0.567026557591301,0.951962748711808
"TBR1",1.0476099962134,0.287137210139519,-0.271788135956929,0.134643312619559,0.652749417465043,1.06993509981423,-0.0694849935741942,0.443061750520061,0.300026593420193,0.241630148776147,0.473761798445236,0.11348718782784,0.325685012779183,0.287493629821821,0.64597359948061,0.520640041795072,0.186733716693304,0.435233900341123,0.207201553207175,-0.0621232200611664,0.30211224350622,0.0911144983014418,-0.154357457391133,0.145217056032283,-0.476861136297989
"TBX1",-1.14137745832312,-1.96991306994083,-2.15121463148267,-2.01567142599483,-1.56764001390683,-1.86830845465052,-1.77301531346472,-1.92638260816412,-1.19145826626571,-2.22765851274613,-1.8035324838604,-1.97708510590211,-1.93587112323324,-1.71193404388667,-1.53167258632994,-1.70127955929535,-1.14794378677581,-2.0946628624343,-1.96423124400801,-1.82813446704032,-1.29800459184471,-2.1149018230187,-1.38169529624695,-1.62140807270747,-1.72270063120617
"TBX10",0.127169437920923,0.382964617834196,0.40424714465893,-0.104698126987192,-0.0847666602078408,-0.382218118184796,-0.131754341235147,0.456024085154885,-0.0542869893310682,-0.0935691837536538,0.540376238390795,-0.221729520227955,0.276179494375556,-0.227607523560476,0.0955283611999939,0.37616467554021,-0.0174351724839723,-0.0732364576617375,-0.343893321473839,-0.303154838217821,0.38350971905409,0.48301094089558,0.00703407319684681,-0.113616464402899,-0.0856843676925639
"TBX15",0.976015327734511,0.256801199156131,1.74516395396225,1.22536106958091,1.53311657381809,1.13117745276599,0.89391444351824,0.621185326805679,0.841497995956125,2.06184895545383,1.07050456529876,1.17413822227536,1.02555099612901,0.594188206008415,0.4835607487103,1.01143995577334,1.23808420750321,1.55322743717133,0.736856924000103,1.11284354462486,0.386246891538979,1.07667784488116,0.986164610575911,1.311427770885,0.791823084955785
"TBX18",-1.51590942964756,-1.24988001843172,-1.03009529607412,-1.22844230783856,-1.28795879525506,-1.67022995349184,-1.3894426392994,-1.29637776920524,-1.35397331446283,-1.58309952738126,-0.879711435106935,-1.97147826775202,-1.2194593397643,-1.22427885852622,-1.19782133472168,-1.31513909276583,-1.49778876103516,-1.03853373143367,-1.57945156851591,-1.19631396731485,-1.32749656678354,-1.27884688905699,-1.2302813953316,-1.46101698251016,-1.40806435645377
"TBX2",1.01070467582889,0.375894084078219,0.245073240256695,-0.16920564515193,-0.0251778046739407,0.49324292532744,0.32737380760224,0.191980190556759,0.324489688768179,0.511856470223128,1.07244030622269,0.101399952531634,0.331274011606411,0.353038475835942,-0.523090675009047,0.187444242509556,0.366792759589956,0.345009490856413,0.498507949046842,0.321180017880364,0.445603963003433,0.642223856923328,0.268842243305125,0.739907302355772,0.636696343435482
"TBX20",-0.594155656503851,-0.163017946199009,-0.480979154815881,-1.1159204119505,-0.555483256930778,-0.774451376703426,-0.846994894530019,-0.362519144548188,-0.223543906280907,-0.675731948088996,-0.75796849251897,-0.594765537723587,-0.518723301040264,-0.475973483585742,-0.611566731323638,-0.373418838035093,0.0466169475589483,-0.749478976061772,-0.576405855495086,-0.950599520040101,-0.330185370916659,-0.983011013731429,-1.13940660862818,-0.770448937319022,-0.522562335166269
"TBX21",-2.41639208174028,-1.6758121297656,-1.37921659755112,-1.66540499079064,-0.714777518352155,0.575399233565779,-1.08055860205673,-1.1760329973545,-1.13472990200441,-1.94067160435802,-0.00922744252393071,-1.14021437970223,-1.75351861292833,-0.554294467415172,-0.0239317886990588,-0.368097089424396,-1.36886655677781,-1.3041812025867,-0.416837908482497,-2.62338833059138,-1.06414104489723,-0.632481018916619,-1.91368975355103,-0.827874761300789,-1.21505790801957
"TBX3",0.594397305381488,0.362536920560224,0.574479345915311,0.833993024727698,-0.356788861043217,-0.233981099671371,0.464574301966966,0.817330518234563,0.0807682207053021,0.945485174962718,0.402790729566894,0.20067202654848,0.168325156541717,0.750687824660336,0.219539876923334,0.413553704641827,-0.112197751468949,0.400259887031487,0.318668007852302,-0.123390276727041,0.586117736747074,0.461601649214231,0.397800866938884,0.613781226167983,-0.0458968555643286
"TBX5",-1.49675377170992,-1.70720098864849,-2.26897808027264,-2.10051221001821,-2.16489213450353,-2.39906667694978,-2.5832922507424,-1.91144380733068,-1.29302041023795,-1.6219167047291,-1.27696075601306,-2.40935539386529,-2.09218694090913,-2.30303993956992,-2.16551052925595,-2.09431030644343,-1.13287426351758,-1.74440633662973,-2.32233063839942,-1.79251948578181,-1.67089265455081,-1.32253990574555,-2.10675905818623,-2.15670279593784,-2.15192084652784
"TBX6",-1.48168227320719,-2.02041871473081,-1.63536185264918,-1.22764896600482,-1.41080887761468,-1.51156705890255,-1.77768854449921,-2.04760149766893,-1.69078925011019,-2.33730486558079,-1.34798012355142,-1.86811583360536,-1.61247592770636,-1.64509075530697,-2.12068043095727,-1.70720822485485,-1.47314277751304,-0.847427757701807,-1.38491454509739,-1.50734086903191,-1.83567330177121,-1.90759760971116,-2.08435208414581,-1.37045610726857,-1.68136964070448
"TBXT",0.0583267705227071,-0.0138403857909252,-0.284142562362264,-0.0552991776688216,-0.422214995024074,-0.431968726482957,-0.275424416759343,0.258342989072113,-0.0223094320998142,-0.317761260121924,-0.000156777413829439,-1.08695367476893,0.0262127171064839,-0.283012168543159,0.0760099106261855,-0.176072524317922,-0.111340453140579,-0.335700508497924,-0.874516184227475,-0.533923290246451,0.45088474395617,-0.24582561969325,0.0903382645157934,-0.141876705475065,0.229850328551325
"TCF12",-0.961039545128444,-1.34964411445884,-1.35707328249075,-1.28459390404648,-1.01191966186009,-1.80897741384119,-1.25249539405213,-1.20492065087109,-0.648371354709853,-0.842246951339538,-0.729713318422837,-1.27379028634208,-1.33944606839245,-0.947909015984164,-0.869384296329052,-0.44540394277555,-0.944244772110167,-1.35541185111056,-0.945565701402469,-1.43645353427333,-1.15472716504145,-0.703026605457364,-1.4596862771045,-0.720580048839381,-1.32341337726525
"TCF20",0.155280654996383,0.737884037494491,0.235876258886255,0.00181787497499927,0.0327819914890654,-0.0340818554638088,-0.285091830844854,0.355900452129273,0.177878162331899,0.361397869529156,0.209220037565683,0.656251951457082,0.638221637155928,0.464402827694813,-0.327503463727722,0.0470183950736478,0.299385238320855,0.0836654492578967,0.365978701023879,0.253853155088662,0.615889961799773,-0.0114267511672307,0.00380296298106392,0.282948217310409,0.396792584829157
"TCF21",0.158883551319015,1.29743361741823,0.250692867772769,-0.0910933999138436,-0.732879965283078,-0.319335064147294,0.569550219334123,1.19207403931329,1.40657043822809,0.476639513641715,0.362846930994433,-0.107280217048399,0.308977908411065,0.675246627038807,1.00570829145783,0.525718797212146,1.04869473753727,0.540099787930679,0.26753019638826,0.914408060478561,1.09137110358642,1.21316264750652,1.44783157837329,0.581499430042513,0.536096560294611
"TCF3",-1.0751456325005,-0.728185235550914,-1.07405980246568,-1.32518665474986,-1.30777529417059,-0.45867358898947,-0.729176763823267,-0.0941474309752609,-0.893460641907979,-1.48758064938323,-0.126268764932081,-1.57699002088071,-1.27235147807231,-0.561133207172208,-0.308644207050858,-0.672923650076585,-0.751586487134432,-0.989124108250886,-0.854759664311176,-1.55312521060487,-0.65790628760545,-0.405359271483403,-0.456275396386209,-0.787628069791468,-0.692367557758091
"TCF4",1.18064572633297,0.430539361195906,0.651093018287033,0.860701739356218,0.337903099033737,1.11818536669226,0.689674146485109,0.403119607778449,0.839186552437767,-0.011137243228918,0.376021299820028,0.270940441896674,0.255461971971572,0.47716454954479,0.88723789001141,0.441718364643997,0.988396823800355,1.09145527295349,0.591485612265665,1.18060480975464,0.743143132129958,0.6308170709053,0.782227222159645,0.61833360399071,0.921663478264142
"TCF7",1.51356689000982,1.94056267059807,0.187654962799504,1.070316346501,1.04173881726899,1.8243971115922,1.27084871547572,0.923963501180923,1.64245316985766,0.506983972911024,1.05970696097919,0.219280183759873,1.21550210136585,1.32129018338376,0.863107167014665,1.35057801939832,1.03108743773635,1.69622262401325,1.47697298600733,0.546289335520622,1.70709537899158,0.908306918445582,0.74706031647075,1.52675300451411,1.1674799035973
"TCF7L1",1.18122938383299,1.33629156936251,1.27516191030776,1.56939051764447,1.3213635270241,1.52770756462205,1.48674999991185,1.48911593334728,1.13467764460797,1.91677331475064,1.64936779061263,1.28872632746327,0.850378402565364,1.56852345154181,0.942653884264287,1.49679496149668,1.30212008857708,1.39671646601558,1.37552605798462,1.4347164534514,1.28865849223653,1.66103155959817,1.08601428617291,1.31294405098052,0.790471498685939
"TCF7L2",1.62524278452756,0.855598419148066,1.26140840396818,0.987043105928289,1.27532403693821,1.05916560173695,1.08454175154398,1.25196482329482,1.56692523812702,0.430921604227715,1.9992474210694,0.640324501154725,1.38309563476186,0.54517968841762,1.13509538556144,0.929111329259001,2.0075907685483,1.5030718963346,0.747113325470434,1.29227937169789,1.62807370022016,1.12688006066185,1.1851436896658,0.872800190013128,1.488387987785
"TEAD1",0.854176146893404,0.437650862052736,1.2421591717184,0.96323906941209,0.753772053601064,0.734834860211995,0.894302685410931,0.317406292994613,0.904463593517577,0.963501720523072,1.63158899933947,0.0829997940906743,0.725153839626415,0.66229772824697,0.201852631625234,0.651401722556006,0.419771341301754,0.583830270401459,0.237539282535041,0.0949443494706556,0.930388227964174,0.970760022173541,0.336853453315761,0.561605805017765,0.78805322009788
"TEAD2",0.873086697605809,0.0684743116217624,0.576475206181319,0.877133250986415,0.240134152021497,0.0768769108975769,0.203015775885781,0.203833553332683,-0.206665010579863,0.718587958103826,0.61670493581823,0.737641496227091,0.381354318956804,0.0136915504236736,-0.185514738267682,-0.0789215186656314,-0.0703896460837906,0.341815756267661,-0.0937847588569736,0.289996667802464,0.082177663951976,0.295775615527978,0.00560872630304527,-0.273776758381028,0.294377135957981
"TEAD4",0.35498435378933,0.348426996837673,0.448332380908116,-0.277199265231554,0.0351703741635237,0.371502543307889,0.32498483232697,0.0802696464450572,0.25739207286638,0.346076857375945,0.224560114763743,0.0369481918930151,0.148209008788012,-0.113828189709875,0.336214747686935,0.422015529912058,0.443734495692088,0.176530993219913,0.179610593553249,0.0303624846733497,0.581916794728547,0.598875889186959,0.608580371332576,0.153082781868148,0.30571215772587
"TEF",-1.11627200885271,-0.425922378882097,0.0465863260000214,-0.644260361302495,-0.984010180808891,-1.31113248700218,-1.13517613377636,-0.414642537158912,-0.514046025176056,-0.989969061278736,-0.483600758572683,-1.04761765611252,-0.7415354489702,-0.77794565894552,-0.957691906373713,-1.04721598728017,-0.881657608786639,-1.20169091830135,-0.548876226238578,-1.08617681385102,-0.267456830931406,-0.886414252888589,-0.391547377725981,-0.928781848907501,-1.28093263366337
"TET1",0.374886480040526,0.469315985292697,0.552464898334093,-0.0750834875072366,0.363183804843609,0.231745542679435,0.454597734031778,0.428490324355211,0.604859781899055,0.465898659333062,0.429842819579123,0.669569566814297,0.473484344018402,0.531725766284259,1.00386005679441,0.719600457390938,0.581813504760143,0.326709897699184,0.703909184433532,0.397217787615589,0.929945460903405,0.58144929874235,0.456421360490986,0.554528971485979,0.726212562705232
"TFAM",-0.221802236170085,0.100621653112517,0.349522141192704,0.0482216314988797,0.734679069305704,0.435270507541095,-0.00791649803968051,0.039684689955962,0.209693327444091,0.607506859431756,-0.14096224994815,0.83168046130893,0.187302379718264,0.28994376731983,0.490505427453022,0.590042619431194,0.0765759396742264,0.275547231276383,0.36051184238144,0.361783802306987,-0.163960222500299,-0.172925030209513,-0.126533193047218,0.0609521233402515,0.597661409673659
"TFAP2A",1.31104532227288,0.646048357683366,1.65517980265963,0.863030442312663,0.202819140948534,0.705476061668153,0.797673511081176,1.21915188124165,1.27494243015281,0.466137517417942,1.28300610891563,0.116305394623551,1.11215171458652,0.905943202600453,0.235133399424124,0.192765011529419,1.47127157712504,2.20749004289098,0.871968512220959,1.04459751249372,1.558233151511,1.1251236048542,1.40896221914535,1.43741332599519,1.32977459561545
"TFAP2B",-0.143519113538666,-0.00254336062067859,1.2750848230719,-0.260369662261826,0.319335495072206,0.316531804102416,0.612747788347425,0.912894725809409,0.476011395203848,-0.379937419277226,0.41421176751494,0.344263089660011,-0.223258307230123,0.380055528272593,0.16652783565986,0.234711947208732,0.59077254784076,0.119145116565455,0.648442245929203,0.44832080285023,0.120857600278835,0.320157084226726,0.308305323974533,0.461346817196877,0.292127543378216
"TFAP2C",-0.185159474173781,0.123414180735326,-0.0162893122942007,-0.269965125403673,0.0982862131287713,-0.674147446341844,0.949749978160853,-0.0610564738010387,0.783614875501055,0.0724638779165403,-0.348727961309338,0.244003837673659,-0.00497198561140662,0.806830211717936,-0.022432164133894,-0.36237992827936,1.077340254813,0.437503305341192,0.854973037318699,0.488129274113887,0.505754624654193,0.328087028026532,0.972768423164752,0.77332644668137,0.163745753350898
"TFAP2D",-1.86457206080535,-1.80077911193023,-1.18874036730192,-0.545889989529506,-1.62867656325321,-1.49477902072866,-1.98385906154524,-2.10406974153043,-1.76747814695957,-1.40778311012936,-1.54746807111703,-1.41602886873558,-1.81869886223816,-1.87937704101234,-1.40770175581752,-1.53264397217159,-1.01911417798785,-1.55591351132356,-1.22838794120447,-1.08131289718465,-1.90176504685603,-1.45176537072374,-1.74617265722986,-1.380180688781,-1.98757622213777
"TFAP4",1.98564632881945,2.28430703302875,1.74505991089645,2.0919539724899,2.28657705859034,1.92884752527324,1.75769844497526,2.07494068898094,2.37006891819052,2.00418963610307,2.05652506692839,2.26934274885487,1.89496654945982,2.32978396856417,2.18174121147195,2.4230622817332,2.29716196797145,2.88603746848331,1.95725899502793,3.27001426357036,2.21275940335166,2.45412230023206,1.65016379595044,2.61112439090386,1.95773803211369
"TFCP2",-0.156742764952792,-0.38362732229078,0.284198499256561,-0.297237700804858,-1.22727160981914,0.503233506009493,-0.811468854472837,0.0467534803191955,-0.525520523216907,0.0905042207407701,0.150119826275026,-1.55610661140718,-0.38449579476567,-0.601557341849419,-0.622477057098376,-0.469017835724706,-0.480486869857676,-0.483272712788901,-0.974886279003297,-0.1367590423738,-0.035508457431116,0.411677472989922,-0.168350705509183,-0.927880400684381,-0.394869303771097
"TFDP1",2.9349765313508,2.72864659631047,2.9832728390967,3.04324050325305,3.16302975084631,2.74419257867729,2.5922891328716,2.06511533776328,2.733017248954,2.96184432668828,3.15334250385526,2.91454655269097,2.64444864955181,3.25965727772488,2.95703252764677,3.11819413416509,2.82031630303787,3.25773934858682,3.29281849207532,2.99764583823908,2.00875129477741,3.11600698532211,2.55844008843942,3.13861943379708,3.23361169058601
"TFDP2",0.585926144106786,0.333643411646409,0.36669826748959,0.687864357733674,0.371376571503367,0.398519695755193,-0.146688099011953,-0.0439639171626685,0.0886812941277116,-0.133621796473312,0.352207402191872,0.14457849281798,0.111403026536939,-0.0101971501313832,0.120019366742108,0.190085207916093,0.129156343826009,0.454270608988348,0.168500223540477,0.463012125187053,-0.414562180239435,-0.0250006498058241,0.0177757260727542,0.436683147720004,0.638633276307365
"TFDP3",0.0606780026542279,0.23260515203813,0.114586061795154,-0.0582546520596457,-0.254044002534355,0.0892815670525997,0.0907183170570687,0.345367258929247,0.134456683564064,-0.531439070141848,0.0581231554440721,-0.0934293904015486,-0.0729548932031731,-0.0965734172899318,-0.412956818221518,-0.226968622345772,0.250614254385862,0.0824693829873028,-0.070524254943041,0.155770156124683,0.38127441339373,-0.192531578607248,0.0791788613062327,0.0475437164911504,0.0596747246094579
"TFE3",1.61139756450526,2.16370884920542,2.25535983617311,1.88500707114225,1.49986148385326,2.67518959365522,2.05633247209327,1.76974689220323,2.08014134829015,0.866651632826429,2.17760816186003,1.49505474883268,1.6667459404179,2.05282486116271,1.41884217981841,2.27177051851654,2.27876060467576,1.87454841377698,1.1796175977819,1.98838559936974,1.92931130067017,2.35723879591692,2.06923820423235,1.86236846883795,2.23260594713492
"TFEB",-1.62362642044815,-0.206811486545367,-0.1050086186206,-0.517661212359359,-0.655766333050656,-0.927858936343887,-0.631414256819872,-0.24621900202575,-0.498692042509079,-1.12556246558057,-1.57052062596442,-0.882190997046241,-0.327313111739745,-0.750711740518845,-0.661133989181167,-0.593921958146912,-0.165777460052575,-0.61364965033482,-1.27824512604909,-0.302003982283206,-0.712877575859773,-0.264159370603854,-0.754933829145281,-0.704694302550001,-0.61592121274451
"TGFB1I1",1.78630454704722,1.71583011473696,1.11839745083072,1.66011988886039,1.38300738036797,0.860200869680455,1.13593018265197,2.36623801952064,1.66172222796439,0.309685475820995,1.8224907347004,0.693162335185137,1.8201758644524,0.798776262335756,1.27978231754937,1.36021499873747,1.66403023235347,1.71257873733408,1.22770636581583,0.763003003260425,2.02009568858826,1.46671666369995,1.83218798720613,1.36425158693837,2.00161393985079
"TGIF1",1.59381548535648,-0.164837282316285,0.759682739808244,0.729712350144884,1.31392129358507,1.65357324718745,0.521556854971331,-0.111955827038887,0.285401154427944,1.22157455413058,0.680937594434065,1.48114426270713,0.395262105126061,1.00217671254135,1.09341644540923,1.01478853391022,0.384709093433212,1.03926403562183,0.927682792843168,0.813723152261427,0.0500430994094652,0.690666558885097,0.0319815590294547,1.09626889286738,0.574241802173977
"THAP11",-0.0892530188510754,0.142370477420316,0.336468417738962,-0.544654880255874,0.0173901778261448,0.304467148808996,-0.295908130021862,-0.196585230405254,-0.426691615637106,0.585687981017221,0.0810254497412106,0.149771691425687,-0.374288784473586,0.234902521992024,0.408112611966174,-0.0178168497993963,-0.312545294222305,0.357099776237032,-0.0264932467128943,0.275611930344693,-0.261705156310649,0.229752661030777,-0.0382443818648417,-0.510875881634057,-0.0816853443308529
"THRA",-0.510671866661301,-0.578602472342161,0.197410111943796,-0.585534742410336,-0.866341167265802,-0.840951365706446,-0.53922295328594,-0.744864225485699,-0.438652595345983,-0.850972666151483,-0.147138462861621,-1.30047623034648,-0.678603890030693,-0.96654083825348,-0.726102916279924,-0.93347181956418,-0.506770731246494,-0.526860310888918,-0.940982007186076,-0.808384458158785,-0.390712831488044,-0.67886580035787,-0.384049743108201,-0.761717899825484,-0.15237104755277
"THRB",-1.19428856376829,-0.201511986518716,0.223097673104113,-0.699085427957648,-0.607484359002001,0.0352898122208706,-1.16367585170154,-0.714924022543598,-0.592045532150349,-0.793184348498651,-0.55840258166501,-0.740914297107138,-0.221824899463945,-0.473198495949674,-0.707635364904276,-0.852957311057924,-0.648969613014211,-0.759902182926468,-0.737282806762871,-0.689945007169753,-0.791451923254169,-0.296496778093869,-0.262201336938173,-0.321708931098827,-0.170043485349615
"TLX1",-0.072504789764384,-0.836216826323057,-1.06470046425265,-0.445501966451888,-0.80565087194716,-1.1723572476095,-0.742329604862717,-0.600555987697311,-0.632836529724346,-1.767770574219,-0.212318482264088,-1.05630783504885,-0.662929575464251,-1.30881777955931,-0.802041198205615,-0.814292058619462,-0.61800873857837,-0.145784706319163,-1.31664277050804,-0.486214644780272,-0.402079000130992,-0.969498734317772,-0.557763307163852,-0.896777086937406,-0.820628461340823
"TLX2",-1.34250771734986,-1.32573880433986,-1.55479610849944,-1.65434817057528,-1.95555063607792,-1.37363336929363,-1.6079675361746,-1.49981190805932,-1.44589789497352,-1.82357164932979,-1.23074601899218,-1.72007581166135,-1.78590850099776,-1.52251916720966,-1.64667263524311,-1.76750748310034,-1.6969112635945,-1.61480380783582,-1.66923488276115,-1.59238311600351,-1.33244963698723,-1.38790035322944,-1.72260788242146,-1.48352933079031,-1.70096151829511
"TLX3",1.31668198731143,0.828895149308697,0.71323692054171,0.377918430785489,0.318292497853397,0.222334890640691,0.789416905706625,0.675642676545916,1.3083596784174,0.408957593741483,0.68406805061622,0.338671034003969,1.03185583976027,0.464045990972429,0.832266888500384,0.98367831481029,1.19439165711205,0.400108287702161,0.872414121133844,0.89885226520282,1.08161835187161,1.38059664138736,1.17975578389583,0.941052533814559,1.22914763048566
"TOX",-1.43361797896517,-1.26508802060423,-0.384577585647095,-1.22104375102491,-1.94042634790526,-0.0267372841416832,-1.4520138187134,-1.85237927551367,-1.89233360864325,-2.12203788134664,-1.77560358615787,-2.00305755541235,-1.75777767077682,-1.69320143594129,-1.67954489742021,-1.87703620952772,-1.54741579074626,-1.99704987377509,-1.47145061946422,-2.01045239052885,-1.92924413662106,-1.90963566924443,-1.46627455173401,-1.73383240200549,-2.20901210792902
"TOX3",1.2453390738089,1.88812837293911,1.13326551765851,1.57550525261197,0.86755788425376,1.24243381103764,1.16447127307931,2.42125590211162,1.47141146287023,1.11519824689317,1.46269752464641,0.771400161687394,1.51671404990167,1.37422210341417,1.47238671263533,1.50223907582331,1.44628099126931,0.868933755744194,1.05041407552342,1.10623403360876,2.08742524256976,2.05768752034682,1.99385924806922,0.861016435800974,1.22752251272985
"TP53",4.859707595985,5.52194218193315,5.36331068638332,6.04261378726273,5.06966637580095,5.52663373524237,5.32571309682199,5.61375783743433,5.25417174223554,4.85977809831162,5.48835015124738,5.08508798369528,5.65284075551549,5.03846434016719,5.05252264477868,4.94257740709985,5.36424348027689,6.02676527976504,4.99781774500078,5.58441458659949,5.99629512828968,5.6733948096451,5.56250220489158,5.7202234202342,6.27815354927847
"TP63",3.92632557699785,3.35157680527535,2.49610719590524,4.15731767913804,4.32564100977468,2.82269070476804,4.52881016257284,4.68439896141963,4.63530510251736,3.40636903801363,3.23761905497483,4.12870276735817,4.77219005874622,3.75488592183539,4.03272443217231,3.46184492875307,4.70084842945679,5.33866297787991,4.16450267890103,4.18320367301911,5.02952018329656,2.98947833561216,3.92141459168439,4.84745363036069,3.99694616037831
"TP73",1.14444428507367,1.63991995701462,1.5589195663614,2.30699177003348,2.3774667578173,1.04839870633908,1.95958269599121,2.37095694104192,1.89896023312585,1.53273531895776,1.37017063829416,2.05818465127415,2.41034861025305,1.61351205641479,1.56978510541509,1.53294370700487,1.87722795909881,2.25187888518845,2.1998193236358,2.16096843979231,2.62837171690007,1.7113569751531,2.22594832759938,2.32209668475241,1.99078097293258
"TRERF1",-0.863770384618159,-0.458331799141278,-0.461250094046515,-0.576171883590706,-0.676232108888656,-1.30020238681211,-0.640506898605436,-0.870364691178537,-1.0026895457326,-0.398621703062227,-0.91068167428638,-0.317264064210156,-0.495656856972157,-0.81300154489823,-0.449743552003859,-0.656251952695247,-0.721840010000001,-0.773329721827145,-1.05697815288871,-0.592711179305432,-0.974308773514718,-0.599799499473018,-0.395636292975245,-1.24228470148603,-0.7755224943371
"TRIM28",-1.74895137319374,-1.55706519574405,-1.63811826116985,-1.78537739140361,-1.11406016690776,-1.40339368445225,-1.19496423096144,-1.04959589889348,-1.48437497311029,-1.76000972281654,-1.35311306436939,-1.15165128923654,-1.3359009248822,-1.24514887585901,-1.51245090751976,-1.19908183841427,-1.52034080101288,-1.30444310011039,-1.07347818019952,-2.07144765221706,-0.939858944488896,-1.74403563801215,-1.4952192987416,-0.938005362622771,-1.43032028417078
"TRPS1",-0.702848087321101,-0.50490644637991,-0.986024126290232,-0.943321942335154,-0.432711716959505,-0.233550858739949,-0.130050718847394,-0.28725066616923,-0.415898584526912,-0.640275590770065,-0.491201747250812,-0.368951355848789,-0.360931771370831,-0.721843218121712,-0.903485606583305,-0.369423393685396,-0.352629484225091,-1.11525000679176,-0.218330714188166,-0.858557570049662,-0.205548168417873,-0.991942814944841,-0.469166773753313,-0.214074914514584,-0.752242846297062
"TSC22D1",2.88185672527362,2.88834070768176,2.63706114279357,2.68771718887405,2.2337442396871,2.06889453522973,2.6525158118619,2.83510201293171,2.82398405863628,2.42388288195555,2.60076772916694,1.97775905889754,2.54254491958217,2.24098265117993,2.63724195578399,2.25448131954723,2.74608028287215,2.45057452409435,2.91496527805963,2.72610399640887,2.76334540791978,2.50820484858838,2.49221941080897,2.25038499660707,2.54698404550235
"TSHZ3",-2.11430747479495,-2.25348154716989,-2.67017083292605,-2.7690354181386,-2.21820826416119,-2.82595382276081,-2.35693772121945,-2.00618064784055,-1.95295826137116,-2.44851771987458,-2.83324844298361,-1.88859341332816,-1.77632811464121,-2.32178135592556,-2.68513585057999,-2.97915322577778,-2.43554713693637,-2.48872045297443,-2.34599610869256,-2.96759006030719,-1.32349251909805,-2.89140942375475,-2.03699101985338,-2.45399884768983,-1.9277791795896
"TTF1",-1.05793136403772,-0.800736477235596,-1.34601092793204,-1.40530172396666,-0.790616540023168,-0.778059203597269,-1.12403569650176,-1.11326821724387,-0.615914111249077,-0.753642385568466,-1.08850535622361,-0.728398444527442,-1.00444356910135,-1.06651806979857,-1.07471419335912,-0.573546273661352,-0.616173760154932,-0.911283711691756,-0.803048056660367,-1.05259233911934,-0.590343089966121,-0.812447946468691,-0.751177531665333,-0.983553519095054,-0.660221748407003
"TWIST1",2.80393107751245,2.46082337119649,2.03076956001838,0.986316976370061,0.56027398106434,1.18678484745202,1.38150005172318,2.09511902341323,2.20534745065429,0.0986318041964695,2.36375689286101,0.760846589427521,1.09621520421435,1.49854382395397,1.54748748889772,1.58014080072296,2.51244458482818,1.16392062830773,1.50040373966345,1.67805756188601,2.47662218047115,1.80871532856984,1.29032829158746,1.84147071908484,1.55819704826124
"TWIST2",0.893964187195984,1.26663954195765,0.968596702096495,0.82135432674469,-0.294984763165041,0.710212732411278,0.891299355809378,0.809541750737197,0.760130796769453,-0.691547971997051,1.56004859099294,0.00515021880717539,0.432546375947436,0.92783746846364,0.46365053173938,0.75231469110251,0.977712238294019,0.0493439565915332,0.252933554685989,0.3025611378213,1.15860902803706,0.738270330591449,0.927085838683861,1.03145275577167,1.03930074684577
"UBTF",2.26883584035502,1.79666846426197,1.85768075931108,2.37333670767782,1.90635078759626,1.74358180953923,1.8553201282696,1.98215411509169,1.98129725398058,2.16091589134214,1.96113515525996,2.10292957012729,2.34804925364726,1.96624813348174,1.32101069138392,1.80057443158494,2.37281967412576,1.89756727381842,2.02672234265213,1.81774173209442,2.39168727058657,1.64079948477693,1.50071523439245,2.06959579692889,2.19981561286547
"USF1",0.338621481672526,0.310503124591878,1.52248090200726,0.658257284476052,-0.067086371617621,2.12470802698278,0.00126499161971254,0.51261420413636,0.277813814940438,-0.24259239926265,0.851698397927996,-0.0564161872882463,0.389188029847756,0.252279711077315,-0.423626082448965,0.302711907454419,0.164537097869911,0.0178111307670972,0.249537976034883,0.0650556179708247,0.738889976553281,1.07881692833461,0.523737746174055,0.395239076963331,0.0451947697587031
"USF2",1.25475986318494,1.89473640728779,1.95940341401064,0.879228637790395,1.58344038857221,3.23000780047673,0.972805971768445,0.95736323472548,1.42327383879298,0.758728565111038,1.5096224314494,1.27023972255029,1.52719087725309,1.92580357129188,1.15948718180637,1.61159625122002,1.05717894633438,1.49186083995812,1.77100600630018,1.05887227924641,1.74647217334392,2.05439061499593,1.27691702510382,1.17422830576552,1.12661271459133
"UTF1",-0.401757542686683,-1.35118559194235,-0.429464579328067,-0.883508379213118,-0.72671014001307,-0.354430250228679,-0.508954280197897,-1.26320255895153,-1.17117201164412,-0.314167883627677,-0.460252708570913,-1.04187826526482,-0.632909129427059,-0.607394538889061,-0.987482307076272,-0.547230444027504,-0.610311052197993,-0.327730857578616,-1.08857759595551,-0.838841344431634,-1.39133353504683,-0.759033356053058,-1.07683620188903,-0.602840505812706,-0.539227603739482
"VDR",-0.811421222736445,-0.0384734077836201,-0.18122309870659,0.0207061394324778,-0.272678025306837,0.0437617982915144,-0.140555018225319,-0.332178408164284,-0.0317527312333793,-1.37353086128144,-0.471689846124558,-0.389098580124949,0.214248926329857,-0.263732412271268,-0.305833718875443,-0.240176899838826,0.777165015363104,-0.334148210892685,-0.0422141300331909,-0.170419722426014,0.102642633232236,-0.111949608793297,-0.352294420876107,-0.21828786141891,0.203750523209662
"VENTX",0.107444175944916,0.946826603232394,1.06687368435859,0.957411148132923,1.21827406164438,0.9916740617124,0.748621775105352,0.981263935551937,0.53496290290233,0.857986604703646,1.83367248021853,1.06226920443349,1.30150247939506,0.642299438169873,1.06334097618489,1.04767872988045,0.832440155613289,1.48268829576273,0.57021395874478,0.918942389721588,0.763631318602513,1.06162725682814,0.742459934918103,0.34470550301047,1.07324776532226
"VEZF1",-0.973274112177114,-1.04108067990328,-1.40081622192025,-0.96349495469998,-1.06629835627058,-1.2136204741257,-1.05612118403572,-1.2734094343677,-1.15478024884698,-1.03844527651389,-0.919209383239499,-1.40134856123746,-1.01436423260946,-1.10309638886121,-0.887236432371888,-0.894475152669398,-0.712357707413623,-1.01472179430029,-0.93165353739992,-1.02349970322525,-0.9139020385126,-0.833485538673448,-1.29873577674105,-1.22609860165453,-0.606964426869184
"VHL",1.15582389988798,0.825599990548824,1.05078413590314,0.651866774416235,0.447961060781142,1.22096641927083,1.37458709227692,0.999968975887951,1.23478171804103,0.816236416186713,0.448985245182061,0.81421207740361,1.24526047696853,0.675425474195817,0.823264498927335,1.31948819318208,1.21438920447657,0.715249744809942,0.566240604368538,0.883644795045234,0.99362753611512,0.875163086768235,1.32410705784247,1.27889120168611,1.30080156375848
"VSX1",-0.276225520502226,-0.283635990569855,-0.187312351843647,-0.682105100192027,-0.00781102956647034,0.141826964247729,-0.00176230995654253,0.447146885471621,0.0239913791388597,-0.0898009785395221,-0.464107228988193,0.438715414051997,-0.00760807222638964,0.0770711861529754,-0.355395457171413,-0.874859258231472,-0.182072579201396,-0.480840625984309,-0.218821117209691,-0.781868217722867,0.221051091131135,-0.225646743283786,-0.328328758036717,-0.0235406147338823,-0.441116978380053
"VSX2",-0.0174371388331934,-0.205243035668349,0.202701903215931,0.646424153208712,-0.0591374516752018,-0.260472401386516,-0.0993417098011552,0.124865469012242,-0.0775083778543497,0.284080862687256,0.201564294605196,0.0858493157697592,0.451254159164303,-0.105491796816577,-0.0610316460084218,-0.158566814608543,-0.122404478962406,-0.0732750742930386,-0.0517242386671313,-0.365663987925241,0.145057687411991,-0.162290216738566,-0.130110499602059,0.10496100856471,0.258831186484216
"WT1",0.614881771821508,0.556684336855072,0.340437497469505,-0.0313803602946955,-0.477806518668097,0.936001365152326,0.0138919437321836,0.128468665038671,0.234037322571211,-0.922364897300488,0.192270091301085,-0.233248390436743,-0.209273299535362,0.0464837346559566,0.481458520362613,0.248622296049858,0.462392791107345,0.00739282266901696,-0.624387816919872,-0.114503747575803,0.653760223101415,0.343700224143496,0.843593970029922,0.345152457273368,0.427884645446369
"WWTR1",-0.376985302844325,0.345927162569873,0.0759426306084774,-0.098579712864024,0.409630301081326,0.595865187642556,0.897085254751188,0.14931156575373,0.335520107515694,0.330615408991294,0.10115906909139,0.570777239477685,0.762832284958007,0.111560457033379,0.40764304478285,0.381185914970903,0.678918305738124,-0.0374785735248091,0.782570809473513,0.824074767739747,0.0078778901699955,0.428913780687901,0.364868929672797,0.813586928694289,0.6221493594434
"XBP1",1.60723608427134,1.26750918112747,1.84395670980383,1.08424202029534,1.73108816989263,2.27939416609648,1.63967324512421,1.48306234122939,1.48519772337022,1.10371187280823,1.49147560067343,1.53265934182439,1.26524080429628,1.37513810606882,2.02847828859677,1.82554483703518,1.65317109291033,1.45168820430384,1.7215796580887,1.4803646926067,1.27075914567613,1.87497184694244,1.55365997812473,1.3436547815769,1.81086057539743
"YAP1",-0.438706434711542,0.70895386325104,0.73847611493166,0.216868550004528,0.653688860579676,0.254485590576214,0.927227763613981,0.470102764441814,0.597868198532754,0.491351875593052,1.26174539119034,0.687975934386125,0.77942252721022,0.989842030390217,0.712974700664493,0.576260248029955,0.88662408891095,0.829167743695395,0.871575635936323,1.11620528630637,0.466605712256677,0.926702269367321,0.554001054823893,0.98481657965212,1.54514349803016
"YBX1",0.621080735613357,1.07768453437324,1.19138010186022,1.28516365768062,0.980680405063044,1.46866677360927,1.5537677739485,1.26006656939968,1.31281027524385,0.53361085713359,0.733268295386275,1.01445643623787,0.963977330489308,1.07623400862219,1.01364461814496,0.590332567053018,1.87199010539285,0.896594048641002,1.59632460248105,0.889694592229288,1.05838031733863,1.34555619029437,1.38339418442025,1.52936092037106,1.65812490345969
"YBX3",1.41538428223963,2.45837918370518,2.43223861948422,2.60098876749861,2.34272798476906,2.60238414006771,2.15586805858107,2.03397433095974,2.06109464310907,3.33018953465442,1.92115811326635,2.84068845669596,2.5523320767273,2.66515905338269,2.13216327864086,2.42810106525094,2.38794809537633,2.27361039485453,2.69464473915153,2.34826467388418,1.65342535464504,2.53292264307218,2.2170674255773,2.58192970452204,1.83574476774861
"YY1",2.301738937848,1.76626147167695,2.6594914161335,2.16973570260757,2.34717421958234,3.17748305422197,2.20221793280098,1.52045454102988,1.92570698620046,2.41774072148668,2.19378418934772,1.913888875611,1.82307620873654,2.0743136588105,2.13113198757837,2.39720455093286,1.73603939992777,2.12115903771095,1.74063074319148,2.02963248118688,1.44700830248574,2.49202337645206,1.8104443000975,2.1955174155444,2.39546409231487
"ZBED1",1.04177554514464,1.13858179392493,2.0050312464108,1.51671027756066,1.3143815876453,0.917719333474797,1.2930798008094,1.69796560515248,1.2667467005468,1.24198042023429,1.0230946062867,1.60517688590262,1.54553059511248,1.36774922084812,1.59538075146791,1.61765937266219,0.914403754369184,0.850013040431892,0.856092044044354,1.59648706398349,1.08899159204515,1.13891617661708,1.08843155646447,1.2267813426123,1.3796580408627
"ZBTB14",-0.700969257374088,-0.700156060528033,-1.32250329184732,-1.13781078576234,-0.96474937799398,-0.66591700552992,-0.223969695834094,-0.412929283840511,-0.554486589727433,-0.485405462695251,-1.1046065294769,0.183041948793217,-0.556341132073012,-0.563309801844452,-0.502146880216575,-0.520843934966763,-0.690486106481537,-1.20311703201662,-1.30927939925852,-0.603300884485919,-0.721987329003765,-0.762334088316302,-0.311627706955013,-0.949650738827211,-0.912323286335299
"ZBTB16",1.22496699086893,0.821334308365206,0.0214630342259711,0.209796012747072,0.3626905870686,0.570223031963398,1.12232166558085,0.746037892877757,0.972147279050396,0.426567285276775,0.892787329567035,-0.00399972449462558,0.79429097821616,0.680078957700697,1.29254907747575,0.916690230107066,0.832534347402098,0.785404810371144,0.65771083966694,0.442443948428773,1.28808501071827,0.748657481926723,1.38261573522197,0.0342024324680482,0.106197240167268
"ZBTB17",0.425397255563373,0.229973571540989,1.02458926494817,0.249784924638425,0.260899885541256,0.442200325902546,0.0867339531061689,0.37275659867229,0.113406457520524,-0.0124963757182664,0.671868990491408,0.112249793157118,0.106339885187902,0.432054345886603,0.254442148686918,0.270709332638699,-0.0832256524840339,0.181971979470164,0.393810029446451,0.0438118156581061,0.0479018981138745,-0.121808299144316,0.0976384586289206,0.444178671112404,0.115024901229196
"ZBTB18",-0.00371730314130277,0.516690941079187,0.744809429037281,0.966613606279093,0.235466332375563,-0.430095806084478,-0.0164439566908059,-0.444574319476795,0.194449466571432,0.879552922509651,0.346132341733402,0.190868904748695,-0.0248614278789167,0.552718953396795,0.108096374816678,0.107108123287032,0.389447125624284,0.0109624525648966,0.459687495156959,1.12693886237361,-0.366780356143293,0.31312331491882,-0.216893068504084,0.311122605908223,0.330834083584421
"ZBTB32",-0.550280006745575,-0.204243164631664,-0.803515559748872,-1.32241955155654,-0.483247937181981,-0.779774818473866,-0.591447492594475,-0.468375985762626,-0.654749904036726,-0.481546797252287,-0.337427586882299,-0.0871182679189341,-0.612155952108203,-0.343706929254588,-0.327212708924228,-0.123897277216753,-0.472064460600342,-1.0609250438245,0.101028108124649,-0.262495033765887,-0.243258003959292,-0.453613853779966,-0.304276682754857,-0.365126740711253,-0.927867360585431
"ZBTB33",0.402617419629012,1.71265050567374,1.2217603704319,1.25163509121379,1.13087518686909,1.07442056709212,0.533870158436644,0.42321617284198,0.673547609362898,1.85821402952378,0.894985359977465,1.43058682913923,0.913737711428961,1.44756639900413,1.25183849928335,1.30288287342732,1.28273198382335,1.25326953891166,1.0001012470965,1.72762249972759,0.588369715311473,2.06220420840863,0.15994504444624,0.762616931706527,0.773675437918879
"ZBTB38",-2.16946398130285,-2.43412918488606,-1.93470729991651,-2.63792316494759,-2.85120296463427,-2.21074659625397,-2.607469810826,-2.44754892051379,-2.37109976810032,-2.30081840387477,-2.91159437416241,-2.3641941785551,-2.372935364098,-2.85415708215405,-2.3914542778457,-2.24302187832792,-2.12152549299781,-2.75592349798966,-2.31103066880046,-2.34989453466012,-2.24048977404014,-1.55758542259677,-2.20229351072093,-2.37069378176754,-1.76141163462729
"ZBTB4",2.37170890141253,2.67438934792971,2.5247627605966,2.85574233591278,2.56512407228293,2.35368167264177,2.30064604784466,2.7366710350993,2.52328591415522,2.91234518413187,2.37596677169062,2.65021754321233,2.89474801231476,2.6608728139143,2.73197407748023,2.54214879749478,2.33314011310819,2.29223975121522,2.25054451608441,2.24780707474393,2.52916742714521,2.20429221284474,2.29492885606345,2.62666262292477,2.59847897747535
"ZBTB7A",-0.423991653776205,-0.590435712918217,-0.637805948692936,-0.545274897055954,-0.313537810240072,-0.236669296984232,-0.349503303276397,-0.493068324784182,-0.29720057997895,-0.509355441954346,-0.598605727679761,-0.512743628556905,-0.882835148984182,-0.218186266955251,-0.269076284680124,-0.278845609646754,-0.0532916743843564,-1.26980553051299,0.135886182024742,-0.765654452076033,-0.438536098620833,-0.851319858375811,-0.124707556266642,-0.391882605257623,-0.382867567377313
"ZBTB7B",0.860670399908041,0.936479042320726,0.89447828099496,1.1544914695071,0.191223423355273,0.716285028766062,0.728478307195999,1.2382911566372,1.16184539626277,1.32454556449936,0.667935009914214,0.515013815302862,0.532752612206554,0.606288866120651,0.483479595059932,0.663305363438014,0.739212362609998,1.01594675087602,0.65923158862013,0.315953673243493,1.40883026130027,0.549692318686701,1.43504730709797,0.61296779315962,0.866620795875442
"ZEB1",1.73439509184723,-0.768269950488111,0.146051793883467,-0.64388203245379,-1.52396472331262,-0.307591714814533,-1.19314998143897,-0.451582189610591,-0.333647437981154,-0.526477768871901,-0.783950477246525,-1.73844633969607,-0.766484442333908,-1.35223158515552,-0.839481400282882,-1.44375469225484,-0.111648307278526,0.0874939336827289,-0.631830812446728,-0.668832976604563,-0.106257132537268,-1.07223782201302,-0.955605690829514,-0.326713494161008,-0.370830148552398
"ZEB2",1.11283209858703,0.241618110881897,-0.0909697822660392,-0.200720034816702,-1.05731950022747,0.316669253612685,-0.22266157210765,0.0333946894446467,0.0472760000375652,-0.464640383817029,1.2623531113992,-0.500503151532545,-0.0958387817592817,-0.184687918364364,-0.369753843370665,-0.220110853830192,0.597606646790257,0.515672986423027,-0.533742405760771,0.431197444999294,0.535066798767236,0.305155682088597,0.145281770687844,-0.142214595146891,0.239099336637054
"ZFHX3",-0.977892325079946,-0.230685186776475,-0.570382600069365,-0.859488017955147,-0.576858245564711,-1.08795242398108,-0.417001122237016,-0.628426788348108,-0.905498784254476,-0.744073500893684,0.0722028941288939,-0.26033046615985,-1.36530000736602,-0.418020456726571,-0.0675746352596993,-0.530140294831082,-0.575934461987312,-0.634912051275227,-0.143757264792658,-0.374976171042379,-0.502515629534924,-0.0405510372453952,-0.0237673164238474,-0.815302230291861,-0.337858996331292
"ZFP42",-1.47111919309459,-1.28213552580328,-1.42204297537344,-1.77845939462196,-1.8844879372227,-2.10331693585299,-1.88196628111183,-1.60526628160858,-1.45371489321143,-1.3771968578046,-1.31975950368197,-2.4681793246652,-1.58328079791197,-1.58915343817945,-1.56514568238181,-1.52670788239796,-1.69718816087907,-1.55610240547346,-1.86450707892569,-1.65243372739904,-1.11843135655348,-1.19293748199364,-1.57361169688024,-1.48981456556491,-1.11308645114247
"ZFP64",0.418108287754972,0.932063437584489,0.123476580542222,1.52924909700904,1.42769266556931,1.45401873839851,0.469803886214882,0.73167399039005,0.794796392339023,1.04547993414267,0.933346568237217,1.03114299695078,1.07154424421297,1.4770517143342,1.0570712988846,1.21333569751469,0.851551290754502,1.39370160206168,1.01326973524298,1.27715149414426,0.657446894398246,1.21833029248025,0.983839720500704,1.00387174632356,1.09936022747193
"ZFPM1",2.26149690763926,0.783973038877523,1.35042292860519,1.51569382078184,1.4921238868299,2.07311677311946,1.01555503483409,1.63484727564021,1.05284941429205,1.77067843274978,1.33768855122326,1.21756672297223,0.978103881314834,1.66563087711059,1.13212836345207,1.1693487139564,1.20911947853502,1.76139388948148,1.60903316625503,1.46115479552721,1.47723969045712,2.03534005470117,0.668235803250786,1.41610278102584,1.11686277426955
"ZFPM2",-0.805082362434697,-1.04683018532129,-1.23187421634747,-1.47090907795885,-1.2584882326708,-1.69252813559388,-1.79486142239829,-1.86148295938375,-1.74126652245761,-1.61369586145623,-1.19954808679492,-1.95909566148984,-2.01046522019218,-1.13942769237344,-1.78562035025802,-1.27140078225425,-1.26286015642277,-1.24846687003843,-1.36599321948477,-1.58882426296196,-1.04509092339023,-0.817010447485709,-1.14954234029656,-1.41810223493004,-1.62469698973249
"ZGLP1",-2.61254959781893,-3.23983712540737,-2.39856516905954,-2.59821919091744,-2.44739964804341,-3.02416633129584,-3.08015576753605,-2.98921992423849,-2.62842999392891,-2.5267685269212,-2.54144657958778,-3.12321936423715,-2.99350810161394,-2.65638314620478,-2.97966160637608,-2.38692886057309,-2.73868498372383,-2.35663035732775,-2.48464488420573,-2.31261169961377,-3.17595477575553,-2.50044565432352,-3.24664603291718,-2.48833989047605,-2.58950722296824
"ZGPAT",-2.55157402225465,-2.54809453340642,-2.188970340959,-2.71967580387804,-2.01572858407704,-2.26903240491653,-2.01954791525974,-2.37650293648236,-2.28163923059948,-2.453344551772,-1.8522681630921,-1.99681632592655,-2.3382110662312,-2.10060979573049,-1.18797433935193,-2.21948108721051,-1.89531728159395,-2.32262413137183,-2.25751412871058,-2.4173750068262,-2.22145537866207,-1.73796327919609,-2.43992034242778,-2.32771529996499,-2.12472219997086
"ZHX2",0.38428280564123,0.652278822085239,0.526756932909173,0.670534273428155,0.690119827395152,-0.510886856602594,0.896851728956703,0.937178995359684,0.776521834825481,-0.037195813873993,0.690367369363217,0.0883075269155347,0.633844014402424,0.8089244919375,0.918346470758723,0.602196248175949,0.709807580744472,0.384271470295061,0.943329882073326,0.511580232588355,1.43196320460309,0.63120632514981,0.822906751690325,0.7458586440809,-0.00951789242361194
"ZIC1",0.386833095351006,0.527139178151406,0.760547840029749,0.983514596319693,1.14242399841481,0.44237147289723,1.16676016102885,0.76818364885138,0.458496863399763,0.482307342614775,0.600885638178541,0.852599174220758,0.731877915324971,0.615515725875057,0.498814418157387,0.405579004088268,0.772794210537099,0.815210202763331,0.70274052101242,0.32103784773307,0.749146582627333,0.572258025769749,0.778547216275863,0.656103959629287,1.044236822228
"ZIC2",-1.49712147322019,-0.798087702846552,-0.735370365523365,0.289299361490413,-0.402428536638604,-0.499480816270644,-0.834083303348491,-0.899127256445465,-1.15768355427142,-0.43990552262836,-0.315744502628848,-0.407020533043727,-0.754801261587565,-0.316566111683179,-0.713840586940341,-0.366764504170467,-0.33417804383124,-0.269767801008728,-0.336142567711462,-0.0125125700454032,-1.09289573863354,-0.656760059948115,-0.848205916399095,-0.583750043553722,-0.360480471913786
"ZKSCAN7",0.512555818349421,0.135435976347363,0.833140930233613,-0.149033792109214,0.249953236796999,-0.201841263866233,0.390292875518989,-0.0338300076334,0.256871413239237,1.18051936360834,0.0432822950893215,0.609242183071748,0.411720145029063,0.0965316739761777,0.0386898407507005,0.446715938828287,0.689148583573069,-0.000499302021742113,0.256407734463742,0.655663959530067,0.0640832381478674,0.180851753628509,0.529356635061038,-0.0363130243900772,0.137932119179694
"ZMYND8",-2.49901657224736,-1.2706440712564,-2.03260754112967,-1.74151232938716,-1.20992330941313,-1.77843620051383,-0.809577355869618,-1.54082346257332,-1.42365311583948,-1.08352676470024,-1.87624946140188,-1.88303853348827,-1.90520605475401,-1.01387223330647,-0.605401572314748,-1.08354246900509,-2.42594123283125,-2.59902523714062,-1.25334067064734,-2.50437252853107,-2.06176038360588,-1.47856578816874,-1.18844550281628,-2.23752225106259,-2.4035163051839
"ZNF143",1.81346092313303,2.11523023132125,2.35501636898274,2.3117964178756,2.26417724063256,2.43978054506853,1.73017799014907,1.1437050887289,1.989138228373,2.58829649313308,2.12242043691824,2.0996143691821,2.15502667622333,2.50063335708698,2.15165894645913,2.42600581773194,2.31385791437769,1.90403240588955,2.09027579374457,2.24214985310511,1.23366725736518,2.05598881158437,1.8697915870468,2.27025778406014,2.52957702843141
"ZNF148",0.486332449847132,0.108825672807008,0.48345033744565,0.300338711790633,0.123445284985197,0.34924875258965,0.269155343832917,0.638007977716341,0.54524165682914,0.189350800764634,0.290613162234953,0.55136400691917,0.467433818811658,0.207317411473895,-0.123778552540481,0.243587862201878,0.47340985599914,0.453226583955888,0.70811869173757,-0.0294735420675568,0.700479874357136,-0.00608387775231423,-0.0816122543287135,0.604820798481204,0.600886352403267
"ZNF160",-0.243330901140779,-0.758044070807424,-0.459420451717766,-0.467586608653717,0.149587825998803,-0.0968428400435191,-0.469333873096892,-0.475957821533525,-0.654586151087033,-0.275418490532538,-0.716757805510312,-0.210079452248992,-0.685395364050082,-0.603545038559977,-0.660238764619113,-0.375553901005447,-0.61743098873624,-0.731782408478229,-0.408669301030107,-0.10193982327227,-1.02399696385517,-0.767924642809191,-0.844836456059709,-0.286749585928664,-0.412872290828628
"ZNF202",-0.220234363684178,-0.0904661132461764,-0.593362796882666,-0.360115187303969,-0.0743134113903552,-0.564462483976174,-0.278965455990958,0.0603492549985509,-0.0861272803695382,0.0547995430694394,-0.358438146697083,-0.280565651155274,0.609329079510776,-0.357808026212155,-0.0990002850660465,0.1120224200551,-0.07642094507386,-0.0780725274350267,-0.328678191148447,-0.352636852562459,0.33692227302617,0.048892285299719,-0.370886898942686,-0.155771858117788,-0.419549831589127
"ZNF217",-1.5268934671867,-0.980375623086814,-0.498838967691627,-1.07801972606676,-1.14502044267802,-1.30774711972625,-1.64304928056637,-1.2623951267462,-1.69147796904979,-1.2544817920041,-1.06275373650399,-1.07093215423863,-1.45716974584154,-1.42634842611393,-1.04746290226381,-1.36173298181272,-1.37374850002459,-1.49893480334367,-1.62533572515829,-1.33635268885799,-1.32920892243091,-1.1485648916407,-0.919904598459255,-1.64342749624595,-0.73626364543704
"ZNF219",0.862137053256412,-0.459277866613958,-0.0475726619516946,0.021098441105771,-0.407886934018695,-0.428766856301344,-0.455019395456475,-0.641312904454395,-0.39569120834015,0.901260886036492,-0.176685901681222,-0.315981774106132,-0.134928542853934,-0.768108237636248,-0.57416413401606,-0.238761384543299,-0.457680939417789,-0.443144323093259,-0.966283605449386,-0.254770804245408,-0.426976934722697,0.0112115948051918,0.566396736649035,-0.268837419980842,-0.0492438629325052
"ZNF236",-2.1429628516978,-1.63434656891786,-1.24310316780094,-1.22528222543538,-1.74720809751827,-1.32273135239729,-1.5609793695022,-1.42914848227972,-1.56064765559425,-1.66018934574409,-1.43489700818007,-1.71797055009335,-1.81862130154858,-1.56274317805633,-1.58167587448952,-1.26661540023696,-1.76109400333289,-1.72024974735134,-1.73044091464727,-1.90800767563961,-1.60733608469843,-1.36426342647582,-1.47508159972744,-1.66322748659908,-1.65276454437404
"ZNF24",-0.448575560723069,-0.314641683635034,-0.172544640545009,0.790191621420471,0.219894668825449,-0.20991312369113,0.241470771407317,0.226129433898405,0.134028500524646,0.469315891453547,-0.0172917372694329,0.15037019095964,0.206402844428031,0.0344910341423085,-0.645633412017349,-0.557840396745023,0.0358268945785968,0.210203919879174,0.446147727230842,-0.303773901912489,0.296396954736699,-0.0592982053569469,-0.455815768681311,0.134344718399962,0.475928050013142
"ZNF263",1.30083812646629,0.455493445216311,0.36471056534099,0.268906933740115,-0.35090281770601,0.636172766177378,-0.130620925222179,0.375974031689027,0.333714959862565,-0.00802302295677942,1.00793700078564,-0.117335765299251,0.135622152848925,0.0778917706546891,0.486143058176086,0.14009394772135,0.0515136082009251,1.17465621330127,0.228954705600312,-0.0289819851051717,0.451480161379593,0.894269267807173,-0.0808991950566937,0.112723542976162,0.34605348210587
"ZNF300",0.192622024244976,0.12957862405165,0.900951966667787,0.420875174957351,0.292565391542341,0.751792485581097,0.0730092910364158,0.527922151873102,0.254221483849752,-0.280009572907887,0.768835109254482,-0.172321111450795,0.31069773814004,0.0754910990700507,0.395953489589447,0.108181004044767,0.0900881360865922,0.383697531816251,0.161561630385348,0.0624634409731013,0.241978671646206,0.395938277102448,0.169893805107612,0.663148028226263,0.584843993229216
"ZNF331",-2.74294088634237,-2.88356480407264,-3.05861382989708,-2.58494798074071,-3.00450063465687,-2.71799960240426,-2.63268518990323,-2.85099792285246,-3.03380049490689,-3.15574610782625,-3.1815257298898,-3.31459255156719,-3.03057827249369,-3.03181893689234,-2.99939812033483,-3.28215638580337,-2.97738325848944,-2.94476104018899,-3.03962841601582,-2.72553217898683,-2.61755200940734,-2.8144633761631,-2.6606889865306,-3.13493736674782,-2.66282092801813
"ZNF335",0.614986345552822,-0.257881551797908,-0.300532724947569,0.268046456148118,0.338418879890116,-0.206304318810292,-0.575544698434196,-0.444592154727786,0.0203241883357925,-0.0723598883085093,-0.530126681735629,0.326510726022745,-0.124525038448714,-0.187528254037774,0.238143400940641,-0.424585867587675,0.27237801025915,0.0948073053778598,0.181388446342764,0.398745703001032,-0.156211149118174,-0.143699989433888,-0.257612854728557,0.293721610107927,-0.445083648904579
"ZNF350",2.01869261598644,1.71701491884779,1.72483719664613,1.31969564557802,2.46914772903653,1.80948481663044,2.13712980807358,2.11985040100799,1.61907908668363,1.8609921320407,1.87958320996584,1.80709362598517,1.79187297385519,2.02929062995792,1.90143144060332,2.09323451392979,2.17664325493346,1.72174278220716,1.9612189914151,1.77678558329444,1.53032442345939,1.50810643137231,1.72794685798664,1.10966200799658,1.65638194329826
"ZNF354C",0.69054538411096,0.721295431390193,0.773571377168781,-0.176028408710095,0.0970975553922866,0.580997005558835,0.234634306013533,1.03981208078857,0.679270891311514,-0.0808028161165802,0.206066105882565,0.112674761529185,0.0867207436574534,0.704293877450316,0.546085261100133,0.782288921707847,0.444258736299873,0.0799361132624985,0.197925581769859,0.510659906361708,1.32965468620676,0.852537085014025,0.695017532728005,-0.00841588116081292,0.0867796795878945
"ZNF362",-0.117747693916755,-0.606764722172799,-0.0194602732837879,-0.480642898598714,-0.0891818202902091,-0.220550958145483,-0.36729847842939,0.139813525205282,-0.0456138715799466,-0.397589811860553,-0.0843722357897605,-0.40467231529263,-0.547777780240071,-0.53489358210029,-0.348485535832407,-1.07770601116565,-0.260952929038893,-0.389846595426863,-0.175329091434975,-0.60667932547251,0.0163727405573733,-0.434436907415195,-0.126191816169874,0.160407428198328,-0.121253868074097
"ZNF382",-1.5739523600296,-0.765388333130887,-0.691224575338653,-1.03233852482716,-1.24936092039481,-1.21277929059196,-0.727339939282442,-1.21062510023006,-1.09272996909722,-0.5955442913882,-1.01136286740975,-0.604957948496983,-1.07356869696896,-0.475488851720445,-0.571769437515499,-0.546288821048394,-1.01506175511449,-1.69563235553274,-0.872434151386876,-0.875200941832697,-1.51687080484617,-0.779746771746214,-1.13742549582037,-1.64509707461281,-1.15117610580058
"ZNF384",-1.65585597305183,-1.60197442896861,-0.78827855407154,-1.2674904144874,-1.41737056778947,-1.61631706521648,-2.00942294745253,-1.57329537064037,-1.24983684670695,-1.72932252316018,-1.08263796700705,-1.53367535931226,-1.14054853749227,-1.59781791611735,-1.8413613168537,-1.71928808064423,-1.15655853544836,-1.39656106245563,-2.04108354929022,-0.902185374619865,-1.06741450456165,-0.897806704144276,-1.5566183963607,-1.24279331585261,-1.5690318821411
"ZNF395",0.279510933801203,0.158504343693155,0.781081108923859,0.383516585445899,0.467024430702618,0.180600964191071,0.535524416959916,0.479798565485294,0.306853179900191,0.688351761465069,0.951847306001328,0.476451750700943,0.253559603730966,0.263584004975071,0.362349734558457,0.424971587040595,0.16053617803612,0.983977038574186,0.1994469332073,0.0909940595782929,0.23460009653,0.572635899047161,0.284423113519944,0.52054551389821,0.119670230094778
"ZNF410",1.06309745575267,1.74734263096102,1.15802130180634,1.13372814587314,1.19365288221917,1.08771431173328,1.06061793716603,0.909926727789902,1.37683639543078,1.00997332705973,1.03126893068287,1.82143945737727,1.54981746795548,0.938013825667638,1.45369099404675,1.40109618324101,1.79987629445452,1.22079545100155,1.14965101816312,1.38531175395665,0.755532236877004,0.56391408744536,1.7726167257935,1.33839866938723,1.52440111406196
"ZNF423",0.0594969573004167,0.0964755356100463,-0.393460640139749,-0.449284999260963,0.395563405253138,-0.43460812071755,0.201828250252092,-0.0971543722178158,0.307150378633578,-0.00837738656902823,-0.481318623828393,0.251383969686327,0.210978789015467,0.470568584445011,0.00141104214381079,0.28944711793021,0.0677154381118185,-0.550577992614295,0.283830761024171,-0.0301507055987158,0.0733337318614227,0.111247489015098,-0.0274510145287498,0.00286184715445805,-0.143983354776934
"ZNF436",1.28369689724026,0.548258248099785,0.911420764152052,0.716831509502214,1.47343957749324,0.664575936004961,1.17290213444146,0.781412745916267,0.836782694306365,1.33742420981252,1.17345003986007,0.835923329389805,0.72079930837758,0.796866036525675,0.752357252313478,0.71192086190936,0.759748670497187,1.05015040465744,0.817720310393614,1.11450350196833,0.651710328926845,1.14032173645037,0.829203302024852,1.13455581926617,0.629068864107906
"ZNF699",1.03387762017741,0.0873624098439876,0.735263280591053,0.396266049645258,1.27846423851579,0.238333806303309,0.961165641458433,1.00030019033529,1.22583483920384,0.705073258954308,0.488685032285707,0.694721610940197,0.63337071385411,0.868079810101065,0.571403334312151,0.360779681446982,0.633167517299206,1.8209091694023,1.12068115660925,0.82269756163952,0.770020929128351,1.21791298140997,0.368655502480496,1.17036306711188,0.0452303440809037
"ZNF76",0.920291601317754,1.07114199021383,0.783030841412517,0.957698173914535,0.374894119860616,1.06343012607262,0.714785013811592,0.836343630570366,0.750393738786489,1.17827198969444,0.574131920873001,1.06756055575032,1.02615453548675,0.945209428863354,0.883330683549368,1.05492890248639,0.64282239104732,1.01881726671559,0.996503550743234,1.34284461491292,0.809858303724293,0.929945128106226,0.795339410532089,1.30698219026528,0.923477019839041
"ZNF804A",-0.450103095822255,-1.60461401640867,-1.04972227776875,-1.56557369960647,-0.728324249611913,-1.15345665211235,-1.32105457547993,-1.75694940945835,-1.19826821059104,-1.2524322100602,-0.832876510445508,-1.50641843435846,-1.32676871691455,-1.70130544364224,-1.10189547750719,-1.53719161849283,-1.12867100619407,-1.71789622667969,-1.52907560776132,-1.36997750119158,-1.43511310879284,-1.46548478224787,-1.48136593562949,-1.13674368261518,-0.824530037845039
"ZNF91",-2.42431561694606,-2.21316820004548,-1.8860927840509,-2.37074172395516,-2.28511777114787,-2.66988194554474,-2.16012837510058,-2.25818163705773,-2.13491656368354,-2.3437443567372,-1.92070846478951,-2.09891502545373,-2.4666449776436,-2.6340124173563,-2.62142076614684,-2.03272270229124,-1.92353558402226,-2.42338885114439,-2.10219062725662,-2.12716598202358,-1.85250399632988,-1.95878268119326,-2.02223513085248,-2.41569432036252,-2.01134464251582
"ZXDC",-1.29884248827887,-0.322273109483456,-0.554754392107421,-0.358318777970893,-0.365281319759095,-0.210081048264439,-0.636643899768652,-0.414129781956011,-0.463918847702664,-0.868740929630033,0.393175202556169,-0.522440579796773,-0.600774686409519,0.536758313529018,0.175626871103064,0.07933076879238,-0.68715349061307,-0.399764583381729,-0.386411736755696,-0.0899662333783503,-0.351443636378829,-0.267607139506741,-0.3382727503872,-0.869624270872413,-0.430360724847608
