source,target,weight
HIVEP3,LINC02810,23.286291889806122
MTF1,ARHGAP29-AS1,22.319458639478782
JUN,SGIP1,21.65980216768578
ID3,CELA3A,21.088190291578883
JUN,LINC02238,20.94092849211144
JUN,MAB21L3,20.37217061591104
HES4,TRNP1,19.98794675112662
JUN,AMPD1,19.6240780157014
JUN,LINC01672,19.44882810006393
ENO1,OLFML3,19.315706789947313
YBX1,SYPL2,18.953272423923593
JUN,WNT4,18.942841930005155
YBX1,VWA1,18.811963879544226
TAL1,RNF220,18.714942852493998
JUN,BSND,18.172046714243507
JUN,TSPAN1,17.814061025760243
JUN,IGSF21,17.744388803503906
GLIS1,FNDC5,17.574856390487994
YBX1,SLC2A7,17.432951348535045
RUNX3,CELSR2,17.385939643560086
JUN,KCNQ4,17.216380623493563
JUN,SLC2A5,17.023438287830416
YBX1,FOXD2,16.977415412473857
JUN,LINC01781,16.970716820005656
JUN,MROH7,16.893558734352705
JUN,PLA2G2D,16.54550286907019
ENO1,SCNN1D,16.414427381416033
HIVEP3,ALX3,16.40728782614015
JUN,LINC02607,16.231974816237827
MTF1,GPR3,15.806118921065677
JUN,GBP6,15.71831069150236
JUN,BRDT,15.631498452379379
MTF1,LINC01707,15.518823208239429
JUN,CROCC,15.516235594498225
TAL1,ARMH1,15.451256720689457
RUNX3,UTS2,15.435222248103186
YBX1,PPM1J,15.41308936974834
TAL1,NFIA-AS2,15.402368248811335
FOXJ3,DAB1-AS1,15.356927054818303
JUN,TLCD4,15.195174176009553
HIVEP3,C1orf146,15.105264962962709
ID3,LINC01685,15.091025719332306
JUN,BTBD19,15.074549243485277
JUN,LINC01144,15.0161465814384
FOXJ3,GJA9,15.002227373466697
JUN,CSF3R,14.842684357530722
JUN,GRHL3,14.624191158666685
FUBP1,LINC01756,14.50099407323633
JUN,PLK3,14.348558030186494
JUN,LIN28A,13.992418137292695
TFAP2E,FOXD2-AS1,13.92386176559456
JUN,CTRC,13.62112384543864
FOXJ3,EXTL2,13.549424072125744
JUN,PTCH2,13.548303811187662
JUN,LINC02780,13.500340134479211
GMEB1,MIR3659HG,13.472710438957602
YBX1,TENT5B,13.466068609981743
GMEB1,EPHB2,13.411933095772927
JUN,SMPDL3B,13.34117070369964
HIVEP3,PLEKHN1,13.332994772218846
JUN,PADI6,13.289188361967932
FOXJ3,LINC01712,13.252882582372528
ZNF691,PTPRF,13.245457331495695
JUN,PRKAA2,13.243279091928256
JUN,LINC02785,13.196410006995798
JUN,CELA2A,13.116620812245872
ZNF684,C1QC,13.047895806901119
ZNF684,NGF-AS1,13.035674273515069
FUBP1,PLA2G2C,12.958588311082426
JUN,NFYC-AS1,12.919703679214294
JUN,ATP1A1,12.907239223837829
JUN,SLC22A15,12.901479592064787
PAX7,KANK4,12.853807044570232
JUN,TEX38,12.78982565727837
MTF1,CLIC4,12.763238106598743
ID3,ROR1,12.709572022877097
RUNX3,LINC02801,12.672022706141831
ZNF683,CRYBG2,12.667660209362916
JUN,PTAFR,12.503093393049058
TFAP2E,RAB42,12.461902334740781
HES4,PLPPR4,12.434809922034454
ZNF684,ESPN,12.432384240240804
HIVEP3,MCOLN3,12.407455107343136
YBX1,KCND3,12.32595840132781
JUN,TMIGD3,12.321234736258099
NFYC,LINC01140,12.30694836464538
FOXJ3,ADORA3,12.297511339036236
JUN,LINC01307,12.263472026695302
JUN,TAS1R3,12.24648290307027
JUN,LINC01788,12.192789729275413
TFAP2E,MTOR-AS1,12.182577877622773
JUN,PADI4,12.149246427373548
YBX1,TMEM240,12.10007398790583
ID3,MYBPHL,12.098913641390828
JUN,FABP3,12.0520174344081
FOXJ3,SAMD13,11.939997288034574
JUN,ZBTB8B,11.933566771873888
HIVEP3,SERINC2,11.913215847663205
JUN,IFFO2,11.90782229749011
ENO1,INKA2-AS1,11.883495527520264
NFIA,LRRC38,11.833296053686965
JUN,CSF1,11.797706210472334
FUBP1,LNCTAM34A,11.763650243743783
JUN,CDA,11.760930842828344
RUNX3,KIF17,11.73043637732415
E2F2,MYBPHL,11.6963920129103
FUBP1,CCDC27,11.617466009798694
HES4,SFN,11.606351563445854
ENO1,LINC02606,11.596597062228147
YBX1,ALPL,11.592473199879317
ALX3,SDC3,11.558069085860922
FOXJ3,DNASE2B,11.52746871810692
JUN,DPYD,11.519600323287557
FOXJ3,SLC30A2,11.517420026476653
JUN,LRRC8D,11.459274487868258
FOXJ3,MYOM3,11.389715437388976
YBX1,PTPRU,11.372202554357699
GMEB1,VAV3-AS1,11.342766947171135
JUN,SLC6A9,11.32361346386059
E2F2,NGF,11.266472239199496
JUN,SNIP1,11.260280540532307
ZNF684,C1QA,11.247325362537053
JUN,TAF13,11.231099351817418
NFYC,HTR6,11.208677990717005
JUN,C1QTNF12,11.201523708611452
FUBP1,LINC02811,11.19063859510684
MTF1,KLHL17,11.175790488231762
TFAP2E,SYT6,11.170094053734827
FUBP1,TNNI3K,11.158453877782062
JUN,WLS,11.147462822570015
JUN,ANGPTL3,11.131396035444695
FUBP1,CELA2B,11.118782608470813
JUN,BMP8A,11.068098454485831
JUN,CCDC163,10.986057901988751
PAX7,LINC01226,10.968275488851553
ZNF684,LINC01562,10.922191028499082
JUN,IL23R,10.917949324005322
ENO1,FAM167B,10.910853698274185
JUN,GIPC2,10.90070846489573
ZNF684,C1QB,10.899430473142575
JUN,PIK3R3,10.789765193484739
JUN,EIF4G3,10.685192394109693
ENO1,RAVER2,10.672057762594195
ENO1,EPHA10,10.654513954177808
YBX1,HFM1,10.616735970333906
NFIA,TRIM63,10.587470683373766
TP73,DENND2C,10.561025807382334
FOXJ3,ELAVL4,10.530628065272081
MTF1,EFCAB14-AS1,10.530627013469875
MTF1,LINC01342,10.529616789190841
JUN,HIPK1,10.513438197030839
ENO1,TAL1,10.508177571460488
ENO1,ANKRD65,10.487000339106809
JUN,NKAIN1,10.43395707858588
JUN,FBXO2,10.404307545082569
GMEB1,LURAP1,10.376496045113745
ZNF683,CYP4B1,10.327665728117779
GFI1,BEST4,10.319092207936771
RUNX3,IL12RB2,10.293730753530076
GFI1,NCMAP,10.286826346188892
ZNF684,IGSF3,10.23379759533742
JUN,AK4,10.213992475473212
JUN,UBE2U,10.143209084248477
HES4,FAM151A,10.14181812816292
TFAP2E,TIE1,10.120438654608062
NFIA,EXOSC10-AS1,10.115159127396455
GMEB1,PLPPR5,10.110023616489377
JUN,LINC00466,10.077803003394667
JUN,DISP3,10.065631725146941
GFI1,UBXN10,10.065469728317321
ZNF684,ROR1-AS1,10.057344488503574
ENO1,LINC01356,10.03422379553435
NFYC,SLC44A3,10.033372325382038
TAL1,ZNF436-AS1,10.029741046769601
JUN,FCN3,9.97083885260892
TP73,SRM,9.899798903423427
JUN,BCAS2,9.894734716687134
MTF1,LINC01708,9.869051032792806
JUN,GSTM2,9.847496690076719
FOXJ3,FNDC7,9.841687920398153
MTF1,OSCP1,9.821361332295128
JUN,PARS2,9.798968605836553
JUN,DPYD-AS1,9.745448938674734
JUN,AK5,9.616649635170335
NFYC,OSBPL9,9.605195488077657
ENO1,HPDL,9.582985034274833
JUN,ST6GALNAC3,9.565549145607514
ENO1,MICOS10,9.554750995062296
ENO1,MXRA8,9.54516080371662
TFAP2E,A3GALT2,9.523541546877397
JUN,LINC01709,9.514303083569887
HIVEP3,LINC01768,9.50844565014418
HES2,VTCN1,9.497144686567783
JUN,PKN2-AS1,9.496325785815264
JUN,KIF1B,9.491686621063446
HIVEP3,ZNF683,9.491013239703866
E2F2,DIO1,9.485780928157512
MTF1,DDAH1,9.45611224115852
ENO1,PPT1,9.43204692429494
E2F2,MIR34AHG,9.413923518432277
HES4,LINC01134,9.403431866662535
JUN,AGO4,9.388414984488069
TFAP2E,ENO1-AS1,9.387705274528278
NFIA,HYI-AS1,9.375261467756456
HIVEP3,DNASE2B,9.357185399655261
FUBP1,ARHGAP29,9.330452759988102
MTF1,LINC01762,9.30508875001293
JUN,LINC01676,9.27615789426444
FOXJ3,NTNG1,9.268844027749887
JUN,STX12,9.256479865713759
RUNX3,PALMD,9.232225085983616
JUN,TTLL7,9.187597117425952
NFYC,FBLIM1,9.184930724165078
FOXJ3,CNN3,9.162847691169562
NFIA,ANGPTL7,9.132143054154975
JUN,SLC44A3,9.130874684568512
ENO1,PLA2G2F,9.1167421397652
JUN,SLC9A1,9.114358817492061
JUN,C1orf185,9.07334841334832
JUN,RHD,9.073307534095225
HIVEP3,C1QTNF12,9.059220340966492
E2F2,ZBTB8A,9.050935331233577
ENO1,PLEKHG5,9.031507826547669
HIVEP3,PRDM16,9.015879547653235
HES4,CHD5,8.999046517151239
FUBP1,RAB3B,8.958149559965552
FUBP1,TRIM63,8.957144319596127
MTF1,FAM87B,8.949163118492839
YBX1,CLCA4,8.947926748342429
JUN,PTGFR,8.94305074123196
ENO1,SH3BGRL3,8.935512618328026
MTF1,FYB2,8.93030341723519
JUN,HCRTR1,8.921352441288562
FOXJ3,AUNIP,8.91206925652632
HIVEP3,NKAIN1,8.907438121327361
JUN,HOOK1,8.860802765295782
YBX1,C1orf141,8.846073934293818
JUN,BCL10,8.84035447158637
JUN,LINC00115,8.838953279458048
GFI1,MPL,8.836880843026176
NFYC,PLA2G5,8.820030481240597
JUN,CSMD2-AS1,8.8153909155815
JUN,EMC1-AS1,8.806779960672454
YBX1,UQCRHL,8.788424625075045
YBX1,HPDL,8.78775010019382
JUN,COL8A2,8.785591606260812
ENO1,LINC01635,8.763356577508539
HES4,RHOC,8.746579309961396
JUN,CA6,8.745521367920816
GMEB1,F3,8.735750490003886
YBX1,E2F2,8.691722635860234
MTF1,STK40,8.671440422557453
ENO1,IPP,8.661835097960457
GLIS1,OTUD3,8.655536267428944
JUN,MKNK1,8.637733613068761
JUN,PLEKHM2,8.631272523722522
E2F2,PRDX1,8.625884913404192
FOXJ3,VWA5B1,8.620925947985118
HIVEP3,ADGRL4,8.613570595528314
ENO1,C1orf162,8.58538728966944
GMEB1,SLC66A1,8.581356773450606
JUN,LINC01141,8.575806131402603
YBX1,SLFNL1-AS1,8.573816857482708
JUN,RCAN3AS,8.531257645256902
E2F2,ASB17,8.5291361463361
GMEB1,PTGER3,8.502759478408022
FUBP1,MMEL1,8.487254288188794
HIVEP3,GABRD,8.483749030689971
JUN,USP48,8.482464387076444
JUN,SLC16A1-AS1,8.479683974777908
JUN,PRDM16,8.452011817448502
JUN,ARHGEF10L,8.449856630451105
JUN,LINC02801,8.444090543434593
MTF1,EVI5,8.439852304251387
ENO1,RPL22,8.437955889172722
RUNX3,PAX7,8.434244870570359
RUNX3,C1orf216,8.422053028403488
TFAP2E,PAX7,8.414182752054213
MTF1,COL11A1,8.395532423411044
MTF1,SMAP2,8.388468695646917
ENO1,RPL11,8.380219890953391
JUN,VAV3,8.312905763829965
ENO1,SSU72,8.300226469852985
YBX1,ENO1,8.277090355302658
E2F2,DEPDC1,8.27255076551311
RUNX3,LRRIQ3,8.268831307918086
NFYC,AUNIP,8.238516786515952
FUBP1,SERINC2,8.236856069840712
JUN,CD58,8.234657931905607
ENO1,TEX46,8.226292782877934
MTF1,ZFP69B,8.207127955244482
GMEB1,TMEM269,8.19757056874808
NFYC,CENPS,8.183801785679904
ENO1,NEGR1,8.172177431806428
JUN,LRRC8C,8.163979160717908
ZNF683,BTBD8,8.16332564257212
JUN,GTF2B,8.159431050265525
HIVEP3,SSBP3-AS1,8.156200868405536
FOXJ3,ATP1A1-AS1,8.148286062718409
ID3,ZMYM4-AS1,8.146927748557454
ZNF683,PODN,8.141484942141497
HES4,SPATA6,8.134361114216716
FOXJ3,TAS1R3,8.131451315766721
ENO1,HES4,8.126657738121752
E2F2,LINC01685,8.125739078706843
TFAP2E,ZMYND12,8.12137713631677
HES4,L1TD1,8.105998865903393
FOXJ3,DLGAP3,8.102690938334288
JUN,PINK1,8.101042257550851
ENO1,GNG5,8.089692489716253
JUN,PHC2,8.086805959058914
JUN,LEPR,8.083050908617322
JUN,CASQ2,8.07125832974836
JUN,RSPO1,8.067109492925562
JUN,CLCA1,8.046361003177612
ZNF684,GABRD,8.043298544579635
JUN,LINC01635,8.03895680268907
JUN,TTC39A-AS1,8.021739348183042
E2F2,NUDC,8.013375954665602
NFIA,CSMD2-AS1,8.004748158800698
FOXJ3,SNX7,7.9874597713639215
FOXJ3,LINC01307,7.983219334946044
HES4,TNFRSF8,7.964698392059051
FUBP1,LINC01714,7.911131100132199
JUN,LRRC47,7.86386241740421
JUN,TRIM45,7.8527551561402795
GMEB1,ERRFI1,7.848876553533225
ZNF684,UQCRHL,7.844976460836659
JUN,OLFM3,7.844720294887378
E2F2,SAMD11,7.838248878122261
E2F2,SPSB1,7.835467125577081
NFYC,IL23R,7.83176647962134
JUN,LAMTOR5-AS1,7.8227609375027045
JUN,PPCS,7.820065802951835
RUNX3,TGFBR3,7.819894253897726
E2F2,B4GALT2,7.819838249701449
JUN,GNG12,7.815426543304517
YBX1,ZBTB8A,7.812368159581069
JUN,GNL2,7.799973454721893
MTF1,DPYD-IT1,7.797333916976468
JUN,CAMTA1-DT,7.793556422921888
ENO1,ST6GALNAC5,7.7879050218313965
YBX1,SLC25A34,7.755719675509631
JUN,PADI2,7.739116759892315
NFYC,PLA2G2F,7.716721217695517
TAL1,MEGF6,7.7059029297958
NFYC,LINC01714,7.705322590484378
JUN,SESN2,7.700542248071431
JUN,PKN2,7.698952545339016
JUN,DNAJC16,7.695109665057057
JUN,MIER1,7.690166872103886
MTF1,CD58,7.677396736502123
ENO1,DNAJC8,7.676185480942941
E2F2,CRYZ,7.667268074117238
ENO1,MRPL20,7.665216131324706
NFYC,GBP6,7.664405130937624
TAL1,BEND5,7.627365677592229
JUN,PDE4B,7.608100353158603
JUN,SORT1,7.607612759976788
ENO1,ZNF691,7.606726301072642
JUN,ADGRB2,7.6050082114736615
HIVEP3,TMIGD3,7.593892386635752
JUN,GPR61,7.566015419999742
ID3,OVGP1,7.565849842900866
FOXJ3,KDM4A-AS1,7.5647616973435206
MTF1,FGR,7.556895080968921
ENO1,UQCRH,7.531215117249674
JUN,AKR7A3,7.525144172796799
JUN,LINC02609,7.508111645522168
RUNX3,OLFM3,7.505236022966442
JUN,IFI44L,7.492108853445669
JUN,LINC01389,7.48142695788076
JUN,SNX7,7.481207375711649
JUN,AGO3,7.477912826798974
JUN,SRARP,7.467100781512634
JUN,RLF,7.466691359595549
NFYC,LINC02574,7.462275082260943
JUN,IFI44,7.459941453527443
E2F2,RBBP4,7.450925671772936
FOXJ3,WNT2B,7.447264908873489
MTF1,RAP1GAP,7.445687403357606
MTF1,AGTRAP,7.433716428987649
MTF1,SORT1,7.431256415595903
E2F2,POU3F1,7.42419003726049
ID3,GRIK3,7.421545742970889
JUN,CLCN6,7.421206111590537
TFAP2E,MKNK1-AS1,7.416352668948993
ENO1,RCC2,7.414206327149932
ENO1,EVA1B,7.399395919405211
E2F2,CDCA8,7.398100682158497
NFYC,LINC01364,7.393999298723659
NFYC,BMP8B,7.392847566955402
HES4,FOXD3-AS1,7.381077364197089
JUN,ALDH4A1,7.371426115158518
HIVEP3,DPYD-AS2,7.358694837708272
JUN,PGD,7.334877815001506
JUN,CNKSR1,7.317645350089056
YBX1,POU3F1,7.313729034344058
JUN,THEMIS2,7.3120067025613995
E2F2,YBX1,7.310420848753786
YBX1,NBL1,7.3029503867178605
FUBP1,SSBP3-AS1,7.299685540510896
ZNF683,TOE1,7.290351133393146
ID3,LAMTOR5,7.290054873552905
HIVEP3,EXOSC10-AS1,7.277613730145182
MTF1,GPBP1L1,7.262867149701256
JUN,CASP9,7.255544389072959
E2F2,CDC20,7.2473100487873685
ENO1,UROD,7.244918482641428
MTF1,PRKAA2,7.2411082218011185
ENO1,SRRM1,7.237025754115364
JUN,ADGRL2,7.2362116954535445
JUN,TTLL10,7.232339483716404
MTF1,ARID1A,7.2308955553968515
MTF1,HCRTR1,7.227080961686662
JUN,GNAT2,7.215436450968017
HIVEP3,PDPN,7.206686343085988
GFI1,ASB17,7.166973295369725
ZNF683,IQCC,7.161133951688235
GMEB1,CNN3,7.146077609129777
TP73,FRRS1,7.144157916713387
E2F2,SSX2IP,7.136909430350821
ENO1,RSBN1,7.129645571241869
JUN,CTH,7.1230774652137425
TP73,ZSCAN20,7.117775102902346
JUN,SH3GLB1,7.110032136605714
YBX1,TEX46,7.108343862934871
ENO1,LSM10,7.099537062639847
GFI1,SLC1A7,7.086259353435658
ENO1,TSPAN2,7.08397273554759
MTF1,PTGFRN,7.081646419624409
JUN,CTPS1,7.079130395515209
ENO1,TMEM59,7.07666930732154
GMEB1,EPHA2,7.076049787480547
JUN,NPHP4,7.069805375160213
JUN,EPHX4,7.0597908493803105
JUN,FUCA1,7.057589562895631
E2F2,SASS6,7.049633821085073
ENO1,DRAXIN,7.0453315129460865
ID3,LPAR3,7.04260256328413
ENO1,LINC01357,7.042420270390286
JUN,NFIA,7.041175830789186
GMEB1,CLCA4-AS1,7.034834799789888
JUN,RBP7,7.029797623922726
MTF1,CEPT1,7.029288617806368
NFYC,NFIA,7.016964562333048
JUN,CCDC17,7.016591735642942
JUN,TSSK3,7.0162242281387455
HES4,TNFRSF1B,7.0159212409156195
FUBP1,MAGI3,6.997675715415941
ENO1,RIMKLA,6.995795924470066
ID3,CYB5RL,6.990613692073328
FUBP1,VTCN1,6.989863430197546
JUN,GBP7,6.979492791435067
MTF1,DNAJC11,6.9674484048313765
YBX1,CPLANE2,6.952395423722859
ENO1,ORC1,6.94773148560074
E2F2,NASP,6.945877087921983
TFAP2E,MATN1,6.937241730941797
TFAP2E,LRRC42,6.9194062615497645
ENO1,SPSB1,6.914804799002688
TAL1,ARHGEF19,6.913610305831297
JUN,A3GALT2,6.908383883300513
JUN,SHISAL2A,6.905415859137825
E2F2,LZIC,6.899317374902955
TP73,ATAD3C,6.88240414036674
JUN,CYP4A22-AS1,6.8784398675385745
ENO1,CAPZB,6.877580096656279
JUN,DENND2D,6.873515373188186
MTF1,GNAT2,6.8721699217929615
JUN,AGO1,6.871141960582742
GMEB1,SLC25A34,6.847379178033712
MTF1,TNFRSF1B,6.843968928921003
MTF1,GBP2,6.838931944959214
TFAP2E,DBT,6.837173883667694
JUN,STXBP3,6.82124753060844
YBX1,LINC01562,6.8177819829794695
ZNF683,BMP8B,6.810829429284963
RUNX3,KCNA3,6.80954109794273
ZNF684,TMEM269,6.808229425531105
YBX1,HYI,6.8048536382221245
E2F2,TM2D1,6.802641294215226
ENO1,OMA1,6.789605000615461
E2F2,LPAR3,6.78382095046155
ENO1,DNTTIP2,6.7778538583393315
JUN,LCK,6.772041957938604
FOXJ3,LINC02795,6.752697252022576
ENO1,RPS8,6.749473376799079
JUN,RERE-AS1,6.746286465589467
FOXJ3,ABCA4,6.745069781554973
FOXJ3,CSMD2,6.726463934036819
JUN,ZFYVE9,6.71001443034435
FUBP1,TNFRSF9,6.703447080931571
JUN,SLC30A7,6.703388657487569
FOXJ3,NGF-AS1,6.702300663658582
MTF1,AGO4,6.6853899484969
ENO1,AKR7A2,6.685121714596196
JUN,RAP1GAP,6.683359980317183
JUN,SLC25A33,6.6831173472907635
ENO1,GPR157,6.67776644597958
ENO1,PSMA5,6.677557200283052
GFI1,AMIGO1,6.667870833141339
FUBP1,PER3,6.658008986797238
ENO1,SCP2,6.651352996981242
YBX1,GPR153,6.650969174938716
JUN,RSRP1,6.641756564862786
FOXJ3,PLEKHG5,6.639057747607409
ENO1,FOXO6,6.635579695620592
JUN,LINC01748,6.631862672966476
GMEB1,GNG12,6.630394717408163
FUBP1,FNDC10,6.625786338842032
JUN,CENPS,6.611197427265886
RUNX3,LINC01676,6.603478255760234
ENO1,CAP1,6.595202706056029
ENO1,PSMB2,6.594124557767279
YBX1,MMP23B,6.587971734667074
ENO1,PARK7,6.583957191080023
ENO1,TRNAU1AP,6.573623825736519
FOXJ3,PRXL2B,6.573614477985587
JUN,ALG14,6.568802962045084
GMEB1,PLPP3,6.567786849031224
ENO1,SVBP,6.567609267159283
E2F2,FAM76A,6.565327018986811
ENO1,INPP5B,6.562218210994548
NFIA,ZBTB8B,6.560863621611999
E2F2,ST3GAL3,6.560785026531027
JUN,UBR4,6.560581998895079
JUN,EXOSC10-AS1,6.55631514339005
HIVEP3,GLIS1,6.552963157965795
YBX1,UBE2U,6.5483835927917555
FUBP1,FNDC7,6.531967621536955
POU3F1,PUSL1,6.51432546051537
GFI1,C1orf167,6.511632460804904
ENO1,CDC20,6.50273557700491
RUNX3,KCNC4,6.497892292945114
JUN,ZC3H12A,6.494448743075205
FUBP1,NPPA,6.492881116131126
ENO1,SRSF10,6.479708373230364
MTF1,MTHFR,6.478382695556801
YBX1,LINC01160,6.468364230145272
JUN,ZMYM4,6.4676111816849735
JUN,TMED5,6.466610839082505
E2F2,MED8,6.466138178367224
ENO1,KHDRBS1,6.464787641979088
JUN,NEXN,6.459750803890592
JUN,LINC01677,6.456250842736981
HES4,GBP4,6.444687195493474
NFYC,GNG12-AS1,6.4439766838299315
GFI1,DLEU2L,6.435962060950076
JUN,COL9A2,6.431899184692661
TAL1,FNBP1L,6.430765800865786
TAL1,LDLRAD2,6.426871084095915
NFYC,KANK4,6.421212811725513
ENO1,MRPL20-AS1,6.420601258557491
JUN,GNG12-AS1,6.408907232390194
JUN,RNF11,6.407599347498828
ID3,SLFNL1,6.396066141167837
ENO1,RPL5,6.386543159042569
FUBP1,MCOLN3,6.384257407606277
NFYC,CFAP57,6.380416439512875
TAL1,CACHD1,6.380198728355508
ZNF691,LINC02574,6.376465485511599
HIVEP3,EPHA2,6.3745814192528565
ENO1,HMGN2,6.360844944722626
FUBP1,ZBTB8B,6.359212876605534
MTF1,ARHGEF10L,6.357280668098661
YBX1,TMEM201,6.353777430334449
JUN,PINK1-AS,6.349342457735053
YBX1,RAVER2,6.347350424574023
E2F2,EBNA1BP2,6.341809584536022
FOXJ3,PIK3CD-AS1,6.338424523458426
ENO1,SCMH1,6.329762425505167
ENO1,UBE2J2,6.316925612691856
HES4,LINC02795,6.313758561008635
ZNF684,OSCP1,6.30733006209268
FOXJ3,BCL2L15,6.306684165443269
JUN,FAAH,6.284196540672871
JUN,LURAP1,6.284075785854936
FOXJ3,CLCA1,6.275341126152788
JUN,DIO1,6.272534761209616
ID3,VAV3-AS1,6.26593415273547
ENO1,CTPS1,6.263381924404069
NFIA,FCN3,6.2607916728955795
E2F2,PSRC1,6.256816409302878
JUN,SLC44A5,6.247531256388732
ENO1,ZFP69,6.237780611575928
MTF1,PKN2,6.234487009333733
JUN,CCDC24,6.233812443101205
JUN,PRKCZ,6.229894036018868
GFI1,PRKCZ-AS1,6.229266033906301
TP73,DDOST,6.226406961884645
JUN,LINC01725,6.222437192086618
JUN,SFPQ,6.220220408606959
FOXJ3,SKI,6.217295001992019
ENO1,PABPC4,6.209124766657535
ENO1,HDAC1,6.202902518759839
ENO1,ATP5IF1,6.200505935990592
JUN,TCEA3,6.192507555490772
ENO1,YTHDF2,6.192403540828115
E2F2,HMGN2,6.189942508795411
JUN,CDCP2,6.184140469611846
JUN,LINC01342,6.176790802194441
GMEB1,DLGAP3,6.175416951442048
GMEB1,LINC02609,6.175165002731303
RUNX3,TNFRSF4,6.1751377674758166
ENO1,CZIB,6.168336537373106
ENO1,LINC01141,6.161200449625549
FUBP1,CASZ1,6.160418748623714
ENO1,DPH2,6.151908021283502
JUN,PLPP3,6.145226290022424
ENO1,YBX1,6.135799779276775
ENO1,ST3GAL3,6.1301421467603845
JUN,SYCP1,6.125957892602296
JUN,PRKACB,6.123528683748149
ENO1,PHF13,6.123185358287317
ID3,GSTM3,6.118000393014993
HIVEP3,RBM15-AS1,6.112639940856472
JUN,AJAP1,6.100458433589617
TP73,SLC16A4,6.100412721967793
NFYC,PADI6,6.097701552968022
ENO1,AK2,6.096639999410332
POU3F1,MRTO4,6.094777246511015
ENO1,TFAP2E,6.092834427896912
JUN,BSDC1,6.09137048995433
MTF1,TRIM45,6.087594597334203
ZNF691,BEND5,6.082441338523615
ENO1,NDUFS5,6.082005654380619
MTF1,TESK2,6.072630523616711
PAX7,NEXN-AS1,6.068500623647499
HIVEP3,RUNX3,6.06580796451311
YBX1,DMAP1,6.065040410385907
JUN,FGR,6.06466113218993
MTF1,PUM1,6.063436810226885
ENO1,MEAF6,6.055336430220216
JUN,PLOD1,6.0519320709976006
JUN,LINC01772,6.045676180041788
ENO1,L1TD1,6.0435024739115395
ENO1,SELENOF,6.042066881745697
JUN,PATJ,6.037677264298418
MTF1,ASAP3,6.032080344451145
JUN,OSBPL9,6.030261549928974
ID3,DPH5,6.02758310459114
RUNX3,MAD2L2,6.026884767239659
JUN,SPOCD1,6.013651921500196
JUN,MDS2,6.00697284581382
MTF1,RNPC3,6.0065918929694035
JUN,IFNLR1,6.005753924619821
ZNF684,ALX3,6.004393179917625
FUBP1,LRRC47,6.0033252527864205
HIVEP3,PRKCZ,5.997200610010596
FUBP1,PLPPR4,5.989810017055372
JUN,PTPRU,5.988468109254262
ENO1,DR1,5.98672297687919
FOXO6,FOXD3-AS1,5.9786200093652555
ENO1,LINC01739,5.9705051183968
FUBP1,PPCS,5.964273446122661
YBX1,TMEM51-AS1,5.962337201450735
NFIA,F3,5.961064342328684
JUN,UBE4B,5.943011955937779
FOXJ3,OVGP1,5.936868645996748
HIVEP3,SYCP1,5.92725280121261
FUBP1,CPLANE2,5.915722054830296
E2F2,PARK7,5.912468103532264
JUN,HPCAL4,5.9054588876665255
MTF1,UBXN11,5.903802828396879
ZNF691,SLC45A1,5.902667042391531
JUN,ADGRL4,5.899314077949269
ENO1,AKR1A1,5.898803908120373
FOXJ3,MSH4,5.895569227397242
JUN,LRRC38,5.89553462386897
ENO1,PRDX1,5.889458615255993
MTF1,LRRC40,5.884377693922138
MTF1,CCDC18,5.880605128085945
ENO1,NGF,5.878697515866945
E2F2,MRPL37,5.878481074557032
FUBP1,TMEM53,5.877675594775238
JUN,LRRC8B,5.874244520360047
RUNX3,GSTM1,5.8704252829921355
JUN,KIAA0319L,5.868666736471433
JUN,KIAA1522,5.865627200851054
ID3,CD52,5.865439204873526
JUN,COL24A1,5.862442415211322
E2F2,PRPF38A,5.860014167495123
MTF1,STX12,5.8516989473881615
HIVEP3,GBP7,5.850643456203397
GMEB1,GSTM1,5.8489821220492315
HIVEP3,TNFRSF14-AS1,5.842745370942786
MTF1,SLC22A15,5.840809573074427
E2F2,FAAP20,5.838073629100178
TP73,AP4B1,5.829573989300446
ENO1,DEPDC1,5.822183431142232
YBX1,KIF2C,5.817458295428528
ENO1,PANK4,5.814947192447146
MTF1,GBP1,5.810806979772643
MTF1,VAMP3,5.810055822593328
HES4,LINC01160,5.809212770960921
MTF1,PTAFR,5.806643211500203
GMEB1,CYP4A22-AS1,5.7999617120578675
YBX1,TP73,5.7929582856678
JUN,MYSM1,5.79102898913515
GFI1,GPR153,5.786568686793534
JUN,RIMKLA,5.7821097445707075
JUN,KIF2C,5.769084845625396
FOXJ3,AJAP1,5.768990866312833
RUNX3,CELA2A,5.767077766939902
ENO1,UTP11,5.756086563736342
FOXJ3,HFM1,5.75561255437102
MTF1,NADK,5.7536613646245485
MTF1,RNF19B,5.751630196284543
GFI1,LINC01786,5.746107527011277
MTF1,DPYD,5.744890958761386
ENO1,EFHD2,5.7445714070885066
FOXJ3,AMY2B,5.742738917964267
FOXJ3,AGL,5.740166717350797
HES4,CEPT1,5.73981474005864
FOXJ3,C1orf127,5.735710840038955
JUN,EVI5,5.73372950633869
JUN,MED18,5.732866449365519
E2F2,CSDE1,5.732630289141281
E2F2,CAP1,5.72777506543962
JUN,FAM151A,5.726819120393181
ENO1,NOC2L,5.7210913029432495
ZNF683,GPR153,5.720345114878986
E2F2,TMEM50A,5.715391863196334
JUN,SLC16A4,5.712941335701063
ENO1,SLC16A1,5.706824692085913
JUN,KIAA2013,5.703246727649685
HIVEP3,LINC01355,5.702484161828072
JUN,LDLRAP1,5.698428915331222
MTF1,THEMIS2,5.693415630335897
YBX1,ACOT7,5.693094688704097
MTF1,DRAM2,5.689660284002438
HIVEP3,LINC01356,5.688605848019779
JUN,TPRG1L,5.683965759378565
YBX1,PODN,5.683633774875022
ID3,CLCN6,5.681781364114094
ENO1,SERBP1,5.681721638941297
POU3F1,ERICH3,5.678887887375233
JUN,SPATA21,5.678823664163082
JUN,RHCE,5.678392042924772
JUN,COL16A1,5.675771518397762
ZNF691,KDF1,5.671276134820171
RUNX3,TP73,5.667646372267467
RUNX3,HES2,5.6554829628482
JUN,MATN1,5.654014070852027
ENO1,ERI3,5.64621365992339
JUN,TTC34,5.643331620428721
JUN,CCDC30,5.636897210102093
YBX1,AURKAIP1,5.63609851399746
FOXJ3,SELENON,5.634555322024881
JUN,LUZP1,5.631508352031181
E2F2,EXOSC10,5.629723149194176
ENO1,NASP,5.6187906924189654
MTF1,MKNK1,5.614632428585412
ZNF684,SLC6A17,5.61035771857297
ENO1,NCDN,5.610066225398774
TFAP2E,KDM4A,5.6035481301427765
E2F2,ACAP3,5.598301644589278
POU3F1,MRPS15,5.5969230299013715
JUN,NRDC,5.59187439953627
JUN,PTPN22,5.5887197172667475
ZNF691,CORT,5.584124715544442
JUN,SAMD13,5.582796497480295
ENO1,CHD5,5.5796426782934825
YBX1,C1orf162,5.5791900751175145
NFIA,COL16A1,5.577600464050983
RUNX3,MMP23B,5.570213171356478
TFAP2E,TMCO2,5.5620757455176095
JUN,SMIM1,5.561755137506585
MTF1,AGO1,5.561591683367998
NFIA,IGSF3,5.5600982960790395
ENO1,MRPS15,5.5562771223052
HIVEP3,SLC2A1,5.555960694034273
JUN,SYDE2,5.553003088410705
JUN,ASAP3,5.550171146189516
HES2,RIMKLA,5.546264477443291
ENO1,POU3F1,5.545646089526661
ENO1,COA7,5.544011221840833
JUN,LRIF1,5.5424312631898776
ENO1,USP1,5.5386440284427225
JUN,PABPC4-AS1,5.5330377614384165
YBX1,GPN2,5.5293980244002245
GFI1,CCDC27,5.5244985124641
TAL1,SH3D21,5.518977749490983
JUN,FBXO44,5.518007876942006
GMEB1,CLSTN1,5.517666705037001
JUN,SRM,5.517340870971903
ID3,CCDC18-AS1,5.514141713819409
ID3,LINC02606,5.511538509550587
JUN,VPS13D,5.505375854755482
E2F2,ALG6,5.503639962268222
ENO1,HNRNPR,5.488886478224354
ENO1,MED8,5.488147830204105
FOXJ3,CC2D1B,5.487689960652336
NFYC,STPG1,5.485469195829032
ENO1,PHACTR4,5.484814087746143
ZNF683,SSBP3,5.483278084554397
RUNX3,ZMYM4-AS1,5.482825448434474
ZNF691,TMEM200B,5.48175337123187
JUN,FOXO6,5.481001963687159
JUN,LINC01358,5.478365848408654
JUN,FOXD3-AS1,5.478316295146136
FUBP1,FNDC5,5.476361740695836
FOXO6,GNAT2,5.469704238066055
JUN,AZIN2,5.465005108905435
YBX1,LINC01357,5.463709366132077
RUNX3,ZNF683,5.462670896862052
YBX1,SH3D21,5.46145302420579
ENO1,CDCA8,5.458681059580849
ID3,TMEM52,5.455380158243672
HIVEP3,GFI1,5.453083683738557
E2F2,DPH2,5.45303721822452
FOXJ3,RBP7,5.445998744747412
ENO1,SIKE1,5.44501779158808
GMEB1,SYDE2,5.443557299913115
MTF1,KCNA2,5.438640506303495
RUNX3,LYPLA2,5.438375361988235
FUBP1,C1orf185,5.436656205954721
ENO1,CC2D1B,5.436163130208854
FUBP1,GRIK3,5.432549555930191
ENO1,FAAH,5.432181532873612
JUN,CDK11A,5.431592060988439
YBX1,FOXJ3,5.429481789073017
ENO1,CELA2A,5.427961476828776
YBX1,PLPPR5,5.4273753366155155
POU3F1,TNFRSF4,5.427291430426196
GMEB1,TMCO2,5.424069814768347
ENO1,NEXN-AS1,5.423682111079938
E2F2,PITHD1,5.4219482643253265
YBX1,TMEM200B,5.420072392945448
JUN,RCAN3,5.417786525206536
FOXJ3,MIGA1,5.416918888227253
ENO1,RPS6KA1,5.416736291108214
YBX1,SIKE1,5.406572771969346
TP73,CCDC24,5.400886952325861
MTF1,DDX20,5.400276552565852
JUN,MAGI3,5.398097176354368
ID3,CAMTA1-DT,5.396400685741996
E2F2,GNG5,5.395877951294868
MTF1,CCDC17,5.395799358896404
ENO1,ZMPSTE24,5.389560678507479
JUN,PIGK,5.388446054436021
JUN,LMO4,5.3840274100527035
ENO1,RCC1,5.381998683820726
NFYC,ZYG11A,5.381587262563048
JUN,WDR47,5.380141414138872
NFYC,LINC01356,5.378182708915083
JUN,TMEM52,5.374742381200597
ENO1,CD53,5.374079098530382
JUN,AKNAD1,5.370569863675355
E2F2,PAFAH2,5.36706388758533
JUN,MMACHC,5.358058421548159
E2F2,EIF3I,5.357219098295506
YBX1,HNRNPR,5.356794338355889
ZNF683,TESK2,5.356005010558553
HES2,TTC22,5.350318018890211
MTF1,ADORA3,5.343032401815651
ID3,LINC02812,5.341468012101964
ENO1,FBXO2,5.341084762775233
ENO1,STMN1,5.335992202861783
JUN,C1QA,5.335936906102847
E2F2,RBM15,5.330539056899566
FUBP1,FYB2,5.329880902844071
JUN,SCNN1D,5.327346727214951
ZNF683,ERRFI1,5.326073349816202
FOXJ3,MIR34AHG,5.318688600719238
ENO1,AKNAD1,5.31749957057097
JUN,RBMXL1,5.31453476528311
FOXJ3,CPLANE2,5.309588827490942
ENO1,MRTO4,5.308490799858764
JUN,MOB3C,5.307691280065372
FUBP1,ZSWIM5,5.307130116427058
ENO1,SLC35E2B,5.30616453377187
FUBP1,PINK1-AS,5.303104157210617
POU3F1,PIK3CD-AS1,5.301282737098231
GFI1,LINC01768,5.299282809402038
JUN,COL11A1,5.2923726668348285
JUN,ZFP69,5.285328828506806
FOXJ3,CYP2J2,5.283377581068099
E2F2,SERBP1,5.282059726924316
ENO1,PRKCZ-AS1,5.274698738752576
ID3,MMACHC,5.271727400294365
YBX1,ZSCAN20,5.269893383643796
YBX1,MICOS10,5.269734905158859
E2F2,RAD54L,5.263354648922823
JUN,EYA3,5.262641793524413
YBX1,MRPL37,5.257959429513842
JUN,MTFR1L,5.256042643255029
ENO1,ATP5PB,5.254701680852619
FOXJ3,HYI-AS1,5.248032294177993
ID3,C1orf127,5.246347016506834
RUNX3,HIVEP3,5.244341505502447
FUBP1,MANEAL,5.243756728080038
ENO1,C1orf122,5.241889153161765
MTF1,CELA3B,5.238642111356908
TFAP2E,ESPN,5.235106549254569
TAL1,TCEANC2,5.235040941909802
JUN,CDC42-AS1,5.231105053417798
JUN,CDK11B,5.230417700290878
JUN,RHBDL2,5.229613805455264
YBX1,RBM15,5.2232011011351815
FOXJ3,RHCE,5.2174099130223475
JUN,FBXO42,5.216412895553193
HIVEP3,LINC01362,5.215336709396644
NFYC,PRKCZ,5.211589722800165
MTF1,IFI44L,5.211163981759803
FOXO6,GPR61,5.209385517302966
ENO1,PITHD1,5.206865893897325
ZNF684,KIAA1522,5.204803779364106
FUBP1,EPHA2,5.204115039591074
ENO1,DPYD-AS2,5.203842726159038
JUN,SPEN,5.201078777312114
GMEB1,NTNG1,5.19888639664437
ENO1,SZRD1,5.197421565771418
ZNF691,RCC1,5.1950640633856615
HIVEP3,MFSD2A,5.194637169764748
ZNF683,DCDC2B,5.193309784760206
JUN,TEX46,5.190573708195747
ENO1,MKNK1-AS1,5.190375808200679
YBX1,ZNF593,5.184959653410043
JUN,TMEM53,5.175664391890727
JUN,CORT,5.175082346837922
E2F2,USP1,5.174654305899785
YBX1,RPL5,5.173986124609997
ENO1,PTP4A2,5.169943169311127
ENO1,RRAGC,5.1657264002309065
ENO1,PPIE,5.164407275521423
ENO1,GALE,5.1634614236911505
ENO1,SNHG3,5.160082829217648
YBX1,ANKRD65,5.159054840355741
FUBP1,LINC01364,5.157835273156032
YBX1,INTS11,5.157257786461704
JUN,GRIK3,5.156820446470402
JUN,TNFRSF9,5.156740038773848
RUNX3,CYP4B1,5.156592833573867
NFYC,CNKSR1,5.153362204410097
JUN,H6PD,5.152942283262666
HIVEP3,MIR3659HG,5.151476734024452
RUNX3,DRAXIN,5.149430287870247
FOXJ3,OLFM3,5.147206279272725
JUN,GSTM3,5.144017273223253
ID3,LURAP1,5.142705084142193
ENO1,KPNA6,5.141415885128622
MTF1,SLC9A1,5.138739701110991
ENO1,RTCA,5.135590505796555
ZNF683,HIVEP3,5.131342572776413
NFYC,BCAR3,5.128966914217172
ID3,RRAGC,5.127984661199486
MTF1,TTF2,5.126503244924828
YBX1,RCC2,5.122842469286091
YBX1,DNAJC8,5.119137674064663
JUN,LINC01357,5.11868759991189
ENO1,TM2D1,5.113779090410606
JUN,MFN2,5.110909419419718
ID3,KCNA2,5.106625703983548
ZNF683,LINC01786,5.09133449411604
RUNX3,SYTL1,5.090809898389481
ENO1,ELOVL1,5.088906384986681
YBX1,AGMAT,5.085726750392518
RUNX3,AKR7A2,5.068835000935482
ENO1,HES2,5.064173540654822
FOXO6,RAP1GAP,5.060159870253504
E2F2,DMAP1,5.059427149004395
JUN,CAMTA1,5.059007860230123
GFI1,EPHA10,5.05793009415376
E2F2,THRAP3,5.057842039336218
ENO1,MACF1,5.0564617485342085
E2F2,SIKE1,5.053746560313568
JUN,TMCO2,5.051409687614799
FUBP1,UTS2,5.050957068687559
ENO1,CDKN2C,5.038619722517114
E2F2,TXLNA,5.036852126764534
HIVEP3,CNKSR1,5.035757806769
TFAP2E,MSH4,5.0350128014458875
E2F2,STMN1,5.034586461523642
JUN,MAN1C1,5.026601293475251
YBX1,PGM1,5.025797276973672
YBX1,CDC20,5.019618097371578
RUNX3,TFAP2E,5.019540550792873
YBX1,RPL22,5.016945744310192
FOXJ3,OPRD1,5.016046350939135
JUN,RCC1,5.0123764235356365
ENO1,SF3A3,5.010767545576887
MTF1,DPYD-AS1,5.006489664374301
RUNX3,SPOCD1,5.004246011379889
ENO1,ATPAF1,5.004099227066618
ENO1,ISG15,5.003483178627771
ENO1,RPA2,5.003064430040822
TAL1,TSPAN2,5.00179324910947
ID3,ZBTB40,5.001445278822032
E2F2,CDC42,4.9962629833043595
HIVEP3,KIF17,4.995183399234891
ENO1,PRPF38A,4.993783538596696
NFIA,KCNQ4,4.98671577935221
MTF1,GIPC2,4.9831347929469825
YBX1,SH3BGRL3,4.9812565251762235
RUNX3,FAM167B,4.97809306691351
JUN,SLC25A24,4.975750613763041
HIVEP3,CCDC28B,4.974239440991836
FUBP1,SLC5A9,4.968975048708782
RUNX3,IPP,4.968843333513642
YBX1,CITED4,4.968026393658872
YBX1,TAF12,4.966464037126891
MTF1,FCN3,4.9656593963804
FOXJ3,TNFRSF4,4.964868560442918
ZNF683,PTGFR,4.962159698650889
MTF1,LINC02777,4.960711646696528
GFI1,STIL,4.956303637195119
FUBP1,OPRD1,4.956046448486387
ENO1,LAPTM5,4.953975239630915
HIVEP3,ZSWIM5,4.95332039787005
JUN,IQCC,4.952054129344237
RUNX3,ZCCHC17,4.94894710289743
ENO1,LINC01677,4.948855096277586
ENO1,ROR1-AS1,4.94731470636759
TP73,RWDD3,4.944201013874481
POU3F1,LINC01128,4.942579298895662
JUN,MIIP,4.941129500053067
FUBP1,CTH,4.937751813691001
HIVEP3,CAMK2N1,4.935542528251448
GMEB1,UBXN11,4.935341372191611
ENO1,CD52,4.93060643205895
ENO1,FRRS1,4.928447154542974
JUN,LEPROT,4.9268517484379775
JUN,EXO5,4.926801646849181
MTF1,SLC25A33,4.925737347354003
E2F2,PSMB2,4.924715880988163
E2F2,MRPS15,4.924393404162005
ENO1,ATAD3A,4.9238760672425625
FUBP1,NOL9,4.922553779663255
JUN,LINC01762,4.921654417663717
ENO1,SPOCD1,4.918179072796512
HES4,MATN1,4.916567334674926
YBX1,PPT1,4.915885077941441
ENO1,CCDC18,4.91578139003526
JUN,NBPF3,4.91195511655629
ZNF684,CLCA4-AS1,4.91158040500686
ENO1,ZCCHC17,4.908131478462051
MTF1,EIF4G3,4.906393607166747
E2F2,ZRANB2,4.906380594423643
ID3,PPIE,4.904135291217623
ENO1,PPP1R8,4.900604188376977
YBX1,DEPDC1,4.896005014625912
FUBP1,DPYD-AS2,4.8936950080429815
ENO1,FHL3,4.891867272120493
MTF1,KAZN,4.887481787852756
JUN,GBP3,4.886476761356162
JUN,ALPL,4.884847139097948
HES4,MANEAL,4.8830214312967035
MTF1,CD101,4.88100490993632
JUN,BCL2L15,4.877333052980287
ENO1,CSDE1,4.87608970361148
RUNX3,KIF2C,4.87397030345838
MTF1,MOB3C,4.872599434993915
MTF1,PATJ,4.8689908805384405
E2F2,AURKAIP1,4.865970584898817
JUN,HS2ST1,4.853376672505281
ENO1,ASAP3,4.852074841161796
RUNX3,ZC3H12A,4.84985232970184
HES4,ISG15,4.848193616312902
ENO1,CRYZ,4.845318377542894
FOXJ3,SYNC,4.83414791218831
GMEB1,CASQ2,4.831286955709582
ENO1,KCND3,4.827668507890804
GMEB1,P3H1,4.827317966863694
YBX1,ATAD3B,4.826617349011018
HIVEP3,SAMD11,4.82575610177339
ENO1,EXO5,4.824996209961584
ENO1,EIF3I,4.824937531160757
TFAP2E,MMP23B,4.821598348700689
MTF1,PTBP2,4.820359910178169
JUN,AGBL4,4.819210571633059
YBX1,HES4,4.816449629371553
RUNX3,UBE2U,4.814452198349984
FOXJ3,CDCP2,4.810610465071355
JUN,UBXN11,4.81021774987088
FOXJ3,TAS1R1,4.8020154966246285
JUN,CACHD1,4.7994527644116
GMEB1,VWA1,4.7966820406437165
JUN,ZBTB48,4.794696482447857
FOXJ3,DVL1,4.79280199135711
RUNX3,ECHDC2,4.791074734614999
ZNF683,PPIH,4.788718415213825
ZNF684,MIR4422HG,4.787467624953045
JUN,ZNF684,4.785493332977139
E2F2,GADD45A,4.782848393128555
ENO1,SRSF11,4.781343832134327
ENO1,MAP7D1,4.779833185437303
YBX1,MRPL20,4.778522910238049
JUN,ERMAP,4.773588373001718
RUNX3,PLA2G5,4.768263394563305
HES2,ADGRL2,4.7672053491162965
JUN,ANGPTL7,4.764832189240289
E2F2,LINC01359,4.763893657852531
YBX1,INPP5B,4.762555835388403
ZNF683,ID3,4.759873087656832
ZNF683,SLC1A7,4.754708717663987
FOXJ3,C1QC,4.749838534110045
ENO1,RHOC,4.745413800480765
GMEB1,CTTNBP2NL,4.744167196979929
JUN,NBPF1,4.7436341971918985
JUN,TFAP2E,4.742640492515201
JUN,MTHFR,4.741780792966754
JUN,MFSD14A,4.73931402190057
ENO1,INTS11,4.7372871003292465
NFYC,NPPA,4.732466724650144
ENO1,PNRC2,4.730219254369999
MTF1,LRRC8D,4.72559995575723
MTF1,PDE4B,4.725014696885649
ZNF691,MAST2,4.722203487062702
MTF1,GBP5,4.721967275446153
FOXJ3,STRIP1,4.721149257502166
ENO1,SRARP,4.719529167665807
JUN,MMP23B,4.718356204244128
JUN,MKNK1-AS1,4.715446988300577
JUN,NEGR1,4.71324381094789
ENO1,SYF2,4.711423046579984
POU3F1,MED8,4.711348867029908
ZNF684,F3,4.706949979683015
FOXJ3,LRRIQ3,4.706796263416782
YBX1,PEF1,4.7058647528746675
ZNF683,ADGRB2,4.705769514889427
JUN,PLEKHN1,4.703187420591912
ENO1,FAM41C,4.701599797714733
ENO1,GBP4,4.700372607577556
ENO1,ABCA4,4.698165401852494
FUBP1,ZFP69B,4.69695058798244
TFAP2E,CSMD2,4.696651164584483
FOXJ3,DENND2D,4.694285791348798
YBX1,ATP5IF1,4.690459101919915
ENO1,DDI2,4.690444303706016
JUN,NOL9,4.689831856378386
JUN,KDF1,4.688839819688071
ID3,KTI12,4.6881406362263265
ZNF684,DDI2,4.687653245518763
RUNX3,EPHA10,4.674940614239536
RUNX3,ODF2L,4.664344583056385
ENO1,NUDC,4.661623283092097
HIVEP3,ATG4C,4.659705075418657
FOXJ3,CLCA4,4.6595621623742165
JUN,FYB2,4.6581012825338375
ENO1,MAD2L2,4.656567573875404
FUBP1,PUM1,4.6561128514886665
ENO1,AKIRIN1,4.654972032697648
RUNX3,MYOM3,4.654021579676202
JUN,INKA2-AS1,4.65306942242823
JUN,CYB561D1,4.649934878695143
ENO1,SMIM12,4.643399699554956
JUN,TARDBP,4.642692549717223
FOXJ3,TMEM234,4.641484525655294
GMEB1,PTGFRN,4.634478078938106
ENO1,WDR77,4.632846099735065
JUN,YIPF1,4.6270079384475915
ENO1,GMEB1,4.626673818353448
JUN,ZMYM6,4.626324014115113
RUNX3,TTC4,4.6250954904123285
RUNX3,LINC01748,4.624684374516411
YBX1,LINC01676,4.623762754334892
YBX1,CDKN2C,4.620765744807089
JUN,LINC01562,4.619174632556015
JUN,MECR,4.618663784214984
JUN,SYT6,4.6124738907359175
FUBP1,SRARP,4.612124540073008
JUN,LINC01765,4.60968265641771
ENO1,CDC42,4.605369230934697
FOXJ3,LUZP1,4.603285580942985
JUN,DNAJB4,4.602076308440859
HES4,SMAP2,4.600883885213027
FUBP1,MIR4422HG,4.600325385778981
JUN,ROR1-AS1,4.598453418735593
FOXJ3,LRIF1,4.598246471913812
ENO1,SLC6A17,4.597310137813028
PRDM16,PLCH2,4.595429901297374
ENO1,SASS6,4.593989117547545
ENO1,IFI6,4.591688185524841
FOXJ3,MYCL,4.587562203430381
HES4,GBP2,4.587185544046958
MTF1,WASF2,4.581368363402178
ENO1,LRRC41,4.580233313716689
YBX1,LINC01359,4.579701513421082
YBX1,PARK7,4.569828588657014
FUBP1,IFNLR1,4.564609601432184
MTF1,CAMTA1,4.561822116412326
YBX1,STMN1,4.561635705922842
JUN,MFSD2A,4.5612696866338585
ZNF683,TTLL10,4.559678536949438
ZNF683,MTOR-AS1,4.55892745797719
FOXJ3,COL11A1,4.554747740007204
RUNX3,CASZ1,4.55377516516125
NFYC,DHRS3,4.552982818394727
YBX1,CASQ2,4.550285389703319
JUN,ZBTB8OS,4.548604785673346
ID3,LINC01135,4.547912642660737
JUN,LRIG2-DT,4.547415002082358
JUN,HSPG2,4.545259233270528
ENO1,TAS1R1,4.54386349826812
ENO1,GNB1,4.543624353616956
E2F2,ENO1,4.543193640078112
E2F2,BTF3L4,4.54272906414691
YBX1,PITHD1,4.54244924030541
FOXJ3,LEPR,4.542197283408552
ENO1,BTF3L4,4.54090713024719
JUN,TAF12,4.540106327336909
FUBP1,LINC01772,4.538277348961682
YBX1,FAAP20,4.537504887296093
ENO1,COL8A2,4.536596647635639
ZNF683,RUNX3,4.534594403231603
E2F2,MRPL20-AS1,4.534529521301673
MTF1,HES4,4.5339925852189475
JUN,PLEKHG5,4.533026775847133
ENO1,CMPK1,4.532580501894444
JUN,CFAP74,4.53205309005141
NFYC,RIMS3,4.531746755508569
RUNX3,LINC01135,4.530360181001983
ENO1,ACADM,4.530215323721138
MTF1,ST6GALNAC3,4.528351853141783
JUN,PRPF38B,4.527414855686166
E2F2,TP73,4.527183823578442
ENO1,C1orf141,4.523269053433314
FUBP1,JUN,4.523196013514426
JUN,HIPK1-AS1,4.519596113061112
NFYC,TEX46,4.514867604700738
HIVEP3,HES2,4.511344222247008
JUN,LINC02811,4.510859347008649
ENO1,PSRC1,4.509872104712955
POU3F1,SPSB1,4.5091014780619245
JUN,EPS15,4.507104777892397
ENO1,DDOST,4.506487759811873
ENO1,TCEANC2,4.502728509123754
NFIA,C1orf127,4.50217983541092
JUN,DFFB,4.500548912026872
JUN,AMPD2,4.500081888300721
E2F2,LINC01358,4.496478606465091
ENO1,FAAP20,4.4956232691267495
HIVEP3,AGBL4,4.494507349611361
JUN,CNR2,4.49231952318007
YBX1,SYCP1,4.491324341605472
JUN,FAM229A,4.491016127915058
ENO1,PPIH,4.489315463576308
RUNX3,ALG6,4.489212532742675
JUN,DDAH1,4.4868318303450705
JUN,SMIM12,4.486437621964017
ID3,CYP2J2,4.485378551871293
JUN,MTF1,4.483502283938475
ENO1,LINC01140,4.482582231025582
MTF1,LCK,4.479547990183346
FUBP1,GFI1,4.476855808421149
YBX1,NGF,4.47496307321688
HES2,SZT2,4.474042049104191
ZNF683,IPO13,4.472188924188214
HES4,ZMYND12,4.472053011654818
ENO1,TENT5B,4.4703029830029735
ENO1,EBNA1BP2,4.4684775210249175
YBX1,CLCC1,4.467996600651921
FOXJ3,RIMS3,4.466110617199462
FUBP1,USP48,4.465813324797723
JUN,STPG1,4.465810273453278
ZNF683,LRIG2-DT,4.465558075963963
YBX1,CLSPN,4.463810784577917
E2F2,TNFRSF25,4.463586178595498
ENO1,HENMT1,4.463502983923845
JUN,GNAI3,4.463033646926695
ENO1,AURKAIP1,4.461365349388637
FUBP1,COL9A2,4.460684605188689
YBX1,LINC01226,4.456153818189406
YBX1,UQCRH,4.45544742205366
MTF1,IFI44,4.4537726349282885
TP73,PABPC4,4.453682478968208
POU3F1,PNRC2,4.453254629668038
MTF1,KIF1B,4.448663922648151
FOXJ3,ODF2L,4.448530163376017
JUN,TMEM51-AS1,4.447496158548705
YBX1,LINC02812,4.4449355356282565
NFYC,FBXO6,4.440116369368772
MTF1,LRRC41,4.435518091661246
FUBP1,PALMD,4.435028670405485
ENO1,ATXN7L2,4.4338081480799385
YBX1,PLA2G2F,4.427368582753658
JUN,TRIT1,4.422611720682345
JUN,ECHDC2,4.421658477168313
ENO1,E2F2,4.417090078155721
YBX1,CZIB,4.412867856334643
ENO1,LAMTOR5,4.410649087821601
RUNX3,CFAP74,4.410424348250918
ENO1,RBM15,4.409731593919599
FOXJ3,MAN1C1,4.409423620069319
YBX1,ZNF691,4.4072718560326605
YBX1,LINC01748,4.403205746109979
JUN,CTBS,4.402977097366233
ENO1,ACOT7,4.401749027917406
ENO1,KIAA1522,4.401218253688876
ENO1,GBP7,4.399159708076395
E2F2,RTCA,4.398694133527876
JUN,TMEM167B,4.391472916040707
NFIA,CSF1,4.391130675877604
E2F2,MCOLN2,4.389617351066827
FOXJ3,KIF17,4.389003385733994
MTF1,PLEKHM2,4.3877775786297395
HIVEP3,AKR7A3,4.386915947380726
ID3,ECE1,4.385810904608621
POU3F1,LRP8,4.385030114821225
FOXJ3,TNFRSF14-AS1,4.38046672726192
YBX1,WDR47,4.3802670150130325
FUBP1,C1orf167,4.378152507406409
MTF1,CSF3R,4.368220275785201
HES4,ZMYM6,4.367746087334396
RUNX3,LINC00115,4.366349099761934
JUN,NSUN4,4.364603991258322
POU3F1,SASS6,4.362145480018191
HIVEP3,TACSTD2,4.360408491765193
YBX1,ZNHIT6,4.354543195375052
JUN,LRRC8C-DT,4.351742005320986
E2F2,TTC34,4.349693725337849
ENO1,TMEM240,4.349438016590161
JUN,HECTD3,4.348341134434174
YBX1,RPS8,4.347597908394552
RUNX3,GBP7,4.346810998778286
ENO1,ATP6V0B,4.345422791717462
JUN,PALMD,4.34330626415705
FUBP1,BMP8A,4.342671686944639
ENO1,MYCBP,4.34101289217514
FOXO6,SLC35A3,4.336283428800735
ID3,DDAH1,4.3350888959294505
JUN,LRRC7,4.331963362265953
RUNX3,LINC01788,4.329636765219762
JUN,LRRC39,4.326364095256418
NFYC,EPHX4,4.325112773596594
MTF1,GNB1,4.320227742646382
YBX1,MYCBP,4.317387726404787
YBX1,SYNC,4.314641004426107
MTF1,TMEM51,4.310209053998201
FOXJ3,DAB1,4.30399593939337
ENO1,MCOLN2,4.302813014450886
MTF1,CTNNBIP1,4.299926677261345
ENO1,INKA2,4.298935205880898
GMEB1,RHBDL2,4.2956052083960685
GFI1,DHDDS,4.292879955346995
NFYC,AGBL4,4.290282667369801
E2F2,HP1BP3,4.289163815674376
JUN,AGTRAP,4.288902565054836
E2F2,UQCRH,4.285866863814025
FOXJ3,MUL1,4.2811450852843285
JUN,FUBP1,4.279839493732566
ZNF691,EFCAB7,4.2784846591194805
HES4,SLC6A17,4.277537120655707
JUN,C1orf50,4.274312949389577
HES4,WASF2,4.2725358479158615
YBX1,TMEM59,4.272513183970047
ZNF683,ARHGEF19,4.2706603905118365
HES4,ARHGAP29,4.269647580682027
ID3,COL16A1,4.267337421218959
ENO1,EXOSC10,4.266977440489285
E2F2,PUSL1,4.258111358931078
ENO1,TTC39A-AS1,4.257907771541006
E2F2,CZIB,4.257493104057527
ID3,DIPK1A,4.253380741558365
JUN,IGSF3,4.251195840044216
YBX1,NEGR1,4.249914878710408
ENO1,EXTL2,4.249107919123125
YBX1,ZNF436,4.248633621019336
NFYC,LINC02812,4.243524282499147
YBX1,LINC01362,4.2407762997050105
FOXJ3,RNF11,4.240417432335665
YBX1,NASP,4.239920440348249
FOXJ3,TXNDC12,4.239454581658199
MTF1,NMNAT1,4.2394531612096245
JUN,KDM4A-AS1,4.238254871038849
MTF1,CAPZA1,4.2371763221407255
ENO1,ZNHIT6,4.235290769766476
FOXJ3,GSTM2,4.2343972546009265
MTF1,TEX38,4.233432697125132
RUNX3,RCC1,4.233027163755831
JUN,SPATA1,4.232965893273781
ENO1,C1QB,4.232460056785758
GMEB1,C1orf141,4.2297196030094835
YBX1,HP1BP3,4.226693677956914
ENO1,LZIC,4.223991666212693
POU3F1,CDC20,4.222921154752715
HES4,PARS2,4.222359628903377
NFIA,GNG12-AS1,4.221432405434764
YBX1,LINC01768,4.220049235126878
JUN,ZNF326,4.218802421696802
ENO1,TTC39A,4.217733773926145
YBX1,LRIG2-DT,4.216231110830998
ENO1,PHTF1,4.215164187222731
GFI1,TGFBR3,4.214517536560628
ENO1,MSH4,4.214498297870335
JUN,ST7L,4.2144487063497325
FOXJ3,MFSD2A,4.211489223540278
ENO1,JAK1,4.2109808430153235
TAL1,CDC7,4.2088100487440725
NFIA,SZT2,4.207496009700238
ENO1,WNT2B,4.20629364462036
ENO1,CYP4B1,4.203989572321685
ENO1,WRAP73,4.203740135592201
YBX1,SERBP1,4.201829293423577
MTF1,PGD,4.201507851534637
YBX1,YRDC,4.200378419815682
MTF1,LINC01389,4.198637907483733
JUN,AKIRIN1,4.197890629360384
YBX1,LINC00339,4.195492142541951
RUNX3,HMGCL,4.192852274435159
YBX1,PEX10,4.191674334032596
ID3,CNR2,4.190413762645674
JUN,RAB3B,4.189085377919716
MTF1,LAPTM5,4.18880193602541
JUN,HES2,4.186207819515542
JUN,DRAXIN,4.1860286065273815
ENO1,NDC1,4.183995568906243
HIVEP3,OPRD1,4.183233855614096
RUNX3,MIB2,4.182524416012499
PRDM16,MEGF6,4.1819446524238195
ENO1,SAMD11,4.180376049657982
E2F2,TMEM200B,4.178060571929441
ENO1,TNFRSF25,4.176615248823028
JUN,PLA2G2F,4.176452742771554
HES4,NEXN-AS1,4.176116749020539
ENO1,LINC01712,4.172569665881968
YBX1,CYP4A22-AS1,4.172564649237308
GFI1,MATN1-AS1,4.167954890717563
E2F2,ORC1,4.166876825117517
HIVEP3,C1orf185,4.16656010320201
ZNF683,SPOCD1,4.166283817764871
JUN,STK40,4.165773067406957
FOXJ3,KCNA3,4.164947239227936
MTF1,OSBPL9,4.161278801650412
JUN,DOCK7,4.157829707359817
FUBP1,LMO4,4.155899065045817
YBX1,GLMN,4.152735784504006
ENO1,THRAP3,4.152339793454967
HIVEP3,RNF207,4.152238449497113
ID3,LDLRAP1,4.148999938518204
YBX1,TRAPPC3,4.145183756011401
MTF1,PTGFR,4.144138953971423
ZNF684,HYI-AS1,4.139307791636244
ENO1,LNCTAM34A,4.137783889697603
ZNF684,CELA2B,4.137744801786794
YBX1,LSM10,4.136918278923954
MTF1,RAP1A,4.134754402722287
E2F2,DCLRE1B,4.133901904222571
FUBP1,SLC2A5,4.133840724748975
GMEB1,B3GALT6,4.132129491005475
E2F2,SLFNL1-AS1,4.131044892660928
E2F2,UTP11,4.129384916002664
MTF1,VAV3,4.12684272318088
JUN,LINC02777,4.125262416514101
HIVEP3,TGFBR3,4.124156161971426
YBX1,GNB1,4.122105746013716
JUN,TACSTD2,4.121895237008646
RUNX3,SLC1A7,4.120749539630028
NFIA,TAL1,4.120668354477242
YBX1,RBMXL1,4.120611635102133
FOXJ3,ZMYM1,4.12022879248148
FOXJ3,MXRA8,4.118988161777457
YBX1,PSMA5,4.117353719699038
ENO1,TMEM167B,4.114644913293433
YBX1,DISP3,4.1118970775474315
ZNF683,UBXN10,4.110408476962838
JUN,PHACTR4,4.109440111934464
HIVEP3,CELA3B,4.108389661817466
RUNX3,TMEM52,4.1075889914909185
E2F2,LRP8,4.106947966578501
E2F2,NDUFS5,4.1066019685672535
JUN,KANK4,4.105060466819104
JUN,STRIP1,4.104693983948063
YBX1,RPL11,4.102485399010497
JUN,FGGY,4.101149047787558
JUN,FAM167B,4.100625444106617
JUN,CELA2B,4.0999082953755766
HES4,FAM41C,4.099461101043842
JUN,NIPAL3,4.096707397169717
FUBP1,GSTM4,4.0941201453705585
POU3F1,SLC5A9,4.092084053546405
YBX1,SCP2,4.091952732991543
HES4,LINC01364,4.088326523502385
NFIA,LRRIQ3,4.088217638942179
RUNX3,NDC1,4.087055444697522
E2F2,GLMN,4.085637506992862
FUBP1,JAK1,4.084484971432821
YBX1,EBNA1BP2,4.081030796027758
JUN,CCNL2,4.077728499988062
YBX1,TACSTD2,4.07698925998345
HES4,IFI6,4.07497694472165
GFI1,KLHL21,4.074384912110218
ID3,MDS2,4.073181075489482
MTF1,ZYG11B,4.071335602002554
MTF1,RHD,4.070871829528263
FOXJ3,MPL,4.068693836272059
ENO1,CCDC27,4.067424475945463
ENO1,CLSPN,4.067037725040145
ENO1,LINC02777,4.066250480755949
FOXJ3,CCDC17,4.0641272324361495
E2F2,ZMPSTE24,4.063497339161082
YBX1,MEAF6,4.062478256676918
YBX1,RTCA,4.060885401216343
YBX1,SZRD1,4.059126703811325
MTF1,MUL1,4.057110442792051
FUBP1,ZYG11A,4.055849694534137
POU3F1,CSMD2,4.048977256205997
ENO1,SFPQ,4.046813379584164
ZNF683,LINC01677,4.0461808929111935
MTF1,AK5,4.0439042829574685
TAL1,PAQR7,4.043845806501724
NFYC,ZMYND12,4.043379603808966
GFI1,GPR157,4.042115688125217
JUN,DNAJC6,4.041835460376629
MTF1,WLS,4.039785136392184
ENO1,ITGB3BP,4.039778233576076
FOXJ3,TSSK3,4.036278060354828
HES4,C1orf162,4.0362111474855915
ENO1,CAPZA1,4.033680484789191
NFYC,TSSK3,4.031922259773833
MTF1,USP48,4.030142957692099
JUN,MTOR,4.030013277516387
MTF1,ZNF644,4.029570092301061
ENO1,TARDBP,4.029452270054405
RUNX3,WDTC1,4.028630933856612
NFYC,GBP3,4.028372385756729
YBX1,LINC01356,4.026229254696627
MTF1,AGO3,4.023838043284621
ID3,DBT,4.022909292347526
FUBP1,LINC01707,4.022163203604538
NFIA,TMEM51-AS1,4.0218383986898365
JUN,KPNA6,4.0157401470753005
ENO1,DCLRE1B,4.007716268785266
HES4,CD101,4.007536341769244
RUNX3,CD2,4.007271312998965
FUBP1,ZSCAN20,4.006623039234643
TAL1,DNAJC6,4.004217351198631
JUN,ST6GALNAC5,4.001480264776353
ENO1,MIER1,3.9955925206569445
POU3F1,HIPK1-AS1,3.9953869267837274
RUNX3,MANEAL,3.991846809451532
MTF1,ZMYM4,3.989283797222131
JUN,TTC39A,3.987795599402013
FUBP1,PRDM2,3.987211367237838
JUN,TMEM240,3.9829987484738476
RUNX3,MACF1,3.9822355301979884
ENO1,ZMYM1,3.9803134009738117
ENO1,PINK1-AS,3.9768955061914646
JUN,SFN,3.976728694902872
JUN,PRMT6,3.9761710016425598
NFYC,ERICH3,3.9757094599993477
FOXJ3,LINC02780,3.9747470812589225
GFI1,TNFRSF18,3.974262682596504
E2F2,ATP5PB,3.9719479425934
RUNX3,SLC30A2,3.96656441401656
FUBP1,DVL1,3.966472431967543
MTF1,UBR4,3.9633087607529234
HIVEP3,HPCAL4,3.962742634093172
MTF1,ATP6V0B,3.96215886902621
TAL1,PRKACB,3.960685126748716
GMEB1,NFYC-AS1,3.959853016834855
YBX1,DCDC2B,3.9581508787517827
HES4,IGSF21,3.957758056800894
ENO1,TNFRSF14,3.9540778551569566
MTF1,GSTM1,3.9530760060264165
NFYC,LINC01739,3.9482983190266925
ENO1,FBXO6,3.9482075488884263
JUN,TRIM62,3.9476055738275817
MTF1,MIIP,3.9470066036199727
MTF1,WDTC1,3.946115174818797
YBX1,RPA2,3.9434642197960246
JUN,RAB42,3.943278050983448
HIVEP3,PTGER3,3.941434435222314
RUNX3,PEF1,3.9395142801736873
NFIA,NGF-AS1,3.9379482892890936
ID3,SYDE2,3.9372907875865537
RUNX3,ACADM,3.9371262882217217
FOXJ3,SRARP,3.9370025579576473
MTF1,LINC01362,3.9319026013527654
ENO1,CDCP2,3.9312727970912524
ZNF683,TIE1,3.931239138653136
FUBP1,SLC6A17,3.928999776743251
PRDM16,TCEA3,3.928907011526253
FOXO6,FBLIM1,3.9268242368813118
ENO1,ELAVL4,3.926555676876948
FOXJ3,LINC01786,3.9258404761970835
ZNF691,MTF2,3.9244100888555136
ENO1,DENND2C,3.922477951550584
FOXJ3,CA6,3.920542330097741
FOXJ3,EPB41,3.9183227464729455
GMEB1,SLC2A7,3.9163362980036966
ID3,HPCAL4,3.9161623314743985
FUBP1,ARID1A,3.915214887424553
ENO1,SRSF4,3.911490122651584
JUN,CEP104,3.9114254883537902
ID3,MOB3C,3.9060537021455675
YBX1,TARDBP,3.9039327281400604
JUN,VANGL1,3.9033573214790387
YBX1,IQCC,3.900244916083809
JUN,WNT2B,3.898296575130604
NFYC,LINC01128,3.8952040542291964
JUN,OPRD1,3.8943639259440306
ENO1,RBBP4,3.893690284200583
FOXJ3,CLSTN1,3.892907488636622
ID3,LINC01677,3.8838877947251444
FUBP1,FAM87B,3.8824156099008142
RUNX3,STIL,3.8814276985355947
POU3F1,TRNAU1AP,3.8798345182951124
JUN,PIK3CD,3.877249229737062
JUN,PIK3CD-AS1,3.8772386782427906
ENO1,TMEM201,3.877085043582272
HES4,FGR,3.874986556887176
ENO1,MAGOH,3.873925549624861
HIVEP3,EPHX4,3.866749070499968
NFYC,LINC01786,3.8661331164948276
YBX1,DIO1,3.8637903507428697
YBX1,ELOVL1,3.8637646040257465
ENO1,LYPLA2,3.863180048563093
YBX1,ERMAP,3.862968272173421
E2F2,MED18,3.8629558835387012
JUN,EPB41,3.8622560548652167
JUN,LINC01140,3.860349437802077
FOXJ3,PRKCZ-AS1,3.8586791447717457
GMEB1,FAM41C,3.8582017922947656
E2F2,SLC1A7,3.857222197102897
E2F2,TMEM222,3.8569073413523487
ENO1,HS2ST1,3.855644211412659
HES4,MTF1,3.8550875345972915
YBX1,KHDRBS1,3.8547043167422634
RUNX3,GPX7,3.8540572340300727
JUN,CLCA4,3.851955396623076
RUNX3,SSBP3,3.8464810286952673
FOXJ3,RNPC3,3.8464254850614084
FOXJ3,PIGV,3.846143815825139
JUN,KDM1A,3.844666165145921
HES4,LNCTAM34A,3.8408402151001924
HES4,GBP1,3.8404064862910796
FUBP1,HSPG2,3.8393110031514572
MTF1,ATP1A1,3.836763181534322
ENO1,ZRANB2,3.8352058741075647
FOXO6,CTH,3.833966576045869
JUN,IFI6,3.8327980940134396
FOXJ3,ASAP3,3.8297576356652385
E2F2,SLC16A1,3.829147369541365
JUN,KCNA3,3.8286779875378167
E2F2,OVGP1,3.828604524903798
YBX1,TTLL10,3.8234862671246663
ENO1,PIK3CD,3.820537155125096
YBX1,FUBP1,3.819147221006781
HIVEP3,MIR4422HG,3.8158754990400072
FUBP1,SLC2A1,3.814911709898843
JUN,CCDC18-AS1,3.8141267565224464
E2F2,MANEAL,3.8115948563359545
HIVEP3,THAP3,3.8111127125933955
FOXJ3,MAST2,3.810488675822332
YBX1,KDF1,3.8097024594666498
E2F2,ANKRD13C,3.805052255655546
RUNX3,PGM1,3.8046073194117866
POU3F1,PRDX1,3.8042150671976973
GMEB1,LINC01134,3.8040922824653594
ENO1,KIF2C,3.803895157101991
FOXO6,SESN2,3.8029489193835078
E2F2,SNHG3,3.8021171287782716
ENO1,TYW3,3.8013440988839964
NFYC,PLPP3,3.801268243900005
ENO1,NECAP2,3.800865157737623
FOXJ3,AK2,3.8005715502479864
YBX1,DRAXIN,3.800431690426233
JUN,TRMT13,3.797515720482502
JUN,TXNDC12,3.796479443402858
ENO1,RPF1,3.794028126780251
FOXJ3,EYA3,3.7935993295936665
MTF1,LINC01409,3.792144418093434
YBX1,MRTO4,3.7885681557611366
RUNX3,AMIGO1,3.7884581650851747
FOXJ3,EFCAB14-AS1,3.787131918123819
TAL1,POMGNT1,3.785538628881626
YBX1,DFFA,3.785193684300612
FOXJ3,TACSTD2,3.784562115468637
YBX1,PUSL1,3.7829499750557534
HIVEP3,PLPPR5,3.780711697915942
YBX1,HDAC1,3.7787376044289576
RUNX3,DCDC2B,3.778662079450376
ENO1,EYA3,3.7775761652405113
ENO1,C1QC,3.7689782681349913
YBX1,FRRS1,3.7668714157045677
JUN,DAB1,3.763874230888027
ENO1,NOL9,3.7626773060803207
YBX1,ORC1,3.7598950915803377
MTF1,SLC25A24,3.759702040605402
RUNX3,CORT,3.759495906618636
TFAP2E,TMEM35B,3.758049025111935
FOXJ3,LPAR3,3.7563252772893305
YBX1,AHCYL1,3.7557267050082443
JUN,BTF3L4,3.7554293324657166
YBX1,SSX2IP,3.7552730354076136
MTF1,RERE,3.754670319459678
YBX1,SNHG3,3.751809641694684
MTF1,FPGT,3.745994042233903
RUNX3,ATPAF1,3.7458764879178945
FUBP1,NCMAP,3.74488228662399
ENO1,SDHB,3.74149227044724
ENO1,KIAA2013,3.7412611631239727
ZNF684,ACOT11,3.740812932506058
NFYC,NGF,3.73856249577882
MTF1,RLF,3.7364505204475247
JUN,TYW3,3.7327941453898212
RUNX3,EMC1,3.7317029832494244
YBX1,WRAP73,3.730841230404019
POU3F1,TUT4,3.728915289672525
FUBP1,ZDHHC18,3.728733924841822
JUN,CAPZA1,3.726427312411545
ENO1,RER1,3.7258581808688422
ZNF683,LINC02609,3.725297224508323
HIVEP3,DPYD-IT1,3.724773858763782
ENO1,ZMYM6,3.724194408675719
YBX1,GMEB1,3.722909646174157
POU3F1,MTOR,3.722547690150836
ENO1,TMEM35B,3.721542151163482
ENO1,AMPD2,3.720164656347084
YBX1,LINC02609,3.718523994183056
ENO1,HP1BP3,3.7184872385239287
JUN,LINC01409,3.7170646152303544
RUNX3,CCDC28B,3.7156653455590325
NFIA,CFAP74,3.715407525696432
YBX1,B4GALT2,3.7153457883670002
ENO1,SLFNL1,3.713987986923483
ZNF683,PLA2G2D,3.710123297473407
FUBP1,PIGK,3.7097019711340162
JUN,FNDC10,3.708486689742627
MTF1,RPS6KA1,3.708326688876999
FOXJ3,NBPF3,3.706983561915618
E2F2,TTLL7,3.7038550197294278
NFYC,CTH,3.703417100294932
FOXJ3,XKR8,3.6990737311686894
FUBP1,AKNAD1,3.698279075103828
ENO1,MYCL,3.6980711314724886
YBX1,TMED5,3.696669530694374
JUN,PRDM2,3.6966598490677676
MTF1,CLCN6,3.6959238414250493
YBX1,PAQR7,3.69389219264245
FUBP1,ERICH3,3.6924914399607567
E2F2,CDKN2C,3.692352465350774
YBX1,ANGPTL3,3.6913296405483575
HIVEP3,STPG1,3.6906559110927946
HIVEP3,LINC01772,3.6892579645219574
MTF1,ZBTB17,3.688855347403651
ENO1,FAM229A,3.6849465055867907
HES4,THEMIS2,3.6839208108465917
JUN,ATXN7L2,3.682691471539318
JUN,CFAP57,3.6825302767379906
RUNX3,TUT4,3.6821806823851624
ENO1,YRDC,3.678652795074106
JUN,CC2D1B,3.6754569660673173
ENO1,SPEN,3.6746274966004595
ZNF691,SH3D21,3.6741241471818697
RUNX3,GCLM,3.6739519273041594
MTF1,CTBS,3.67263666773338
JUN,DAB1-AS1,3.672406766508148
YBX1,GNG12,3.6717635676953386
YBX1,GADD45A,3.6703483570812003
GMEB1,FOXD3-AS1,3.6669453518397392
ENO1,LINC01709,3.661177321434952
YBX1,PSRC1,3.658881125495456
ENO1,DMAP1,3.6570381591549412
GFI1,LYPLA2,3.6567979277008025
JUN,C1orf52,3.6552653894747738
YBX1,MED8,3.6542740162480865
ENO1,S100PBP,3.653611584991323
YBX1,EXOSC10,3.6531473725337738
JUN,TNFRSF8,3.653088000547483
JUN,HMGCL,3.652719940555963
E2F2,C1orf159,3.651687500968869
E2F2,SF3A3,3.651463608838335
NFIA,PTGFRN,3.6483855681119115
HES2,AGRN,3.6436451388682234
JUN,AGL,3.6419036596793477
NFYC,CTBS,3.6389417278784766
ENO1,FUBP1,3.6380484452619717
MTF1,CITED4,3.637330801140379
FOXJ3,ICMT,3.636977120870618
ENO1,B4GALT2,3.635513557193063
NFYC,SPATA1,3.6350530817194437
FOXO6,ALPL,3.6338117447991225
ID3,CDC42-AS1,3.6328277703289378
FOXJ3,NMNAT1,3.630432150199526
RUNX3,GRIK3,3.6302921745380354
JUN,TTC22,3.629982605060236
MTF1,ZNF326,3.6283830975833684
ENO1,KCNAB2,3.6283370044761925
HIVEP3,ZYG11A,3.6281177271410328
JUN,AMY2B,3.627676024263239
TFAP2E,TCEANC2,3.6265568916494733
HIVEP3,CTRC,3.626253149763638
ENO1,TRAPPC3,3.625322663626078
FUBP1,HTR6,3.6238787977420848
YBX1,DCLRE1B,3.6238553586719506
ENO1,KCNC4,3.6225408599346918
FUBP1,ZBTB17,3.620293152755737
TFAP2E,PLA2G2C,3.61962045636625
ENO1,C1orf174,3.6183492059488294
JUN,ATP6V0B,3.618341308783183
JUN,LINC02812,3.613399222888664
FUBP1,SYF2,3.6124447010513747
ENO1,P3H1,3.6124147392458394
JUN,PTBP2,3.6099783193625226
FOXJ3,CYP4A22-AS1,3.6075876424908846
JUN,ID3,3.6073305292098796
ENO1,LINC02574,3.6052987371918013
ID3,NCMAP,3.6047836047087696
YBX1,GPATCH3,3.6034450581550233
RUNX3,LCK,3.602932710250266
RUNX3,LINC01357,3.6027539381027855
E2F2,ZDHHC18,3.6017062801593056
JUN,PIGV,3.601642244971261
JUN,FAM41C,3.600389750556184
YBX1,ATP5PB,3.6002138243420063
YBX1,CSDE1,3.5972975292015117
ENO1,SSX2IP,3.596563971853429
ENO1,SYNC,3.5964459173511383
YBX1,EIF3I,3.5951283585332545
ZNF683,UBIAD1,3.594837317984629
MTF1,CTTNBP2NL,3.5937104096453023
ZNF691,ALG14,3.5924407762714434
JUN,NCDN,3.5894791636275243
FOXJ3,CCDC18-AS1,3.587743471495252
FOXJ3,CCNL2,3.5875078003739707
GMEB1,SLFNL1,3.586500547658658
MTF1,TRIM33,3.5842842954514116
FUBP1,ZNF593,3.5825988710220384
JUN,TNFRSF25,3.582324412256419
HIVEP3,SSBP3,3.5801561498059105
FUBP1,TPRG1L,3.5779272164250626
HIVEP3,BEND5,3.5770348820816973
ENO1,IPO13,3.5767709637933063
YBX1,IFI6,3.575627775159133
JUN,LRRC41,3.5717565979004338
FUBP1,WRAP73,3.570524951534825
GMEB1,TSPAN1,3.5705004666459557
JUN,CLSPN,3.5703944400567527
FUBP1,CLCA1,3.567510220630617
ENO1,TXNDC12,3.567042102986099
GMEB1,HYI,3.566844198084588
TFAP2E,VWA5B1,3.566297720327447
ENO1,CDK11B,3.5646261444716227
ENO1,SSBP3-AS1,3.5634731503320816
E2F2,LRIG2-DT,3.5630866832471866
POU3F1,SLC16A1-AS1,3.5628411589534386
FUBP1,PODN,3.5609606435625016
YBX1,HSPG2,3.5606383609172547
FUBP1,MPL,3.5601180885172288
YBX1,HENMT1,3.5592454824513178
RUNX3,GMEB1,3.5587775365828898
FUBP1,USP24,3.554659754700351
ENO1,MRPL37,3.5543510866940533
POU3F1,UTP11,3.5524396065206503
ENO1,GFI1,3.5504379674374604
ENO1,LINC01358,3.550285547409742
TP73,TRMT13,3.5495218182260486
TFAP2E,CCDC163,3.54852144343714
FOXJ3,C1orf216,3.5481860216241197
NFIA,SLC9A1,3.544812718584901
YBX1,RRAGC,3.541647350584358
YBX1,SPATA1,3.541208748446131
JUN,TMEM200B,3.540110386810557
JUN,KYAT3,3.5394971726896824
YBX1,NSUN4,3.539312355060688
ENO1,DNAJC16,3.5390613783064273
PRDM16,POMGNT1,3.5360759552631404
MTF1,LINC01160,3.5355346209091976
JUN,LINC01739,3.535318677387332
HIVEP3,LINC00466,3.5328920202247676
ZNF684,CNN3,3.532784330264544
HES4,GBP5,3.5318000052884257
HIVEP3,SLC6A9,3.526061165257949
MTF1,SLC5A9,3.5245161194590606
FUBP1,PTBP2,3.5244203620831556
GFI1,ZFYVE9,3.523305797633378
JUN,PGM1,3.519829745754862
FUBP1,CEP85,3.519230100906217
YBX1,CDCA8,3.5159891300071804
FUBP1,ZMYM1,3.5154843875148813
MTF1,HIPK1,3.5152004287881584
ENO1,MASP2,3.513469681298846
ENO1,TXLNA,3.5126302112581005
FUBP1,GNG12-AS1,3.51237802948575
GMEB1,TTC34,3.510258481201155
YBX1,CAPZA1,3.510117467439718
E2F2,DR1,3.5087091396524497
ENO1,HECTD3,3.504780454138528
ENO1,TMEM222,3.5036855593874314
RUNX3,ARHGEF19,3.501984297035929
YBX1,NRAS,3.5006267695891395
E2F2,MRTO4,3.500146906006795
ENO1,PIGV,3.498370950296325
FOXJ3,ELOA-AS1,3.4963202500037593
ENO1,C1orf159,3.4947578130464736
ENO1,GNAI3,3.494351752390347
ENO1,DHCR24,3.4941361441726935
POU3F1,RBBP4,3.4936032120904126
YBX1,SCMH1,3.491999507882372
POU3F1,FBXO44,3.491782104792103
ENO1,ZSCAN20,3.491770929961156
ID3,COA7,3.4910512185497296
FOXJ3,MASP2,3.4907423426256345
JUN,MTOR-AS1,3.4904358093384142
FUBP1,EFCAB14,3.489359177262842
ENO1,LINC00466,3.4880735372670264
GFI1,SMIM1,3.4869029546766144
HIVEP3,TP73,3.4865116354174024
YBX1,CDK11A,3.486271118962251
YBX1,MOV10,3.4858913407663374
ID3,RCAN3,3.485508505427378
ENO1,RHCE,3.4853260020593635
E2F2,CLCA4-AS1,3.484972018226469
ENO1,RAD54L,3.483361824515684
FOXJ3,MACO1,3.4820601946700123
GFI1,TAS1R1,3.4803529667581037
JUN,B4GALT2,3.4802315286031185
NFIA,FOXO6,3.4801306377480414
FOXJ3,UBE4B,3.4799215836323256
JUN,ZNHIT6,3.479706911648246
JUN,SERINC2,3.4777910927997144
YBX1,DR1,3.4767448418731544
MTF1,LRRC8C,3.4748634520575017
FOXJ3,FAM151A,3.474184922824945
E2F2,MRPL20,3.4731500386956995
MTF1,RSPO1,3.4726171989787127
ENO1,TMEM69,3.469813656130198
FOXJ3,USP33,3.469665821599082
FOXJ3,ACADM,3.4684652682954544
ZNF684,NBPF3,3.4670513196581147
POU3F1,RHD,3.4663601062284006
ENO1,DFFA,3.464023872910734
YBX1,SMIM12,3.4601293749599344
YBX1,DPH2,3.4598886831818607
NFYC,LINC01708,3.4597212128166825
FOXJ3,LINC01709,3.4575612736304473
NFYC,PHTF1,3.4563971824916444
POU3F1,TNFRSF25,3.4556801547766374
YBX1,RAD54L,3.454837406633209
YBX1,BEND5,3.454749811492949
JUN,CHI3L2,3.454662924316892
ENO1,PEX10,3.4539646927156347
FUBP1,FAM41C,3.4539306559034118
ID3,C1orf167,3.453927572916285
E2F2,CLSPN,3.453586154578425
FOXJ3,HMGCL,3.4525933979376138
NFIA,LINC02780,3.45218542240643
ENO1,STIL,3.450992334291482
E2F2,RER1,3.4482762314186814
JUN,OLFML3,3.4481960872141566
RUNX3,PARS2,3.448092987269949
GMEB1,SLC35D1,3.446595710060282
FUBP1,TTC4,3.446200516017005
MTF1,TRIM62,3.444210628515139
YBX1,PTGFR,3.4436578654851777
MTF1,TUT4,3.443372574125238
ENO1,SLC44A5,3.4415611476780774
RUNX3,CAMK2N1,3.4414721887174413
GMEB1,LINC01739,3.4407372764458892
E2F2,PNRC2,3.440406749973488
HES4,NADK,3.4397686685513214
YBX1,DDOST,3.4396539953165663
MTF1,UBE4B,3.4387488254879828
FOXJ3,H6PD,3.437898820544569
FOXJ3,AP4B1-AS1,3.4372408646415367
ENO1,FNDC7,3.435548022489217
MTF1,JUN,3.4341880069513664
NFYC,TMEM53,3.4331147151734576
RUNX3,SRSF10,3.430823498659584
ZNF684,LRRIQ3,3.4298565878172025
ID3,NIPAL3,3.4286127229291794
JUN,MAP7D1,3.42755038622246
GFI1,ST6GALNAC5,3.427445437359664
RUNX3,CC2D1B,3.4272335349613567
RUNX3,RTCA-AS1,3.427018321128465
YBX1,HES2,3.4254677422836863
E2F2,TMEM167B,3.424778907941047
ENO1,RBM15-AS1,3.4228980598503727
JUN,DPYD-IT1,3.4228756267591027
GMEB1,CELSR2,3.4210249621904265
YBX1,BSDC1,3.420328536175689
JUN,WDTC1,3.4179963343441715
JUN,CD2,3.417507509744653
GMEB1,MIR4422HG,3.4165358149949308
ID3,MCOLN2,3.414188390134148
HIVEP3,MUTYH,3.4124712459410254
HIVEP3,CASZ1,3.4123082111669976
TP73,MANEAL,3.411742747613237
E2F2,LINC01355,3.410637122325274
YBX1,TAL1,3.409333820723259
MTF1,DVL1,3.4089764705947476
POU3F1,RBM15,3.4085187989358743
JUN,RTCA-AS1,3.407711725192991
GMEB1,IFNLR1,3.407383210059181
YBX1,NOL9,3.4057406296108232
ENO1,FHAD1,3.4040504600617103
YBX1,LRRC42,3.403871167267796
MTF1,PPT1,3.4030598587895717
MTF1,LUZP1,3.4026698667408177
FOXJ3,ENO1-AS1,3.401073248661246
RUNX3,ATAD3A,3.40093849037942
ENO1,VAMP3,3.3998866606799174
ID3,NTNG1,3.398473430587524
FUBP1,ELAVL4,3.3984362756509436
JUN,KCNA2,3.3968748704016067
E2F2,MFN2,3.394103095396557
ID3,VPS13D,3.393053366410141
YBX1,AKR7A2,3.392713958558752
E2F2,HENMT1,3.3925738943287853
POU3F1,ELOA-AS1,3.3908913801754745
MTF1,LDLRAP1,3.390436120360676
FUBP1,EXO5,3.3895595145255943
HIVEP3,VTCN1,3.388725688734928
FOXJ3,CTH,3.3880846231454846
ENO1,ZNF593,3.3866334037450296
JUN,ACAP3,3.3856029443281255
JUN,SAMD11,3.3850122133119744
ENO1,GPSM2,3.384851978438514
FUBP1,CYP2J2,3.384306991390065
ZNF683,MATN1-AS1,3.382775411076883
YBX1,CPT2,3.3820500232340143
ENO1,ALG6,3.380447713308701
YBX1,EPHA2,3.3787966202826123
FOXJ3,TMEM52,3.377760544551371
ZNF683,CLSTN1,3.3769535200802334
FUBP1,MIER1,3.376593848860505
HES4,AGRN,3.3754570227784435
NFYC,SLC30A2,3.375146908959082
FOXJ3,LRRC40,3.3747778744774615
JUN,THAP3,3.3733856574862493
YBX1,CTTNBP2NL,3.368916377803937
JUN,LINC01135,3.3684201041938207
FUBP1,KCNAB2,3.367187688732092
JUN,RNF19B,3.366621399059329
YBX1,CORT,3.366250365364725
YBX1,TEX38,3.3657537651394462
ZNF691,CDC42-AS1,3.365347999851298
HES4,LINC02777,3.3635752209838157
HIVEP3,MACF1,3.3624276639167263
JUN,FAF1,3.3616921126774937
YBX1,PAFAH2,3.360721736868591
MTF1,TRIT1,3.3588116224507583
YBX1,PPIH,3.358544562867838
YBX1,B3GALT6,3.355805709287475
YBX1,CACHD1,3.3541717308779084
RUNX3,RPA2,3.352787827395586
ENO1,PPCS,3.351809702233753
FOXJ3,ZYG11A,3.3498509576649673
FUBP1,RERE,3.3493145996848064
ID3,ZRANB2-AS1,3.349313655761208
FOXJ3,LRRC39,3.348862172359418
YBX1,FBLIM1,3.3487354772829185
RUNX3,BRDT,3.3461137870593864
MTF1,TCEA3,3.3459464164345816
FOXJ3,DNAJB4,3.3440686346905277
ENO1,RHBDL2,3.3438269792262933
YBX1,WDR77,3.3427436055762447
MTF1,LEPROT,3.342625700916596
ENO1,CD101,3.3426107320753067
ZNF684,DRAXIN,3.3423972834586713
ENO1,FOXJ3,3.3418977439638557
YBX1,SLC44A5,3.3387147234441783
E2F2,DHCR24,3.337744904145167
FUBP1,CELA3B,3.3366356094609966
JUN,C1orf167,3.3361783799862867
YBX1,STIL,3.3344489408366678
YBX1,TSPAN2,3.33391292860056
HES4,AMPD2,3.3336180750420947
ZNF691,SNHG12,3.332131260487853
JUN,S100PBP,3.33207335310248
ENO1,SLC35D1,3.331566462167649
ENO1,LRIF1,3.3314216780002965
YBX1,CYB561D1,3.329506222232022
JUN,PIK3CD-AS2,3.3291358934418795
JUN,NDC1,3.329051985177573
ENO1,AP4B1,3.327761932949037
MTF1,RNF11,3.327657398097751
ID3,TTC22,3.3274209450837104
MTF1,FHAD1,3.326671985413486
NFIA,CLCC1,3.326426574383824
MTF1,CASP9,3.3246056114916422
JUN,ZYG11B,3.3225456260477753
JUN,KTI12,3.320434739375308
JUN,LRIG2,3.32031824716225
JUN,SZT2,3.3198100650101905
E2F2,PHF13,3.3197266001522023
POU3F1,GADD45A,3.3180403513388272
YBX1,MACF1,3.316936661120406
E2F2,TTC22,3.3142248616932592
GMEB1,AHDC1,3.3139366576881595
MTF1,IFI6,3.312918369688435
ENO1,ST7L,3.308804570308416
YBX1,TTC39A,3.308166316276293
ZNF683,DNAJC6,3.30711458863133
YBX1,MRPS15,3.305129359716202
YBX1,SYF2,3.300928132601354
FUBP1,ZBTB8OS,3.299959352029326
NFYC,RTCA-AS1,3.299857335585319
POU3F1,ZNF684,3.299850969474078
YBX1,LAPTM5,3.299494921574199
MTF1,RCAN3,3.2992304321830166
FOXJ3,SDC3,3.2987828164750708
RUNX3,CENPS,3.2963637859528045
E2F2,TMEM69,3.2958630377901055
POU3F1,FAAP20,3.295513455237109
NFYC,LINC01357,3.2924751583808844
FOXJ3,SLC35E2A,3.2909392200153245
MTF1,SMPDL3B,3.290781457257127
JUN,SNHG12,3.286193554866436
E2F2,RIMS3,3.284659299437851
HES2,COL9A2,3.2842214890162564
HES4,ZYG11B,3.283689222619193
JUN,CYP2J2,3.283181687011448
MTF1,DFFB,3.2823738883793037
HIVEP3,MAP3K6,3.2812326602461352
MTF1,PDIK1L,3.2785470525883813
YBX1,LINC01134,3.2762986241793532
ENO1,PLPP3,3.2713089904922414
FUBP1,FOXJ3,3.271035531738545
ENO1,PRPF38B,3.269942763511892
ENO1,USP24,3.2685201554292074
YBX1,S100PBP,3.2667978306238417
RUNX3,BCL2L15,3.2622219283600025
JUN,NCMAP-DT,3.2616429082727967
HIVEP3,LINC01756,3.2603142195978645
NFIA,DPYD-IT1,3.2600380745082367
MTF1,PLA2G5,3.2595534955339223
ENO1,WASF2,3.256920071917016
GMEB1,NSUN4,3.2565242326341184
GMEB1,TTC39A,3.2562380126417363
HIVEP3,EFHD2,3.255911200422484
JUN,ZSWIM5,3.2546786507019467
YBX1,ACADM,3.254178090531473
JUN,CLIC4,3.253895108402094
HES2,CCDC30,3.2531701580217454
HIVEP3,MMACHC,3.25296115185901
NFIA,MECR,3.2526483475724186
FUBP1,PLOD1,3.249915354776721
NFYC,AGO1,3.248166861125119
JUN,VWA5B1,3.246025434463995
JUN,ZNF644,3.2444997233526993
ENO1,SLC45A1,3.2438952698397707
RUNX3,ELOVL1,3.2430260174180545
RUNX3,MAGOH,3.242669744203093
ENO1,MFSD14A,3.239239141332131
RUNX3,DPYD-IT1,3.2392145118720093
YBX1,EPHB2,3.2386926558697136
ID3,SLC35E2A,3.2380956756438697
ENO1,BSDC1,3.2366812272840066
YBX1,CD52,3.2366061421060257
ENO1,C1orf52,3.2331475859940464
ENO1,ARID1A,3.2330156048696344
FOXJ3,PPIE,3.232964360624214
JUN,S1PR1,3.2327305829063127
ENO1,GPN2,3.2326468886932496
TFAP2E,MIR3659HG,3.2265151121070144
HIVEP3,LINC02795,3.226295614564334
FOXJ3,ANGPTL3,3.224105906159948
RUNX3,UROD,3.22369627027615
ENO1,CLCC1,3.2227738926762157
MTF1,BEST4,3.221957323617498
ALX3,WDR77,3.221096808591808
JUN,PAQR7,3.2173077214398593
JUN,HPDL,3.2169344461281772
YBX1,EVA1B,3.2157390288606797
ENO1,SYTL1,3.2135061327224372
MTF1,SRSF4,3.213053613299781
ID3,PEX10,3.2122813590719392
FOXJ3,GPR157,3.2121499742109187
ENO1,BCL2L15,3.210338434055566
FUBP1,ERMAP,3.21014979280984
FOXJ3,DHDDS,3.2089497543427505
HES4,STK40,3.2085689389574923
HES2,LINC01765,3.2083794401829278
FUBP1,MAP7D1,3.207327421655877
RUNX3,ERICH3,3.2068482200815165
NFYC,SLC6A9,3.2067841878496672
YBX1,CDC14A,3.2057329440731244
GMEB1,CCDC30,3.2055336478645535
ID3,ZNHIT6,3.204890369084799
FOXJ3,BCAR3,3.2044403245970456
ENO1,RAP1A,3.2030053381748793
ENO1,WDR47,3.2029409323832954
HES4,FPGT,3.202543416804554
YBX1,NECAP2,3.202293679030657
HES4,PRMT6,3.2012683123588106
ENO1,FAF1,3.199658877693897
JUN,AP4B1,3.1996463724414417
YBX1,MRPL20-AS1,3.197321147972839
YBX1,KCNAB2,3.1968485122381445
MTF1,ZNF436,3.1968044302251166
GMEB1,EPS15,3.1967173240658973
YBX1,TMEM50A,3.1965491973510027
FUBP1,PRMT6,3.1952779932421036
YBX1,HMGN2,3.1925178922253163
NFYC,PDE4B,3.1902967456762465
YBX1,USP33,3.189974130740389
FOXJ3,HS2ST1,3.1895471806807003
MTF1,RTCA-AS1,3.1885293915180553
ENO1,AHCYL1,3.1885270377624453
FOXJ3,SYCP1,3.188434482293914
POU3F1,YBX1,3.1873939320237943
ENO1,BCAR3,3.1872158285987453
JUN,MACO1,3.1858366877811344
RUNX3,POMGNT1,3.1851419940940526
FOXJ3,PPP1R8,3.1841757537261253
FUBP1,MATN1-AS1,3.1840964040823376
MTF1,ZNF362,3.1836606167081234
HIVEP3,IFNLR1,3.1812476850133344
JUN,SRSF4,3.180621849568144
NFYC,SELENON,3.1790990521990334
YBX1,LRRC7,3.1781502999021205
HIVEP3,AUNIP,3.176396439897834
NFYC,KCND3,3.176359820558377
NFYC,IL12RB2,3.1754848031042324
JUN,RNF207,3.1753407812977583
HIVEP3,KCNAB2,3.1751094829049205
FOXJ3,LRRC8C,3.1749056115390046
NFYC,PIK3CD-AS1,3.1715918805722434
ZNF683,B3GALT6,3.171238591718191
RUNX3,TNFRSF9,3.17061964535534
NFYC,RBP7,3.1692202635541395
PRDM16,CHI3L2,3.16852458286118
NFYC,DOCK7,3.166900748485909
RUNX3,CLSPN,3.1656162325771215
JUN,CRYBG2,3.160622589177489
JUN,NFYC,3.159770479303195
MTF1,HS2ST1,3.159092078673733
NFYC,TRIM33,3.1583225618662283
NFYC,PADI2,3.15798618093601
ENO1,SNX7,3.1575403293996813
ENO1,MIIP,3.1559531955714824
MTF1,LINC01725,3.1553385085964667
ZNF683,CCDC28B,3.1549032894687192
JUN,PTGFRN,3.1547448574789896
FOXJ3,KIAA0319L,3.151360483623004
JUN,ZRANB2-AS1,3.149772042236339
YBX1,HIPK1-AS1,3.149603888575863
MTF1,LINC01772,3.147579027262578
RUNX3,FAAH,3.1471734807387914
FOXJ3,FAAH,3.1450506994656156
ZNF683,MUTYH,3.1437928317017443
POU3F1,PITHD1,3.1437451882925056
RUNX3,EFHD2,3.143216640611533
NFYC,DPYD-IT1,3.1412299728496027
GMEB1,RAB42,3.140986197364916
YBX1,SELENOF,3.1407985777758856
FOXJ3,TMCO4,3.140694968354312
NFYC,ZSWIM5,3.1401597645318047
YBX1,CCDC17,3.1373804311486455
TFAP2E,BTBD8,3.1369835252981413
YBX1,NDUFS5,3.1364506454112124
TAL1,AMY2B,3.1362707570283255
HIVEP3,CLCA4,3.135895786623937
ZNF691,LDLRAD2,3.1356396238515143
HES4,TMEM51,3.1307231310638257
TAL1,COL24A1,3.1298981358710685
RUNX3,ZRANB2-AS1,3.1295762882897997
FUBP1,TTC39A-AS1,3.1271325116069906
YBX1,PHACTR4,3.126603135658002
ENO1,LINC01748,3.125461498349932
FUBP1,ZRANB2,3.1243442334167386
JUN,RWDD3,3.1223500410584144
MTF1,MIR34AHG,3.122272660609987
JUN,ZMPSTE24,3.1220658101042784
JUN,GMEB1,3.121827018634893
ENO1,TNFRSF18,3.1213503571360426
POU3F1,NASP,3.1209208409789126
JUN,UQCRHL,3.1185614874708456
FOXJ3,PRDM2,3.1174289193238005
YBX1,NDC1,3.1172935812110483
YBX1,AK2,3.115891333637349
YBX1,SVBP,3.115676719614827
E2F2,CMPK1,3.114605753007591
JUN,NMNAT1,3.114558521343422
ZNF684,TIE1,3.112316695476256
HES4,FAM87B,3.1120387849607556
MTF1,SGIP1,3.111447178855004
E2F2,AGMAT,3.11077105477997
YBX1,MCOLN2,3.1098642803198007
ENO1,ICMT,3.109817356060601
ENO1,ZBTB8A,3.109678204639507
NFIA,HTR6,3.1096265170160424
ENO1,GPR3,3.1094082202720457
NFYC,AGRN,3.109047297257703
FOXJ3,LINC01409,3.10903557227681
FUBP1,CLIC4,3.108924023781096
FOXO6,GSTM2,3.1079497768456976
JUN,BMP8B,3.1063526730783018
HIVEP3,LDLRAD2,3.1062171091598647
ENO1,KYAT3,3.1048556827431715
NFYC,MROH7,3.104596456905243
YBX1,DBT,3.103747948621654
HES4,PDIK1L,3.1036252701271643
FUBP1,CC2D1B,3.1028692384225844
NFYC,ERMAP,3.1001055005570963
ENO1,PEF1,3.099748884212148
FUBP1,RNF19B,3.0988675384059006
NFYC,JUN,3.09786865709377
HIVEP3,YTHDF2,3.0966136413360714
POU3F1,TM2D1,3.0938963031281843
RUNX3,NEXN-AS1,3.093775630045287
MTF1,NECAP2,3.093227021066511
FOXJ3,ZNF436,3.0923577453027793
TAL1,RAVER2,3.0885747631781246
E2F2,HNRNPR,3.088309768526179
JUN,ARID1A,3.0878266736055426
POU3F1,LINC01135,3.0859085319981534
YBX1,LDLRAD2,3.085265557155413
ENO1,A3GALT2,3.0824328681551187
TFAP2E,TMEM234,3.0823311240648184
FOXJ3,TRIM62,3.0820911657024146
FUBP1,CCDC163,3.081987204977306
FUBP1,CDC14A,3.080820257549031
ID3,MXRA8,3.0792217579369483
FOXJ3,IPO13,3.0778982502788566
NFIA,LINC01128,3.0767075587600043
FUBP1,LINC01141,3.0748982088760206
YBX1,WASF2,3.0747909507523405
ENO1,C1orf50,3.0732922749661613
JUN,PPP1R8,3.071585066314718
FUBP1,MYCBP,3.070371160523322
E2F2,CD2,3.069379118788838
ID3,LRRC8C-DT,3.0692224107909802
MTF1,DOCK7,3.068713878999835
HES4,MOV10,3.0677168202591227
ENO1,CTRC,3.0666852807029295
FOXJ3,PARS2,3.0666280020891636
ENO1,SDF4,3.06621401339498
ENO1,ABCD3,3.0643287888225816
MTF1,LAMTOR5-AS1,3.0642044814212133
HIVEP3,CDC42-IT1,3.0631504457809813
POU3F1,CRYZ,3.0626430841819006
MTF1,GRHL3,3.062513472667066
FUBP1,TUT4,3.061896392065345
GMEB1,PGD,3.060592300984489
GMEB1,DDAH1,3.060382772210763
POU3F1,TXLNA,3.0596621735565432
JUN,EFCAB7,3.0590185426995156
FUBP1,LINC00339,3.0581151714391406
POU3F1,E2F2,3.057755491600712
ENO1,VANGL1,3.0559021407315914
ENO1,MARCKSL1,3.0549583240924485
JUN,EIF2B3,3.052971656216187
FUBP1,STPG1,3.052620961383682
JUN,NADK,3.052567640568218
FOXJ3,PIK3CD-AS2,3.0518185731167042
JUN,SYTL1,3.050024071393299
E2F2,RPS8,3.0484998686432156
FOXJ3,ZMYM4,3.048252227147138
FUBP1,CASP9,3.048006709289766
ENO1,SNHG12,3.046051236814454
TAL1,MARCKSL1,3.0440282346956993
YBX1,ARHGEF19,3.043963639725018
ID3,RBM15-AS1,3.042081938653994
ZNF691,AKR7A2,3.041993502805666
NFIA,LINC01144,3.0413366708785876
JUN,XKR8,3.0398882660281625
E2F2,ZNF326,3.038455926107649
RUNX3,MED18,3.0370060385593813
ENO1,ECE1,3.0367828762282025
E2F2,ST7L,3.0362926748917496
YBX1,CTPS1,3.0350375587027143
JUN,CDKN2C,3.0343431142724264
RUNX3,JAK1,3.0340146396038525
NFIA,TRIM45,3.0339975249650184
RUNX3,AHDC1,3.0331808715095785
JUN,MORN1,3.032266474077688
FUBP1,CCNL2,3.030734191678488
GMEB1,AKR7A3,3.030449995501964
ENO1,NRDC,3.028088839366314
ENO1,GADD45A,3.027581350348632
HIVEP3,SH3D21,3.027346251227303
JUN,COA7,3.027199256409018
E2F2,SDHB,3.026453820195136
E2F2,WRAP73,3.0261983716069856
ENO1,LEPROT,3.0250205922145708
FOXJ3,TMEM39B,3.0249443225463057
HES4,GALE,3.0243671576923545
YBX1,MED18,3.024305355761085
HIVEP3,ACOT7,3.021770242103747
JUN,SPATA6,3.020238592956853
YBX1,MIER1,3.02019645012657
ENO1,CSF1,3.0200702777090136
MTF1,EFCAB14,3.0183824078501207
MTF1,RABGGTB,3.017868429236371
MTF1,CROCC,3.016417219642546
ENO1,PIGK,3.016357147545012
HES4,LRRC42,3.015402611827192
JUN,ZMYND12,3.0144522497334236
FUBP1,KDM1A,3.013719381940839
FUBP1,SLC35A3,3.0116003464760546
NFYC,GBP2,3.0112589909876406
JUN,SLC30A2,3.0094366979210707
JUN,LINC01712,3.0080774226236566
ENO1,LINC01355,3.0051302506611606
RUNX3,RBP7,3.004491673036
FUBP1,MASP2,3.0036250643459206
FUBP1,CTNNBIP1,3.002203199070692
YBX1,NUDC,3.0008796348723976
YBX1,C1orf174,3.000432389654062
GFI1,COA7,2.999733079628287
ID3,ELOVL1,2.998473085828322
JUN,MAST2,2.9963870539068767
YBX1,UROD,2.995907520893327
YBX1,SRSF10,2.995850151029066
FUBP1,ZMYM4,2.995825515302236
RUNX3,NCMAP-DT,2.994897866513435
FOXJ3,C1QB,2.994148114835165
FOXJ3,TUT4,2.9925906595039224
FOXJ3,LRIG2,2.9917712084088164
ENO1,COL16A1,2.991241729032244
MTF1,CDCP2,2.990189484508306
GMEB1,DHDDS,2.989159852541438
FUBP1,CEP104,2.9889345617606398
GMEB1,C1orf174,2.9888806544671245
HES4,AGBL4,2.9876091025620912
YBX1,FAM229A,2.9861776445969834
JUN,ATG4C,2.985873973328243
FUBP1,MMACHC,2.9857817526748165
NFYC,CCDC17,2.985684007026183
HIVEP3,VAV3-AS1,2.9855706678093132
ENO1,GPX7,2.9825488214235034
JUN,FNBP1L,2.9821548393024657
RUNX3,PLA2G2D,2.9817315431614926
YBX1,ANKRD13C,2.981448408591395
FUBP1,PRDM16,2.9807777242021154
FUBP1,PTGER3,2.9804211819161
NFIA,LAMTOR5-AS1,2.9768343391090015
MTF1,SLC30A7,2.9767248678753737
JUN,CZIB,2.97637819420577
FOXJ3,ALDH4A1,2.976015425093294
ZNF683,SCNN1D,2.9758326728728535
E2F2,DNAJC8,2.975031518043392
FOXJ3,FAF1,2.974298017900077
MTF1,GPATCH3,2.9730208934797058
YBX1,PIK3CD-AS2,2.9715897657203976
MTF1,FBXO42,2.96995905023267
ENO1,PHC2,2.9691875014649654
JUN,MAP3K6,2.968386423102345
RUNX3,DHRS3,2.9682010747199046
JUN,FHAD1,2.9669520956838196
JUN,NCMAP,2.9665313998094205
TAL1,MTF2,2.9656249584024827
MTF1,SYDE2,2.9650064520486974
FUBP1,CHD5,2.964700394717678
JUN,ARMH1,2.9645563762411684
HIVEP3,PTP4A2,2.9644200484249366
YBX1,RWDD3,2.9644139360511654
NFYC,FAM87B,2.963500763739634
JUN,TRIM33,2.963164767031177
JUN,PLA2G2C,2.963118115466715
YBX1,LINC01355,2.962860393652118
FOXJ3,ATPAF1,2.961727497015263
NFYC,LINC00339,2.9604227162252466
HES4,YIPF1,2.958985853345579
ID3,TNFRSF8,2.9589237699637536
ENO1,MIB2,2.9578346669532305
RUNX3,PHF13,2.9575205962262174
ENO1,ERRFI1,2.956916088156277
GFI1,CITED4,2.956276822143483
JUN,CSMD2,2.955859909547668
NFYC,MAP3K6,2.955823284922107
YBX1,L1TD1,2.9552918898105403
FUBP1,SDF4,2.955231105377797
HIVEP3,RAB3B,2.9544955821050696
RUNX3,DENND2D,2.953916166381888
GMEB1,KDF1,2.953875356356477
E2F2,INKA2-AS1,2.9534471957090034
FUBP1,ZNF326,2.951774973893578
JUN,LINC01160,2.951161957873992
RUNX3,ZNF684,2.9509813910935927
JUN,GPSM2,2.9502466027176473
E2F2,VAMP3,2.9494370111912565
ENO1,MED18,2.9486857203189465
ID3,ERI3,2.9484246174138544
JUN,CELA3B,2.9481842479662728
NFYC,ELOA,2.9479765656101553
HIVEP3,DDX20,2.9478497669985817
FOXJ3,CD101,2.947576105326035
NFIA,NFYC,2.946756053526995
HIVEP3,TTC4,2.94468676156559
RUNX3,LINC01307,2.9431816725364883
E2F2,MXRA8,2.9425776715258145
YBX1,ITGB3BP,2.9419232570821596
MTF1,GBP3,2.941242051358814
NFIA,GPSM2,2.9412344838164404
ZNF691,FAM229A,2.9405383504955105
NFIA,MIR3659HG,2.9405344705081813
RUNX3,RSPO1,2.939590518158043
ENO1,RABGGTB,2.9387090856923797
POU3F1,SIKE1,2.9379456395323182
ENO1,GLMN,2.9374458105361407
POU3F1,IL12RB2,2.934455020172543
JUN,ERICH3,2.934305787599086
NFYC,CHD5,2.9341118826941055
JUN,TESK2,2.932580754285461
HIVEP3,WDR77,2.9313775422981996
FUBP1,RNPC3,2.929850653589534
GFI1,PRXL2B,2.9293875578709776
JUN,ZCCHC17,2.9282633180597313
ENO1,PLCH2,2.9260285244518904
MTF1,GBP4,2.9250244975985202
GMEB1,LEPROT,2.9246413319674507
HIVEP3,PHC2,2.9243400154331742
ENO1,DLEU2L,2.9239951950138474
NFYC,FUBP1,2.9233852934858193
GMEB1,TTLL7,2.922849011599884
FOXJ3,ATXN7L2,2.921065685170073
FUBP1,PIGV,2.921041099281294
YBX1,ISG15,2.9206300202368127
GMEB1,TMEM201,2.920026692794965
MTF1,SAMD13,2.919472349061025
RUNX3,CEP104,2.916504585131956
ZNF683,TGFBR3,2.915213175514728
HES4,RERE,2.9151809443384185
E2F2,RPF1,2.9121564934867687
RUNX3,H6PD,2.9120884325978222
YBX1,FHL3,2.910611141332299
MTF1,MROH7,2.908966095922839
E2F2,STIL,2.9067903424312096
JUN,EMC1,2.906690239815881
FUBP1,DRAM2,2.906542143435652
JUN,ZNF362,2.906065860748943
YBX1,CAPZB,2.9057911798184675
JUN,EPHA10,2.9051204078269923
JUN,PDPN,2.905073647030331
RUNX3,DPH2,2.9049691735525554
MTF1,PRMT6,2.9049395461066605
FUBP1,ZFP69,2.9043271020577426
JUN,CTTNBP2NL,2.903179923011658
E2F2,PLEKHN1,2.9031555651457754
FUBP1,DFFB,2.9026731367668157
YBX1,PRDX1,2.9017472609817747
FOXJ3,DISP3,2.901514337286505
MTF1,SHISAL2A,2.900110138484649
HES4,CTBS,2.8995899579665085
E2F2,ATAD3A,2.899247096002654
YBX1,ARHGAP29,2.8990518686497198
HIVEP3,LRRC7,2.8988937040268823
FUBP1,TNFRSF18,2.898046335104748
HES4,EVI5,2.8970578286514255
FUBP1,PRPF38B,2.8961998345048023
JUN,FAM76A,2.8952868964530603
ENO1,USP33,2.8949327115527983
FUBP1,NBL1,2.8943037934680507
HIVEP3,JAK1,2.8941869339740474
FUBP1,MUTYH,2.8926386542122007
HIVEP3,GCLM,2.8918577037465947
YBX1,LRRIQ3,2.8918569424485194
JUN,GPR157,2.891004495127846
JUN,GBP5,2.8907910017317366
YBX1,DHCR24,2.8906340219288773
ENO1,LRRC47,2.8902639664739724
JUN,ABCA4,2.8890803404862093
NFIA,RHBDL2,2.8875383063806566
FOXJ3,PTPRU,2.8868768919533325
FOXJ3,MTF2,2.8863641293585243
FUBP1,PEF1,2.886216690693517
ZNF684,RAB3B,2.883614557612794
MTF1,SPATA6,2.883512586882863
FOXJ3,DHRS3,2.883378266356377
FUBP1,PABPC4-AS1,2.8817274840137674
MTF1,LMO4,2.8806155495882413
FOXJ3,ZNF644,2.8796766929908117
FUBP1,CITED4,2.8752770000336154
POU3F1,DEPDC1,2.8747282131007528
ID3,PATJ,2.8720520509075675
YBX1,PTP4A2,2.871174937111932
FOXJ3,LAMTOR5-AS1,2.870353660409443
HES4,C1QB,2.868337765088634
ENO1,BMP8A,2.868149502922823
JUN,INTS11,2.86713536724861
FUBP1,SELENOF,2.863161553546879
ENO1,CDK11A,2.8622337890419667
E2F2,SPATA21,2.861437296501954
NFIA,CYB5RL,2.8575215835734307
NFYC,KLHL17,2.856456653979993
GMEB1,CD101,2.8561013657550514
FUBP1,SPATA1,2.8542828460851895
TFAP2E,MAN1C1,2.854091870101467
NFYC,RERE,2.8533945466658115
JUN,GJA9,2.8512481296900196
RUNX3,LRP8,2.8510314236114787
FUBP1,PABPC4,2.8500792283805643
ENO1,CCNL2,2.849949324924577
MTF1,ACOT11,2.849809240338997
HIVEP3,LINC01389,2.8485835914240187
ENO1,TNFRSF8,2.8477597233093292
YBX1,AKR1A1,2.8472091544768974
FOXJ3,IFNLR1,2.846457167751126
ENO1,EIF2B3,2.845191683087451
YBX1,SLC6A17,2.8439079268079546
FUBP1,PTPN22,2.840906104331188
JUN,AKR7A2,2.839829678620379
RUNX3,SLC16A4,2.839351780703454
HIVEP3,SF3A3,2.838986313257737
NFIA,DNAJC6,2.8387144747885604
RUNX3,TNFRSF14-AS1,2.837537606004132
ID3,MMEL1,2.8371048591682935
FOXJ3,RNF19B,2.836786789149618
ZNF683,TRAPPC3,2.8357871511095034
RUNX3,RPAP2,2.8345900966801243
FOXJ3,COL24A1,2.8338233759168707
ENO1,HSPG2,2.8335078499333113
FOXJ3,AGMAT,2.83253701229176
JUN,KAZN,2.832424046103934
MTF1,DAB1,2.8319718916880774
RUNX3,TNFRSF18,2.8316122549163234
YBX1,CELA3B,2.831575775400099
YBX1,WNT2B,2.831252473718042
YBX1,TNFRSF8,2.8312228582143106
ENO1,PAFAH2,2.8304766579121448
GFI1,ELOVL1,2.8293657153188088
HES4,CFAP57,2.8289657077032158
JUN,CYP4B1,2.828209557293265
YBX1,FOXO6,2.8280372333938697
JUN,DIPK1A,2.825614904216708
YBX1,C1orf50,2.825609907147335
MTF1,FHL3,2.8241753867099417
JUN,ATAD3B,2.8237791553731775
JUN,DNTTIP2,2.8237630258416577
JUN,FAM87B,2.8215875723833204
YBX1,ATP13A2,2.8213350401899593
NFYC,SLC35D1,2.82110535728397
FUBP1,LINC01226,2.82110370668381
GMEB1,DISP3,2.8208690487288797
YBX1,LINC01739,2.819533912954875
PAX7,HSPG2,2.818839942883617
FOXJ3,ADGRL2,2.8185476327252426
HIVEP3,TMEM35B,2.8184719584714504
JUN,TMEM269,2.817958103616444
POU3F1,PRPF38A,2.817953754921666
E2F2,TTF2,2.817776018800193
YBX1,SLC16A4,2.8176036626838075
JUN,SLC25A34,2.817482990572882
YBX1,RBBP4,2.816408306694833
FOXJ3,KDM1A,2.815427277866808
ZNF684,MIB2,2.81512233946067
E2F2,IPO13,2.814409791814793
NFYC,SLC30A7,2.8140909551321185
RUNX3,GLIS1,2.8134585777472996
YBX1,PPP1R8,2.811926248246681
FOXJ3,MAGI3,2.8102343832206262
NFYC,CEPT1,2.8098008693590026
E2F2,SDF4,2.8091975956978184
RUNX3,SH3BGRL3,2.809116124567922
GMEB1,ATAD3C,2.8090908998489064
MTF1,ANKRD65,2.8086524611757464
ENO1,LINC01359,2.808597619071917
MTF1,MDS2,2.8070964391287476
JUN,ZMYM4-AS1,2.8066166745281627
FUBP1,NRAS,2.806416948899005
FUBP1,PANK4,2.8062035037419837
YBX1,THRAP3,2.805581852597233
ENO1,TMEM50A,2.804730074245759
RUNX3,TMEM35B,2.803746912171527
YBX1,LINC01677,2.800779508847489
ENO1,HYI,2.800714820393378
ZNF684,GPR61,2.8003598904197196
NFYC,SLC22A15,2.7999649098215076
MTF1,EPS15,2.7998713137974525
YBX1,TM2D1,2.799833500927114
ENO1,PDIK1L,2.7997826819406066
GMEB1,CFAP74,2.799165715901911
ENO1,RBMXL1,2.7977623294645912
HIVEP3,RPAP2,2.7975441681769246
ENO1,ATAD3C,2.797412464610389
JUN,UBE2J2,2.7973550315388764
FOXJ3,CENPS,2.7960248364837663
POU3F1,LZIC,2.7946863351722415
ENO1,B3GALT6,2.794208849882349
YBX1,SLFNL1,2.793044179595706
ENO1,MPL,2.792810572077789
ID3,ST6GALNAC5,2.792617694950976
POU3F1,KCNC4,2.7916436608607955
FUBP1,HOOK1,2.790987823877789
E2F2,KIAA2013,2.7909430055221263
TFAP2E,YIPF1,2.790898357028886
FUBP1,C1orf216,2.7899714767317794
MTF1,KYAT3,2.789453608163348
MTF1,FUCA1,2.78878258377717
YBX1,EFHD2,2.788745006044716
FUBP1,GTF2B,2.78824397766458
YBX1,GNG5,2.7879763596859193
GMEB1,ZNF436,2.787058440164377
NFYC,AK2,2.7867906750604283
TFAP2E,ITGB3BP,2.7865254829912596
NFYC,FPGT,2.786335872638393
YBX1,PNRC2,2.7844948600198545
HIVEP3,KLHL21,2.784131050848743
JUN,MXRA8,2.784009954908453
MTF1,STXBP3,2.783497534313911
JUN,GSTM4,2.7834216250619193
FUBP1,DNTTIP2,2.782420344973213
ENO1,FPGT,2.7820147240299695
JUN,FPGT,2.7818598685907103
NFIA,ARHGAP29,2.7804327560664683
JUN,ELOA,2.779757090161227
HIVEP3,CCDC24,2.7795169732653293
YBX1,ATPAF1,2.7792626908150764
MTF1,NOC2L,2.777295595159888
YBX1,EIF2B3,2.7769751291614355
ENO1,CCDC24,2.7755387017101074
ZNF691,TLCD4,2.77524861890369
JUN,ATP1A1-AS1,2.77513854170836
ENO1,TLCD4,2.774915606567593
JUN,PEX14,2.7747368847237026
NFYC,CHI3L2,2.7735863385016555
POU3F1,HMGN2,2.7714282741877017
ENO1,CTTNBP2NL,2.768457066430742
NFYC,LRRC39,2.7666697419270143
FUBP1,GBP4,2.7665905673637523
RUNX3,KANK4,2.7662805461772946
ZNF683,FOXD2,2.765943121079096
FUBP1,NPHP4,2.765710939198249
YBX1,CDC42,2.7654108894679714
NFYC,TESK2,2.765372501658564
FUBP1,WDR47,2.764566166219433
ENO1,CDC7,2.7641691614808535
MTF1,MFSD2A,2.7641355666272758
FOXJ3,TARDBP,2.7630145957769194
ENO1,FNDC10,2.7615935853073426
YBX1,LINC01772,2.7611917157594337
FUBP1,GPBP1L1,2.76103103067826
ENO1,TPRG1L,2.7609012634437895
HIVEP3,CFAP57,2.7601953839751032
MTF1,FAM76A,2.759963038731447
ENO1,ACOT11,2.7598477561737256
YBX1,GALE,2.759412567844898
YBX1,SRRM1,2.7586293411561345
ENO1,ARHGAP29,2.7584909840637
E2F2,SELENON,2.7579457422609477
NFYC,SGIP1,2.7565066833417586
RUNX3,ADGRB2,2.75614514663409
FUBP1,MIIP,2.754878210452393
ENO1,MUL1,2.7546854949081045
JUN,LINC01128,2.7544658740764794
ID3,PDPN,2.7537680214057376
FUBP1,CD53,2.7522295324370636
JUN,GPN2,2.7512032546604264
YBX1,AP4B1-AS1,2.7487307557369105
FOXO6,FABP3,2.7484676791076286
FUBP1,RAP1A,2.7476448332645353
FOXJ3,PUM1,2.747006395488182
GFI1,NIPAL3,2.7468944866284204
FUBP1,AJAP1,2.7467006687874886
FOXJ3,BEND5,2.746338281079165
FOXJ3,CDC14A,2.746307131899957
TFAP2E,C1orf52,2.7461945626783244
HIVEP3,TOE1,2.744158448843078
FUBP1,TRAPPC3,2.7440326076385935
GFI1,MORN1,2.743223079066786
E2F2,ATP1A1-AS1,2.742930840842871
MTF1,PABPC4-AS1,2.7425545756176293
MTF1,ANGPTL7,2.741320731855093
JUN,PLA2G5,2.7395884741976713
GFI1,ZC3H12A,2.7380829887600564
MTF1,NSUN4,2.7358530641680665
FOXJ3,DOCK7,2.735386007573856
E2F2,CDC7,2.7329294428326523
ENO1,UBIAD1,2.7328580064379016
ENO1,PODN,2.732855420102128
ENO1,CPT2,2.7316583505176215
YBX1,SLC16A1,2.7314239866236387
NFYC,GNB1,2.7307521699378188
POU3F1,KIAA2013,2.7301911950837527
POU3F1,SNHG3,2.7288158148798
GMEB1,FAM229A,2.7285821581136687
FOXJ3,NCDN,2.7285630099004026
ENO1,CYB561D1,2.728258782746653
JUN,IPP,2.726920055877856
FOXJ3,ERRFI1,2.726759986608161
ENO1,EMC1-AS1,2.7253084753045544
RUNX3,PLA2G2C,2.7244923639998904
ENO1,NBPF1,2.7230059744960498
ENO1,RERE-AS1,2.7229101889286587
YBX1,TTF2,2.7204220015227807
JUN,ZNF436,2.7188919424136633
MTF1,MYSM1,2.7185959183902297
FUBP1,MOV10,2.7185140895031137
FUBP1,PLA2G5,2.717064037034392
FOXJ3,TMEM51-AS1,2.7158495209582876
GMEB1,ELOA-AS1,2.7155273742848203
FUBP1,FAM76A,2.712813910966319
HIVEP3,ZFP69B,2.7127537736986977
HES4,LINC01359,2.7122510045510695
ENO1,RSPO1,2.7100776872512817
ENO1,USP48,2.709154819731424
ENO1,DIPK1A,2.7091495059572956
ZNF691,TRMT13,2.709008915882588
YBX1,TMEM39B,2.7083321823389133
GMEB1,TENT5B,2.7080662523170473
GMEB1,MFSD14A,2.707481825631012
YBX1,MASP2,2.7073102536310407
ENO1,MAP3K6,2.7067655173549183
FUBP1,DNAJC16,2.7063814726804356
PRDM16,PANK4,2.706041942751165
POU3F1,DCLRE1B,2.7058193657847776
TP73,DPH2,2.70454689487273
FOXJ3,DDI2,2.703540118520324
FOXJ3,SSBP3-AS1,2.7033388297207073
MTF1,MFN2,2.7028764455645997
HES4,LEPROT,2.7024866961785277
RUNX3,B3GALT6,2.7017560144446175
MTF1,SYF2,2.701526333403826
FOXJ3,DFFA,2.7002476648776734
MTF1,DLEU2L,2.7001038295157853
RUNX3,TIE1,2.699356256576084
YBX1,SSU72,2.6989453071684038
JUN,LRRC40,2.698613566969573
MTF1,LRRC8B,2.69828564165175
MTF1,MTOR,2.6977772258680637
HES4,RNF207,2.6974833629096593
RUNX3,TRIT1,2.6971176470869858
NFIA,TMEM39B,2.6966072567969417
MTF1,EMC1,2.696481345622463
MTF1,RERE-AS1,2.6940560107687728
FOXJ3,SNRNP40,2.6935062649216417
JUN,FOXD2,2.69340997817966
FOXJ3,ZRANB2-AS1,2.6932036313071737
FUBP1,SLC25A33,2.692854760898017
FOXJ3,ELOA,2.692598363329101
FOXJ3,LINC01141,2.6924685311795007
HES4,DNAJB4,2.688795434062268
YBX1,CEP85,2.688587859936884
NFYC,TNNI3K,2.6858672134258024
NFIA,LINC01788,2.685367712273979
POU3F1,CDCA8,2.6843925046561936
HIVEP3,SRRM1,2.6838063647246324
RUNX3,ATXN7L2,2.6837021760143216
YBX1,PKN2-AS1,2.6833139570720035
MTF1,CFAP57,2.682974323198535
ENO1,SFN,2.682779557192325
POU3F1,LINC01358,2.6816528452936605
ZNF684,NCMAP-DT,2.6796560137696295
MTF1,BTBD19,2.679633010411439
ENO1,FUCA1,2.679298006633353
ENO1,LMO4,2.6792091591496145
NFIA,RBM15-AS1,2.678685908987808
YBX1,GSTM1,2.6773854805641326
HIVEP3,AHCYL1,2.6773692524571393
JUN,LINC01756,2.676962156199937
FUBP1,INKA2,2.676667219812403
JUN,INKA2,2.676024001279291
POU3F1,S1PR1,2.675536034457078
YBX1,RUNX3,2.674432066252234
HES2,LRRC38,2.6734540475631787
FUBP1,GPN2,2.672488170011036
ENO1,LRIG2,2.6724130280508134
FUBP1,GPR61,2.671600446629826
YBX1,TMEM222,2.671130074388176
RUNX3,TRIM45,2.6710273814222223
POU3F1,PSRC1,2.6707050085420025
RUNX3,PAFAH2,2.6698408209923743
NFYC,SMIM1,2.6689405494903067
ZNF683,SLC66A1,2.6680852066340104
JUN,MIGA1,2.668064353751306
POU3F1,PAFAH2,2.66779006972119
TAL1,HSPG2,2.666126016096809
NFYC,ATAD3B,2.6656061902198096
ENO1,LRRC40,2.664180806793909
FOXJ3,SRSF11,2.663513118876981
ENO1,DPH5,2.662871484911823
ID3,CA6,2.662036617496185
JUN,TTF2,2.6607423807687294
FOXJ3,MIER1,2.660601571182907
FOXJ3,FGGY,2.6584903180338633
FUBP1,MFSD2A,2.658003919962756
JUN,AKR1A1,2.6571180499513325
MTF1,LINC02785,2.656020960360846
NFYC,LINC01677,2.6554915283260017
ENO1,NFYC,2.6551061862249674
RUNX3,PANK4,2.654065737078225
JUN,ZBTB17,2.653689649838953
NFYC,SLC35E2B,2.653595769135294
POU3F1,CDC42,2.653459661587615
JUN,WDR77,2.6531984651469225
ENO1,PABPC4-AS1,2.6530447709858147
ENO1,SMIM1,2.6529739528885834
YBX1,ARID1A,2.65273676392048
ENO1,PUSL1,2.6504725913225036
MTF1,NEXN,2.650468709422936
FUBP1,PDPN,2.6498675573681685
NFIA,PADI4,2.6482373004462727
FUBP1,PUSL1,2.6455364733807705
FUBP1,EPS15,2.645504085512769
YBX1,UTP11,2.6448725572422056
FUBP1,GBP1,2.64485872637101
NFIA,LNCTAM34A,2.643196767103558
NFYC,LINC02238,2.64305019285366
GFI1,TNFRSF9,2.6429673335651165
JUN,PEF1,2.6418572183642475
MTF1,CD53,2.641842043533547
ENO1,PINK1,2.641747623342982
GMEB1,STXBP3,2.6407879431854986
FOXJ3,RTCA-AS1,2.640635928524368
JUN,PPM1J,2.6390297258171227
FOXD2,PEX14,2.638852703250921
RUNX3,PRXL2B,2.637666595372792
FUBP1,PIK3CD,2.6357544516974247
NFYC,TMEM51-AS1,2.635026233701548
JUN,HYI,2.6341706407932666
FUBP1,MYCL,2.6339008184237103
RUNX3,MIR4422HG,2.633083224306438
FOXJ3,AMIGO1,2.632411354926502
FUBP1,ZNF644,2.6324058754710253
HES4,MSH4,2.6309104891658115
FOXJ3,USP24,2.6307806550157484
HIVEP3,FNDC5,2.630115334203095
ENO1,CLCA1,2.628238906135091
HES4,KAZN,2.628228640937789
JUN,NTNG1,2.627799861753508
TAL1,EVA1B,2.62501729519659
YBX1,SF3A3,2.6242375592508327
TAL1,GCLM,2.6240734199566482
MTF1,LINC00115,2.623723872742334
POU3F1,ICMT,2.6231811602190573
ENO1,CYP2J2,2.621337303837921
JUN,SLC35E2A,2.6212821093637366
HES4,MKNK1,2.620532661057311
ENO1,C1orf146,2.620324081138414
E2F2,RPA2,2.619610568484599
JUN,ATP5IF1,2.6194126109817337
NFYC,ABCD3,2.6193939427864663
MTF1,DBT,2.6191288348304225
FUBP1,COL24A1,2.618976578160149
JUN,BCAR3,2.618561474248253
POU3F1,ATP5IF1,2.618519967736682
ENO1,PPM1J,2.617988138588745
NFIA,ARHGAP29-AS1,2.6174047012057597
JUN,ARHGAP29,2.6156435166201137
JUN,AMIGO1,2.6153640128165017
HES4,LIN28A,2.6153510226043784
ID3,SLC45A1,2.615124090827036
POU3F1,MFN2,2.6132553669280347
YBX1,SPATA21,2.6127759223475593
NFIA,RIMS3,2.612061225817811
E2F2,SFPQ,2.611777219709931
HIVEP3,RAP1A,2.6111636213732026
ENO1,OVGP1,2.6108056155900035
FOXD2,DHRS3,2.6107673437917307
FOXJ3,ZNF684,2.6107641500433125
FUBP1,PSMB2,2.6100919234817987
ENO1,RUNX3,2.608854051933696
RUNX3,CLSTN1,2.608840881848968
NFIA,OLFM3,2.60668643272101
NFYC,ATP1A1-AS1,2.605349090865934
ENO1,PGM1,2.604844834717602
HIVEP3,SELENON,2.603257753930881
GMEB1,ATP6V0B,2.6019157072396686
POU3F1,RTCA,2.6014161064784043
MTF1,EPB41,2.600993900950768
ZNF691,KLHL17,2.6002273828341105
POU3F1,MRPL20-AS1,2.599841842582088
ENO1,RSRP1,2.5997088171595326
YBX1,KIAA2013,2.598731632749926
FUBP1,RPAP2,2.597333446549919
FUBP1,EMC1,2.597123099632681
HES4,NOC2L,2.59649305922857
E2F2,SMIM12,2.5939793175322823
FUBP1,LRRC39,2.5938947082097865
NFYC,NBPF1,2.5926840873475197
NFYC,USP33,2.5921907266768303
E2F2,BCAS2,2.5916675003909573
ENO1,ROR1,2.590895305432072
GMEB1,MAST2,2.58889159703578
HIVEP3,MAGI3,2.5885147669607367
ID3,SHISAL2A,2.5880886155791694
RUNX3,C1orf50,2.5878752935418827
ENO1,CD2,2.5874706259053233
FUBP1,TMEM234,2.587313094202175
NFYC,MIGA1,2.586822609369245
NFYC,LINC02811,2.586811923441403
NFYC,SESN2,2.5848893086738163
ZNF691,PAQR7,2.583416583580299
JUN,KLHL21,2.583296749822696
FOXJ3,PTGFRN,2.5812304282050325
FUBP1,TRIT1,2.5802070372564323
JUN,DHRS3,2.577570218655258
POU3F1,ST3GAL3,2.5773784196963887
YBX1,AMPD2,2.577146795681967
NFYC,ICMT,2.5769916127370247
GMEB1,MECR,2.5757722188670114
HIVEP3,MAP7D1,2.5754118832302
HES4,MARCKSL1,2.5738326317171976
YBX1,NEXN,2.573033830177181
MTF1,ZMYM6,2.5721710746914783
FOXJ3,PINK1-AS,2.5715304950287274
NFYC,ROR1,2.570319413101927
JUN,TAS1R1,2.567824776518818
HIVEP3,HES4,2.566697438548376
FOXJ3,SLC45A1,2.5653939787062168
FOXJ3,GRHL3,2.5648434523748804
ENO1,ZDHHC18,2.564412452681742
E2F2,PANK4,2.5633006088654735
ENO1,ANKRD13C,2.563273593471499
GMEB1,TNFRSF18,2.5632507425699185
GMEB1,C1orf185,2.5628727881402686
E2F2,ICMT,2.562413588641182
NFYC,ANGPTL3,2.562186653087548
YBX1,CLSTN1,2.5609167643371804
FUBP1,EFCAB14-AS1,2.559528491515907
FUBP1,ADGRL4,2.558577050070127
FUBP1,DDOST,2.557656510231662
YBX1,ZBTB48,2.5560412635783036
ENO1,ZMYM4-AS1,2.555891940569245
YBX1,ELOA-AS1,2.555518525582414
MTF1,ADGRL4,2.554802052817804
E2F2,SVBP,2.5547463684527627
FUBP1,CCDC18-AS1,2.554373607817526
ENO1,KCNA2,2.5537505762970056
HIVEP3,CD53,2.552944091214726
ENO1,STRIP1,2.5527427901591904
JUN,TMEM201,2.5526157256590007
HES4,PPT1,2.5515368133723184
JUN,LINC02810,2.5510933604389394
GMEB1,LDLRAD2,2.551004090753852
ZNF691,DAB1,2.5504675805931654
FUBP1,C1orf159,2.5501777255677958
FUBP1,GNB1,2.5487404854607414
HIVEP3,MDS2,2.548395156388278
RUNX3,UBXN10,2.5459273441901704
FUBP1,CPTP,2.5450874725703567
FOXJ3,MATN1-AS1,2.5412070901881787
HIVEP3,AGL,2.540587427364217
FUBP1,ABCA4,2.5404630985223537
MTF1,DHDDS,2.5402326474673718
FUBP1,ZC3H12A,2.5392623277163207
FUBP1,SPATA21,2.53907779747066
YBX1,KDM4A,2.5379487362019555
YBX1,NADK,2.5376294169487794
NFYC,DENND2D,2.537516807562673
JUN,MYCL,2.5374964041478014
RUNX3,PTPN22,2.537441535725386
E2F2,CDK11B,2.5361670706755834
E2F2,ECE1,2.5352822125620076
HES4,FNDC10,2.5342940795553974
ID3,ATG4C,2.534142948564584
YBX1,SMIM1,2.533998390107637
FOXJ3,TAF12,2.5330470195056036
JUN,WASF2,2.5316269551822397
GMEB1,C1orf52,2.5309296799642693
FUBP1,LINC02609,2.530829745361113
ZNF683,EPHX4,2.530818825169756
POU3F1,LINC01355,2.530227923557055
YBX1,ZMYM1,2.5295952460881463
RUNX3,LINC01709,2.529144817002292
TAL1,NEGR1,2.5290070612900357
JUN,LINC01356,2.528643800704892
YBX1,LZIC,2.527250193158339
POU3F1,EBNA1BP2,2.5265042126280055
FOXJ3,LRRC8C-DT,2.5252700688953102
MTF1,AHCYL1,2.5251902986407972
MTF1,LRRC7,2.5248103053942828
JUN,RAP1A,2.523901503788206
GMEB1,ALPL,2.523024030058007
FOXJ3,RAB3B,2.522365994075818
YBX1,GBP4,2.5210871336445333
JUN,PLCH2,2.5208643702376126
YBX1,RAP1A,2.520679570160599
GMEB1,KDM4A,2.5206593231944603
RUNX3,CFAP57,2.519864016532118
ZNF683,NCDN,2.5189917147962686
FOXJ3,AK4,2.518398640094829
FUBP1,GNL2,2.515531762748847
ENO1,GBP1,2.5144229804096834
NFYC,SYPL2,2.514354040898546
HIVEP3,CDKN2C,2.514055073946158
FOXJ3,AK5,2.514043030381375
POU3F1,CMPK1,2.514027634690508
FOXJ3,UBR4,2.513778027699976
NFYC,ZNF684,2.5132804135324696
ENO1,CACHD1,2.5123920727205418
ID3,EFCAB7,2.5120448717090067
FOXJ3,KAZN,2.511641897351211
TAL1,ST7L,2.5109833567039423
GMEB1,PANK4,2.5107714526149363
JUN,GBP2,2.5106117079560946
NFYC,SRSF4,2.5102517689375254
RUNX3,SNHG12,2.508836199844305
RUNX3,RER1,2.5076098677817242
HIVEP3,CAPZB,2.507577550517295
ZNF684,CACHD1,2.507534626474864
HIVEP3,NBL1,2.506916469930316
JUN,SLC66A1,2.506854558721678
RUNX3,MASP2,2.506797468928406
HES2,MAP3K6,2.506796592900655
FUBP1,TMEM51,2.5067663436167784
E2F2,GNB1,2.506653846634141
HIVEP3,TRIM33,2.5062926964906334
RUNX3,LINC01708,2.5061981391796486
NFYC,ZNF436-AS1,2.5055705956313226
MTF1,CA6,2.5054481382414124
TFAP2E,DNAJC11,2.5052446045180403
ID3,RPL11,2.5051368485314205
RUNX3,GFI1,2.5051062844541616
GMEB1,TMEM234,2.5041224759637433
FUBP1,OTUD3,2.5038141773914626
TP73,LINC01765,2.5037653360111647
MTF1,MFSD14A,2.5034238238864677
POU3F1,TMEM269,2.503237845907115
YBX1,CMPK1,2.5023376551865057
E2F2,NRAS,2.5017787378880763
JUN,AHCYL1,2.500909759194746
E2F2,SRSF11,2.5009051969705367
YBX1,ZBTB40,2.500523568480842
HIVEP3,LINC01359,2.499499411827832
GFI1,LRRC8C-DT,2.499130854784819
JUN,ANKRD65,2.498678970130084
NFIA,PADI2,2.4975685983770872
FUBP1,ATP6V0B,2.4969507298273355
FUBP1,MAST2,2.4962914455576644
E2F2,MICOS10,2.495127878633983
ID3,SVBP,2.4947114992389565
ZNF683,EMC1,2.4947027512885063
RUNX3,KCNA2,2.494696967013267
NFIA,SLC22A15,2.4944116772239187
YBX1,SYTL1,2.494156317199047
FUBP1,EYA3,2.4934547531936846
POU3F1,CAP1,2.49293895265175
FOXD2,AMY2B,2.4917650383197048
POU3F1,GPSM2,2.491401461009792
E2F2,GNAI3,2.4902313031748893
YBX1,BMP8B,2.490166702801496
FUBP1,LINC02812,2.488009588706877
E2F2,MARCKSL1,2.487840015259864
JUN,TCEANC2,2.48715393550413
ENO1,ODF2L,2.4870200877104476
YBX1,AZIN2,2.4869468834447077
YBX1,MMEL1,2.486790627104856
YBX1,KYAT3,2.4866493828336567
FOXJ3,PTPRF,2.482683956145501
ENO1,TMEM200B,2.4825831916082057
JUN,GCLM,2.4805339637387
YBX1,KLHL21,2.480505181943783
ENO1,RWDD3,2.4796790359899528
POU3F1,SDHB,2.4792473674460607
YBX1,LYPLA2,2.478245266686543
JUN,RPL11,2.4779055616724697
FUBP1,RSRP1,2.47789400085652
HES4,LMO4,2.477794328499218
ENO1,LINC01362,2.4775274610470044
POU3F1,RER1,2.477514079319829
RUNX3,CPT2,2.4774464680371184
YBX1,FBXO6,2.476773037668237
POU3F1,PAX7,2.4764025983718105
ENO1,PRKACB,2.476366384793582
FOXD2,ZRANB2-AS1,2.475464890446514
YBX1,TNFRSF14,2.474216493986488
GMEB1,DLEU2L,2.472856653088134
ENO1,SELENON,2.4724238722508844
ENO1,TMED5,2.4721342306916374
FOXJ3,TFAP2E,2.4716977848233084
JUN,TTC4,2.47161747800879
GMEB1,GFI1,2.4707321327627745
FOXJ3,PINK1,2.4706985568801256
FOXJ3,GABRD,2.470689995243245
JUN,VTCN1,2.470631689541564
YBX1,AP4B1,2.47062230509534
YBX1,MARCKSL1,2.470112010045835
JUN,ABCD3,2.469851125624244
FUBP1,TLCD4,2.468215947132071
NFYC,ELAVL4,2.466153543046245
FOXJ3,DRAM2,2.4650653301694225
TAL1,ZFP69,2.464737138063267
HIVEP3,IGSF3,2.4644647589174187
JUN,PDIK1L,2.461648295579731
MTF1,ENO1-AS1,2.4614867377554757
ENO1,SLFNL1-AS1,2.4613261811274265
MTF1,YTHDF2,2.4612642099422386
JUN,PABPC4,2.4604319240758623
FOXJ3,LINC02812,2.460431258013123
FOXJ3,CDK11A,2.4600957969064483
JUN,SSX2IP,2.4598994232811777
YBX1,LINC01141,2.458791000762751
YBX1,DNTTIP2,2.4587309805184687
JUN,ZNF593,2.458317873791582
JUN,LINC01708,2.4583092439060925
ENO1,TMCO2,2.4569887159323454
JUN,AK2,2.456572519598499
GMEB1,SNRNP40,2.4557400126809226
E2F2,MACO1,2.4546875064762044
HIVEP3,ATAD3B,2.45432390235793
GMEB1,LRRC41,2.4542739404909684
FOXJ3,AZIN2,2.45415870324458
ID3,NCMAP-DT,2.45265675542945
YBX1,DDX20,2.4513956828416084
JUN,ATP13A2,2.4512287381828988
E2F2,RPL5,2.4503883659584
YBX1,CASZ1,2.4503631129493324
TP73,PLCH2,2.449962105559696
GMEB1,GIPC2,2.449081143761971
ENO1,CCDC28B,2.4483713519626344
RUNX3,UBIAD1,2.447435601796571
ENO1,ELOA,2.4474246582274
YBX1,LINC01358,2.4469221111359905
E2F2,ZCCHC17,2.4462556825165453
JUN,PODN,2.4461676812592774
RUNX3,BTBD8,2.445755621963066
RUNX3,PTPRF,2.4456641535206742
JUN,ACOT11,2.4455016896325397
RUNX3,TOE1,2.4448982938419013
FUBP1,C1orf146,2.4442603573249815
MTF1,C1orf122,2.4439252030385994
FUBP1,SYCP1,2.4437414508651356
MTF1,SLC35A3,2.4394773317353087
MTF1,RHOC,2.4388123474261416
ENO1,SLC35A3,2.4383145928245726
HES4,IFI44L,2.4378157089127224
ENO1,PKN2-AS1,2.437735715822299
FUBP1,LINC01748,2.437471098910098
POU3F1,B4GALT2,2.4373571624400467
NFIA,SLC35E2B,2.4366759689062323
RUNX3,PRKACB,2.4365936290086965
HES4,SPATA1,2.436412949570395
FUBP1,CHI3L2,2.436040653980509
ID3,CCDC30,2.434665757528304
HIVEP3,TTC39A-AS1,2.434355315856516
FUBP1,TAF13,2.4335700465222105
MTF1,PADI4,2.433303762981277
HIVEP3,ZBTB40,2.433275838177172
JUN,SELENON,2.432924030569516
E2F2,XKR8,2.432182374292926
MTF1,MTFR1L,2.4317112411816013
YBX1,LRRC40,2.4309401230511325
HIVEP3,GBP1,2.430619530426695
ID3,LRRC39,2.4285989562367676
RUNX3,PLCH2,2.428029552879611
E2F2,LRRC40,2.4265732238591187
TAL1,PPP1R8,2.4262802482584522
MTF1,FBLIM1,2.425993258147912
FOXJ3,RER1,2.4256457204637054
MTF1,FGGY,2.424373744968959
E2F2,LRRC8C-DT,2.424064624964872
TP73,ODF2L,2.424033812737087
HES2,SPEN,2.4226202618335644
FUBP1,HMGCL,2.4216260632308018
JUN,SLC2A7,2.421228549166527
NFYC,TRIM63,2.421160792386743
ENO1,MYSM1,2.420169286615102
JUN,IPO13,2.420104031143208
NFIA,PAQR7,2.420029833248874
E2F2,PEX14,2.4199335775335538
ENO1,MFN2,2.4196876077083447
ZNF684,EFCAB14-AS1,2.419222119030795
JUN,ATAD3A,2.418552565217052
FOXJ3,UBE2U,2.4182117682200452
RUNX3,DNAJB4,2.4171774696668384
MTF1,CSMD2,2.4169084233039846
MTF1,CDA,2.4163883380411257
JUN,SZRD1,2.4163818039553133
MTF1,SH3GLB1,2.4163042438734927
JUN,OTUD3,2.4162448573685635
FOXJ3,CPTP,2.4161285261118683
YBX1,SLC35D1,2.416103025157898
GMEB1,LRRC8D,2.4160590422010793
RUNX3,SLC5A9,2.415003776286388
GMEB1,ATPAF1,2.4148786896568124
GMEB1,TFAP2E,2.414122304898098
JUN,TMEM35B,2.4137913998290355
ENO1,LINC01756,2.4129667117894065
RUNX3,HIPK1-AS1,2.4123788022958355
HES4,CCDC163,2.411529746604176
FUBP1,ELOA,2.411116262821643
JUN,AGMAT,2.4106056392300577
NFYC,MORN1,2.410472452429111
ENO1,MACO1,2.4100646257188463
FUBP1,MTHFR,2.410053265771598
YBX1,FNBP1L,2.4097470696941334
MTF1,ABCA4,2.4089270041977695
JUN,RPL22,2.4077329072813103
JUN,P3H1,2.4073697529124907
JUN,GBP1,2.4071067386639093
ZNF691,SYTL1,2.4070463340673696
NFIA,JUN,2.4070321647947495
FOXJ3,CAMTA1,2.406927680645292
FUBP1,TARDBP,2.4060136922911197
ENO1,DDX20,2.405270570136876
FUBP1,CCDC18,2.4049355262087797
HES4,CELA3B,2.404356003404308
ENO1,SLC35E2A,2.4042684318774956
NFYC,RAP1A,2.4041083449463834
YBX1,PRPF38B,2.4024772261043195
FUBP1,LINC01409,2.4023437758501407
NFIA,GPR61,2.4013672932277745
YBX1,AGO1,2.39851637485646
FOXJ3,CYB5RL,2.3983513629771624
RUNX3,LINC02574,2.398284806435565
RUNX3,AGBL4,2.39592663428328
RUNX3,GPR157,2.3955027649528753
FOXJ3,SLC25A34,2.395350568836801
FUBP1,RER1,2.394928562169669
NFYC,PRPF38B,2.394422670734742
FOXJ3,LDLRAD2,2.393629150282255
JUN,DNAJC11,2.3919607029068013
GMEB1,TACSTD2,2.3918436464810684
ENO1,HOOK1,2.39146424628586
YBX1,MKNK1-AS1,2.3904951770299356
JUN,DMAP1,2.389820881402098
NFIA,GCLM,2.3892529330314267
POU3F1,LSM10,2.3891633417245384
TFAP2E,RHBDL2,2.3888175851952926
FUBP1,CTTNBP2NL,2.388735872349881
JUN,MIR4422HG,2.3885932595682506
ENO1,DOCK7,2.3885340528950687
FUBP1,EPB41,2.3882561533913296
FOXJ3,LINC00466,2.3880444792771254
FOXJ3,GBP3,2.3877499362699623
ENO1,TRIM33,2.387606107772234
ENO1,MTFR1L,2.384719391544202
RUNX3,TSPAN1,2.3846807253407443
ENO1,IFNLR1,2.384013585686689
FOXJ3,LRRC7,2.3835649475080807
HIVEP3,C1orf167,2.3831764562363404
JUN,C1orf174,2.382962928148222
HIVEP3,LINC01364,2.3824733383647425
HIVEP3,TMEM269,2.3801753844458884
ENO1,BCL10,2.3796198688598014
TAL1,ACADM,2.3793587616331693
RUNX3,MRPL20,2.378471340071576
POU3F1,ZRANB2,2.377641041652097
NFYC,LINC01788,2.3772236946199636
NFIA,BRDT,2.3769296855568887
E2F2,GBP5,2.3745406712251595
HES2,ZDHHC18,2.374099456085583
FOXJ3,ZBTB17,2.3738181545702632
FUBP1,FUCA1,2.373661789320204
RUNX3,SLC45A1,2.3730201547582395
YBX1,LAMTOR5,2.3729867191495386
MTF1,NRAS,2.3728649394994825
JUN,NEXN-AS1,2.3726747864088384
POU3F1,BTF3L4,2.372324203876215
NFYC,ZNF362,2.3722127216148325
HES4,TTLL7,2.371555621294617
GMEB1,IFFO2,2.3708354378720324
FOXJ3,TTC34,2.3694848100846535
YBX1,GPR157,2.3694429376500294
YBX1,ZNF362,2.368455814154387
ALX3,MAP3K6,2.368278307860076
FUBP1,FBLIM1,2.367689794421057
HIVEP3,TAF12,2.367522490112158
NFYC,ALG14,2.3674541659769544
FUBP1,IFI6,2.3630619125822245
ID3,YRDC,2.3627761132927816
HES4,RIMS3,2.362327340319004
GMEB1,TCEANC2,2.3614360785568245
JUN,CPLANE2,2.3604455424287374
MTF1,NFYC,2.3594202830371573
POU3F1,STMN1,2.358311674083939
ID3,GPN2,2.3579358070174283
NFIA,RAB3B,2.3573781652055006
JUN,EFCAB14,2.3571756425106574
JUN,MATN1-AS1,2.3570168871188217
FOXJ3,RCAN3,2.356715319305483
GMEB1,BSDC1,2.355755432574448
FUBP1,FAF1,2.354455969319018
MTF1,PIK3CD-AS2,2.3542875051292262
RUNX3,SDF4,2.354175207253153
FUBP1,AGO3,2.353862483013527
HIVEP3,IL23R,2.3536307949654076
FUBP1,MFSD14A,2.3534285931813437
JUN,ESPN,2.352572488252351
FUBP1,TMCO2,2.352300519062311
JUN,WRAP73,2.3522604706107715
E2F2,PRDM2,2.3510897552316954
ZNF683,GFI1,2.3507900592768918
JUN,AGRN,2.350244023420796
RUNX3,HCRTR1,2.350120681774192
POU3F1,ATXN7L2,2.349535116935146
NFYC,CPTP,2.348992263587458
MTF1,FAM41C,2.3488267160566796
YBX1,MIGA1,2.346892439170288
NFYC,FGR,2.3451368588798744
E2F2,OMA1,2.3449576311734623
FOXJ3,ABCD3,2.3449061982425885
GMEB1,MACO1,2.3438106084429653
JUN,PHTF1,2.343411174227219
YBX1,ZDHHC18,2.3434088526220633
GMEB1,PAQR7,2.343255722169196
HIVEP3,FBXO6,2.3421085167691493
MTF1,MUTYH,2.3418767781950165
JUN,STIL,2.3412602519296466
TAL1,BCAR3,2.339910321223264
JUN,RIMS3,2.33908910237942
POU3F1,CNN3,2.3389375511538
NFIA,CDC42-IT1,2.3387299704563875
YBX1,PEX14,2.3382919520206906
GFI1,RPF1,2.337939287572192
FUBP1,KLHL21,2.337347229870876
FUBP1,RLF,2.336778342263891
GMEB1,DFFB,2.3363605033351833
ENO1,LINC01714,2.335195141390928
JUN,INPP5B,2.333973704958981
JUN,LINC01226,2.333556479623713
NFYC,GBP1,2.3333058929572164
NFIA,TTLL7,2.3331923861135295
NFIA,PTGER3,2.332787460831624
JUN,TMCO4,2.331768689889103
NFYC,FOXJ3,2.3314026654004034
NFYC,HOOK1,2.329489696641283
YBX1,ALG14,2.3294037408576926
ENO1,LIN28A,2.327879727788491
FUBP1,CDCA8,2.326864731670336
FUBP1,PRXL2B,2.3261136258797417
JUN,TNFRSF18,2.326009497408608
YBX1,GPX7,2.325927111335262
ENO1,HPCAL4,2.3257247730281003
JUN,STMN1,2.325596531321911
GMEB1,KIAA0319L,2.3243310050861896
MTF1,TRAPPC3,2.323220253566821
ID3,TRIM62,2.3229921759687597
NFYC,CASQ2,2.322987715497562
E2F2,CAPZA1,2.3220246156002995
E2F2,YRDC,2.322004797981519
E2F2,RPL22,2.3215598272685645
HIVEP3,LINC01748,2.321190477459509
FOXJ3,ZNHIT6,2.3190785840785093
YBX1,WDTC1,2.318996363379801
FUBP1,FHAD1,2.3162346622162815
ENO1,MTF2,2.315354160915758
YBX1,GBP1,2.314913393140986
FUBP1,SRRM1,2.31472729292821
FUBP1,DIPK1A,2.3117113502536695
HIVEP3,TNFRSF14,2.3099159153639683
YBX1,SASS6,2.3095335576723572
HES4,EFHD2,2.3088475472754952
HES4,GNAI3,2.3079095255832676
JUN,PPIH,2.3067604528006243
FUBP1,VAV3,2.3060596888510867
E2F2,BCL10,2.3059613670059353
JUN,GPATCH3,2.3057392377760038
FOXJ3,PEF1,2.3055081923126464
NFYC,LINC01762,2.305457412169521
FOXJ3,RWDD3,2.305004026532714
FOXJ3,ACOT11,2.304540931660784
YBX1,SSBP3,2.3034424013581565
NFYC,SH3GLB1,2.3033117865420416
FOXJ3,MANEAL,2.303248781291452
ZNF684,ROR1,2.2988057442553815
ZNF691,THAP3,2.2987841167051597
YBX1,RNF19B,2.2982262742248687
ENO1,KAZN,2.2981891022206278
MTF1,KIAA0319L,2.2978472772756
YBX1,LRP8,2.297803534630398
JUN,LINC01362,2.2975471432030363
FOXJ3,CDC42-IT1,2.2974131270080846
ENO1,TOE1,2.2968734183591684
ID3,MATN1-AS1,2.2960204166094638
JUN,GLIS1,2.295149208154758
FUBP1,KCNC4,2.294383216307275
FOXJ3,BSDC1,2.2921055858153947
FUBP1,ZFYVE9,2.292032215943366
FUBP1,RNF207,2.291789628282494
GMEB1,TMEM51-AS1,2.2916198807096766
RUNX3,SLC16A1,2.2910777017353476
RUNX3,ELOA-AS1,2.2901143176378413
TAL1,DFFA,2.2898374564110764
FOXJ3,CLCA4-AS1,2.2897822275263513
YBX1,ANGPTL7,2.288928440504208
JUN,SLC16A1,2.288893778859819
E2F2,PEX10,2.2888716598956607
FUBP1,KHDRBS1,2.2883524592101923
TFAP2E,PDIK1L,2.2878444954781143
JUN,GNB1,2.287582289632697
E2F2,YTHDF2,2.287519938436052
RUNX3,PIK3CD-AS1,2.2872229407490305
JUN,DCDC2B,2.287092847572818
NFYC,MAB21L3,2.286091263216746
JUN,KCND3,2.28529943314914
FUBP1,WASF2,2.2841952569797765
NFYC,STX12,2.2841733856052375
HIVEP3,CELA2B,2.284050815665928
PAX7,DCDC2B,2.283987262690195
MTF1,EYA3,2.283436049926677
FOXO6,PADI2,2.2830837085341766
HIVEP3,ATAD3A,2.2830758160719036
ZNF683,CYB561D1,2.282863695832109
FUBP1,LRRC8B,2.281197076858769
JUN,MAGOH,2.2798992052422817
ENO1,TRIT1,2.2789671207085154
FOXJ3,HIPK1-AS1,2.278199806623299
ENO1,ACAP3,2.278171998857089
GFI1,GLIS1,2.2780269329180514
E2F2,SKI,2.2774313512991875
ENO1,MTOR,2.277235001220376
ENO1,CYP4A22-AS1,2.2771556586948623
JUN,PTGER3,2.276334878527167
POU3F1,CLCA4-AS1,2.2762779521716063
TAL1,SCMH1,2.2761994928103375
TAL1,KHDRBS1,2.275980422192209
TFAP2E,SLC6A9,2.275961861153593
YBX1,USP1,2.2758933254306064
FUBP1,CFAP57,2.2745216961622496
FUBP1,SNRNP40,2.2729649770764406
ZNF684,LINC01135,2.272952049560405
YBX1,DOCK7,2.272728680275106
MTF1,MACO1,2.2725597111899263
FUBP1,ADGRL2,2.271466541853539
POU3F1,RAB3B,2.270065367208654
FUBP1,STK40,2.269711071030999
ENO1,LUZP1,2.269435565603459
JUN,PTPRF,2.267759145843566
POU3F1,GSTM4,2.267387793037628
JUN,RERE,2.266020714918763
FUBP1,CD58,2.26566567545315
FUBP1,SASS6,2.2650458592324836
HES2,MIIP,2.264946863533803
HIVEP3,COL24A1,2.2647171680794878
ID3,S100PBP,2.2639384194127143
FOXJ3,ST3GAL3,2.2638941342147256
NFIA,SYT6,2.2630229760070346
JUN,LINC01359,2.2629070661318598
YBX1,CCDC30,2.2623695056416393
NFYC,HIPK1-AS1,2.261937375807468
YBX1,C1orf122,2.261421342035896
NFYC,PALMD,2.260833653554722
NFYC,TACSTD2,2.2607237123610626
YBX1,PRPF38A,2.2601383256311762
JUN,CPT2,2.2591954183117036
FOXJ3,PDPN,2.2590079675094654
ENO1,KCNA3,2.2582319716768997
ZNF683,SLC2A1,2.2571855376676857
HIVEP3,LINC00339,2.257171868896463
JUN,C1orf122,2.2570395804920835
HES4,LAPTM5,2.2563272545947184
FUBP1,ODF2L,2.2554682332677833
FUBP1,TXLNA,2.253127015185239
FUBP1,NRDC,2.2529475643050674
ENO1,FGR,2.252851662532826
MTF1,FAF1,2.2525606350644645
JUN,DVL1,2.250422829774582
HIVEP3,CD58,2.249945427301574
ID3,SELENOF,2.249922363220285
HES4,PTP4A2,2.2488345472055404
FOXO6,PTCH2,2.248451016363711
E2F2,CYB561D1,2.2480377081390297
FUBP1,DFFA,2.2475592025765425
NFYC,ASB17,2.246568230872918
GMEB1,MORN1,2.2463832166038658
MTF1,HENMT1,2.2462071299814643
E2F2,SLC25A24,2.2453428538044604
MTF1,ZBTB48,2.2447037233790557
RUNX3,AK4,2.2443709049346188
YBX1,ZRANB2-AS1,2.2442610668206173
NFYC,CASP9,2.244202781392394
RUNX3,ATP13A2,2.243629663700168
GMEB1,C1orf167,2.243381167432369
FUBP1,KPNA6,2.242638221563875
RUNX3,FBXO44,2.2421377551961177
ENO1,TMCO4,2.2411605292490453
GMEB1,ANGPTL7,2.2386961566851755
TFAP2E,FNDC10,2.238491724696665
ZNF691,CAMK2N1,2.2383325572466837
RUNX3,ACOT7,2.2382259551326777
FOXJ3,EXO5,2.2379418525188006
YBX1,CEP104,2.237607267568233
NFYC,MIR34AHG,2.23714040788706
POU3F1,PEX10,2.2369510248244717
FOXJ3,SLC35E2B,2.2353626126945834
RUNX3,ZNHIT6,2.235124599032485
E2F2,HECTD3,2.234874723493236
MTF1,SPEN,2.234702515260185
ENO1,ATP13A2,2.2346276953367816
FUBP1,LINC01135,2.233733447539441
FOXJ3,KCNC4,2.2336335219185495
ENO1,MECR,2.232627184776205
GMEB1,PABPC4-AS1,2.2319619976510827
NFYC,MXRA8,2.231719616648402
FUBP1,C1orf174,2.229116118303696
ENO1,GPATCH3,2.228813281182249
JUN,CAMK2N1,2.2286673124026475
JUN,CDC42-IT1,2.2266503550178003
HIVEP3,MTF2,2.225895189054986
ENO1,TMEM39B,2.225124043087843
HES2,GBP3,2.224937971941715
NFYC,CCDC24,2.224909146204827
FOXJ3,LINC01342,2.224100769459478
YBX1,LINC02811,2.2239024437573325
FOXJ3,LINC01708,2.2238711839933227
FOXJ3,PRKCZ,2.223406352245582
FOXJ3,S1PR1,2.2232325522976577
GMEB1,LINC01226,2.2232203606239556
ENO1,ZBTB40,2.221857654506675
FUBP1,LRIF1,2.2216084338107653
YBX1,RHOC,2.221537887054394
FUBP1,PEX10,2.221523866280873
FUBP1,TMEM50A,2.220858248973581
HES4,NFYC,2.220835012556868
JUN,SNRNP40,2.220784575552755
FOXJ3,PTPN22,2.220362675674806
FUBP1,CTBS,2.2202334775605888
HIVEP3,C1orf50,2.219781218998979
HIVEP3,MIGA1,2.2193365510717626
POU3F1,RAD54L,2.2187751006779117
POU3F1,SLC16A1,2.217465199184256
YBX1,COL24A1,2.2171659097566447
FUBP1,LINC01708,2.2165337134528937
MTF1,NFYC-AS1,2.2159762241066643
FUBP1,DCLRE1B,2.215761502489654
POU3F1,THRAP3,2.2149421737470165
ENO1,VPS13D,2.2131096252744253
PRDM16,THAP3,2.2125042540413578
FOXJ3,RAP1A,2.2117953170285816
ID3,RCAN3AS,2.211718499272621
FUBP1,TMEM59,2.21159493160053
YBX1,PTPN22,2.2110958670177143
RUNX3,YTHDF2,2.2104146361829162
FUBP1,GABRD,2.209926811683167
ENO1,LPAR3,2.209077297549947
YBX1,ERRFI1,2.2087665551867586
RUNX3,ST6GALNAC3,2.2082263038938734
RUNX3,CSF3R,2.207104634749148
FOXJ3,EVA1B,2.206747359302257
ENO1,AP4B1-AS1,2.2067067616458482
NFYC,ZNF436,2.206034973896696
FOXJ3,DFFB,2.205550947197952
FOXJ3,NKAIN1,2.205480576588997
JUN,KHDRBS1,2.205413062102935
NFIA,RABGGTB,2.204755650811173
JUN,TMEM234,2.203844012665841
FUBP1,OMA1,2.2026619772046065
ENO1,SNRNP40,2.20260565314124
GMEB1,JUN,2.20179061478584
FOXJ3,TSPAN1,2.2017627600333465
ID3,MSH4,2.201086494322101
JUN,TMEM51,2.1998378667593896
JUN,PANK4,2.198341042565536
GFI1,MIB2,2.19832955411237
ID3,ZBTB8OS,2.1982115565406133
MTF1,CDK11B,2.198178572046885
GMEB1,CENPS,2.1981136933270373
POU3F1,MRPL20,2.197887863353244
RUNX3,SCP2,2.1973207307667515
FUBP1,FGR,2.1973014038409873
ID3,VANGL1,2.1972607948549454
MTF1,RPAP2,2.1960756543658304
JUN,FBLIM1,2.1958209155434667
RUNX3,YRDC,2.1958085235614564
E2F2,HDAC1,2.1955498840918684
JUN,TAL1,2.1954140279935217
FUBP1,ATPAF1,2.1950421229201393
MTF1,SPATA1,2.1943953182477314
NFYC,NADK,2.193960805710166
JUN,NPPA,2.1932283881783845
FOXJ3,CFAP74,2.1921615402616816
NFYC,C1orf127,2.191425848349327
ZNF684,LINC01725,2.190606763430993
FOXJ3,NRAS,2.1902333381103345
FOXD2,CPTP,2.18895753505653
JUN,OMA1,2.1882623130020113
RUNX3,CAPZB,2.188085507924792
FUBP1,ANGPTL7,2.187726724798681
FUBP1,ATAD3A,2.1874588925801994
GMEB1,AGMAT,2.1866387370317044
FUBP1,YTHDF2,2.1855468757848526
HES4,MIR34AHG,2.1852497605912897
FUBP1,SDHB,2.184833115975669
ENO1,MOV10,2.184754191212942
FUBP1,SLC30A7,2.184624172883958
NFIA,PGD,2.1841406406463797
HIVEP3,DFFA,2.184125615455748
FUBP1,TRIM33,2.1836914879597202
GMEB1,MTFR1L,2.1831380294531333
GMEB1,EFCAB14,2.182729396447562
FOXJ3,RSPO1,2.1818675589428795
HES4,LRRC41,2.1815999680507
RUNX3,CD52,2.18146585517628
ENO1,NEXN,2.1812116001935715
E2F2,TAF13,2.179487485777487
POU3F1,EPB41,2.179465899719847
FUBP1,VPS13D,2.179230006765027
JUN,MYOM3,2.179223524991142
YBX1,NRDC,2.17809050986125
POU3F1,RSBN1,2.177774831142334
RUNX3,STMN1,2.1774083027766227
ENO1,LINC02812,2.1773972169198963
ENO1,C1orf127,2.1769808419635353
TFAP2E,LINC02609,2.1767828895412986
YBX1,C1QTNF12,2.1767487608202307
JUN,CTNNBIP1,2.175349058997196
FUBP1,AMPD1,2.175321251992353
TP73,CYB5RL,2.1751721725232147
FUBP1,TSPAN1,2.1750902227850566
ENO1,EFCAB7,2.174742191303867
GMEB1,RSBN1,2.1746213691320007
HES4,GNG5,2.1744884472365618
RUNX3,HDAC1,2.173648062945348
NFYC,AGO3,2.173027616599295
ENO1,ALDH4A1,2.172829298281529
YBX1,CAP1,2.1727912166231285
FUBP1,PIK3R3,2.172377554473904
YBX1,YTHDF2,2.1722624105549206
NFIA,FAM41C,2.1720096543046834
E2F2,STX12,2.170497886540246
ENO1,LRP8,2.1704533396365746
GMEB1,CEP104,2.170377830487073
YBX1,TMEM53,2.169945715811706
FOXJ3,CTNNBIP1,2.1699190338606167
FOXJ3,RERE-AS1,2.168420638564526
E2F2,MYCBP,2.1681537933414297
ENO1,CAMTA1,2.1673946520520135
NFIA,FAM87B,2.167178582790861
YBX1,SRSF4,2.1670743404261024
ENO1,CEPT1,2.1666251236844336
YBX1,ECHDC2,2.1658763798144838
FUBP1,ZMPSTE24,2.164672103512103
FOXJ3,ZNF362,2.1644578859284564
GFI1,FOXD2-AS1,2.164358516317654
NFIA,UBIAD1,2.1640971008799887
NFYC,DCLRE1B,2.1638631575665355
RUNX3,C1orf122,2.1630173136464452
RUNX3,FOXD2,2.1623548054552857
ENO1,CPLANE2,2.1621212049579897
YBX1,ZC3H12A,2.161932242564206
RUNX3,TSSK3,2.1617622705235986
JUN,SLFNL1-AS1,2.161126536374893
E2F2,TSPAN2,2.160563802699253
POU3F1,NUDC,2.1600515513699037
FUBP1,HYI-AS1,2.1600403346807004
FOXJ3,LRRC8B,2.1595525472773147
ID3,SLC35E2B,2.158893745703039
NFYC,KPNA6,2.1580402407645884
FOXJ3,CYB561D1,2.1579913792753675
FOXJ3,RIMKLA,2.1569491629777104
HES4,TNFRSF14,2.1554407391237564
NFYC,HIVEP3,2.155406898506357
JUN,PUM1,2.1548010846922607
FUBP1,AHDC1,2.154403150648011
ID3,EIF2B3,2.1541352360753296
FUBP1,SSU72,2.1533917094693544
TP73,BTBD8,2.1531891625648076
ZNF684,ZNF436-AS1,2.1529976409028215
NFIA,LINC00466,2.1528380354667247
YBX1,EXTL2,2.152714769292154
FOXJ3,FAM76A,2.1522781826383315
FOXJ3,ERICH3,2.152188350233482
E2F2,PKN2-AS1,2.1520372874611975
MTF1,LRRC38,2.1518615674751795
ID3,SLC35D1,2.151640050412857
GMEB1,PHTF1,2.151470218046886
YBX1,MAGOH,2.1513021301956576
POU3F1,GLMN,2.150173279070062
POU3F1,NCMAP-DT,2.149885515973589
MTF1,UBE2J2,2.148725844316251
FUBP1,UBR4,2.148610323583751
MTF1,VPS13D,2.1479323947866766
MTF1,C1orf162,2.147920530213005
FOXJ3,ZDHHC18,2.1467979355460085
FUBP1,LINC01765,2.1462613506420434
HIVEP3,SLC35E2B,2.145196738803683
ZNF683,GADD45A,2.145180573758005
FUBP1,AK4,2.1450215866537112
YBX1,NFYC,2.1449131699156405
GMEB1,HPCAL4,2.144452530414404
FOXJ3,PHTF1,2.144304158532208
ENO1,KDF1,2.1438371681221344
E2F2,ALDH4A1,2.142611719694435
FUBP1,RHCE,2.142272557286407
RUNX3,DR1,2.1402034864420805
FOXJ3,PABPC4-AS1,2.138906200795298
RUNX3,LINC01765,2.1388249900065666
YBX1,SLC25A33,2.137931184667338
ENO1,LINC01781,2.137114329798362
MTF1,EFHD2,2.1368929410233655
MTF1,TMED5,2.136760464217945
YBX1,NCDN,2.1367343641554157
HES4,FAM76A,2.136302275603835
YBX1,SDHB,2.135107471778023
NFYC,TMEM51,2.134694479486612
HIVEP3,ZNHIT6,2.1336073081373828
HES4,EPB41,2.1315409994769037
FUBP1,RPF1,2.1311322939430113
JUN,RPL5,2.130873613111898
GFI1,IPP,2.1299758485098494
MTF1,AZIN2,2.1297907017396516
TAL1,NBL1,2.12829050827749
FUBP1,NIPAL3,2.1281292154842717
ENO1,LRRC8C-DT,2.1275380425148542
FUBP1,LAPTM5,2.125434936045865
HIVEP3,ADGRB2,2.124444147822162
GFI1,MAP3K6,2.124435958589114
NFYC,LRIG2,2.1240327782834507
JUN,CLCC1,2.1239389332501015
JUN,ARHGEF19,2.122509141268428
JUN,DENND2C,2.12073532351622
NFIA,SLC44A3,2.120542739942316
POU3F1,CPT2,2.1202023074957466
FUBP1,LRRC8C,2.1193217524201566
FUBP1,LINC01144,2.1191452998591576
NFYC,DHDDS,2.1191141811902376
ID3,CHI3L2,2.1187563906815194
HIVEP3,KTI12,2.1181335710410307
GFI1,SLC2A1,2.116953724615838
GMEB1,PTPN22,2.1156850861967795
NFIA,MKNK1-AS1,2.1152558535993924
JUN,TIE1,2.1147357924529384
RUNX3,SLC2A1,2.114533081306703
FOXJ3,IQCC,2.1138412106384505
GMEB1,WLS,2.1138256191199982
ENO1,PTPN22,2.1117436737286885
ID3,ZFYVE9,2.1117137651337026
YBX1,CASP9,2.1115553711001205
FUBP1,CFAP74,2.1114854514191084
TFAP2E,ATAD3C,2.1113425352873776
FUBP1,HS2ST1,2.1093583602908064
FUBP1,AGO1,2.1089260932415956
YBX1,ID3,2.1088577506342983
ZNF683,MAGOH,2.1082895600448417
ENO1,AJAP1,2.107477589150838
E2F2,SRSF10,2.1069361568606917
YBX1,RHD,2.1064176123904286
GMEB1,GALE,2.106051371242458
JUN,ITGB3BP,2.10554844101887
HIVEP3,FGGY,2.1050038419011274
FOXJ3,PTBP2,2.1049513685995556
E2F2,C1orf174,2.1047779017598645
HES4,RERE-AS1,2.104030037604428
GMEB1,FAF1,2.103472852572165
ENO1,AGO1,2.103399095085752
NFYC,GBP5,2.1033352154829363
HES4,TMEM51-AS1,2.101521158724138
HIVEP3,EXOSC10,2.1011226083135095
NFYC,ZBTB48,2.1006588340266354
MTF1,CPT2,2.1005291254664216
FOXJ3,CRYBG2,2.1001081467399967
JUN,PPT1,2.099784336399295
HIVEP3,MED18,2.0997647684693925
YBX1,TMEM69,2.098948123035968
ENO1,SLC25A24,2.0961318348496
NFIA,TXNDC12,2.0960900643706286
ENO1,NRAS,2.095911263498644
RUNX3,TRMT13,2.095779621381881
ENO1,YIPF1,2.094926077373745
NFYC,LRRC7,2.0948835466486497
HES4,DRAM2,2.094548202550954
ZNF684,NPPA,2.0932360670167975
ENO1,PRMT6,2.093071188034498
RUNX3,AZIN2,2.090398358391556
FUBP1,NSUN4,2.09015510647494
PAX7,GPR157,2.0891647234589144
FUBP1,RHBDL2,2.0885541471829057
YBX1,CCDC18,2.088297676070748
MTF1,PADI2,2.0882036329807923
YBX1,TTC4,2.088006918940068
FUBP1,DAB1-AS1,2.0870216907271764
POU3F1,SFPQ,2.0862069559372753
YBX1,PSMB2,2.0861520414039547
NFYC,TRNP1,2.086092383034913
GMEB1,ID3,2.0853975542362164
MTF1,TMEM69,2.085131384901669
HES4,SLC5A9,2.08443783051249
POU3F1,MYCBP,2.0830619152066814
FUBP1,PSMA5,2.0827429868206617
ENO1,SRM,2.082696228144883
ENO1,LRIG2-DT,2.08177923030338
E2F2,TMED5,2.0810417554955762
YBX1,CDK11B,2.080025261772735
ENO1,DNAJC11,2.0800054076451255
FUBP1,AGRN,2.0795354463233533
FUBP1,WDTC1,2.0794179157282646
YBX1,PDPN,2.0777983511407903
JUN,ERI3,2.0773436868215542
YBX1,COA7,2.0772667588163736
JUN,CITED4,2.0771987241992362
YBX1,LINC01781,2.0770669149974568
ENO1,LRRC8C,2.0765221695910747
JUN,MAD2L2,2.076226322238173
FUBP1,KCNA3,2.0751356172663953
FOXJ3,GPBP1L1,2.0735217556792733
HES2,ERMAP,2.0727171993778932
NFYC,DVL1,2.0724106578618167
FUBP1,SRSF11,2.0723845998390003
YBX1,FAM167B,2.0715485683416284
HES4,AHCYL1,2.071500132005465
ENO1,RTCA-AS1,2.070631062305865
FUBP1,ATG4C,2.0693719375621873
E2F2,PTP4A2,2.069085251952494
TFAP2E,ZNF436,2.0690812097308666
ID3,SKI,2.06898156094892
YBX1,TXLNA,2.068609921826935
FOXJ3,ANKRD13C,2.0677740529193356
NFYC,LINC01134,2.06647750452525
ENO1,AGL,2.065595185098783
MTF1,POMGNT1,2.065131191373471
FUBP1,AKIRIN1,2.0651053391914367
RUNX3,LAMTOR5-AS1,2.064857968956755
FUBP1,AKR1A1,2.0639298078424737
MTF1,ATG4C,2.0638902348155828
HIVEP3,CDC7,2.0636415636958616
HES4,CAPZA1,2.063435138110102
GMEB1,RBP7,2.063144080081993
YBX1,NPPA,2.0628605156236537
MTF1,CCNL2,2.0620491432720374
FUBP1,CDCP2,2.0615234684762065
FUBP1,CAPZA1,2.059927931743084
RUNX3,DAB1,2.0598077969020427
HIVEP3,CEP85,2.0590510272194074
FOXO6,MYCL,2.0586845058938437
FUBP1,COL8A2,2.0585289885194857
ZNF691,TARDBP,2.0582342026435283
NFIA,SLC35A3,2.0575677579168614
GMEB1,HS2ST1,2.056012450996092
NFYC,CEP104,2.055892250116678
HES4,C1QA,2.055523556665724
NFYC,IFI6,2.0550595521800066
E2F2,LAPTM5,2.0547632706467565
ENO1,SSBP3,2.0544765407324426
HIVEP3,BCAR3,2.0544533102223586
FOXJ3,GLIS1,2.0540449686864086
ID3,MAD2L2,2.054006868156538
ID3,NDC1,2.054000294500087
YBX1,GPSM2,2.053843288902515
FOXJ3,TRIM33,2.0538010605578814
FUBP1,ZYG11B,2.0523172943641863
RUNX3,PNRC2,2.052110836664716
JUN,ELOA-AS1,2.050708204430924
HIVEP3,SPOCD1,2.0505072432419436
FOXJ3,NPHP4,2.049841839168133
MTF1,ISG15,2.0489228886226662
FUBP1,MAP3K6,2.048756706167181
ENO1,CD58,2.0481072603199704
FUBP1,WDR77,2.04771839558704
FUBP1,C1orf122,2.047537866320049
FOXJ3,VANGL1,2.0472963294857123
HES4,C1orf50,2.0469524468252267
MTF1,HPCAL4,2.0463765501792346
NFYC,PRDM2,2.046327011621901
E2F2,DNTTIP2,2.0461092279348287
ENO1,AGO3,2.0447796703363244
E2F2,NOL9,2.044486717066763
E2F2,TMEM201,2.0437901633231528
E2F2,SRSF4,2.0434720103002895
FUBP1,GNAI3,2.0432353629596833
YBX1,RSBN1,2.0427804614203184
FUBP1,ANKRD13C,2.0422826334934303
TAL1,LRIF1,2.0422661062476513
ID3,TMEM39B,2.041898013478025
ENO1,THAP3,2.041877179753413
E2F2,HIPK1,2.0408455301784776
FUBP1,VAMP3,2.0400531567476192
YBX1,LRRC8C-DT,2.03961089492978
RUNX3,PRKCZ-AS1,2.0392556808767037
FOXJ3,NFYC,2.039032039870139
ENO1,CYB5RL,2.0387541306650663
GMEB1,ENO1,2.0372405565571174
MTF1,RSRP1,2.036350021544134
FUBP1,RAD54L,2.0362910303717445
GMEB1,AJAP1,2.0358101400212174
ENO1,DBT,2.03521799330927
RUNX3,GALE,2.034812662347094
ZNF683,TTF2,2.0340020418766165
E2F2,RRAGC,2.033884958436194
HIVEP3,CTH,2.0334803360646685
RUNX3,SLFNL1,2.032025341372078
FUBP1,ABCD3,2.031181988313882
GFI1,ZBTB8OS,2.0295712078954264
RUNX3,PPIH,2.0295229216822874
HIVEP3,MYSM1,2.0291086538973957
GMEB1,LRRC40,2.028950937950099
MTF1,SESN2,2.02863332230127
GMEB1,TMEM39B,2.0280791202174036
FOXJ3,C1orf50,2.0277589408652936
YBX1,AGO3,2.027286047477238
GMEB1,COL8A2,2.0271743470800554
ZNF691,TMEM69,2.0263639897183148
ENO1,LRRC7,2.02635264520369
ENO1,BCAS2,2.02619452598116
HIVEP3,FOXO6,2.0260120512048396
GMEB1,FHAD1,2.02568151907433
FUBP1,KDM4A-AS1,2.0249504894202053
ID3,KLHL21,2.0248820255624476
FOXJ3,MKNK1,2.0229987036712824
GMEB1,ZNF644,2.022627701584839
ID3,RHCE,2.0224819091381976
HIVEP3,DFFB,2.0214251616010763
YBX1,LRIG2,2.0210616129198145
FUBP1,SRSF4,2.0209634552559077
NFYC,TMCO4,2.020027510813898
YBX1,INKA2,2.019634276632824
RUNX3,FBXO42,2.0189379863206445
FUBP1,LINC01786,2.0185613900458512
GLIS1,CAMTA1-DT,2.01830375173807
FUBP1,PEX14,2.0165701844955874
GMEB1,MATN1,2.016461721979585
TAL1,RPL11,2.01629710255149
FUBP1,SZT2,2.014560967053339
FOXJ3,CPT2,2.0142841143055126
HIVEP3,UTP11,2.0128979206219673
ID3,HOOK1,2.0124872421223885
YBX1,PABPC4,2.012419702355387
YBX1,KAZN,2.012410926280356
JUN,LINC01134,2.0110710100345037
FOXJ3,P3H1,2.0108907474613846
YBX1,ZNF644,2.010500213618288
E2F2,ABCA4,2.010491505553994
TP73,CDC7,2.010146837515098
RUNX3,ATP5PB,2.00999939146312
YBX1,UBE2J2,2.00968505510112
TFAP2E,EXO5,2.0091674810793974
FOXJ3,PRMT6,2.0063641973669166
FOXJ3,ZMYM4-AS1,2.0062893811787545
ZNF683,FUCA1,2.0048455797900058
POU3F1,MASP2,2.0047418154003442
ZNF683,AP4B1-AS1,2.004366753485404
HIVEP3,SFPQ,2.003315406434712
FUBP1,SYT6,2.0033147136159375
FUBP1,NECAP2,2.0031294371578325
FOXJ3,C1QA,2.003089960503334
E2F2,PIGV,2.0030721521132104
MTF1,NRDC,2.0030462167908896
TP73,ITGB3BP,2.002474887449289
FOXJ3,LRRC47,2.002451673702076
NFIA,CD58,2.002333401294543
ZNF684,CDC7,2.0020264635142384
YBX1,TXNDC12,2.001587133016527
MTF1,S1PR1,2.0015313640619206
TFAP2E,C1orf185,2.0013671458761473
ENO1,LINC02801,2.001202377302843
RUNX3,C1QTNF12,2.0010832542276913
HES2,MYCL,1.999736134190219
HIVEP3,USP24,1.9997314567326934
TFAP2E,LINC01134,1.999585868100996
FOXJ3,ALG6,1.9991593860619208
NFIA,C1orf50,1.998666383470423
YBX1,SDF4,1.9980676946004459
FOXO6,ALDH4A1,1.9968472582155803
HIVEP3,TMEM51,1.9962043799250044
ENO1,CTBS,1.9961972055097679
YBX1,TYW3,1.9953075616941356
ZNF691,SPOCD1,1.994949055713249
POU3F1,DLGAP3,1.9947299100064098
FUBP1,BCL10,1.9946863354257327
RUNX3,SKI,1.9946147782950383
FOXJ3,RSRP1,1.9945412305027899
JUN,SSU72,1.9941864524579072
RUNX3,CDC14A,1.9935121803950093
NFYC,SYF2,1.9932495498332847
HES2,ADORA3,1.9931039407521636
FOXJ3,USP48,1.9928322450355087
RUNX3,KDF1,1.992249848305556
YBX1,ATAD3A,1.9914833966270986
JUN,MUTYH,1.9913848254012874
ZNF683,TMEM53,1.9907662569563576
HES2,CAMK2N1,1.9906262619445114
HIVEP3,MKNK1,1.9904798472604508
HIVEP3,OSCP1,1.9899239266600726
RUNX3,C1orf52,1.9894991173282135
GMEB1,CAMTA1,1.989249653150085
ID3,OMA1,1.9891824594639174
GMEB1,NECAP2,1.9884692731130305
ZNF684,EPHX4,1.9880814900069204
FOXJ3,DBT,1.9869508770202406
HES4,PLEKHM2,1.9864409138948682
ID3,WNT2B,1.986431702569458
RUNX3,MFSD2A,1.9864197077846284
PRDM16,XKR8,1.9862776539543798
E2F2,NECAP2,1.9860523330418112
ENO1,BEST4,1.9855595131444799
FUBP1,SCP2,1.9849316081240846
FUBP1,CCDC28B,1.9849185345037414
GLIS1,LINC01362,1.984417741490598
GFI1,ZNF691,1.984197450314118
FOXJ3,HPCAL4,1.9838355285013627
FOXJ3,EPS15,1.983771091196231
YBX1,LRRC41,1.983710642428654
POU3F1,DPH2,1.9833431047648789
NFIA,ZYG11B,1.983034053402433
ENO1,MTF1,1.9829148950741096
MTF1,PHTF1,1.9824085284200623
NFYC,GLMN,1.9810984366880422
POU3F1,HECTD3,1.9804071380267636
POU3F1,ZMPSTE24,1.9799224274908176
FUBP1,PPIE,1.9796766363204834
HES4,CDC42,1.9794759374231559
GMEB1,FBXO2,1.9794027451823972
RUNX3,HP1BP3,1.979066391756994
FOXJ3,TRMT13,1.9785412503192916
HIVEP3,CYP2J2,1.9754916416099166
FUBP1,AKR7A3,1.9750601197259834
HES2,ATAD3B,1.97464184282223
GMEB1,TNFRSF14-AS1,1.9739214311232716
NFYC,DNAJC16,1.9738597873119827
POU3F1,EXOSC10,1.9722657936689574
ENO1,ATP1A1-AS1,1.972238106743927
NFYC,CSMD2,1.9720859675482778
TAL1,KDM1A,1.9718542290042143
FOXJ3,JAK1,1.9711551581857327
POU3F1,KCNA2,1.9711204004906122
ID3,NMNAT1,1.970937884479445
RUNX3,HES4,1.9701237602203607
NFYC,DNAJC11,1.9700604741011634
POU3F1,SF3A3,1.9697500651596183
YBX1,AKR7A3,1.9691240614781738
FOXJ3,PALMD,1.9688658891767605
ID3,LINC01765,1.9685122425885924
YBX1,NFIA-AS2,1.9678490407116838
ZNF684,BMP8A,1.9675384378453311
POU3F1,AURKAIP1,1.967527096216573
FOXJ3,TTLL10,1.9665598607841364
JUN,CRYZ,1.9661664344688807
HIVEP3,RPF1,1.966084115743555
FUBP1,TRIM62,1.9655838994462234
JUN,LRRC42,1.965428365850619
YBX1,IFNLR1,1.9653361694177405
MTF1,TNFRSF14,1.9652088460809303
POU3F1,SERBP1,1.9648720958414678
RUNX3,DDOST,1.9646915424999107
FUBP1,PIK3CD-AS2,1.9643616351101867
HIVEP3,PAQR7,1.9643327408193245
FUBP1,SFPQ,1.9637940084486216
ZNF683,SLC44A5,1.9635100600365076
GMEB1,LINC02574,1.9629238816742813
ID3,ACAP3,1.9624065946018818
JUN,SLC45A1,1.9622959671434352
FUBP1,CDK11A,1.9621235331471216
FUBP1,NOC2L,1.961930054974279
HES4,OPRD1,1.9615516566553808
ZNF684,CNR2,1.9611893775586464
JUN,TMEM50A,1.9604455020806308
FOXJ3,FNDC10,1.9603875378556472
JUN,FRRS1,1.9600407904086157
GMEB1,FBXO42,1.9594200438653924
HIVEP3,SH3GLB1,1.9592927430354
TP73,ZBTB48,1.959079753144587
NFYC,ECE1,1.9580112889585481
POU3F1,GNG5,1.9572967704888922
FOXJ3,OSBPL9,1.9571999947968366
HES4,ATP6V0B,1.957029659029945
ZNF691,NEXN,1.9568581476060205
MTF1,ZYG11A,1.9567567503485268
ENO1,TRIM45,1.956739986653352
FOXJ3,SPATA1,1.9562005841271541
NFYC,COL16A1,1.9543392232020371
E2F2,SH3BGRL3,1.9542866378447108
GMEB1,DRAM2,1.9536418431578206
FOXJ3,ZNF593,1.9534729718039003
FOXJ3,RPF1,1.953420021737864
NFIA,KTI12,1.953149401409256
NFYC,LRRC8B,1.9530362896138433
GMEB1,EXO5,1.9529176454353445
FOXJ3,STXBP3,1.9527274323601314
GFI1,SSBP3,1.952702773800228
FOXD2,XKR8,1.952694175045075
JUN,PER3,1.9526347458765576
MTF1,GNG12-AS1,1.9523917938202875
HES2,CCDC18-AS1,1.9520568639094926
NFYC,ARHGEF10L,1.951850567895314
YBX1,ATG4C,1.9512082427412847
RUNX3,ECE1,1.9508294405690376
NFYC,LINC01389,1.9502082772389289
JUN,MUL1,1.9500624032783767
HIVEP3,GNB1,1.94987612479181
ID3,CELSR2,1.949775893939552
HIVEP3,FBXO42,1.949565911119365
FOXJ3,ZNF683,1.949535654696155
FUBP1,NCMAP-DT,1.9491658455434313
NFYC,SAMD11,1.948712029930078
YBX1,TAS1R1,1.9485938411364645
NFYC,TMEM52,1.9484891927668733
FUBP1,CDK11B,1.9482520987270915
NFYC,OPRD1,1.9480555156438872
JUN,SLC5A9,1.9470648859669162
NFYC,GBP4,1.9468239728075587
POU3F1,SRSF11,1.9450591624404108
NFIA,RSPO1,1.944793416823169
YBX1,TMEM167B,1.9447437470416034
E2F2,EIF2B3,1.944704592930986
MTF1,EMC1-AS1,1.944620054987181
HES4,RCAN3,1.9438636568106298
GMEB1,MTF1,1.9435184176554856
MTF1,LRRC39,1.9431839633710783
ID3,ESPN,1.9409309661902536
HES4,DIPK1A,1.9408896981854156
YBX1,ZNF436-AS1,1.940629580392186
GMEB1,ANKRD65,1.9405760117037194
YBX1,SRSF11,1.9400415627693661
FUBP1,DDX20,1.9398625684806414
NFYC,MTF1,1.9398195230137478
YBX1,KDM1A,1.9398147102648946
YBX1,VANGL1,1.9388851332620989
RUNX3,PIGK,1.9384279248090701
YBX1,ELOA,1.9380370130690618
NFIA,PRMT6,1.9362608565270778
RUNX3,LEPR,1.936165697745651
FOXJ3,MIIP,1.9356032595004202
HIVEP3,NEXN-AS1,1.9355826337240767
HES2,FOXJ3,1.9342710627815507
HES4,RBM15-AS1,1.9341712561129338
ENO1,CTH,1.9340409519366477
YBX1,MTFR1L,1.9337896006128976
HIVEP3,CA6,1.9337770724430812
ENO1,CORT,1.933656508214054
HIVEP3,TNNI3K,1.9322506117536078
FOXJ3,CASZ1,1.9309822418170695
YBX1,VAV3-AS1,1.9307686198755243
NFYC,SMAP2,1.9307433316994649
RUNX3,THAP3,1.9299698838147519
FOXJ3,TESK2,1.9291846455692998
YBX1,SKI,1.9277229368437527
RUNX3,TRNAU1AP,1.9275901243630034
HIVEP3,PSMA5,1.9273212776545638
TP73,DCDC2B,1.9272181181746897
YBX1,VPS13D,1.9272116948077418
JUN,RPS8,1.9254395696203996
FUBP1,KAZN,1.9253136990836208
YBX1,P3H1,1.9251572586256835
E2F2,MFSD14A,1.924852775375243
NFIA,ITGB3BP,1.9246936775306576
FUBP1,IFI44L,1.9244222605953982
HES2,KTI12,1.924304471654822
ENO1,ZBTB17,1.9238677586965316
ENO1,MOB3C,1.9237138218153604
TFAP2E,PLOD1,1.923582149386106
ENO1,GSTM4,1.9234028815785644
FOXJ3,EPHB2,1.922708381817265
NFIA,SELENON,1.922581894301558
ENO1,MKNK1,1.9208445239672258
RUNX3,TTC39A,1.9207853736195817
YBX1,C1orf159,1.9199341024230085
MTF1,RCC2,1.9198182250531028
YBX1,TMEM52,1.9192592243308275
JUN,LPAR3,1.9191631639016713
GMEB1,HSPG2,1.919140828680253
YBX1,USP24,1.9180217750907682
FUBP1,MORN1,1.9173472925658168
JUN,ZDHHC18,1.9173127119676134
JUN,LINC01364,1.9170536805202127
NFYC,GPBP1L1,1.9160128103429634
NFIA,NFYC-AS1,1.9153118666440163
ZNF683,GLMN,1.9150503826493959
HIVEP3,ID3,1.9147978313485021
FUBP1,GALE,1.9144733584431934
NFYC,IFI44L,1.913450166162419
TP73,PAFAH2,1.9109788489900474
NFYC,UBE2J2,1.9104999578185053
FOXJ3,SLC44A5,1.9099242503498708
FOXJ3,LRRC42,1.9084910703363438
GMEB1,RABGGTB,1.9081109098379627
JUN,RAVER2,1.9067028778151753
NFYC,SLC5A9,1.9063325429615086
HIVEP3,LINC01765,1.9059170928642004
HES2,MAP7D1,1.9056403351229727
ENO1,SLC66A1,1.904468619285649
FOXJ3,UBIAD1,1.9036818582278539
POU3F1,PANK4,1.9022043987900537
YBX1,CPTP,1.902129535747534
ENO1,EMC1,1.9013813967064686
JUN,VAMP3,1.9006812965823239
FOXJ3,GPR61,1.8998514936115953
GMEB1,AP4B1-AS1,1.8994928709317276
GMEB1,SPATA21,1.8991706821422472
NFYC,CELA2B,1.8985055074962902
YBX1,MTF1,1.8981528185784353
MTF1,MOV10,1.8976480734019436
ENO1,LINC02811,1.89733117343494
FUBP1,SRSF10,1.897222460896797
YBX1,TRIM33,1.8967222287476215
MTF1,SFPQ,1.895491930675803
YBX1,AHDC1,1.8953538097900926
HIVEP3,RBMXL1,1.8953514374420812
YBX1,PHTF1,1.8945188123700796
E2F2,KDM4A,1.894351923782546
JUN,DDOST,1.8936303738639702
ENO1,CNKSR1,1.8922564912001114
MTF1,XKR8,1.8916231917015833
MTF1,CEP85,1.891248213959704
FOXJ3,CDC42-AS1,1.8901581067882225
ENO1,CCDC163,1.8896368889394042
JUN,KCNC4,1.8896308297984137
HES4,MUL1,1.8892278271002247
HIVEP3,LINC01226,1.889060313664745
GMEB1,RSRP1,1.8888557686147853
JUN,MICOS10,1.8884866269198377
NFIA,TMEM201,1.8881433361878899
FUBP1,FAM151A,1.8873233659136683
MTF1,TAF13,1.8865311170078922
HES2,VPS13D,1.885950266653613
JUN,DFFA,1.885547711071851
TAL1,RABGGTB,1.8852054450943354
TAL1,AKR1A1,1.884573178615238
POU3F1,USP1,1.884563428537682
GMEB1,SH3D21,1.8840557995755187
FOXJ3,PRPF38B,1.8838508076208293
JUN,DNASE2B,1.8838477396647502
ID3,RABGGTB,1.883674049414245
YBX1,THAP3,1.883384786987144
NFYC,NPHP4,1.8833166544706952
E2F2,FBXO6,1.8826107577502553
HES2,NSUN4,1.8823278546160036
JUN,RPS6KA1,1.8817647735492593
YBX1,RER1,1.8806962968812162
FUBP1,DISP3,1.8797977920682938
NFIA,RERE-AS1,1.8795729331138575
YBX1,MAP7D1,1.8785010455312152
PAX7,GPX7,1.87816063902265
FUBP1,CAMTA1,1.8774725750800945
FOXD2,TRIM62,1.8771904296112858
MTF1,GNL2,1.8768875496585236
HIVEP3,SYTL1,1.87681821548264
HIVEP3,OTUD3,1.8766535990611861
GMEB1,SLC35E2B,1.8762478630317883
GMEB1,TPRG1L,1.8758045708758992
GMEB1,PIK3CD,1.8748608518908108
NFIA,LINC01762,1.8742651487479183
ENO1,LINC01389,1.8740711617407437
FOXJ3,SSU72,1.8732265134182016
FOXJ3,PLPPR5,1.8727346197282648
NFYC,DRAM2,1.872588957294435
FOXJ3,HOOK1,1.8725487310380609
HIVEP3,CPTP,1.872474741000335
ENO1,FGGY,1.8720133773759535
NFYC,SDHB,1.8714659359468602
HIVEP3,TNFRSF18,1.8709020838083912
HIVEP3,C1orf174,1.8707292273692149
RUNX3,SCMH1,1.870678383064929
ZNF684,SLC5A9,1.8706248626681128
FOXJ3,MEAF6,1.8706031722756276
E2F2,GPATCH3,1.8704165954713796
GMEB1,HOOK1,1.8702630088251984
FUBP1,TTLL10,1.8702364642605736
GMEB1,LINC00115,1.8701913970286506
FOXJ3,CASP9,1.8698817188866608
FOXJ3,SH3GLB1,1.8697989908411654
FUBP1,MATN1,1.8697346895171374
HIVEP3,GSTM3,1.8694628532973612
NFYC,ATP1A1,1.8688093197611562
RUNX3,CYP2J2,1.8685336208018746
YBX1,AJAP1,1.8682012389193106
FOXJ3,NBPF1,1.8671918001056693
ID3,EPB41,1.8667951218483265
ENO1,CENPS,1.866575246218883
YBX1,PHF13,1.8663465707542686
NFYC,GNL2,1.8656580714647713
HES2,TAF12,1.8656130384278893
RUNX3,BSDC1,1.865577446788124
NFYC,LINC02777,1.8632445754602358
JUN,LINC02795,1.8621885260917435
GFI1,FHAD1,1.8621803625456073
ENO1,RERE,1.8620183438715667
FOXO6,FHAD1,1.860955941017523
ZNF684,TMEM201,1.8609162593899067
JUN,DBT,1.8604061622909394
RUNX3,C1orf141,1.8603630878455222
POU3F1,EIF3I,1.8603025794929913
ENO1,ZNF326,1.860079442592866
HIVEP3,MYOM3,1.8597200892619101
HIVEP3,EIF2B3,1.8596707553547414
E2F2,KIF1B,1.8595734580864216
YBX1,CD53,1.8591729301507036
YBX1,DENND2C,1.8590764882499353
NFIA,TMCO2,1.8586947808479928
YBX1,CD2,1.8584055565667434
FOXJ3,ERI3,1.8582419606165839
ID3,RPL5,1.8582239073040572
ENO1,HCRTR1,1.8581216207650801
FUBP1,TMEM51-AS1,1.8580124046860391
FUBP1,EIF4G3,1.8572991685318914
FOXJ3,MMEL1,1.8566320179877867
FOXJ3,CDA,1.8547951601830734
YBX1,KIAA0319L,1.8544037387444048
FUBP1,LINC00466,1.8539668429379526
ENO1,PAQR7,1.8537492206899469
RUNX3,HMGN2,1.8531563545067151
GMEB1,H6PD,1.853108244628988
TFAP2E,SMIM1,1.8526488522696072
FOXJ3,TTF2,1.8525204343581994
FUBP1,LEPROT,1.852356109725081
HES4,NCDN,1.8519225240525417
MTF1,KLHL21,1.8515409551687343
POU3F1,SLC45A1,1.8510492178388016
FOXJ3,INPP5B,1.8504954723125528
HES4,PAQR7,1.8502207072465287
FUBP1,AUNIP,1.8497884118687793
FUBP1,PKN2,1.849751549391976
JUN,MMEL1,1.8495066518529006
YBX1,CD101,1.8489607729859991
ZNF683,MOB3C,1.8484349576557952
HIVEP3,VAMP3,1.8482330732481327
HIVEP3,AP4B1,1.8479530107861475
ID3,CELA3B,1.8476890870140545
FUBP1,SNIP1,1.8471506570767542
FUBP1,CDC42-IT1,1.8461548413143698
ENO1,ZRANB2-AS1,1.8459288525092776
NFYC,GPR153,1.8444692074035685
ZNF683,ASB17,1.8437307704834691
MTF1,RRAGC,1.8429505600635163
FUBP1,MRPL20,1.842837479793379
GMEB1,SLC6A9,1.8428152468043337
YBX1,HECTD3,1.8425279490816193
YBX1,CENPS,1.8423518841221442
YBX1,EXO5,1.841961106395001
TAL1,EFCAB7,1.8419159409012382
FOXJ3,GPATCH3,1.8413979831592031
RUNX3,SNRNP40,1.8412791475242614
HES4,HIVEP3,1.8406302072391376
JUN,NBL1,1.840097938547954
GMEB1,ADGRB2,1.840085475458555
MTF1,PTCH2,1.8399500889320446
YBX1,SFPQ,1.8392181204930729
NFYC,DPH5,1.8389066049536555
ID3,KDM4A-AS1,1.8383705373818975
JUN,RPAP2,1.8382875904461415
GMEB1,MTHFR,1.837377420130202
YBX1,ZCCHC17,1.8373645090858508
HIVEP3,RCAN3AS,1.8370671533249647
MTF1,PTP4A2,1.8370591805378544
FOXJ3,LINC01144,1.8367129052253197
RUNX3,PSMA5,1.8364595059746147
NFIA,CEP104,1.836187670775676
GMEB1,PLOD1,1.8351121606639549
E2F2,LSM10,1.8342540763880284
RUNX3,PATJ,1.8341166862207448
FOXJ3,TMEM222,1.8340917490646524
JUN,ZNF436-AS1,1.833754383990139
ZNF683,CDC14A,1.8336778795156308
ENO1,PIK3R3,1.8331314617952292
ENO1,KTI12,1.8325385446188454
FUBP1,TAS1R3,1.8323159725134892
MTF1,DNTTIP2,1.8320679428300612
ZNF691,ZRANB2-AS1,1.8318879132900914
ENO1,ELOA-AS1,1.8313562582509415
YBX1,LNCTAM34A,1.8308963234487983
JUN,MPL,1.8307627217128402
FUBP1,TAL1,1.8306134039738748
ID3,ATP1A1-AS1,1.8306036269842503
JUN,DCLRE1B,1.83035281669592
MTF1,PLK3,1.830323091648425
GMEB1,AUNIP,1.830278466539587
TAL1,GSTM4,1.8301595511298951
HIVEP3,AP4B1-AS1,1.829690864232834
ENO1,CLSTN1,1.8296063525154918
TP73,ATPAF1,1.8295779044500347
POU3F1,ATP5PB,1.8293008753755704
GMEB1,NRDC,1.8292297494997611
ENO1,NIPAL3,1.8290846211371035
JUN,CELSR2,1.8285031213690928
NFYC,HECTD3,1.8269304845867178
YBX1,GLIS1,1.8255197495404285
YBX1,BTF3L4,1.8249596392211451
NFYC,RNF11,1.8244363199127656
MTF1,AMPD2,1.8241823599818183
NFYC,UBR4,1.824131218868316
ID3,NPHP4,1.823866124919105
JUN,UTP11,1.8233829651037963
FOXJ3,EIF2B3,1.8228570477008192
HIVEP3,SRARP,1.8227450627353752
YBX1,SPSB1,1.8226287390173217
HIVEP3,ATP13A2,1.8225420450662957
HES4,CCDC18,1.8221281518439016
JUN,TXLNA,1.8217214129543307
FUBP1,ZMYM4-AS1,1.8215620453401398
YBX1,LRRC47,1.8209664253926174
TAL1,PHTF1,1.820936137070391
HIVEP3,E2F2,1.8201460142248098
JUN,SCMH1,1.8199079576288884
GMEB1,GPR157,1.8197689281183638
HIVEP3,ACAP3,1.8197152881173222
YBX1,ACOT11,1.819475166267355
RUNX3,PTAFR,1.8189270953337577
GMEB1,ATAD3B,1.818357328269381
FUBP1,H6PD,1.8182060748752755
HIVEP3,FUBP1,1.8181598919096247
JUN,PSRC1,1.8177863250076087
E2F2,S100PBP,1.8177532312301483
MTF1,OMA1,1.8177237425162103
RUNX3,EBNA1BP2,1.8175380855963832
GMEB1,TSPAN2,1.8174666810134041
GFI1,CCDC28B,1.8173394374332141
PAX7,DAB1,1.817321913297683
NFYC,E2F2,1.8169231439019935
RUNX3,ZBTB8OS,1.8159108572046008
FOXJ3,HES2,1.8153797395476996
POU3F1,MRPL37,1.8153252648987521
ZNF684,AP4B1-AS1,1.8150164716123234
JUN,SDF4,1.8143876205666223
ENO1,DISP3,1.8138471813572987
FUBP1,ICMT,1.813667088147251
FOXJ3,MECR,1.8136139023819104
ENO1,ASB17,1.8130990554527275
NFYC,SLC45A1,1.8130559226852982
NFYC,ATP13A2,1.8126433894948428
ENO1,CDC14A,1.8122083895357244
YBX1,ATP6V0B,1.8119072806889593
JUN,ARHGAP29-AS1,1.8113216217381074
NFIA,MIR4422HG,1.810744785246428
NFIA,ATG4C,1.8106195566414875
HIVEP3,PIK3CD,1.809125885573922
HIVEP3,USP1,1.8090327258106824
HES4,ENO1,1.8084905171971581
E2F2,SCP2,1.8084717759103046
YBX1,UBR4,1.8080531403306774
RUNX3,PIGV,1.8071164165404365
ID3,RSPO1,1.8067114414639207
NFYC,OVGP1,1.8040859547708368
FUBP1,ZBTB48,1.8033809811097743
POU3F1,CSDE1,1.8011852398028836
NFIA,DNAJB4,1.8010675887770278
FUBP1,MACF1,1.8009571058140945
HES4,GTF2B,1.8002174684510022
ENO1,GCLM,1.8002057244021017
ZNF684,CAMTA1-DT,1.7996333862460634
GMEB1,ZBTB48,1.7994691369175067
HES4,GNB1,1.7990972236659841
HIVEP3,ALG6,1.798987361607716
YBX1,ZBTB8OS,1.7988970289061366
NFIA,TMIGD3,1.7984334140450327
GMEB1,KCNC4,1.797305178781974
YBX1,RABGGTB,1.7967639292741526
JUN,RPA2,1.7967589501567676
RUNX3,CMPK1,1.796412264496737
FUBP1,TRNP1,1.7962272094706766
HIVEP3,PHF13,1.7961471320580618
HES4,CDC14A,1.7959498323848924
ENO1,PER3,1.7957346945066157
RUNX3,EFCAB14,1.7956493813040142
NFYC,ZBTB17,1.7955728831640416
JUN,RABGGTB,1.7954168598408562
RUNX3,LINC01739,1.7953974702505822
YBX1,HIVEP3,1.7952863031628317
GMEB1,TRIM33,1.795138290818416
ZNF691,FOXD2-AS1,1.7949499917542566
HIVEP3,C1QA,1.794323842309151
GFI1,ECHDC2,1.793896531367432
NFYC,IFI44,1.7936096443133036
FUBP1,ZNF436,1.7935446623300952
GMEB1,SORT1,1.7933117511370058
HIVEP3,NMNAT1,1.7927491724935296
HIVEP3,EVA1B,1.7923934657110605
NFYC,MEGF6,1.792025642277785
NFIA,LRRC8B,1.7918798738847665
RUNX3,FOXD2-AS1,1.791683953246453
RUNX3,ICMT,1.7911298762859351
FOXJ3,INTS11,1.7904123209873974
JUN,ODF2L,1.7886935788195106
POU3F1,GNAI3,1.788599234614973
NFYC,WRAP73,1.7885777907592468
HES4,TTC34,1.7884803993798566
ENO1,DRAM2,1.7880936409567612
FUBP1,AP4B1,1.7878354745726042
FUBP1,SMAP2,1.7876270112792227
HES2,UROD,1.7875621433040365
YBX1,IL12RB2,1.7874068659188076
FOXJ3,LINC01725,1.786964256027123
GFI1,ADGRB2,1.7866783621622215
FOXJ3,GCLM,1.7866067905923961
MTF1,RCAN3AS,1.7864960002830474
RUNX3,OMA1,1.7864743612810474
POU3F1,HNRNPR,1.786438405006777
ZNF683,MED18,1.7860343594091763
NFYC,GJA9,1.7857663634988599
YBX1,TRNAU1AP,1.7854517564921284
JUN,RTCA,1.7852862155392242
FOXJ3,NCMAP-DT,1.785108756104043
HIVEP3,HDAC1,1.784914123418046
MTF1,TMEM167B,1.7848586137792537
ZNF684,S1PR1,1.7848165474758846
NFYC,ATAD3A,1.784697557692827
FOXJ3,SLC25A24,1.7842154175963467
MTF1,NBPF1,1.783640578398364
TAL1,HENMT1,1.7836364420329973
ENO1,AMPD1,1.78359047119692
NFYC,SLFNL1,1.7835094683436725
HIVEP3,AMPD2,1.7831089939111302
MTF1,DCLRE1B,1.7829898667830413
FOXD2,MCOLN3,1.7826842724675915
RUNX3,GSTM3,1.7824427508688063
YBX1,GBP5,1.7824100305893238
HIVEP3,ERICH3,1.7819847876793444
JUN,EPHB2,1.781326227919995
FOXO6,ZNF362,1.7811281598004682
YBX1,TMEM234,1.7810788285582762
JUN,SYNC,1.7809155775008043
YBX1,PTGER3,1.780200191093368
FUBP1,VWA5B1,1.779980336495861
TP73,CPTP,1.7798344376506903
NFYC,SRSF11,1.7795968882371005
E2F2,TARDBP,1.7795884748053217
FUBP1,SPEN,1.7791059534190947
YBX1,TMCO4,1.7790389171330812
YBX1,RPF1,1.7789849585957687
YBX1,NBPF1,1.778247964398259
RUNX3,TRAPPC3,1.7780873604123997
FOXJ3,MAP3K6,1.7777593353953636
ZNF683,TMCO4,1.777333354226034
FUBP1,HP1BP3,1.7771586620982285
POU3F1,CDKN2C,1.7768528256308307
FUBP1,SLC16A1-AS1,1.776729371200636
HIVEP3,KPNA6,1.776586235732918
FOXJ3,ERMAP,1.7764438682824841
FOXJ3,LINC01635,1.7752837759993787
ENO1,ZFYVE9,1.7750974701101305
GMEB1,SLC44A5,1.7743967311847675
NFYC,RAP1GAP,1.7731573708270683
RUNX3,NBL1,1.7731172743908425
E2F2,CAPZB,1.7727088661530543
TFAP2E,RHCE,1.7710036487127816
HIVEP3,KCNC4,1.7704225737527133
YBX1,SNHG12,1.7701606253474884
NFYC,FNDC7,1.7701168189111003
ID3,TUT4,1.7696330465008812
ENO1,ECHDC2,1.7695085522721725
FOXJ3,TTC39A-AS1,1.769335277061769
JUN,SLFNL1,1.7692269354417467
ENO1,AGBL4,1.7690644895799732
FOXJ3,CELA2A,1.7686882026389728
YBX1,ASB17,1.7684587127250369
ENO1,PALMD,1.7683730419674064
NFIA,FAM229A,1.7683449916301675
NFYC,VAMP3,1.768078256290204
ENO1,CEP85,1.7667664878056102
RUNX3,PPP1R8,1.7665797937238463
TFAP2E,SLC30A7,1.765540595519157
ZNF683,MKNK1-AS1,1.7655380523753241
ENO1,PLOD1,1.7646574398115695
FUBP1,FGGY,1.7645916715442178
FUBP1,UBIAD1,1.7638692300504208
YBX1,MAD2L2,1.7637569917988427
RUNX3,RNF207,1.7634814831159096
YBX1,KPNA6,1.7631461704771414
E2F2,HFM1,1.7628416275988816
FOXJ3,RLF,1.7623502293491897
ENO1,ERMAP,1.762344230780899
HIVEP3,SNX7,1.7621657379797022
JUN,SLC35A3,1.7619382125312875
ZNF691,ZMYND12,1.7618477223724625
JUN,MSH4,1.761734519045433
JUN,NFIA-AS2,1.7616270411446182
HIVEP3,IPP,1.7615828797639759
TP73,C1orf159,1.7614925765485645
MTF1,IFNLR1,1.7612269037760233
TFAP2E,KLHL17,1.761226198543859
ZNF684,ZYG11A,1.761046733043642
ZNF684,PADI6,1.7598885955233796
YBX1,RPS6KA1,1.75985387090845
NFIA,LRIG2,1.7594635533001521
MTF1,DENND2D,1.7592429482066338
JUN,ZBTB8A,1.7591300723330296
FOXJ3,FBXO2,1.7590315084916934
MTF1,MAST2,1.758971662772653
E2F2,ATP5IF1,1.7578817526049628
HIVEP3,TYW3,1.7576146804665607
MTF1,COL8A2,1.75737769923256
TAL1,PHACTR4,1.7560076956391588
JUN,YTHDF2,1.7550996328746766
FUBP1,ATP1A1,1.754308258178719
FUBP1,PLEKHN1,1.7533800851988397
YBX1,PINK1,1.753293239796679
JUN,MOV10,1.7529691624850057
ID3,MTF2,1.7526579204339756
JUN,CDC14A,1.7525308631434457
HES4,HFM1,1.75239616979693
ENO1,ATP1A1,1.7500786960995987
ENO1,GTF2B,1.7499227247095934
HIVEP3,ADGRL2,1.749674440931202
HIVEP3,BCL2L15,1.7494567201724216
RUNX3,RHCE,1.7494293245891503
GFI1,TTC39A,1.7494239680381307
JUN,LDLRAD2,1.7490382704243594
E2F2,AGRN,1.748860301130548
ENO1,WDTC1,1.748700995360751
NFIA,UBXN11,1.7482930740195344
FOXJ3,SPEN,1.74764898581382
YBX1,LCK,1.7474068123359083
JUN,DPH5,1.7455389354198283
ZNF691,GSTM3,1.7454529328158952
GMEB1,MYSM1,1.7453222287782426
FUBP1,SH3GLB1,1.7452806385392765
FUBP1,MIGA1,1.7452548754452875
FOXJ3,SYF2,1.7450402757752985
ZNF684,MOB3C,1.7445158860000447
ZNF683,AKIRIN1,1.7443528658278726
FUBP1,ECHDC2,1.7443046117572234
ZNF684,ADGRL2,1.7431356509105373
FUBP1,GBP3,1.7429927262813887
MTF1,KPNA6,1.7427065782512758
GMEB1,RERE-AS1,1.7426341561077958
FUBP1,IFFO2,1.7425440570463555
NFYC,ZFP69B,1.7423754650085281
YBX1,PIGV,1.7423677240187583
JUN,GPBP1L1,1.7412204153513584
FOXJ3,MUTYH,1.7411544051426056
ZNF683,EPHB2,1.740985618815529
ENO1,AGMAT,1.7405672933278196
FOXJ3,PIK3CD,1.7405552805807134
RUNX3,SLC35A3,1.73994411147953
MTF1,VWA5B1,1.739633875785216
MTF1,ZBTB8OS,1.7389755211379567
ENO1,OTUD3,1.7389476572360758
HES4,NECAP2,1.7372199641966874
E2F2,YIPF1,1.7365693089645142
ZNF691,CNR2,1.7364624143544507
FOXJ3,PEX10,1.7361870405563806
HES4,TMEM167B,1.7357878557755577
FUBP1,MXRA8,1.7356863233526572
ENO1,MIGA1,1.734088424493699
FOXJ3,ZNF436-AS1,1.734055520803262
RUNX3,TTLL10,1.7336050314398308
RUNX3,ZSWIM5,1.7330793808974683
NFYC,RCC2,1.7326894386679539
FOXJ3,PIGK,1.732584958060561
GMEB1,DNAJC11,1.7321334013156282
NFYC,ATP6V0B,1.730367906008771
JUN,GPR3,1.7297604837459246
GMEB1,AHCYL1,1.7295718309794368
FOXJ3,LINC02607,1.7292754707981766
YBX1,SNRNP40,1.728850477936281
FOXJ3,KDM4A,1.7284834910383091
JUN,FOXJ3,1.72802130447812
FUBP1,SLC35D1,1.7277537999375456
ZNF683,TMEM35B,1.7271692630044582
HIVEP3,LRRC42,1.7264749211429886
FOXJ3,CEPT1,1.726087756828074
ENO1,AMY2B,1.72569750504458
JUN,PRKCZ-AS1,1.725507583640137
ENO1,WNT4,1.7254499232066092
ZNF691,FNBP1L,1.7250272803665136
ID3,ALG14,1.724912411027528
NFYC,PKN2,1.7247076464415445
MTF1,KCNAB2,1.7241184465005468
FUBP1,ATP5IF1,1.7240568640973544
FUBP1,LINC01160,1.7234111586494683
GFI1,RTCA-AS1,1.723274119785272
MTF1,RWDD3,1.7231877181119262
NFYC,RAB42,1.7231355428463782
YBX1,GNAI3,1.7228553683739458
HIVEP3,MORN1,1.720799070453632
NFYC,ISG15,1.7207206170689917
MTF1,CTPS1,1.7206515273430674
JUN,TENT5B,1.7205737853152407
FOXJ3,TNFRSF8,1.72014996589259
ENO1,CELA2B,1.7200471433761688
YBX1,MTF2,1.7198072570770466
HIVEP3,PRMT6,1.7197785589894317
FOXJ3,AHDC1,1.719700790023386
GFI1,VANGL1,1.7192576672072575
JUN,USP24,1.7190388046931155
RUNX3,LUZP1,1.7189041453706517
HES2,SLC35E2A,1.718673933637512
JUN,SKI,1.7185357070157103
FOXJ3,GSTM4,1.7184754095656385
TFAP2E,NCDN,1.7182314375846837
GMEB1,NOC2L,1.7181634011973603
MTF1,USP33,1.7180954527654904
NFYC,TSPAN2,1.7172587503411227
ZNF683,DHCR24,1.7170321571511402
JUN,ERRFI1,1.7169176987643864
YBX1,KTI12,1.7167000551005516
HES4,NEXN,1.716613456723857
TFAP2E,FHL3,1.7165457466928264
GMEB1,ABCD3,1.7164545003234783
FUBP1,USP1,1.7158989230154513
HIVEP3,RTCA,1.7158471436719875
FUBP1,EFHD2,1.7153799683590016
FOXJ3,FABP3,1.7151588735221575
FOXJ3,SF3A3,1.7150541404586128
JUN,C1QB,1.7146280406609407
HIVEP3,LINC00115,1.7131161690469847
HIVEP3,DR1,1.7127552084884516
ID3,TCEA3,1.7124076021044248
MTF1,CDC14A,1.7120140539268094
ZNF691,PLPP3,1.7115249071922138
NFYC,HPDL,1.7114119787022253
ENO1,CNR2,1.7111136779904772
NFYC,SYT6,1.7110117762619863
FUBP1,EIF2B3,1.71047132520262
TAL1,SPATA21,1.7098627703824385
MTF1,NIPAL3,1.7098053559337762
YBX1,DDI2,1.7093658075344482
FUBP1,S1PR1,1.7091234820914485
YBX1,TTC34,1.7088667171456857
NFYC,RBM15,1.7078160951795391
GMEB1,NADK,1.707780843308609
NFIA,DOCK7,1.7076990488503117
HIVEP3,FGR,1.7067809426774132
FOXJ3,C1orf159,1.7067388500629934
TAL1,TYW3,1.7057638339971684
NFYC,TLCD4,1.7057602076124945
ENO1,LINC01409,1.7056801063021405
FUBP1,TP73,1.7041309524276456
NFYC,ZNF644,1.7030854947970981
RUNX3,STRIP1,1.702880795180314
FOXJ3,L1TD1,1.702837478054299
RUNX3,SERBP1,1.7018197388969578
ENO1,CAMTA1-DT,1.7017797641798635
GMEB1,AGTRAP,1.7017499577315607
POU3F1,TRIT1,1.7013509231111708
FUBP1,PLEKHM2,1.7003812418627868
GFI1,MTOR,1.7002256497658352
RUNX3,CTRC,1.6995203555906104
GFI1,FNDC5,1.6993513810901348
RUNX3,DBT,1.6992379283435035
TFAP2E,STRIP1,1.6988853738382472
RUNX3,MOV10,1.6985741809412294
NFYC,DPYD-AS1,1.6984916447488392
NFYC,ATPAF1,1.6982704954501844
NFIA,ATXN7L2,1.697799429523394
FOXJ3,AGRN,1.697283558481288
HES4,ZFP69B,1.6969623043166733
MTF1,CNR2,1.6967468040302425
FOXJ3,EFCAB14,1.6964473038378423
NFYC,USP48,1.6964209683889586
FOXJ3,INKA2,1.6963947597972886
YBX1,ECE1,1.6962564180688375
FOXJ3,RRAGC,1.6950772226681199
JUN,DHCR24,1.6950002026728128
NFYC,LINC01409,1.6948748262383388
FUBP1,CAMK2N1,1.694369428881374
JUN,DR1,1.6943460383670736
ALX3,FOXD2-AS1,1.6942417748651795
FOXJ3,MMACHC,1.6938721627427693
HES4,USP33,1.693626620973946
NFYC,PINK1-AS,1.6935618488215498
HIVEP3,FNBP1L,1.693208503730699
RUNX3,ELOA,1.6918844704498301
NFYC,MARCKSL1,1.6916608921032275
FUBP1,MTOR,1.6912105291364086
ENO1,ATAD3B,1.6905379391349253
JUN,ZBTB40,1.6905323776157277
JUN,RNPC3,1.6904704389547887
YBX1,CDC42-IT1,1.6904496059851504
FUBP1,SLC35E2A,1.6902277869602973
JUN,FHL3,1.6899861712758855
FOXD2,ERI3,1.6891566837484633
HIVEP3,TCEA3,1.688960012404273
JUN,RSBN1,1.6888567553129743
HIVEP3,LDLRAP1,1.6886693958850487
FUBP1,PRPF38A,1.6881239361677576
HIVEP3,ST6GALNAC5,1.6876173680216007
MTF1,SMIM1,1.6874851256068888
ENO1,SLC2A5,1.687260953396472
HIVEP3,ACOT11,1.686264341346308
PAX7,DPH5,1.6860391168606332
FOXJ3,VPS13D,1.6858429083769941
NFYC,DDX20,1.685552110722685
POU3F1,PKN2-AS1,1.6854053448344586
FOXJ3,TMEM69,1.6853069621492394
ENO1,VWA5B1,1.6852997911581218
TP73,ISG15,1.6852564721605203
E2F2,UROD,1.6850359718533008
FOXJ3,STIL,1.6848228852729217
FUBP1,PIK3CD-AS1,1.6843958460352506
FOXJ3,IL12RB2,1.6832529338129554
JUN,SLC35D1,1.6831406365703123
FOXJ3,FAM229A,1.6829194588069023
HIVEP3,CDC42-AS1,1.6822571056888023
RUNX3,USP24,1.6821806914092297
POU3F1,NRAS,1.6819338248636435
ZNF683,PRKCZ,1.6817024525062676
YBX1,ATXN7L2,1.68136595065841
HIVEP3,TRMT13,1.6809780148979911
ID3,RPS8,1.6808422948276731
HIVEP3,CRYBG2,1.6803258863121984
MTF1,TSSK3,1.6802589863843043
JUN,CCDC18,1.6801071205097817
NFIA,UBR4,1.6799343410760008
NFIA,NMNAT1,1.6794900915357256
NFIA,EPHX4,1.6792291819723235
JUN,ATAD3C,1.6790574804228697
FOXJ3,IFI44,1.6784241097081234
FOXO6,PTBP2,1.6774017932039715
FOXJ3,SCMH1,1.6771789684901677
FOXJ3,AKNAD1,1.6770824814270238
ZNF691,TAL1,1.6765273509317886
RUNX3,LINC01141,1.6761761932402424
GMEB1,NCMAP,1.6756619763688363
GMEB1,ACOT11,1.675544791686695
ENO1,PUM1,1.6755138763285955
YBX1,FAF1,1.6752576611622834
NFYC,NFIA-AS2,1.674982167321757
HIVEP3,AURKAIP1,1.6747623541376557
HIVEP3,TMEM234,1.6746388214195025
NFYC,STXBP3,1.6744408619298183
FUBP1,PPP1R8,1.6743613664390016
FOXO6,JUN,1.6743546251410342
FUBP1,STX12,1.674287224611942
YBX1,TOE1,1.6740447546506543
GMEB1,CTNNBIP1,1.6736596037342713
GFI1,PRPF38A,1.6734181000815997
HIVEP3,AGO3,1.6732294863093702
TAL1,AGL,1.6725644000344764
FUBP1,BCL2L15,1.6725127095570127
ID3,PER3,1.672066387314531
JUN,ROR1,1.6717637800661842
ID3,DAB1,1.6712997595769872
FUBP1,TMCO4,1.6709412345356527
E2F2,MECR,1.670708605409376
POU3F1,RPL22,1.670189964472949
NFYC,EVA1B,1.6700446447112147
HES4,FUBP1,1.6697082961645933
FOXJ3,EFCAB7,1.669583595134141
JUN,DLGAP3,1.6692378564132309
FOXJ3,LDLRAP1,1.668953076637956
NFYC,ROR1-AS1,1.6687068174477453
NFYC,EXOSC10,1.667689583606608
JUN,BEST4,1.667001584408148
POU3F1,MAGOH,1.6668247015250337
NFYC,FCN3,1.66608541824789
NFYC,FHL3,1.6657627054820674
JUN,SVBP,1.665710262510483
YBX1,RHBDL2,1.6656780821007584
GMEB1,RPS6KA1,1.6654281202187697
GFI1,DNAJC8,1.6650474045155526
NFIA,MIIP,1.6649633837737396
MTF1,RAD54L,1.6648986666182146
YBX1,MMACHC,1.6647189299271279
MTF1,TMEM50A,1.6630662690709084
ID3,LINC02607,1.662196652279391
RUNX3,ST3GAL3,1.6615051795879123
ZNF684,KDM4A-AS1,1.6603132912927712
ENO1,CFAP57,1.660146056527794
FOXJ3,SMIM12,1.659800818997555
HIVEP3,RIMKLA,1.6596308770946528
RUNX3,ENO1,1.6593275877111169
RUNX3,MYCBP,1.6592672582359043
NFYC,KIAA1522,1.65887740451944
FOXO6,TTLL7,1.6581464997600104
YBX1,MACO1,1.6579434443933565
TFAP2E,MIGA1,1.6573780958600735
FUBP1,MICOS10,1.6569118486139647
NFYC,GSTM4,1.6566310491675802
NFYC,FNDC10,1.6563681430367785
TP73,SDF4,1.656352742271032
HES4,SORT1,1.656128880620412
YBX1,MYCL,1.6561266617421224
FUBP1,CMPK1,1.6560318120126598
HES2,NBPF3,1.6560288467841178
YBX1,TPRG1L,1.6560232396497823
FUBP1,SNHG3,1.655742667808905
ENO1,ZNF362,1.655713673294228
ZNF684,NFIA-AS2,1.655586609363611
NFYC,PTGFRN,1.6545444304676522
MTF1,MIER1,1.6542047767627612
FUBP1,PNRC2,1.6538625060103804
RUNX3,TMED5,1.6528845989346594
ENO1,UBXN10,1.6524280253153472
FUBP1,HIPK1-AS1,1.6521574806666246
GMEB1,LINC00339,1.6520125046865692
JUN,ZMYM1,1.651883765547488
JUN,TMEM59,1.6518392571216605
GMEB1,SLC25A33,1.651497176266524
FUBP1,DNAJB4,1.6511046153015778
GMEB1,EIF2B3,1.650882594585984
JUN,LINC01786,1.650785577279722
HES4,AKR1A1,1.6503196906588846
HES4,CAP1,1.6496913159106605
ENO1,ZNF436,1.6493106969611597
HIVEP3,LINC01762,1.6483168574493536
JUN,CYB5RL,1.6480586003552944
RUNX3,KLHL17,1.6478261434209325
FUBP1,MRTO4,1.6468001963628511
TP73,HYI,1.6460928422385974
YBX1,EYA3,1.645568502606995
TP73,CLSPN,1.6454897028983246
ENO1,EFCAB14,1.6454054795673803
FOXJ3,PKN2,1.645376861993196
HIVEP3,EMC1,1.645277638197502
HIVEP3,TMEM222,1.6445486499288249
GMEB1,CCDC163,1.6435252109818332
E2F2,DDI2,1.6416187336353811
ENO1,PRKCZ,1.6414379787544675
HES4,C1orf174,1.6413248380302436
PAX7,TEX38,1.6403029243988017
FUBP1,FNBP1L,1.640239447187604
MTF1,INKA2,1.6399688459843198
ENO1,CASZ1,1.6396404958076953
ZNF684,CCDC18-AS1,1.6395228959701302
GMEB1,SVBP,1.63934091368956
ID3,HES2,1.6390478556194106
JUN,SMAP2,1.638882504730154
NFYC,AKIRIN1,1.6387994126434362
POU3F1,DAB1,1.6386469039002274
MTF1,DHRS3,1.6382702795303108
FUBP1,DLEU2L,1.6382646315703016
NFYC,RCAN3AS,1.6381495963506174
NFYC,INPP5B,1.6373145071127508
FUBP1,DNAJC11,1.6371816150464225
TAL1,MRPL20-AS1,1.6365417492393477
YBX1,TNFRSF1B,1.6359434035735916
GMEB1,CHI3L2,1.6354273399212618
ZNF684,SNIP1,1.6348103391985225
JUN,MIB2,1.634783351758077
E2F2,PPIH,1.6341337667794185
JUN,CLSTN1,1.6338336790595394
E2F2,CA6,1.6334903957555493
MTF1,BMP8B,1.6329000843938342
FOXJ3,SLFNL1-AS1,1.6327695944303984
HIVEP3,LINC02606,1.6319070363114359
YBX1,PRDM16,1.6305150969634585
YBX1,NOC2L,1.6303610585903245
NFIA,LINC02609,1.6302548308649403
MTF1,TAS1R1,1.6302480551809815
MTF1,MAN1C1,1.6297822661275128
GMEB1,PDIK1L,1.6293476626741015
GMEB1,SHISAL2A,1.629207841631421
MTF1,LINC01134,1.6286645482704183
ENO1,ZNF644,1.6271816421416614
FUBP1,DHDDS,1.6270872647559862
HES4,LCK,1.6270080046242297
POU3F1,RPS8,1.625098356779309
HIVEP3,RERE,1.625046137654936
FOXJ3,GNL2,1.624975504389993
FUBP1,LUZP1,1.6247048727529025
NFIA,RNF207,1.6246487702638563
YBX1,MATN1-AS1,1.6244461363276335
RUNX3,UBE2J2,1.6237630617365089
ZNF691,CEP85,1.623690648195062
RUNX3,ZSCAN20,1.6236196758913306
NFYC,MRPL20-AS1,1.622157464110506
FUBP1,DENND2C,1.6219495459017002
ENO1,PAX7,1.6216743630824562
JUN,RCC2,1.6215942328564
NFYC,MEAF6,1.6212218296923826
FOXJ3,SLC66A1,1.6207216411353662
E2F2,DPH5,1.6203345592829568
FUBP1,KIAA0319L,1.6202538634160153
HIVEP3,AGTRAP,1.6201732043031387
POU3F1,AK4,1.6198818923782596
JUN,RPF1,1.6196690573445993
YBX1,MORN1,1.6191908942353044
HES4,CASP9,1.6191809991271282
FOXJ3,CEP104,1.6183790606261736
MTF1,LINC01364,1.6178150932640107
GMEB1,TMEM53,1.6177978836360267
HES4,SLC16A4,1.6177751614531675
JUN,OSCP1,1.6175786208869563
FOXJ3,SZT2,1.6172593572669338
NFYC,PEX14,1.616957168677616
RUNX3,CHD5,1.6162984041047779
MTF1,RNF207,1.6157700245122097
HES4,SLC25A33,1.61559199374777
JUN,TMEM39B,1.6152685416321269
HES4,TMCO4,1.6149440994824977
JUN,PLPPR5,1.6148881854258823
YBX1,ST3GAL3,1.6146537827067633
TAL1,CEP85,1.6130321466535769
FUBP1,PAQR7,1.612428963431267
FUBP1,HECTD3,1.6123222231900811
FUBP1,EMC1-AS1,1.612236055334892
NFYC,KTI12,1.6121901608649667
YBX1,FPGT,1.612009693177268
GMEB1,CDC42-IT1,1.611700845582786
YBX1,ICMT,1.6115637859359049
YBX1,CFAP74,1.6110074206390286
YBX1,CC2D1B,1.6109482505319952
GMEB1,LYPLA2,1.6105291559947277
GMEB1,UBE4B,1.610281541427458
NFIA,ZNF684,1.6099040700708045
ZNF684,DNAJC6,1.609607957569182
FUBP1,CSDE1,1.608907692077605
FOXJ3,HIVEP3,1.6086508491118674
NFIA,C1QC,1.6079413294251528
YBX1,MIR3659HG,1.6071324827051525
NFYC,GPR157,1.606591249295131
YBX1,EMC1,1.6064308936708664
FOXJ3,FAM167B,1.6061255564871704
TP73,S100PBP,1.6056828000840775
RUNX3,LINC01786,1.6056132016599054
FUBP1,LINC02607,1.6032873259368894
HIVEP3,PLEKHM2,1.6032284293057164
JUN,ACOT7,1.6024746067394702
POU3F1,LINC01409,1.6019180912632702
ENO1,MAST2,1.6017430087125641
YBX1,YIPF1,1.6015841928953525
HES4,PATJ,1.6015003876527703
FUBP1,FAAH,1.6010331530104416
HES4,AKR7A3,1.6010243883968864
HIVEP3,GTF2B,1.6008830964297778
E2F2,AKIRIN1,1.6005200994984865
FUBP1,RBM15-AS1,1.6002370463769862
FUBP1,ZNF683,1.5997477432095226
E2F2,ATG4C,1.599604579954438
ID3,MAN1C1,1.5994892592143755
YBX1,PIGK,1.5992938298594435
JUN,C1orf159,1.5991907990938024
YBX1,SELENON,1.5986236537703407
MTF1,C1orf52,1.5984050646337835
ENO1,GNL2,1.5983361314675297
ZNF691,SRSF10,1.5981920445427646
YBX1,COL11A1,1.5979829551508462
RUNX3,LINC01144,1.5976629493213101
FUBP1,MUL1,1.597584003927084
JUN,MARCKSL1,1.5972436986246623
YBX1,C1orf216,1.5969176612415699
YBX1,PIK3CD,1.5967263764532165
MTF1,MYOM3,1.596695522958601
FUBP1,SLC25A24,1.5966723748518392
JUN,CD101,1.5962108825005172
GFI1,KCNC4,1.5961552132799248
GMEB1,LRRC8B,1.5961317505965336
ID3,RERE,1.5960893475728277
FOXJ3,BSND,1.5959773173882341
FOXJ3,DLEU2L,1.5953799383021705
ZNF683,LSM10,1.5952428343555851
FUBP1,SYNC,1.5949841596906846
GMEB1,SPEN,1.594967331626789
NFYC,WASF2,1.5943362868771336
FUBP1,MKNK1,1.5938522448102233
RUNX3,PLEKHG5,1.593258112739318
FUBP1,TTF2,1.5928986829160736
MTF1,GTF2B,1.5919368395787195
GMEB1,PEX14,1.5918735487439766
FUBP1,CNKSR1,1.5902142379771793
FOXJ3,SHISAL2A,1.5900627966710033
ENO1,ANGPTL3,1.5898824482174243
YBX1,SPEN,1.589809390747201
ENO1,PTBP2,1.5884836396446949
RUNX3,ALX3,1.5883228799858842
HES4,CDK11A,1.588193093131169
JUN,ECE1,1.5879572216222198
RUNX3,EPHX4,1.5877474541347334
YBX1,EPB41,1.5877253223223051
FUBP1,LINC01140,1.5876001040539396
NFYC,LINC01342,1.5875833368135959
POU3F1,RPL5,1.5873010342469267
NFYC,KYAT3,1.5872225775233548
FOXJ3,HCRTR1,1.5867104975512483
FOXJ3,ALG14,1.5864559698299672
FUBP1,DR1,1.5860983651196463
GMEB1,LINC01756,1.5857550425938303
NFYC,MTFR1L,1.5852225643083628
HES4,SMPDL3B,1.5850993694897917
FOXJ3,AKR7A3,1.5850648159890897
FUBP1,NFYC,1.584930316672966
YBX1,ZFP69,1.5835500705015138
NFYC,AGTRAP,1.5834948163341072
FOXJ3,RNF207,1.582919274931118
JUN,MTF2,1.5826771487837707
FUBP1,ADGRB2,1.5825798366683594
FOXJ3,ECHDC2,1.5823254085834786
ZNF683,C1orf122,1.5823204492065785
ZNF691,TRNAU1AP,1.5820087771450433
JUN,ELOVL1,1.5819616431528787
GMEB1,ZYG11A,1.5815623301762698
ENO1,SPATA6,1.5808080580422819
HIVEP3,LINC01672,1.5807892327292632
YBX1,RSRP1,1.5803584214577435
FUBP1,WNT4,1.5800045597850887
FOXJ3,NEGR1,1.579875229719675
FUBP1,OSBPL9,1.5796426326144324
FUBP1,PKN2-AS1,1.5789902220694334
ZNF683,SNRNP40,1.5788644972090558
NFYC,POMGNT1,1.5787053942338753
RUNX3,FBXO6,1.5786672917366653
FOXJ3,GPX7,1.5786285444381178
FOXJ3,SMAP2,1.578121227048081
NFYC,GALE,1.5778539083873795
ZNF683,PIGV,1.5776535170257477
ENO1,MUTYH,1.577349421990078
NFIA,TNFRSF14,1.5773073865153955
HES2,PIK3CD-AS2,1.57689306520568
MTF1,PLPPR4,1.5767566713059165
NFYC,SLC25A33,1.576670845578429
FOXJ3,HIPK1,1.5755352321533522
FOXJ3,GBP4,1.5753688047069863
RUNX3,ZDHHC18,1.5753523598131283
MTF1,GMEB1,1.5746044459988853
ENO1,TMEM234,1.5744951752829404
E2F2,KLHL21,1.5744551121970582
FOXJ3,ESPN,1.5742526426202998
FOXO6,BCAS2,1.5737312535047416
NFIA,PKN2,1.573581100072398
JUN,ANKRD13C,1.5734906858447677
FOXJ3,TNFRSF18,1.573325011797515
YBX1,SH3GLB1,1.5733131360367147
ZNF691,RPAP2,1.5731688365197167
TFAP2E,AMPD2,1.5729003195738676
HIVEP3,PIK3CD-AS2,1.5725790729959053
FOXD2,GPATCH3,1.5722959307733768
FOXJ3,ZC3H12A,1.5721545886115007
FUBP1,NMNAT1,1.571653803898863
FUBP1,MDS2,1.5716206116474405
HIVEP3,S100PBP,1.5715299104650668
GMEB1,ARHGEF19,1.5711484506700562
RUNX3,GPN2,1.5704064652156156
ZNF683,MECR,1.5703873200784022
POU3F1,TMEM69,1.5703872749339476
GMEB1,FBLIM1,1.569872292118092
YBX1,CRYZ,1.5696299504963558
FOXJ3,UBXN10,1.5695056383684327
NFIA,PKN2-AS1,1.5694323828943006
NFYC,EFCAB14-AS1,1.5691167154538184
TAL1,SYF2,1.5690997624967742
NFYC,UBE4B,1.5690158871125497
RUNX3,RPL11,1.5684113334728074
JUN,HDAC1,1.5681152183169278
NFYC,SLC35E2A,1.5679756170108816
JUN,HENMT1,1.5678466855295268
MTF1,DIPK1A,1.567663729108788
ENO1,TTLL7,1.5675883571284217
JUN,RBM15-AS1,1.5670878998774325
FUBP1,NBPF1,1.5669844254853744
RUNX3,CCDC18,1.566729139310715
ENO1,TNFRSF9,1.566026430498525
YBX1,BSND,1.565783006869169
ZNF691,TMEM51,1.565369366598875
MTF1,LINC01714,1.5653545870675067
GMEB1,FAAH,1.5653366355614888
ZNF684,RSPO1,1.565258343299048
ENO1,TNFRSF4,1.5652251362537835
ZNF683,KAZN,1.5646814951208037
ENO1,COL9A2,1.5641895997692155
HIVEP3,TARDBP,1.5641073167615154
ZNF683,AMIGO1,1.5641038651521395
NFYC,KCNA2,1.5639107494282443
FUBP1,TTC22,1.563631465502223
FOXJ3,ZRANB2,1.5634093581861332
NFYC,DLEU2L,1.5631739863155685
FUBP1,LRIG2,1.5630384724022734
GMEB1,LINC01672,1.5629300880484496
JUN,HFM1,1.5625566302779421
NFIA,BCL2L15,1.5621296115247418
RUNX3,KCNAB2,1.561149165113749
YBX1,ZYG11A,1.560699818239381
ENO1,LINC01765,1.5605538926178526
MTF1,GNAI3,1.5601906665478706
MTF1,WDR47,1.560027714282237
GMEB1,MAP3K6,1.5599845333171516
E2F2,PSMA5,1.5599562651813916
NFIA,E2F2,1.5595823317752195
HES4,LAMTOR5,1.5593651487758202
HIVEP3,RER1,1.5586621005924282
MTF1,TMEM53,1.5576242471493968
FUBP1,MED18,1.5575746396229846
YBX1,CCDC24,1.5574903710838264
JUN,TNFRSF14-AS1,1.5573330705781838
GMEB1,RNF19B,1.556881356723155
ZNF684,COA7,1.5567242188109043
TFAP2E,CC2D1B,1.5564124857869528
NFIA,FYB2,1.5560639807585634
FUBP1,PAFAH2,1.556038726149744
JUN,DRAM2,1.555839392453533
YBX1,LINC00466,1.5555679350835294
NFYC,WDR47,1.5551149593851303
ENO1,RNF220,1.5545143675063076
FUBP1,HENMT1,1.5544409330391613
YBX1,RBM15-AS1,1.5543908485864861
HIVEP3,TTC22,1.5543476425943732
NFIA,PDE4B,1.5542513323919387
JUN,RBBP4,1.5536044869766956
GMEB1,LINC01140,1.5535041621156713
FUBP1,EIF3I,1.5533972730333225
FOXJ3,RCAN3AS,1.5532991893260044
YBX1,PANK4,1.5529566711952099
NFYC,AP4B1-AS1,1.5529295490760937
HES4,SDHB,1.5511024734187968
RUNX3,C1orf174,1.5509757910494428
HIVEP3,LRRC40,1.5509251540792963
FUBP1,RERE-AS1,1.5506611983826546
HIVEP3,PTPRU,1.5504751630629758
FUBP1,ECE1,1.5504719828461495
ZNF684,KCNA3,1.5504522503967992
HES4,FBXO6,1.550331509520269
FOXJ3,KTI12,1.5502053388848798
POU3F1,LINC01725,1.5488669784708067
RUNX3,MAN1C1,1.5487562543390554
HES2,ABCD3,1.5487097411807567
FUBP1,STXBP3,1.5482612363223747
YBX1,ZRANB2,1.5471083637512668
YBX1,STPG1,1.5470480527182198
GFI1,CDC14A,1.5469820345722374
RUNX3,CCNL2,1.5467838049209537
ENO1,ZMYND12,1.5463789010547535
YBX1,AKIRIN1,1.5452717660903048
GMEB1,TRIM63,1.544682585400805
FUBP1,CAPZB,1.5440808679985853
HIVEP3,PATJ,1.543402521370238
ZNF683,ZCCHC17,1.5430110245985278
NFIA,WLS,1.5429339237477402
JUN,L1TD1,1.5417768160922602
HIVEP3,PHTF1,1.5417338964691605
YBX1,FUCA1,1.5409332546269254
MTF1,CAMTA1-DT,1.5408450838827075
FUBP1,LPAR3,1.5396729724416798
HIVEP3,PABPC4-AS1,1.5396686171902307
ZNF683,MXRA8,1.5393772165142448
HIVEP3,MIB2,1.539136218437756
YBX1,TGFBR3,1.5387347434035021
GMEB1,RPAP2,1.5379527499105876
FOXJ3,ATP13A2,1.5379390267154074
HES4,PHC2,1.5375930122240684
FOXJ3,PPCS,1.5374509345612308
TFAP2E,PRPF38B,1.5369329968527832
RUNX3,USP1,1.5367797217290635
FOXJ3,TMEM240,1.5358304300473915
TAL1,LINC01128,1.5357450672218982
NFYC,FBXO44,1.5344431735402158
NFIA,NPPA,1.534411661117473
ENO1,KDM1A,1.534237132052808
ZNF684,ANKRD13C,1.5341670042622584
ENO1,LRRC39,1.533956645803452
HES4,ATPAF1,1.5336486360861226
ENO1,PRDM2,1.533401679679493
MTF1,FBXO6,1.5329863782464257
FOXJ3,LINC01226,1.5324726687651296
E2F2,MSH4,1.5316717644926445
NFYC,RBM15-AS1,1.5314691254300838
ENO1,TRIM62,1.530997119248967
FOXJ3,SNIP1,1.529259157490324
FUBP1,GPSM2,1.5287234334769981
HIVEP3,ARHGEF19,1.5286650908451778
FOXJ3,DNAJC16,1.528161452702171
ENO1,CPTP,1.528134776656321
FUBP1,ZMYM6,1.527777330742185
FOXJ3,ID3,1.526749378072281
JUN,PHF13,1.5264124363199456
FOXJ3,MTOR,1.5260982428151282
HIVEP3,PADI2,1.5260506097943944
GFI1,TYW3,1.5258764996084302
JUN,DLEU2L,1.5258656659386252
ID3,TRMT13,1.525804911133741
E2F2,KDM4A-AS1,1.525734377869582
NFYC,RLF,1.5256868396901708
MTF1,TCEANC2,1.5255941615009276
TAL1,NFIA,1.5255116286612014
YBX1,SLC16A1-AS1,1.5250058738667738
MTF1,SYPL2,1.524863682967567
HIVEP3,FOXJ3,1.5246819107623095
ENO1,GBP5,1.5244464760696235
FOXD2,OVGP1,1.5242759382803566
NFYC,PGD,1.5240153599468973
MTF1,LEPR,1.5238868126386267
FUBP1,GSTM1,1.523796561031299
JUN,TUT4,1.5237931609070403
YBX1,DFFB,1.5233473034437672
FUBP1,NFYC-AS1,1.523044483754422
RUNX3,ANKRD65,1.5229066362684505
FUBP1,CLCC1,1.5226699514630821
HIVEP3,NSUN4,1.5225872421905475
ENO1,LINC01762,1.5219956809326611
FUBP1,SESN2,1.5218254444497434
JUN,LINC01355,1.5217519996599058
E2F2,PRKACB,1.521272675398127
ZNF684,TMEM35B,1.5209731444889583
JUN,DDX20,1.5201643609439186
FUBP1,PINK1,1.519777707928815
NFYC,USP24,1.5192806781817967
HIVEP3,TAL1,1.5188039948672645
NFIA,FBXO2,1.518730140614154
NFIA,INPP5B,1.5185502058530211
NFYC,PER3,1.5179997199570272
MTF1,PPIE,1.5179774758184528
JUN,MYCBP,1.517821342565571
MTF1,AUNIP,1.517508458205869
POU3F1,TMEM167B,1.517408928978072
NFYC,FAM229A,1.5169855548346496
HIVEP3,ZNF593,1.516788314729758
ZNF683,CLCN6,1.51624579904064
HIVEP3,F3,1.5158955600498403
GMEB1,PKN2-AS1,1.515835723208619
POU3F1,FAF1,1.5157723799881095
RUNX3,RSBN1,1.515591873361095
RUNX3,TMEM222,1.5147790140744677
JUN,MRPL20,1.5140843467004443
FUBP1,LAMTOR5,1.5140453217216556
HES4,DOCK7,1.513748150549119
RUNX3,SLC35E2B,1.5132992251531552
MTF1,MASP2,1.5130797823573245
YBX1,DLEU2L,1.5128907923153188
HIVEP3,ST7L,1.512860652053495
ZNF684,LINC01144,1.5127771859598127
TFAP2E,STPG1,1.5126922532934062
TAL1,AHDC1,1.5125475583331458
YBX1,JAK1,1.512410842520542
FUBP1,RCC2,1.5120931228948913
FOXJ3,HP1BP3,1.5119158801083423
YBX1,KIAA1522,1.5110858781248562
YBX1,TCEANC2,1.5110376294280592
YBX1,SFN,1.5109769908760915
YBX1,ATAD3C,1.5109552800063117
HIVEP3,SLC44A3,1.510936450716904
HIVEP3,CTNNBIP1,1.5107012001675812
GFI1,TMEM222,1.5106381205264825
HIVEP3,FAM87B,1.5104370969199625
HIVEP3,CPLANE2,1.5103738798377493
FUBP1,CCDC17,1.5103331864504288
GMEB1,KIF1B,1.5103142077675824
HES4,LYPLA2,1.509607034056641
TFAP2E,ELOA,1.5090255518186149
FOXJ3,RBM15-AS1,1.5082977705296423
NFYC,EPS15,1.507908310781037
GFI1,EXOSC10,1.5078676384393637
NFYC,TAS1R1,1.5078223574849525
RUNX3,CLCA1,1.5076376600000143
FOXJ3,CD53,1.5075639665610545
FUBP1,LYPLA2,1.506875152621789
GFI1,PGM1,1.5068520862756447
YBX1,GFI1,1.5068410571484276
RUNX3,MAST2,1.5061185059653939
FUBP1,CYB561D1,1.505754698429057
NFYC,ARHGEF19,1.5056029622086697
FUBP1,FHL3,1.505560192884668
JUN,GLMN,1.505251400593978
RUNX3,TMEM39B,1.5048157971641072
HES2,ACAP3,1.5046479177169765
MTF1,C1QA,1.5035092897623248
JUN,CMPK1,1.5033295803043265
JUN,CPTP,1.503102267987337
RUNX3,RPL22,1.5030927411151314
MTF1,PHC2,1.5025795465278733
YBX1,CHI3L2,1.501729602712264
POU3F1,MECR,1.501531614304178
FOXJ3,GNB1,1.5012877314751234
MTF1,NPHP4,1.5007563837688054
FUBP1,CCDC30,1.500486817753762
ENO1,MMACHC,1.499996543103334
MTF1,INKA2-AS1,1.4999450122117293
MTF1,GNG5,1.4991277860338492
ID3,RPL22,1.499104248650346
RUNX3,SRRM1,1.499032133443385
POU3F1,PARK7,1.4987401871366106
ENO1,GRIK3,1.4987348606189448
FUBP1,CEPT1,1.4985873916913675
ENO1,H6PD,1.4976750879439176
GFI1,CD2,1.4975888690720573
YBX1,ABCA4,1.4975688825016007
MTF1,RBP7,1.496879112274359
NFYC,STRIP1,1.4959411283480384
ENO1,CEP104,1.495624097761326
HIVEP3,WDR47,1.4949575812793292
FOXJ3,THRAP3,1.494591498064614
JUN,SRSF11,1.4944552179065447
NFYC,TMEM167B,1.4943904553653586
ENO1,XKR8,1.4937480620480508
NFIA,LINC02795,1.4932811188482398
TP73,LRP8,1.4931636663993941
FOXJ3,CNKSR1,1.4923578102091117
FUBP1,GBP2,1.4922310227431075
HIVEP3,SH3BGRL3,1.4921483307257348
HES4,DENND2C,1.4914798229795831
POU3F1,NDUFS5,1.491351839406066
MTF1,KDM1A,1.49135011856998
ENO1,CTNNBIP1,1.4913130510325625
ENO1,VAV3,1.4910314878116202
POU3F1,DIPK1A,1.490443804314671
ZNF683,ELOVL1,1.4904254306868725
NFIA,PRKAA2,1.4897665772496667
NFIA,AGTRAP,1.489716639282749
FOXJ3,SPATA6,1.4886122773094013
YBX1,PLA2G2D,1.4886025047102398
NFYC,NEXN-AS1,1.488467409090653
ENO1,ZBTB8OS,1.4882005630781459
GFI1,CORT,1.487846639081679
RUNX3,GSTM4,1.4875770340148908
ZNF691,AMY2B,1.487555356683196
GFI1,HYI-AS1,1.48730045511315
NFYC,CTPS1,1.4871456192466561
FOXJ3,LINC01714,1.4870983590406612
JUN,DPH2,1.4870154245649503
JUN,MEAF6,1.4866599394208708
FOXJ3,AGBL4,1.4862209401913176
FUBP1,SLC66A1,1.486157275721648
GMEB1,GPATCH3,1.4860680653741343
FOXJ3,ARID1A,1.4847953491392574
GFI1,DHCR24,1.4845912210609284
ID3,PLA2G5,1.484364879413453
YBX1,PPCS,1.484236170144548
ENO1,RPAP2,1.4837687485956346
ENO1,PEX14,1.4836096876417337
FUBP1,PDE4B,1.4836044210558608
ZNF683,TPRG1L,1.4827418271633084
FOXJ3,ECE1,1.4824320355474738
POU3F1,EXO5,1.4822487658749732
HES4,NBPF1,1.4821207809481678
FUBP1,TMEM35B,1.4820788824592062
FUBP1,C1orf127,1.4814997890164405
ENO1,TAF13,1.481366276660166
TFAP2E,PLCH2,1.4806195684322692
E2F2,ZNF436,1.4804515944545402
NFYC,TRIT1,1.4802459427058816
HIVEP3,TRIT1,1.4798797799609111
FUBP1,C1orf50,1.4788748032753338
JUN,CDC7,1.4784887068247208
NFIA,LURAP1,1.4784758162570626
FOXJ3,ACAP3,1.4783845281310772
HIVEP3,SZRD1,1.4783399809856708
TFAP2E,EYA3,1.478306623911137
NFYC,ZNF326,1.4769927614886527
FOXJ3,NECAP2,1.4769353674019836
RUNX3,RAD54L,1.4760233033040646
NFYC,P3H1,1.475915130902071
RUNX3,CDKN2C,1.4755182737647778
JUN,IL12RB2,1.47534547169055
ID3,UBXN10,1.474979336443797
TAL1,RCC2,1.474914048771373
ZNF684,GPX7,1.4742402687104283
FUBP1,AZIN2,1.473163056101246
FUBP1,GNG5,1.4728289873059017
TFAP2E,LINC01358,1.472758069262848
HIVEP3,AZIN2,1.4725734979674594
ZNF683,FNDC7,1.4724314091778605
HIVEP3,DBT,1.472282345866914
HIVEP3,AJAP1,1.4715924115693952
TFAP2E,CFAP74,1.471167615718979
YBX1,GSTM4,1.4711423639723593
YBX1,BCL10,1.47109044896996
RUNX3,MKNK1-AS1,1.4706016277501952
RUNX3,PDPN,1.470538416601777
JUN,LAMTOR5,1.4693667946069773
RUNX3,NBPF3,1.4688901568347636
HIVEP3,ODF2L,1.4688241895264635
TAL1,KIAA1522,1.4686683559853106
HES4,LRRC47,1.468643863550399
HIVEP3,PDE4B,1.4686355888157043
YBX1,UBE4B,1.4681167980370764
HIVEP3,TMEM39B,1.4679553578566535
RUNX3,DNAJC6,1.467889871189714
GMEB1,ARID1A,1.4675279520170008
NFYC,ZMPSTE24,1.467438810165111
ID3,MKNK1,1.4670063420124193
TAL1,MAGOH,1.466969950957248
NFIA,CEP85,1.4668883727625026
FOXJ3,KPNA6,1.4666621941239355
JUN,TNNI3K,1.4665915561827736
RUNX3,EFCAB7,1.4665755471242128
FUBP1,SIKE1,1.466167136465682
TP73,GNL2,1.4656628102762521
NFYC,DBT,1.4655198218110548
NFYC,CDC42-IT1,1.4652934418729546
NFYC,PDIK1L,1.4651470714354875
RUNX3,CDA,1.4649419326121975
GFI1,HDAC1,1.4647645602401662
ID3,NRDC,1.464730879254049
NFIA,MEGF6,1.4646114158932009
TFAP2E,FGGY,1.4643292067110327
HIVEP3,ISG15,1.464170515744658
FOXJ3,SORT1,1.4640888605848996
ZNF691,LINC01355,1.4637664637280834
HIVEP3,MMP23B,1.4633054912990822
RUNX3,TAS1R1,1.4630963971049855
E2F2,DNAJB4,1.462846130365981
FUBP1,RBM15,1.4623747848507327
TP73,ZFP69,1.4622319026821802
NFIA,CAMK2N1,1.4620199140082633
FOXJ3,ANKRD65,1.4617338201927719
YBX1,ZMYM4-AS1,1.4616017590779462
JUN,KCNAB2,1.461021423204286
E2F2,LRIG2,1.4609503418319212
NFYC,HIPK1,1.460838184687859
ZNF684,TMEM51-AS1,1.4608203199486807
FUBP1,RUNX3,1.4606563626014952
RUNX3,MXRA8,1.4603101462297439
RUNX3,C1orf185,1.4603101095857938
ZNF683,MAN1C1,1.4599380721833863
ENO1,RLF,1.4594082582292982
HIVEP3,LEPR,1.4593752741055568
MTF1,ZNF593,1.458839095667897
POU3F1,RNPC3,1.458643124886025
TAL1,INKA2,1.458467621048474
NFIA,LINC01676,1.4584662875630645
NFIA,IFFO2,1.458113470460762
GMEB1,INTS11,1.4568812898449985
JUN,LINC00339,1.456754547344827
YBX1,LIN28A,1.4567028377758329
E2F2,CPT2,1.456599280585428
HES4,MFN2,1.4561641774079834
NFYC,CCDC18,1.4559624759535774
HIVEP3,LINC01712,1.454623367060479
ID3,LRRC7,1.4544698539137253
JUN,CELA3A,1.4542705697741825
YBX1,TRIT1,1.4542698030377303
GMEB1,PADI4,1.454159486238408
NFYC,CDCP2,1.4539548257200006
NFYC,PHF13,1.4531904523817842
JUN,UROD,1.452933192782162
JUN,USP1,1.4529215264198103
NFYC,BSDC1,1.4524788437072873
HIVEP3,INKA2,1.4516384601421712
JUN,DDI2,1.4516318738012868
HIVEP3,CCNL2,1.451607031549022
RUNX3,EIF3I,1.4515216341098152
FUBP1,RSBN1,1.451521466737993
HIVEP3,EPS15,1.4514306915510862
FOXJ3,SELENOF,1.4513078782582296
GMEB1,ITGB3BP,1.451188970762657
HIVEP3,PINK1,1.4504928418481622
POU3F1,UQCRH,1.450481803063708
HIVEP3,MCOLN2,1.4504063157074083
YBX1,TRIM62,1.449402122579175
YBX1,CTBS,1.4493507209738008
HIVEP3,RAB42,1.4492593029417682
FOXJ3,FPGT,1.4490492852171524
YBX1,ACAP3,1.4488683225790775
FUBP1,BCAS2,1.448574773522196
HIVEP3,CAMTA1-DT,1.448180419639671
GMEB1,OSBPL9,1.4481749094783536
GMEB1,WDR77,1.4480645266824053
NFIA,CLCA4-AS1,1.4478037169130151
FUBP1,RBMXL1,1.4477637095464067
YBX1,EFCAB7,1.4476027988959956
ZNF683,EFCAB14,1.44750568478687
POU3F1,CHI3L2,1.4472485450190322
TFAP2E,LINC01409,1.4467677035716167
NFYC,TMEM200B,1.4464278530512906
GMEB1,BCAR3,1.4458754956230992
JUN,ELAVL4,1.4455459472330214
HIVEP3,PPP1R8,1.4449538918647966
HIVEP3,ZNF691,1.4445987283053559
NFIA,ENO1-AS1,1.444288377217311
RUNX3,LINC00339,1.4438528996020137
YBX1,RIMS3,1.442815167572676
RUNX3,LSM10,1.4426917074006818
FUBP1,MYSM1,1.4426691187950065
ENO1,SYPL2,1.4426516169536765
E2F2,MEAF6,1.441518718074588
FUBP1,KIAA2013,1.4414572288088239
HIVEP3,CACHD1,1.4413395089763148
NFYC,DAB1,1.4412438270628782
TP73,SLC35D1,1.4410312191464318
ENO1,TNNI3K,1.4410043292225883
HES4,C1orf159,1.4407041455633944
ID3,EMC1-AS1,1.440563111896243
FUBP1,SFN,1.4395493986048853
FUBP1,P3H1,1.4391712562611094
GMEB1,TOE1,1.4389847339793163
POU3F1,DMAP1,1.4388831946165823
GMEB1,YIPF1,1.4387256610825705
MTF1,DHCR24,1.4386657903859486
HIVEP3,ZNF684,1.4371470912212607
JUN,POMGNT1,1.4371417310552688
NFIA,LINC01364,1.4370669517248071
E2F2,SZT2,1.4365395251840196
GMEB1,SELENON,1.4365172317480508
POU3F1,MCOLN2,1.4364638946767387
GMEB1,NPPA,1.436239426629918
TP73,GPX7,1.4357284055290618
ID3,DNAJC6,1.435675645890051
FOXJ3,NRDC,1.435338536660925
NFYC,WDR77,1.4351336342236085
GMEB1,SLC16A1-AS1,1.433911884667079
FUBP1,FBXO42,1.4338470037735471
NFYC,DHCR24,1.4330933275292608
GFI1,BCL10,1.4329301415004174
YBX1,LMO4,1.432873601619511
MTF1,CAP1,1.4327977289204918
ENO1,SHISAL2A,1.4327639778047774
JUN,HES4,1.432731750806815
TFAP2E,SLFNL1-AS1,1.432619175896594
JUN,PRPF38A,1.4320372198090328
FUBP1,HNRNPR,1.4319311283335345
GMEB1,SESN2,1.4316084508324076
ZNF684,RUNX3,1.4306424637936672
FUBP1,KIAA1522,1.4306078763869514
NFIA,ATP1A1,1.43048775507287
HIVEP3,PHACTR4,1.430349986817226
JUN,ATPAF1,1.4300152024256012
ZNF684,ARHGEF19,1.429903799086949
RUNX3,MATN1-AS1,1.4295173295662638
NFYC,ZBTB40,1.4293787068497659
JUN,GSTM1,1.429240114715871
RUNX3,ZFYVE9,1.4289020420826088
NFIA,PIGV,1.4285707632209184
NFYC,SZRD1,1.4284812491466359
GFI1,DDX20,1.428156716936271
FUBP1,CPT2,1.4281435528841238
RUNX3,GSTM2,1.427351865064631
FUBP1,GLIS1,1.4272389964246706
RUNX3,MUL1,1.4267475327569854
FUBP1,WLS,1.4266973203820672
NFYC,KIF1B,1.4266566260726765
POU3F1,PATJ,1.4263357989201775
ENO1,AMIGO1,1.425637109693325
HES4,RCAN3AS,1.425250075666618
MTF1,ID3,1.4252181632969496
FUBP1,CDC42-AS1,1.424492909239777
FUBP1,ATAD3B,1.4242821897606872
ENO1,HFM1,1.4242730563152295
FUBP1,IQCC,1.4233794193389968
GMEB1,ZCCHC17,1.4232267965791154
YBX1,GPBP1L1,1.4227309367391734
RUNX3,WNT2B,1.4211150145873568
HES4,PABPC4,1.4209335324727663
HIVEP3,EFCAB14-AS1,1.4207840072970792
NFYC,CTNNBIP1,1.420027946224522
FOXJ3,KLHL17,1.4199970797790908
FOXJ3,GNG12,1.4197008416547374
GMEB1,MTF2,1.4194711713576482
RUNX3,CDC42-AS1,1.4194687940483115
ID3,LCK,1.4193915267187092
MTF1,PTPRU,1.419374698481783
ENO1,LINC01768,1.419177733013357
HES2,ST7L,1.4187781021225045
JUN,TRNAU1AP,1.418668218041498
RUNX3,SYF2,1.4173319651818461
HIVEP3,RCAN3,1.4172033660793526
FUBP1,SMIM1,1.4168524753414384
GMEB1,AKIRIN1,1.416790473195148
JUN,MEGF6,1.4166671949314504
JUN,NOC2L,1.4158155506713002
NFIA,CNR2,1.4155634888619262
ENO1,MAGI3,1.4153724634850235
GMEB1,MARCKSL1,1.414899138892916
HIVEP3,TAS1R1,1.4148875256850757
FOXJ3,ARMH1,1.4144532282905211
FUBP1,LINC00115,1.4141595951605355
GMEB1,GBP2,1.4138762217491718
FOXJ3,YRDC,1.4138233217459732
HES4,SZT2,1.4138076856356028
ZNF684,BCAR3,1.4136427056963075
E2F2,ZBTB17,1.4134680394856451
ZNF684,DAB1,1.413382096749486
RUNX3,PER3,1.4132623190027034
HIVEP3,ERI3,1.4127543209470084
MTF1,H6PD,1.4124946872470638
HIVEP3,RABGGTB,1.4121652372514901
YBX1,SLC25A24,1.4120944930720114
HIVEP3,AGRN,1.412012496067482
FOXJ3,TMEM35B,1.4118561212015002
NFYC,SYNC,1.4115330410918703
FUBP1,MTFR1L,1.4111229077648169
GMEB1,SRSF10,1.4107676473020074
HIVEP3,KYAT3,1.4105298992429363
GMEB1,S1PR1,1.4104289560163947
RUNX3,CZIB,1.4104043731994431
ID3,MASP2,1.4101779681523148
NFYC,A3GALT2,1.4095985321385187
RUNX3,WDR47,1.4088478694018063
FUBP1,PTGFR,1.4085645000444882
ENO1,FNBP1L,1.408521441425899
HES4,COL9A2,1.40846709165466
YBX1,SLC35A3,1.4084274756606658
YBX1,RCC1,1.4080299654197466
ENO1,MIR4422HG,1.4075357956999197
RUNX3,MUTYH,1.4072400446237214
GMEB1,CSDE1,1.4067230380307463
FUBP1,MAGOH,1.4066678354516406
TP73,ALG6,1.4065655020891108
GMEB1,SYF2,1.4063823529125785
YBX1,LINC01712,1.40608561748114
FUBP1,AGO4,1.4060744526384104
NFYC,CLCC1,1.4057074896059234
ENO1,TRMT13,1.4054951782912863
JUN,CASZ1,1.4053248973858563
FUBP1,RBBP4,1.4051093742460905
ENO1,HMGCL,1.404796426098686
HIVEP3,ATP1A1-AS1,1.4040040897576476
RUNX3,MYSM1,1.4038316226478809
MTF1,MMEL1,1.4037004847119423
GMEB1,STX12,1.4034423513174699
FOXJ3,MORN1,1.403305848373867
FUBP1,BEST4,1.4032416690561589
RUNX3,INTS11,1.4030898450178904
FOXJ3,RBMXL1,1.402526734487396
TFAP2E,SZRD1,1.4020746244733506
JUN,C1orf146,1.4019998544171952
JUN,CD53,1.4019713591879512
HIVEP3,TNFRSF1B,1.4014985625424385
FOXJ3,CAMK2N1,1.400655135875587
FUBP1,TMEM222,1.4004825978376438
ENO1,MMEL1,1.4000385554490775
NFYC,TRIM45,1.3997103304758325
ENO1,HIVEP3,1.3996679036026214
HIVEP3,FNDC7,1.39914784684998
ENO1,TTF2,1.3990890438081165
GMEB1,GSTM4,1.398709520174348
ZNF684,MKNK1-AS1,1.398692624927745
HIVEP3,ZNF436-AS1,1.3984097672504392
FUBP1,C1orf162,1.398343297467489
JUN,TOE1,1.3980200648302716
YBX1,PLA2G2C,1.3978699094196976
HIVEP3,HSPG2,1.3977095458763653
NFYC,NIPAL3,1.3960682437176741
YBX1,PARS2,1.3953499683329955
NFYC,LRRC42,1.3951765317308307
YBX1,DPH5,1.3951398617338513
HIVEP3,TCEANC2,1.395134233123902
E2F2,AKR1A1,1.3944770843763972
ENO1,FABP3,1.3944736832148388
RUNX3,PLOD1,1.3942620059086597
ID3,DMAP1,1.3941884909593634
NFYC,LAMTOR5-AS1,1.394104887723156
HIVEP3,ELAVL4,1.3940222912635511
TAL1,ATAD3B,1.3938982808316427
MTF1,TNFRSF8,1.3937843437010122
MTF1,SZT2,1.3937075691894125
HIVEP3,PITHD1,1.393705935546672
ID3,GLIS1,1.3931877990632506
ZNF691,COL24A1,1.3929222287423957
E2F2,JAK1,1.3924822080623247
FUBP1,ERI3,1.3921144065348625
TFAP2E,MORN1,1.3917648313347009
HES4,CAPZB,1.3912637711633111
TFAP2E,COL8A2,1.3911544596694432
TAL1,NBPF1,1.3909597051599727
ENO1,KLHL17,1.390669839755586
GMEB1,MAGOH,1.3900344594524499
RUNX3,KHDRBS1,1.3899620573811298
YBX1,TTC39A-AS1,1.3897784096776404
NFIA,SFN,1.3896856778927638
TFAP2E,MEAF6,1.3896236140990936
FOXD2,SYNC,1.3895731351226837
ENO1,STX12,1.389254600481375
ENO1,DCDC2B,1.3891116423560101
HES4,STX12,1.3887535935797795
RUNX3,USP33,1.3886202621503565
FOXJ3,PTGER3,1.3885823972089417
FOXJ3,ATAD3A,1.3885064508375435
POU3F1,FHL3,1.387825800767178
NFIA,OSBPL9,1.3875404194236336
E2F2,USP33,1.387391323048097
GFI1,NBPF3,1.3870987126595469
ZNF684,NBL1,1.3868448279644952
YBX1,NFIA,1.3867475776636247
ENO1,SLC30A7,1.3864284882873112
GMEB1,RCAN3AS,1.3862483798950425
ENO1,STXBP3,1.385886834449873
ID3,LINC01359,1.3854131663866054
RUNX3,GLMN,1.3852509726952706
NFYC,YIPF1,1.3850031715797062
YBX1,LINC01409,1.3849960599678648
MTF1,SDC3,1.384855922013551
HES4,CLCN6,1.3847294139428796
ENO1,KLHL21,1.3836148723182582
MTF1,BCAS2,1.3836046671071978
FUBP1,MACO1,1.383407962157771
GFI1,GCLM,1.3833744336021918
NFYC,CRYZ,1.383337454080002
ENO1,TNFRSF1B,1.383320396480415
GMEB1,PADI2,1.3828953081248156
GMEB1,PER3,1.3827351318151457
JUN,SRSF10,1.382411511306745
TP73,USP48,1.3824052551395367
FUBP1,GLMN,1.382329091585709
NFYC,ZNF691,1.381968419894098
HIVEP3,DIPK1A,1.3819375285435573
HES4,NMNAT1,1.3818044892143069
ENO1,NPHP4,1.3808010879103298
GMEB1,RNF220,1.3803287695342734
ENO1,DAB1-AS1,1.3792962104048603
YBX1,TNFRSF25,1.3789608304001595
ZNF684,CEP85,1.3781800850697559
ENO1,GBP3,1.3773422299345697
GMEB1,SPOCD1,1.3772446611091727
HIVEP3,BRDT,1.3771005924279704
HIVEP3,GBP3,1.3770899223102908
JUN,ZSCAN20,1.3768248370715752
FUBP1,PTGFRN,1.3762138346281754
RUNX3,PINK1,1.3759738304648352
ENO1,GBP2,1.375689093182563
RUNX3,TMEM50A,1.3755401992754597
FOXJ3,HTR6,1.3753164512139215
FUBP1,PRKACB,1.3753110660122876
E2F2,RPAP2,1.3745879281299718
E2F2,TNFRSF14,1.374242158606481
HIVEP3,CLCN6,1.3741808212030515
FOXJ3,C1orf174,1.3739975695671118
FOXJ3,MICOS10,1.3739771583797782
NFIA,PSRC1,1.3735530811001107
GMEB1,SPATA1,1.3733595554098363
POU3F1,PHF13,1.373096593990824
NFYC,FABP3,1.372945326682929
NFYC,LRRC40,1.3728395570491227
RUNX3,CDC42-IT1,1.3720533601019653
ENO1,GSTM3,1.3717812929824609
RUNX3,VPS13D,1.3704894367186722
JUN,USP33,1.3700457974495979
E2F2,MACF1,1.370027177858371
GMEB1,MROH7,1.369920923503859
YBX1,IPO13,1.3699133934867858
YBX1,EPS15,1.3694363448015112
POU3F1,DPH5,1.3693895994049288
GMEB1,HECTD3,1.3690179531297955
PAX7,KCNC4,1.3689812303430113
TFAP2E,DFFB,1.3686188270980224
MTF1,SELENOF,1.3685430666561769
FOXJ3,KCNA2,1.3682188366280887
YBX1,MFSD14A,1.3667386326307307
ZNF683,TTC22,1.3665023031749923
HIVEP3,MTF1,1.366420422633838
RUNX3,GJA9,1.366370176023661
POU3F1,GJA9,1.3652063453541734
RUNX3,FUBP1,1.3651388406708966
MTF1,NEGR1,1.364292533851728
E2F2,ACADM,1.3641393135847126
ENO1,AHDC1,1.3641192787702854
GMEB1,DFFA,1.3640980041646495
GMEB1,CD58,1.3637116878574849
HES4,DVL1,1.3637062699533016
ENO1,CHI3L2,1.3631522060281314
ENO1,NBL1,1.3627448229684034
ENO1,MFSD2A,1.3626992904398065
ENO1,ATG4C,1.3626098647204417
FOXJ3,ATG4C,1.362301361535689
ZNF684,GPSM2,1.3618557408712637
GFI1,C1orf141,1.3611330599138474
FUBP1,BTF3L4,1.3610801326568764
ID3,PIK3CD-AS2,1.3609592024694728
NFIA,LINC01342,1.3607852984217141
E2F2,CEP104,1.3602586527455878
FOXJ3,LEPROT,1.3598437929926568
FUBP1,TYW3,1.3597848106867365
HIVEP3,LINC01134,1.3596829976916764
HIVEP3,FOXD2,1.3595404019432922
ENO1,GPBP1L1,1.3592818933230733
ZNF691,IPO13,1.359123878872628
RUNX3,PIK3CD-AS2,1.358847676683813
ZNF684,DBT,1.3584532912834475
ENO1,SPATA1,1.3583150315625063
HIVEP3,SRSF4,1.3577166117873762
PRDM16,PEX14,1.3575519502845088
NFYC,PRMT6,1.3572356012687086
YBX1,KLHL17,1.356720984161242
FOXO6,THAP3,1.3566595767684513
GMEB1,NDUFS5,1.3562227392133581
MTF1,MAP3K6,1.3560529315755359
RUNX3,RPS8,1.3559611590819958
HES4,ORC1,1.3550564319393106
FOXJ3,OTUD3,1.3546981463892227
FUBP1,IFI44,1.354449932097126
ENO1,PTGFR,1.3543941983329724
HIVEP3,GALE,1.3540744020302677
GMEB1,E2F2,1.3539288764836053
FOXJ3,PATJ,1.3535684465885478
HES4,FBXO42,1.353399400827609
JUN,SELENOF,1.3524378539282012
POU3F1,SLC25A24,1.3521121646779566
HIVEP3,LINC01128,1.3520046500351697
GFI1,CCDC18,1.3518309525693386
FUBP1,USP33,1.3517246609777367
E2F2,ATP13A2,1.3515010934059268
YBX1,SLC35E2A,1.3514852646238094
GFI1,TMCO4,1.3514483021826147
NFYC,SPEN,1.3513610983127526
NFYC,THEMIS2,1.3513376883785821
JUN,PRXL2B,1.351261354570187
NFYC,LINC01359,1.3510096510249414
FOXD2,PIGV,1.3509743828554202
ZNF691,ALDH4A1,1.3495934662913038
RUNX3,KTI12,1.3495786612771352
NFIA,BCAR3,1.349562868211517
FOXJ3,ARHGEF10L,1.349547798990865
HES4,CEP85,1.3494797425285254
HIVEP3,ATP5PB,1.3490961552260825
FUBP1,GBP5,1.3490430790292756
MTF1,ST7L,1.3489384127421764
RUNX3,DVL1,1.3473964035004478
HIVEP3,YIPF1,1.3473526671556586
ENO1,SPATA21,1.3472040157533949
GMEB1,MUL1,1.346881881915784
MTF1,BSDC1,1.346595414245022
POU3F1,CLSPN,1.3461541190562167
FUBP1,MEGF6,1.3461470007864604
GMEB1,INPP5B,1.3459768260296832
FUBP1,ITGB3BP,1.345219693162524
FOXJ3,SRRM1,1.3451709161422918
NFYC,LINC00466,1.3441536664464548
FUBP1,SZRD1,1.3432172334839743
GMEB1,GTF2B,1.3432164163584768
E2F2,ZNF362,1.3426594918789931
JUN,PPIE,1.3422867249802395
FOXJ3,PDIK1L,1.342035432965037
NFIA,WDR77,1.3417517541837534
NFIA,MYCBP,1.341406612097726
TP73,ALDH4A1,1.3413082044748963
E2F2,TYW3,1.3410423260093165
NFIA,TENT5B,1.3408931928220031
NFYC,DFFA,1.3406516700502433
HIVEP3,LINC02780,1.340500612330401
NFYC,PRKAA2,1.3399473873764425
YBX1,GNL2,1.3394072081766002
JUN,MRPL37,1.3390108946805521
JUN,EVA1B,1.3389203682372401
HES4,PEF1,1.3388684483193327
FOXJ3,SLC2A1,1.3386641615680543
HIVEP3,SZT2,1.3386237078194267
JUN,TNFRSF14,1.33836337338185
RUNX3,MAGI3,1.3377165460382001
ID3,ECHDC2,1.3377155726348773
ENO1,S1PR1,1.3375457375822286
NFIA,ALG14,1.3372457782648555
FOXJ3,GMEB1,1.3365673994357128
FOXJ3,GPR3,1.3362528717771252
FOXJ3,PHC2,1.3361445080577157
RUNX3,EPB41,1.3357931029012546
FUBP1,LIN28A,1.3357273438663242
JUN,LINC02606,1.335682305127385
RUNX3,JUN,1.3356227397127847
FOXJ3,JUN,1.3355003721557943
NFYC,FRRS1,1.3354360778804049
ZNF691,HENMT1,1.3352868479015436
HES2,ATP13A2,1.3352051314166014
GLIS1,SPATA6,1.3346125077665043
POU3F1,JAK1,1.3342638479416378
FOXJ3,CTBS,1.3341657476821132
FUBP1,THRAP3,1.3340704768328886
NFYC,ZMYM4,1.3340048724344646
NFIA,ATAD3C,1.333757584517544
HIVEP3,GMEB1,1.3336892802363665
ENO1,RIMS3,1.3328220166205769
RUNX3,TMCO4,1.332728299100173
ID3,LINC01356,1.3324736746237267
E2F2,LINC01562,1.3324157810672896
FUBP1,THEMIS2,1.3321863236745128
FUBP1,TNFRSF8,1.3320595934795538
TAL1,MORN1,1.3320348052533006
GFI1,SF3A3,1.3317749917022705
JUN,LRP8,1.3314995619823582
YBX1,ALG6,1.3313958606519465
FOXJ3,THEMIS2,1.3313352484128413
NFIA,KIAA0319L,1.331066717000974
HIVEP3,POMGNT1,1.3309510142947074
TAL1,TMEM39B,1.33086636693783
FOXJ3,PHACTR4,1.3306680442445813
JUN,CEPT1,1.3305082460177309
E2F2,MAD2L2,1.3300270563948222
MTF1,SLC66A1,1.3299666017786762
GMEB1,ELOA,1.3297645724852467
GMEB1,IFI44,1.3297409554424835
TP73,DNAJB4,1.3297379224620944
ZNF691,HTR6,1.3294133339440033
HIVEP3,LRP8,1.3293049125946224
FOXJ3,LINC01756,1.3287936697075797
RUNX3,HENMT1,1.3286539378765576
RUNX3,HS2ST1,1.328340573985257
TAL1,ZMYM1,1.3282436824598705
ZNF684,ID3,1.328190389294916
HES2,NIPAL3,1.3281084734147508
E2F2,SYTL1,1.3273593184712213
ZNF683,PRKACB,1.3271936334337728
JUN,TMEM222,1.3270932225139422
ID3,AGL,1.3269160182846509
FUBP1,HES4,1.3266736946577042
YBX1,HMGCL,1.32663154048235
HIVEP3,ALG14,1.325902236179216
NFIA,BTBD8,1.325800154049499
ZNF691,LINC01725,1.3257366812213702
E2F2,EVA1B,1.3256344626839929
HIVEP3,KDM4A-AS1,1.3254842901262902
HIVEP3,IQCC,1.325444181472244
GMEB1,CORT,1.3251428318224137
GMEB1,PRPF38A,1.3250319581200443
HIVEP3,SLC35D1,1.3250302721106018
NFYC,THRAP3,1.324771318215725
GMEB1,IFI6,1.3243611579803658
GMEB1,PIK3CD-AS2,1.3233118535609354
NFYC,NCMAP-DT,1.3230858645673078
NFYC,WLS,1.3229830829622904
JUN,GPX7,1.32254191202547
ID3,GBP5,1.322016225563674
E2F2,MTF2,1.321751960328164
ENO1,PLA2G2C,1.321642438955092
GFI1,GPX7,1.321497507748671
FOXJ3,TNFRSF25,1.32143134506426
ENO1,LRRC42,1.3211494107880044
ZNF683,C1orf174,1.3210936204428156
GMEB1,STIL,1.3207624562507791
ZNF683,TFAP2E,1.3206715907399253
JUN,TRAPPC3,1.3205853122440745
FUBP1,PHC2,1.320342913777156
GMEB1,LAPTM5,1.3201014071353636
HIVEP3,FOXD2-AS1,1.3199640869326847
NFYC,CTTNBP2NL,1.3198984842756767
NFYC,ANKRD13C,1.3191135047407128
FUBP1,ST3GAL3,1.3187099096647823
YBX1,DNAJC6,1.3186153886128562
RUNX3,LRRC8C-DT,1.317608155433192
GMEB1,EIF4G3,1.317525433461811
MTF1,SNIP1,1.317355819269474
GMEB1,RNF11,1.3171597334260952
HIVEP3,P3H1,1.3171396686439585
GMEB1,LINC02785,1.3162360640684125
ID3,MIIP,1.316223214837201
GMEB1,XKR8,1.316036300069943
NFYC,GNG12,1.316000798275849
FUBP1,PRKCZ-AS1,1.3158537927951992
HES4,PPP1R8,1.315255913799294
NFYC,PANK4,1.3151220792268303
HIVEP3,CMPK1,1.3151083361643379
HIVEP3,BCL10,1.3147329189061192
NFIA,ADGRL4,1.3146023678943153
NFYC,MATN1,1.314355569523766
FUBP1,PTP4A2,1.3142464581049946
MTF1,CPTP,1.3142054711804672
ZNF683,RSBN1,1.314091869106752
FUBP1,S100PBP,1.3140521447842095
NFIA,CPLANE2,1.3134952454031361
ENO1,AGRN,1.3132085108329439
FOXJ3,TTC39A,1.3131268024642562
GMEB1,PTPRF,1.3131103878902364
NFYC,RNPC3,1.312987537122332
NFYC,LIN28A,1.3129607731735211
TFAP2E,C1orf167,1.3128598240736153
FOXJ3,EVI5,1.3127421009724445
HIVEP3,AGMAT,1.3124680019880808
FUBP1,MROH7,1.3119995901736936
FOXJ3,SESN2,1.311537590147168
POU3F1,ZDHHC18,1.3112941451451239
YBX1,OTUD3,1.3108060118906089
HIVEP3,NOL9,1.3102623884755782
POU3F1,RBP7,1.3101684457090463
MTF1,SDHB,1.3101655029714487
PAX7,CNR2,1.3101146152530339
POU3F1,CDC42-IT1,1.3100279295664323
FOXJ3,ZSWIM5,1.3098801349471627
FUBP1,LEPR,1.3088761700740044
YBX1,VAMP3,1.3087724789947792
ID3,PIGK,1.3083798068492307
GFI1,FBXO44,1.3082147734010154
FOXJ3,LINC01748,1.3076896411962
FOXJ3,SLC30A7,1.3075667078434212
HIVEP3,UBR4,1.307554678882446
JUN,ZRANB2,1.3074992123211475
GFI1,MIR4422HG,1.3074265150574924
GMEB1,FAM151A,1.3073747037683154
ENO1,EPHA2,1.307231416166377
RUNX3,PTP4A2,1.3064949482016035
ENO1,KDM4A,1.3059458098908163
FUBP1,GPATCH3,1.3056721016509134
FOXJ3,TENT5B,1.3055311892273282
NFYC,SFPQ,1.3049957532888221
ZNF684,SDC3,1.3047093725463272
GMEB1,SLC30A7,1.3043877344497423
POU3F1,ORC1,1.3041703299469196
GMEB1,MFN2,1.3041212376441598
NFIA,AGO4,1.303393867267192
FOXO6,MED18,1.303383418452089
JUN,SPSB1,1.303168579366652
HES4,LRP8,1.3027866154232346
NFYC,FUCA1,1.30246887676549
HIVEP3,CHI3L2,1.3024396477808957
FUBP1,AGL,1.3019660418230152
YBX1,PGD,1.3019257557457595
GMEB1,PIK3R3,1.301593729915228
HIVEP3,RSBN1,1.3014867744990917
MTF1,DFFA,1.3012519472665744
FUBP1,WNT2B,1.300602618735279
NFIA,EXTL2,1.3005717930225222
FUBP1,PTCH2,1.3004768257354762
NFYC,EVI5,1.3003450772029694
NFIA,SLC35D1,1.300213199279005
NFYC,PSRC1,1.3000699991386546
RUNX3,LRRC42,1.3000539549945456
FOXJ3,GBP2,1.2994997864885742
GFI1,NDC1,1.2992620436093847
JUN,FBXO6,1.2991425155201317
HES4,C1orf167,1.2991363778596463
HES4,SF3A3,1.2985595032231456
NFYC,GFI1,1.2982905217805234
E2F2,CSF1,1.2982739826853926
TFAP2E,ZYG11B,1.298025963629402
ENO1,AZIN2,1.297993898588794
E2F2,ACOT7,1.2979717861187168
RUNX3,CCDC30,1.2976081102646622
JUN,GADD45A,1.2975861111897449
YBX1,MYSM1,1.2972168927787062
YBX1,BCAS2,1.2969613189957039
ZNF684,SPATA21,1.2962917276116326
FUBP1,ST7L,1.2962459719871358
NFIA,LRRC7,1.2960229845638542
FOXJ3,C1orf185,1.2953821915108097
FUBP1,LINC01768,1.2944212595482185
POU3F1,SDF4,1.2940907597102254
JUN,UBIAD1,1.2939023843690445
ZNF683,UBE2J2,1.2933084166279198
FUBP1,SKI,1.2932333523355404
YBX1,SYT6,1.2931950856520744
FOXJ3,ST6GALNAC3,1.2930281548922282
NFYC,CACHD1,1.2929972469747837
RUNX3,SYT6,1.2928329746899254
ENO1,NCMAP-DT,1.2925301874771173
HES4,MIIP,1.2921704307669595
HES4,PRXL2B,1.2921553981901854
RUNX3,TMEM69,1.292121395837511
FUBP1,RRAGC,1.2916774605546157
GMEB1,BEND5,1.2916761660416651
YBX1,CCNL2,1.291347653550993
HES2,RNF207,1.2912808440568055
NFYC,KDM4A,1.29083611885702
POU3F1,PTP4A2,1.2907362677691572
FOXJ3,FAM87B,1.2907180160494016
GMEB1,TRIT1,1.2906603197533935
MTF1,ARHGAP29,1.2905054297348342
ENO1,BRDT,1.2904151876842267
FUBP1,PLCH2,1.2902339198013653
RUNX3,RPL5,1.2900516113734641
FUBP1,ALG14,1.2898440587916429
YBX1,TNFRSF4,1.2895201271063172
POU3F1,NOL9,1.2893918861569216
HES4,MICOS10,1.289332176315172
GMEB1,USP48,1.2890426217172952
HIVEP3,DHDDS,1.2890209682601108
GMEB1,ZYG11B,1.2877285250931774
FUBP1,L1TD1,1.2875896736498433
HES4,SZRD1,1.2872343570343638
RUNX3,CELA3A,1.2871753249492641
ZNF691,CLSPN,1.2868255234692079
MTF1,OPRD1,1.2866317817319595
NFYC,CZIB,1.2866165267982577
JUN,YRDC,1.2863095369626865
NFIA,DFFA,1.2861285226576598
FOXO6,CDC42-IT1,1.2860058649265054
POU3F1,TNFRSF18,1.2859518184540697
POU3F1,TSSK3,1.2859397481008292
E2F2,SELENOF,1.2857644406322482
FOXJ3,C1orf52,1.2853675397535675
FOXJ3,MRTO4,1.285071341954429
ZNF683,MRPL20-AS1,1.2845390405333545
NFIA,TACSTD2,1.28414329855565
HES4,CD2,1.2841024072801648
RUNX3,ATP5IF1,1.2838444064576209
ENO1,LINC01707,1.28382282463564
HIVEP3,ARID1A,1.283768654537409
NFYC,ATG4C,1.283673795486771
GMEB1,NPHP4,1.282893424874773
FOXJ3,CCDC18,1.2825961218411852
NFYC,RCAN3,1.2825529410170133
GMEB1,KPNA6,1.2824454170517354
YBX1,WNT4,1.2823003622037183
TP73,TMED5,1.282119460491702
GMEB1,EMC1,1.2818676524367687
POU3F1,LRIG2-DT,1.281636620722454
HES4,CASQ2,1.2814062405114965
TAL1,LINC01765,1.281275609568853
YBX1,ZMYM6,1.281188726750409
FOXJ3,LSM10,1.280641722289817
JUN,AP4B1-AS1,1.2804077520229444
YBX1,LRRC8C,1.2803047679528887
POU3F1,TMEM222,1.280208514521028
FUBP1,MTF1,1.2801810632224973
ZNF683,PLCH2,1.280108464439929
YBX1,NPHP4,1.2800681894209232
NFYC,MAP7D1,1.2799633299857796
GMEB1,AGO4,1.2794188533364932
ZNF684,TSPAN2,1.2793720383925606
NFYC,FYB2,1.2793596048900604
TAL1,B4GALT2,1.2793142568963511
FOXJ3,AGO1,1.2790237856031352
PAX7,NMNAT1,1.2785963214173974
NFYC,MCOLN2,1.2784620023206117
RUNX3,XKR8,1.2781389525281766
GMEB1,DNTTIP2,1.2778019645234662
NFIA,C1orf141,1.277715741915499
FOXJ3,CAPZA1,1.2776476935552752
ZNF691,RAD54L,1.2776432781044151
MTF1,CDC42,1.2773048151755073
FOXJ3,COA7,1.277195346103318
NFYC,AKR1A1,1.2769404512331635
HIVEP3,PUM1,1.276737057880775
YBX1,MIIP,1.2766040996857124
HES4,YBX1,1.2764200425770182
POU3F1,TMEM50A,1.2758138730298092
FOXJ3,FUCA1,1.2755665062290331
HIVEP3,ZNF326,1.2754299101863464
TFAP2E,VANGL1,1.2750864727719833
NFIA,TMEM234,1.2750127495789378
NFYC,CAMTA1,1.2745226995563463
MTF1,NDUFS5,1.2744281915090785
FUBP1,SNHG12,1.2743810260918083
NFYC,SCP2,1.2741906790002482
E2F2,FOXJ3,1.2740758724708263
ZNF683,PIK3R3,1.273906433776051
GMEB1,KHDRBS1,1.2735396266991152
ID3,GADD45A,1.2731891461661888
ZNF691,CACHD1,1.2724674937602618
E2F2,NSUN4,1.2723550431412995
FUBP1,ALG6,1.2717371312097026
HES4,UBE2J2,1.2714286031303215
FUBP1,ZNF691,1.271146263848613
RUNX3,CSMD2-AS1,1.2708479516059956
ZNF691,NCMAP-DT,1.2708195044697714
MTF1,FRRS1,1.2704168228402994
RUNX3,TXLNA,1.2703863646528195
FOXJ3,WDR77,1.2702969401817739
HIVEP3,PLA2G5,1.2700383565826348
ZNF684,PLPP3,1.2693957633668258
GFI1,AKR7A2,1.2690838836630927
HIVEP3,CD52,1.2686903362031818
NFYC,TNFRSF8,1.2685322821655172
GFI1,HIVEP3,1.2681740843744844
GMEB1,RHCE,1.2673986011372858
JUN,TM2D1,1.2671506965920547
GMEB1,TMEM69,1.2670128160659155
GMEB1,RBMXL1,1.2666588345837055
ENO1,EPS15,1.2654199369575105
HES4,ZNF326,1.2653479777917864
GMEB1,IPO13,1.2648576020283966
YBX1,NGF-AS1,1.2647623488565571
FUBP1,LINC02606,1.2647302832019507
RUNX3,UTP11,1.264598410907047
JUN,MRPS15,1.2645396700072586
MTF1,ZSWIM5,1.2640312780933667
ENO1,FBLIM1,1.263872327114398
NFIA,PLK3,1.2637761233972886
FUBP1,CSMD2,1.2637464111262455
MTF1,LIN28A,1.2635474000124756
NFIA,LRRC39,1.2634631550833968
NFIA,FAM151A,1.2631897844417763
ENO1,EPHX4,1.2630874115386923
GMEB1,C1orf159,1.263058546971786
NFYC,NEXN,1.2626380430369584
MTF1,LINC01135,1.2625772074065333
NFYC,GPR61,1.2625696743217947
NFYC,HPCAL4,1.262484935860641
HIVEP3,CTPS1,1.262337142862841
NFYC,ZYG11B,1.2622228137998113
GMEB1,SYTL1,1.262203286574191
TFAP2E,ATXN7L2,1.2621272579988325
FUBP1,KDM4A,1.2618794034936864
FUBP1,B3GALT6,1.2614570719087665
ID3,KDF1,1.260943354921693
FUBP1,AK5,1.260783024896307
NFIA,CEPT1,1.2604270993296611
ENO1,CASP9,1.2603848693296569
FUBP1,TNFRSF14-AS1,1.2601134241674095
NFYC,CELA3A,1.2600287928564515
E2F2,B3GALT6,1.259840764863375
MTF1,PNRC2,1.2596834998846047
HES4,SLC25A24,1.2593637872927301
GMEB1,WASF2,1.2591990167926288
FOXJ3,DHCR24,1.2587212299128299
RUNX3,THRAP3,1.2584495149673254
GMEB1,PPM1J,1.2583428495139422
GMEB1,ZFYVE9,1.2582784785212684
HES4,MYSM1,1.2582351623785664
HES4,ATP1A1,1.257866424763804
FOXJ3,SMPDL3B,1.25769969878182
FOXJ3,CSDE1,1.2570860802717996
PAX7,ATPAF1,1.2568029165902932
YBX1,USP48,1.2561910546479442
MTF1,GSTM2,1.2557686593033113
MTF1,FAM229A,1.255767106187537
TP73,DRAXIN,1.2556414544301193
ZNF684,MKNK1,1.2555834032413011
NFYC,LINC01635,1.2554019202481896
FUBP1,C1orf52,1.255257885612363
RUNX3,TMEM59,1.2550391371935659
FUBP1,ISG15,1.2544844069050078
E2F2,KPNA6,1.2541929318802294
POU3F1,MDS2,1.2536838213099606
RUNX3,NBPF1,1.2534799673796222
ENO1,TUT4,1.253404627426344
ZNF683,MACF1,1.2533214156674
E2F2,AHCYL1,1.2531377519151543
ZNF683,PDIK1L,1.2528126636233625
ENO1,FBXO42,1.2526063338195745
FOXJ3,CLCC1,1.252231990263913
FOXJ3,GPSM2,1.2516089641488455
ENO1,FBXO44,1.2512522944728937
GFI1,AGMAT,1.2505842347217804
GMEB1,DHCR24,1.2505139095267925
JUN,TNFRSF1B,1.2504559441517242
FOXJ3,ROR1-AS1,1.2503055471339208
ZNF684,UBE4B,1.2502601224599839
E2F2,S1PR1,1.2497944799007972
HES4,FABP3,1.2488870795630822
NFIA,ZMYM1,1.2485101779535355
NFIA,HIPK1,1.2482648022644725
MTF1,TXLNA,1.248226463458777
NFIA,ERRFI1,1.2481413378831323
HES2,SCMH1,1.2479024046093536
ZNF683,ZRANB2,1.2478138154242535
GMEB1,PRKCZ,1.2472980550517914
JUN,NRAS,1.2471945803356281
NFIA,HYI,1.2464464824873955
ZNF684,HSPG2,1.2463393103750675
ENO1,PDPN,1.2460149068741821
HIVEP3,ABCD3,1.2453688578100424
YBX1,DDAH1,1.2452464191696813
FUBP1,KIF1B,1.24481940206676
FOXJ3,WASF2,1.2443058468909731
RUNX3,CD53,1.2441530311887794
HIVEP3,TRIM62,1.243895442150082
YBX1,ZNF326,1.243890926448101
YBX1,RNF207,1.2438594811091332
RUNX3,S100PBP,1.2435992559278766
GMEB1,CSF1,1.2434516431484446
NFIA,CRYBG2,1.2434105386464351
ENO1,LINC00339,1.2422170770727077
TAL1,CPTP,1.2419402086598552
HIVEP3,CAPZA1,1.2415716266154242
ZNF683,MTF1,1.2415186482610798
ENO1,SLC44A3,1.240845747729514
FUBP1,KTI12,1.2407550646666257
FOXJ3,CMPK1,1.240522604705202
FUBP1,CLCA4,1.2404002297206091
GMEB1,HNRNPR,1.2395759772295527
GMEB1,SRRM1,1.2395640465640363
YBX1,CAMK2N1,1.2394391184690183
ENO1,TTC22,1.2394238977918266
JUN,HTR6,1.2393722861392609
FOXD2,MATN1-AS1,1.2392602953274956
FUBP1,IL12RB2,1.2391438084917838
E2F2,RPS6KA1,1.239105987074068
NFYC,BTBD19,1.2388776667505614
FOXO6,FNBP1L,1.2387376721133394
TP73,MIB2,1.2385428442318085
YBX1,HS2ST1,1.238504235730195
YBX1,CD58,1.2382317076613647
JUN,ICMT,1.237964188755108
YBX1,ZMPSTE24,1.2376108052053347
NFYC,PRXL2B,1.237339992220102
JUN,KLHL17,1.23724104924886
NFYC,TNFRSF1B,1.2371847634774082
NFYC,EYA3,1.2370307392984012
MTF1,ATXN7L2,1.2367384220958093
HIVEP3,FAF1,1.236657439099121
FUBP1,LINC01788,1.2363886456585274
JUN,MRTO4,1.236352943520161
MTF1,SLC2A1,1.2356215804106225
POU3F1,BCL10,1.2353428295132358
JUN,SLC35E2B,1.2349565386336263
NFIA,FAM76A,1.2342356504735426
NFYC,GPN2,1.2338985000042526
POU3F1,AKR7A2,1.2332224697661784
ENO1,LDLRAP1,1.2328437839419144
HIVEP3,SLC66A1,1.2328313199783545
MTF1,GSTM3,1.2327549225728973
HIVEP3,NEXN,1.2324561868699906
FUBP1,AP4B1-AS1,1.2319409933812289
FOXJ3,ZCCHC17,1.2315864663337732
FOXJ3,EMC1-AS1,1.2315024785521496
GMEB1,CITED4,1.230643320400013
JUN,TP73,1.2302193525532579
ENO1,GNG12,1.2301991228879376
JUN,GALE,1.2296111505393283
TP73,PSMB2,1.2294846080140667
FOXJ3,RERE,1.2289887456421282
FOXJ3,GBP5,1.2281736861468753
GMEB1,TNFRSF8,1.2278690321770505
JUN,MRPL20-AS1,1.2278483947185546
POU3F1,B3GALT6,1.2276489932534504
HIVEP3,LSM10,1.2270641851172506
FOXJ3,CAPZB,1.2269839542814
FUBP1,FBXO6,1.2265618941867658
NFYC,SNIP1,1.2264850098159272
MTF1,SF3A3,1.2263345182406693
NFIA,ZBTB40,1.226316555991292
POU3F1,YRDC,1.226257664930811
NFIA,TMEM69,1.226190445253848
RUNX3,LINC01725,1.2260467642676136
GMEB1,KLHL21,1.225665041712696
HIVEP3,INTS11,1.22561488915722
RUNX3,COL11A1,1.2254214453333019
HES4,CCDC17,1.225375067443453
NFYC,EFHD2,1.2253396077512713
YBX1,TMEM35B,1.2246733102773049
NFYC,YBX1,1.2244164088498841
RUNX3,RHOC,1.2237739730438002
HIVEP3,NFYC,1.2236928393129016
HIVEP3,SCP2,1.2224744265242244
YBX1,MUTYH,1.2222908215543737
NFYC,VAV3,1.222149446905923
RUNX3,B4GALT2,1.2220376197356615
GMEB1,MYCBP,1.2217219370414198
RUNX3,TCEANC2,1.221535652671782
RUNX3,ZNF593,1.2210440399237699
HIVEP3,ENO1,1.2209712310097236
RUNX3,RTCA,1.2209248115130806
JUN,LNCTAM34A,1.2209095845508364
HES4,CLCC1,1.2206580425231939
HES4,LINC01141,1.2199403689286055
GMEB1,PHC2,1.2198331770470316
NFYC,RPS6KA1,1.219822535553324
FOXJ3,EIF4G3,1.2196585478794935
YBX1,SNX7,1.2195788702304
NFYC,AP4B1,1.219460213724211
ENO1,LINC01307,1.2192218607395673
RUNX3,CDCA8,1.219132287814019
NFYC,MOV10,1.2190575610858556
NFYC,PDPN,1.2189388725889772
HIVEP3,CEP104,1.21848042576102
ID3,MOV10,1.2184687053104866
FOXJ3,FUBP1,1.2183552222412188
NFYC,S1PR1,1.2183112748032212
ZNF683,CD2,1.2176956889169521
ZNF684,IFI44,1.216751622421037
NFYC,GADD45A,1.2164728713616453
MTF1,NFIA,1.2156891560805243
POU3F1,GPX7,1.2154480723629075
FUBP1,ATP1A1-AS1,1.2154130518969641
FUBP1,ATP5PB,1.2153839093229675
ZNF683,UTS2,1.2147833942858697
NFYC,MIB2,1.214666434598333
JUN,TNFRSF4,1.2143950530172984
HIVEP3,YRDC,1.2132302440720955
E2F2,SLC44A5,1.213207850166571
FOXJ3,CITED4,1.2130785287067416
TAL1,NCDN,1.212625409038943
RUNX3,ASB17,1.2123785608823612
ZNF691,MORN1,1.2118076582442068
MTF1,TMEM52,1.211134595720657
NFYC,MOB3C,1.2109003945522732
MTF1,PPIH,1.2108077575194591
MTF1,SLC2A7,1.2106875338477734
ENO1,AKR7A3,1.2106487623651
RUNX3,PARK7,1.2105484384916054
HIVEP3,LINC02812,1.2105450668535407
TAL1,CTNNBIP1,1.210450706166483
HES4,ATAD3B,1.210266317015615
NFYC,TMEM240,1.2101417866462358
HIVEP3,INPP5B,1.2100673507569017
YBX1,PLOD1,1.210051782804357
HIVEP3,CENPS,1.2100136463465438
ZNF684,MECR,1.209927456051154
YBX1,ERI3,1.2097994135851056
ID3,FHAD1,1.2094186389642454
FOXO6,PHACTR4,1.2093593426699827
MTF1,RER1,1.20935629271545
TFAP2E,FBXO2,1.208914418054518
FOXJ3,LINC01359,1.2089125376496335
HIVEP3,CCDC18,1.208678213305452
FOXD2,SLC35E2A,1.2084136263583072
RUNX3,AP4B1,1.208299278363329
RUNX3,AKR7A3,1.2077159547125718
RUNX3,CLCA4,1.207157246240536
E2F2,SZRD1,1.2070222136762323
JUN,LSM10,1.206920154787074
ENO1,THEMIS2,1.2068324944003639
FUBP1,PPT1,1.206708180995845
MTF1,PPP1R8,1.2065674596858225
ENO1,LINC01144,1.2064762989969349
MTF1,ZMYM4-AS1,1.2063708942875995
ZNF683,KLHL17,1.2063625993730571
POU3F1,LINC00339,1.2061809498450409
HIVEP3,SKI,1.206123145345066
TFAP2E,HS2ST1,1.2061138903846171
FUBP1,CLCN6,1.2059397408507408
NFYC,TNFRSF4,1.2057072296159537
ZNF684,ZMYND12,1.205233022209068
FOXJ3,TRIT1,1.2052087618026073
NFYC,TAF12,1.2044293106649908
GFI1,RUNX3,1.2044182660346083
NFIA,RHCE,1.2036546142912514
NFYC,CDA,1.2036408590915049
GFI1,TNFRSF14-AS1,1.2033827393571912
JUN,PEX10,1.2031909666133709
TAL1,RERE,1.2030644947636868
POU3F1,SSX2IP,1.20263733307697
FOXJ3,TMEM59,1.2026164562662782
FOXJ3,LINC02574,1.2019102143229126
NFYC,LRRC8D,1.2018565372924201
YBX1,LINC01672,1.2015459185597699
HIVEP3,GBP2,1.200246954596047
TP73,DHRS3,1.1993472189580154
E2F2,RHCE,1.1992642370442215
RUNX3,FAM229A,1.1992255634252758
GMEB1,YRDC,1.1988279204275483
GMEB1,OSCP1,1.19831867918924
TAL1,VAV3,1.1982052336446187
HES2,RPS6KA1,1.198181793992175
POU3F1,PSMB2,1.1980311933078993
NFYC,MIIP,1.1978249080112102
JUN,TGFBR3,1.1978129678827472
YBX1,TNFRSF9,1.1977016450064235
FOXJ3,LINC01772,1.1975536952530415
ENO1,PLEKHN1,1.1971481067578824
HIVEP3,DCDC2B,1.1966008598229512
E2F2,SSU72,1.1965538702009317
FOXJ3,PPIH,1.1959849517908416
ZNF684,ENO1-AS1,1.195860208740317
MTF1,LINC01709,1.1957509984058237
FUBP1,LRP8,1.1957148889988016
FUBP1,ZRANB2-AS1,1.1949532264763414
RUNX3,WLS,1.194943595801038
HIVEP3,CSMD2,1.194499330779544
NFIA,DPYD-AS1,1.1944962410418567
GMEB1,CDA,1.1943047609921962
NFIA,LIN28A,1.1941056876745821
RUNX3,FOXO6,1.193532135084906
E2F2,DDOST,1.1934407972219145
NFIA,DDX20,1.1932235164837464
NFYC,MACO1,1.1928721423924709
HIVEP3,RPS6KA1,1.1927466229671098
POU3F1,TXNDC12,1.1926082684423311
ID3,BCAR3,1.1924321627412233
ID3,SZRD1,1.1923090813048172
YBX1,PRDM2,1.1922659419263293
HES4,ID3,1.192184037475878
HIVEP3,KCNA3,1.1920499195047105
FUBP1,CD101,1.191604048249853
MTF1,MIGA1,1.191415129503807
GMEB1,SRSF4,1.1912642037834194
JUN,NECAP2,1.1909520192353995
YBX1,PRKCZ,1.1907752735981023
MTF1,FAAH,1.190592202812084
ENO1,CRYBG2,1.190538091110933
NFYC,CEP85,1.1900347876841901
ENO1,SLC16A4,1.189953715873456
ZNF684,GLIS1,1.1893241541650699
FOXJ3,ZMYM6,1.1888686324328865
ENO1,RNF19B,1.1884494526244445
TP73,COL9A2,1.1884131838822127
ENO1,ARMH1,1.18832285054319
NFYC,TPRG1L,1.1882307420125793
FOXJ3,ZBTB40,1.1872514398263327
ENO1,RNF207,1.18675608224565
ENO1,CLCN6,1.1867272502901296
GMEB1,VAV3,1.1866046817815743
YBX1,CDC7,1.1865772415298248
HIVEP3,SNHG12,1.186514425654537
GMEB1,RUNX3,1.1864599224735957
HIVEP3,ECHDC2,1.1859487829318247
HIVEP3,SELENOF,1.1853384841258874
RUNX3,SHISAL2A,1.1848766445561112
POU3F1,ENO1,1.1848755191424907
HIVEP3,SDC3,1.1848119702658026
NFIA,CFAP57,1.1847006491161902
MTF1,IFFO2,1.1838798104821702
YBX1,SLC44A3,1.183806116764499
FOXJ3,CTPS1,1.1836948292631786
RUNX3,SPATA1,1.183507323077678
ENO1,ALX3,1.183468746751051
GFI1,MAD2L2,1.183030866821405
ZNF691,TSPAN2,1.182753800311909
FUBP1,LINC01739,1.1827507746631736
MTF1,HIPK1-AS1,1.1826613153288374
FOXJ3,IPP,1.1823364001419798
GFI1,UBE2J2,1.1823334285175553
RUNX3,P3H1,1.1823268984753028
FOXJ3,LINC02777,1.1818211066872295
YBX1,DLGAP3,1.1809073452943946
HIVEP3,LINC02777,1.1808798475114635
NFYC,SLC16A4,1.180797227230434
HES4,WDR77,1.1807222122469185
YBX1,THEMIS2,1.1806176455573292
NFIA,MYSM1,1.1803587214727902
RUNX3,SESN2,1.1801812111662147
ID3,GSTM4,1.1800238945191428
RUNX3,FCN3,1.179442175979895
ENO1,NBPF3,1.179348136340513
FOXJ3,KANK4,1.1793370552725806
POU3F1,RLF,1.1792155806431572
E2F2,GBP4,1.1788823374590234
NFYC,LINC01781,1.1788504516659257
HIVEP3,SLC25A24,1.1788383225857189
HIVEP3,KDM4A,1.1786617936657096
MTF1,DDI2,1.1785511172339267
MTF1,SNRNP40,1.1782586547349019
ENO1,RAB3B,1.177841975783942
HIVEP3,PKN2,1.177688553067854
HIVEP3,PRKCZ-AS1,1.1776015369182748
FOXJ3,FBXO44,1.1770988469979569
YBX1,OMA1,1.1768509966293466
POU3F1,TSPAN2,1.1766373720412362
FOXJ3,LINC01765,1.176119502556637
NFIA,MUTYH,1.1760543775284633
FOXO6,XKR8,1.1759993598672447
NFIA,CELA2B,1.1759025226954332
PRDM16,SNHG12,1.1757611449716256
ZNF683,C1orf216,1.1752908376008973
HIVEP3,BSND,1.174957279402107
RUNX3,DMAP1,1.174686052530535
ZNF691,SNRNP40,1.1745622382285574
E2F2,TRNAU1AP,1.1744645402158076
YBX1,PDIK1L,1.1744179950358407
YBX1,LEPROT,1.1743720113533818
ID3,EFCAB14,1.1741832161094565
HIVEP3,SDF4,1.174160013125829
E2F2,EMC1-AS1,1.1739806879482333
MTF1,LINC01307,1.1738836458040576
JUN,LINC01714,1.1738069905511361
GMEB1,RLF,1.1736668335592184
ENO1,TMEM51,1.1734821580456756
ENO1,LEPR,1.1732061122040016
RUNX3,FHL3,1.1729606279390736
NFIA,FNDC5,1.1726770458328541
NFYC,LRRC8C,1.1725896423823186
E2F2,DNAJC16,1.1725492759007263
ZNF691,LINC01781,1.1723302856390703
ID3,NSUN4,1.1719363348262832
POU3F1,ZNF326,1.1710544448347588
GMEB1,SNHG3,1.1705774653666405
NFYC,DPYD,1.1699002039247641
ENO1,FAM76A,1.1697455007039264
YBX1,ODF2L,1.169561526883395
RUNX3,ZNF691,1.1695049309566452
FOXJ3,KIAA2013,1.1685686468352945
YBX1,SLC30A2,1.1676553085424786
GMEB1,SDC3,1.1674940511244016
ENO1,TIE1,1.1673109088666125
GMEB1,CDK11B,1.167238474549396
ENO1,CITED4,1.167150271309741
FUBP1,NDUFS5,1.1665534693339568
POU3F1,CYB561D1,1.1663126337113683
RUNX3,LINC01635,1.1661058606944272
ZNF691,TYW3,1.165778705918121
RUNX3,GPATCH3,1.165514193156071
NFIA,CENPS,1.16528158540325
E2F2,SLC16A1-AS1,1.165161683745017
NFYC,UBXN11,1.164725764250008
ZNF683,FNDC10,1.1645541432379487
NFYC,HENMT1,1.1643833052358037
GMEB1,EFHD2,1.1637737106150818
RUNX3,DNAJC8,1.1637110405447246
RUNX3,PADI4,1.1635412438513193
RUNX3,TAL1,1.1630739174854303
FOXJ3,TPRG1L,1.162988663100929
HIVEP3,MTHFR,1.1629878510405949
E2F2,ARHGAP29,1.1628172825448286
NFYC,ERI3,1.1627679956677692
HIVEP3,MYCBP,1.1623376391895293
RUNX3,CA6,1.1621575646445972
FOXJ3,LINC00339,1.1617181448572385
HIVEP3,GIPC2,1.1613643285951631
JUN,CCDC28B,1.1613128911664956
POU3F1,DENND2C,1.1604634661075768
HIVEP3,CZIB,1.1602752760815451
POU3F1,PRDM2,1.1597158641186676
FOXJ3,MTHFR,1.1595853176832813
FUBP1,LINC01709,1.159426298022695
JUN,ST3GAL3,1.1585126205258431
NFYC,PSMB2,1.1578592512204637
YBX1,LINC01725,1.1575784871357344
ENO1,TSPAN1,1.1568794219049778
GMEB1,GCLM,1.1568203369446466
RUNX3,BMP8B,1.1567114986965923
FUBP1,CSMD2-AS1,1.1558457785744596
HES4,PLOD1,1.155603979553739
ZNF684,AGL,1.1552404380645602
JUN,GFI1,1.1551732731157394
FOXJ3,KIAA1522,1.1551627178184567
YBX1,CNKSR1,1.1551336754490624
RUNX3,HNRNPR,1.1551253707526319
ENO1,LINC01160,1.1548866143764585
TFAP2E,PIK3R3,1.154587280958896
POU3F1,YIPF1,1.1544402057123753
FOXJ3,STK40,1.154397174812052
MTF1,CD2,1.1541801731048766
GMEB1,CNR2,1.1540852343733465
HIVEP3,TMEM50A,1.1540791455659136
NFYC,DFFB,1.1539773960528636
NFIA,RSRP1,1.1534920579855408
ENO1,ALG14,1.1530265544581373
FUBP1,RHOC,1.1528705670111405
FOXJ3,FRRS1,1.1528318687633867
E2F2,ELOA-AS1,1.152266082217423
ID3,WRAP73,1.1522157010347485
GMEB1,ST6GALNAC3,1.15180995767336
FOXJ3,SVBP,1.151478997738492
HIVEP3,MFSD14A,1.151052765998727
NFIA,LINC01772,1.1510069111937118
NFYC,TTC4,1.1509447911709616
ID3,MIB2,1.1507798321831688
ENO1,DNAJC6,1.150771463509505
RUNX3,ZMYND12,1.150708582278765
ZNF683,MTFR1L,1.1502817265362901
YBX1,ZFP69B,1.1499988093241666
JUN,C1orf127,1.1492232270561689
FOXJ3,LINC01135,1.149139553041285
TFAP2E,FBXO42,1.1489855465691285
GMEB1,PTBP2,1.1480711639779675
RUNX3,CYB5RL,1.148039000284481
FUBP1,PATJ,1.1476072059215359
ID3,FGR,1.147578536508279
FUBP1,GBP7,1.1472580411369857
NFYC,COL8A2,1.146968409141295
NFYC,DIO1,1.146796841057399
MTF1,SH3BGRL3,1.146493997834112
GMEB1,SLC25A24,1.146121950135706
FUBP1,SH3D21,1.1460531066355528
ZNF684,LINC02785,1.1459592762713378
E2F2,GPX7,1.145833576126459
RUNX3,TCEA3,1.1456380420484595
MTF1,CRYBG2,1.145621518429097
ZNF683,VANGL1,1.1455124106525905
FOXJ3,A3GALT2,1.1455019790539938
ID3,NBPF3,1.1452035694361322
HIVEP3,LRRC38,1.145179764948657
FUBP1,ELOVL1,1.1450356652533489
GMEB1,DR1,1.1449703647177822
NFYC,ENO1-AS1,1.1449232080529086
NFIA,BMP8B,1.1446805641531514
HIVEP3,SRM,1.1445781020568637
FUBP1,VANGL1,1.1444841364555798
GMEB1,ORC1,1.1443487653878044
NFIA,LRRC8D,1.1440374429496365
MTF1,ZMYM1,1.1438024135656812
RUNX3,LINC00466,1.1437712741540995
NFYC,TMEM234,1.1431604704064762
NFYC,PPIE,1.1426304711387532
FUBP1,ACOT11,1.142422169894531
HES4,ELOVL1,1.1419843926115731
TFAP2E,NBPF1,1.1416827346600515
RUNX3,EXTL2,1.1416401309939777
YBX1,ASAP3,1.141242337256021
HIVEP3,MYCL,1.1410408260963854
YBX1,SMAP2,1.1409154830337649
FOXJ3,ZBTB8A,1.1407618140447153
NFIA,SLC25A24,1.1391190428741658
GMEB1,EYA3,1.139066725792525
RUNX3,NIPAL3,1.1388278597497739
FUBP1,TNFRSF1B,1.1386789298539437
YBX1,TRMT13,1.1384829179092792
HIVEP3,PNRC2,1.1381901356746575
MTF1,PRKACB,1.1380278208765815
NFYC,AK4,1.1379275554335204
HES4,LRRC39,1.1375210131652855
FOXJ3,COL16A1,1.1370572672431944
NFYC,NUDC,1.1367185149352164
FOXJ3,EMC1,1.1364211301578315
GFI1,SSX2IP,1.136003404149833
POU3F1,LRRC40,1.13560640061114
HIVEP3,TSSK3,1.135558491063432
POU3F1,ANKRD13C,1.135499665541145
HIVEP3,FPGT,1.1352412825315983
YBX1,DRAM2,1.1350653955598573
NFIA,DBT,1.134934659669145
POU3F1,KYAT3,1.1348935523328088
ENO1,LINC01708,1.1346857457713035
ZNF684,EFCAB7,1.1344219999624385
HIVEP3,BEST4,1.1342702390395147
FUBP1,TTC34,1.134157986321025
MTF1,COL9A2,1.133720245908415
MTF1,ZMPSTE24,1.1327993058338937
YBX1,EIF4G3,1.131890258836074
HES4,TSPAN1,1.131853431282587
GMEB1,ELAVL4,1.1315636732365295
RUNX3,DPH5,1.1314027387654544
NFYC,AKNAD1,1.130749884061892
YBX1,KIF1B,1.130641094964991
NFYC,LDLRAP1,1.1305495758631294
FOXJ3,RPAP2,1.1301887226900822
FUBP1,MARCKSL1,1.1297770904079083
GFI1,SNHG3,1.1293332569050603
RUNX3,ZNF436,1.1292832722316821
FOXJ3,TEX38,1.129272700196398
NFYC,SLC1A7,1.1292365791020054
YBX1,MAST2,1.1292186170978973
FOXJ3,FHAD1,1.1290917508814518
HES4,FOXO6,1.1290540690486752
PAX7,NRAS,1.1285354396572567
FUBP1,MFN2,1.1284327274191581
YBX1,STX12,1.1279466587293525
FUBP1,TNFRSF14,1.1268483684896071
FOXJ3,CSMD2-AS1,1.1264796387263398
HIVEP3,TMEM59,1.1263474967768448
FUBP1,UBE4B,1.1261188158364304
FUBP1,DPYD-AS1,1.1261013658001073
NFYC,ANGPTL7,1.1260021868652075
FUBP1,XKR8,1.1258258622829127
NFIA,SLC30A7,1.1257628393925712
HIVEP3,CDC42,1.1256640801531161
FUBP1,NDC1,1.1251697459391832
POU3F1,AKIRIN1,1.1251172503555646
E2F2,COA7,1.1248948106755492
MTF1,DR1,1.1248462858156683
FOXJ3,MYSM1,1.124596378342818
NFIA,TCEANC2,1.1245860081052974
RUNX3,MTOR,1.124543866143205
HIVEP3,DISP3,1.1244072584635958
YBX1,MATN1,1.1243493515089562
RUNX3,DFFB,1.1242695593196226
RUNX3,ERI3,1.1237499515717175
RUNX3,NASP,1.1233799264060351
RUNX3,YBX1,1.122509389426168
FOXO6,ATAD3C,1.1224965679231589
GFI1,SLFNL1-AS1,1.1224642990057563
FUBP1,BRDT,1.1224524469081716
ZNF683,PTPN22,1.1222917307748468
GMEB1,GJA9,1.122263450800612
FUBP1,YIPF1,1.1221595898098853
NFYC,ACADM,1.1219844235181164
JUN,ZNF691,1.1217180002458151
RUNX3,SAMD13,1.1214755283707438
YBX1,TMEM51,1.121062914821528
FOXD2,LRIF1,1.1210371964340065
GMEB1,PLK3,1.1209112010162277
MTF1,CLCC1,1.1208711536764697
ZNF691,RWDD3,1.1207326429566467
NFYC,DPYD-AS2,1.1205551816563104
ENO1,LINC01725,1.1201598668067496
GMEB1,SFPQ,1.1199046157992705
HIVEP3,EIF3I,1.1198741547425906
GMEB1,SYNC,1.1195176376447422
MTF1,TPRG1L,1.1192406396025705
FUBP1,LINC01134,1.118984593221772
GLIS1,LRRC8B,1.1188909608083286
MTF1,AK4,1.1187862234641706
RUNX3,CLIC4,1.1180761868719287
YBX1,UBIAD1,1.1179208167206844
POU3F1,DBT,1.1177641294246488
ENO1,C1orf216,1.1174138547809795
YBX1,IL23R,1.1170674304743284
NFIA,ACAP3,1.1169307931909642
FOXJ3,ZBTB8OS,1.1167884709888931
FUBP1,ELOA-AS1,1.1165708650150183
FUBP1,CRYZ,1.116380277256577
ID3,NBPF1,1.1158668226160344
NFYC,HYI-AS1,1.1156598422708384
RUNX3,CDC7,1.115254915271443
HIVEP3,NADK,1.115096444724137
FOXJ3,WDR47,1.114924514148762
GMEB1,FPGT,1.114807007735647
NFYC,ACOT7,1.1145672767131316
RUNX3,ABCD3,1.1141645587269424
ZNF683,AZIN2,1.1138261802835963
MTF1,NCMAP-DT,1.113609118576608
GFI1,C1orf52,1.1132730153801396
TAL1,RPS8,1.1131864062453427
JUN,LZIC,1.113037731348451
ENO1,TSSK3,1.1127485062416311
ID3,MEGF6,1.1126543453272033
GMEB1,RAP1A,1.1125679409983018
ZNF684,AMY2B,1.1123180059028428
GMEB1,ODF2L,1.1122836348831175
FOXJ3,SRM,1.1120783698029986
TFAP2E,LRIG2,1.1119648946946261
FOXJ3,SDHB,1.111847568989013
NFIA,IFNLR1,1.1117803880408081
HIVEP3,TTC39A,1.1113793484450134
NFIA,MXRA8,1.1112832264617913
JUN,FAAP20,1.111271063849585
TAL1,MACO1,1.1109244389022654
GMEB1,ECE1,1.1107814923965522
ZNF683,ATP5PB,1.1105706995732691
HIVEP3,IFFO2,1.110390929189873
HES4,DPH5,1.1102250031057903
NFYC,DDI2,1.110200822834622
HIVEP3,MOV10,1.110188031091249
ID3,GPSM2,1.110113230836867
ZNF691,RBMXL1,1.1099835546039425
NFYC,COL11A1,1.1097178624811437
HES4,COA7,1.10950570185658
GMEB1,MRPS15,1.1093505816465292
ENO1,LINC02607,1.108949400393146
FUBP1,OSCP1,1.106988572404288
JUN,EIF3I,1.1068384499133288
HIVEP3,HS2ST1,1.106807915168395
YBX1,BCAR3,1.1065174596749925
NFYC,SLC2A1,1.1064488766627822
FOXJ3,KCNAB2,1.1058719066491454
FUBP1,NBPF3,1.105621085206412
ZNF683,RHD,1.1056140731164135
NFYC,SORT1,1.1048236978701949
TAL1,SSBP3,1.1047164611283693
TFAP2E,OTUD3,1.1044013440931826
FUBP1,LINC01358,1.1040539351675727
FOXJ3,SLC6A17,1.1038340016130677
ID3,FBXO6,1.103747516778796
FOXD2,UBIAD1,1.1033627664444219
ID3,ST7L,1.1033151235236203
HIVEP3,LINC01409,1.1029635882262843
MTF1,INPP5B,1.1027146172869158
ZNF691,RABGGTB,1.1026221657538882
NFYC,AHDC1,1.102616699903529
FOXJ3,AKIRIN1,1.1019810043758465
FUBP1,AURKAIP1,1.101931380479138
FUBP1,MRPL37,1.101701622360818
GFI1,ACOT7,1.1016799338289733
NFYC,RHD,1.1015965874722613
RUNX3,LZIC,1.1013571895382368
ID3,CDC7,1.101023977333634
NFIA,MEAF6,1.100994056839719
GMEB1,ZNF362,1.100986732743338
NFIA,TPRG1L,1.1004729064380767
YBX1,RPAP2,1.100300627173405
FOXJ3,STX12,1.0997557576334012
HES4,VAMP3,1.0996466026708145
FOXJ3,CCDC30,1.0994300535692743
NFIA,CTBS,1.0992149945957606
E2F2,PPIE,1.0991586530571371
E2F2,SLC66A1,1.0991201232886507
RUNX3,NEXN,1.098741709266238
NFIA,TTC4,1.098635548782153
NFIA,GNL2,1.0980688074133078
E2F2,ZYG11B,1.097902685107701
NFYC,WNT2B,1.0978292206107498
HIVEP3,IFI6,1.097616611510955
NFYC,C1orf216,1.0976087062015931
NFIA,KIF1B,1.0975343155214452
NFYC,KIAA2013,1.0972872884332063
HES4,SRM,1.0970903801462242
FUBP1,RPS6KA1,1.097053986424288
HIVEP3,MEGF6,1.0967660736938347
ZNF691,CTNNBIP1,1.096409388712602
E2F2,GPBP1L1,1.0962440171656778
YBX1,LINC01714,1.0962434826511218
YBX1,CTNNBIP1,1.0961354344197871
ZNF683,PIK3CD,1.0958281307034106
YBX1,PUM1,1.0952034347981388
NFYC,SPSB1,1.0951757177800534
HES4,FBLIM1,1.0950446829927238
FUBP1,SSX2IP,1.0947143006700697
GMEB1,INKA2,1.0945355995448693
TAL1,DOCK7,1.0944603506295725
FUBP1,CELA2A,1.0943026773882825
RUNX3,RBMXL1,1.0942630852642516
FOXJ3,NDUFS5,1.0939420979513492
FOXJ3,FOXD2,1.0937833559716659
FUBP1,TAF12,1.0937509456987202
RUNX3,MECR,1.0934981334968406
ENO1,IFFO2,1.0931499839312149
NFYC,FOXO6,1.0930937910693335
GMEB1,RPA2,1.092726982393836
FOXJ3,FYB2,1.0926330239662636
ENO1,SLC16A1-AS1,1.0926026745265112
NFYC,H6PD,1.0922384849913487
NFYC,CD101,1.091440103697567
ENO1,LRRC8B,1.0911739168735115
FUBP1,THAP3,1.0911597054969389
FOXJ3,GNAI3,1.0909379332747893
MTF1,IGSF3,1.0909018653578804
FUBP1,PAX7,1.0906250413691425
ID3,SMIM12,1.090351777289302
NFIA,LINC01362,1.0898297571579776
RUNX3,ZFP69,1.0897512311145412
YBX1,SERINC2,1.0897085327195841
FOXJ3,ZYG11B,1.0896063212716471
HIVEP3,RHOC,1.0888847331649598
HES4,CCDC24,1.0886008217654692
HIVEP3,RRAGC,1.088515057721501
FUBP1,LINC01725,1.0884183385817718
NFIA,KYAT3,1.0883301916983406
GMEB1,DPYD-AS2,1.088245105668776
HES4,LDLRAP1,1.0881223835571445
MTF1,TACSTD2,1.0877452944059143
FOXJ3,RHBDL2,1.0875550278756552
FOXJ3,BEST4,1.0871382748248872
PAX7,LINC02795,1.087017100420584
JUN,MASP2,1.086849139460425
POU3F1,C1orf174,1.0864242075104127
POU3F1,HP1BP3,1.0864126896769728
E2F2,RWDD3,1.0861681851833136
FOXJ3,DNAJC6,1.0855895729008032
FOXJ3,PTP4A2,1.0853325610380307
POU3F1,TMED5,1.0852787036674028
GFI1,CPTP,1.0846814480317002
NFYC,TMEM69,1.0845093337303373
NFYC,PATJ,1.084388959165246
HES2,GALE,1.0840353385598052
ZNF691,AHDC1,1.0840129154578013
ENO1,LINC01772,1.0837261620873033
HES4,P3H1,1.0836474255499735
FOXJ3,SLC35D1,1.0833904498568592
FOXJ3,NSUN4,1.0832698854754257
HIVEP3,GSTM1,1.082607934159118
TAL1,RAD54L,1.0819754335509604
HES4,S1PR1,1.0818160914266772
NFIA,DFFB,1.0817866663899327
HES4,ABCD3,1.081598265536024
FOXJ3,F3,1.0815367109181582
NFIA,HECTD3,1.0813747858674014
RUNX3,MAP3K6,1.0812204113320025
NFIA,C1orf52,1.0809563072392718
GFI1,CZIB,1.080556316604627
NFIA,CSF3R,1.0804706649900095
HIVEP3,CORT,1.0800186049552554
NFYC,EIF2B3,1.07984997243661
E2F2,LAMTOR5-AS1,1.07954648862311
HIVEP3,MTFR1L,1.079476960294718
ENO1,MDS2,1.0794311773807745
YBX1,ZBTB17,1.0794104886402078
ZNF691,CPTP,1.078534534626563
NFIA,GABRD,1.0782546140016094
GMEB1,CRYZ,1.0781826567696984
FOXO6,UBIAD1,1.0779894293372725
HIVEP3,EFCAB14,1.0778478677667702
HES2,RCAN3,1.077824305472843
NFYC,MFSD14A,1.0777952963470898
ZNF691,ARMH1,1.0774821105797225
GMEB1,ENO1-AS1,1.0769007306442109
ZNF683,HECTD3,1.076774056143113
HIVEP3,NDC1,1.0762880910332522
YBX1,EFCAB14,1.07614831183331
NFYC,ATXN7L2,1.0757777079931428
GFI1,ATPAF1,1.0756399449031455
YBX1,XKR8,1.075350457168584
ENO1,MEGF6,1.0750961987862826
MTF1,CYB5RL,1.0746527959487926
POU3F1,KTI12,1.074312696223338
YBX1,LINC02607,1.0740664504842246
ID3,EVI5,1.0737810361407254
E2F2,PPCS,1.073679283761071
TFAP2E,PSRC1,1.0735551106532455
YBX1,RERE-AS1,1.073416034540205
FUBP1,LSM10,1.0734020915566318
ZNF684,MASP2,1.0733243675983999
E2F2,GMEB1,1.073291702782007
FOXJ3,LINC01762,1.0730368112343887
ENO1,LINC01788,1.0730133636187518
RUNX3,MKNK1,1.0729625322299208
YBX1,LINC01786,1.0727373352623286
JUN,KDM4A,1.0725834935371916
FUBP1,DDI2,1.0725227557272645
GMEB1,LRRC47,1.072506066757549
GMEB1,MAD2L2,1.0722495420182065
FOXJ3,GNAT2,1.0721641866406988
RUNX3,SNHG3,1.0718667414328922
FOXJ3,PNRC2,1.0718473755607618
NFIA,MTF1,1.0714964424541278
ZNF691,AK4,1.071375050656166
HIVEP3,PRPF38B,1.0712988311146108
YBX1,GBP2,1.0712386140706556
FUBP1,C1QTNF12,1.0711728079899427
HIVEP3,UROD,1.0708500307948898
MTF1,YRDC,1.0707076165985951
ID3,POMGNT1,1.0706280694896726
NFIA,LINC00339,1.0705730640136413
NFIA,EVI5,1.0705603346779693
GMEB1,ZMYM4,1.070466266249343
ENO1,HIPK1-AS1,1.070125448324951
E2F2,RLF,1.0699708515828492
FOXO6,PINK1-AS,1.069543062547748
FOXO6,PLEKHM2,1.0694261427210434
RUNX3,EXO5,1.0691835668975649
ZNF683,RCAN3AS,1.0688010635022065
FOXJ3,MIR4422HG,1.0686546515370496
ENO1,CDC42-AS1,1.0683823232502796
NFYC,PGM1,1.0680211667396993
GMEB1,CD53,1.0679249170485812
ZNF683,AHDC1,1.067911636600816
TFAP2E,FAM41C,1.0678316214814747
TAL1,NEXN,1.067125761764528
MTF1,CSDE1,1.066992289756379
RUNX3,HYI,1.0666265608428687
GMEB1,KCNAB2,1.0666202267041835
HES4,RWDD3,1.0664490982111339
RUNX3,RRAGC,1.0663034472094324
NFYC,IPO13,1.0659581335980084
JUN,DHDDS,1.065626336169618
HIVEP3,ITGB3BP,1.0655658093044216
GMEB1,AGL,1.0652916220933852
FUBP1,SLC44A5,1.0650409836913775
NFIA,ST6GALNAC3,1.064990550921967
FUBP1,GCLM,1.0637712564402073
GMEB1,USP33,1.0635075918961117
FOXJ3,TNFRSF14,1.0631754734623668
E2F2,WASF2,1.0630959946550191
HES4,RABGGTB,1.0629948091377095
FOXJ3,ZFP69B,1.0628201651640443
HES2,ZNF362,1.062518748232475
FOXJ3,B3GALT6,1.0625061284557586
FUBP1,ZBTB40,1.0623433383132035
NFIA,RBMXL1,1.0609817038064564
JUN,SRRM1,1.0607436603118583
GFI1,LRIF1,1.0605591905296399
MTF1,PINK1,1.0599770421901906
HIVEP3,ZMYM1,1.059878839445566
FOXJ3,LINC01389,1.0598101100028468
ZNF691,TMEM39B,1.0593633449327577
NFIA,SDHB,1.0590327888278417
JUN,ENO1-AS1,1.058839521179056
FUBP1,UTP11,1.0587841533648796
YBX1,SRM,1.058667646169503
GMEB1,PTP4A2,1.0586058007978347
FUBP1,SMPDL3B,1.0585750830626848
YBX1,CEPT1,1.0585338817459256
TAL1,RPL22,1.0584149583529028
GMEB1,DDX20,1.0583911331065154
FUBP1,NEGR1,1.0583280000560997
ZNF684,PHACTR4,1.057941472528189
FUBP1,MAD2L2,1.0576768626645923
YBX1,ZNF683,1.0576543616549938
YBX1,LINC01128,1.0570586066685328
YBX1,PTPRF,1.0567624869347096
MTF1,TNFRSF25,1.056155409384855
NFYC,EIF4G3,1.0554970811731117
MTF1,ZNF684,1.0551470725540797
FUBP1,UBE2J2,1.0542132408864187
YBX1,H6PD,1.0541415268935699
ZNF683,SLFNL1,1.053905986325741
RUNX3,CSDE1,1.053878658161986
FOXJ3,IL23R,1.0535690843270131
ENO1,LCK,1.053377611966979
NFYC,KIAA0319L,1.0526437079122826
FOXJ3,NOC2L,1.052586133706705
GMEB1,CEPT1,1.052579146030529
TFAP2E,LINC01707,1.0521883029582626
ENO1,TMEM51-AS1,1.051461847993149
RUNX3,CDK11B,1.0508745881362975
GMEB1,PDE4B,1.050737335035921
FOXJ3,SYDE2,1.0507249808089683
NFYC,UTP11,1.0507043693098148
TFAP2E,TMEM51,1.05067862609586
FUBP1,MCOLN2,1.0504711835381513
ID3,MORN1,1.0504391753209372
RUNX3,WDR77,1.0504326811095457
ENO1,LINC01364,1.0501856344477478
ID3,RTCA-AS1,1.0498604896384391
TP73,NPHP4,1.0494163378115808
YBX1,TTC22,1.0491748472398275
GMEB1,VWA5B1,1.049167132088048
HIVEP3,RPA2,1.0486824412797973
HIVEP3,H6PD,1.048632247829199
RUNX3,TNFRSF25,1.048499903322288
ENO1,NADK,1.0484572194798663
MTF1,AKNAD1,1.0475901101725895
MTF1,PIK3CD,1.0473863636827265
TP73,PLOD1,1.0467060119972647
ZNF684,WLS,1.0465323976305
GMEB1,CDK11A,1.0464330179712928
FUBP1,CDC42,1.0463910383082156
RUNX3,LRRC8B,1.0463526975144062
GMEB1,KDM1A,1.0460424971436442
YBX1,PRKACB,1.0450710370613139
NFYC,MYCL,1.0444808613344132
GMEB1,AZIN2,1.0443700136495002
HIVEP3,HP1BP3,1.0442765213827472
GFI1,SLC35E2B,1.0440350629671367
MTF1,THRAP3,1.0433717808179241
RUNX3,SVBP,1.043018895079909
FOXJ3,DPYD,1.0427884103682972
ZNF684,AHDC1,1.0427837312257882
POU3F1,ACOT7,1.0427432980543294
FUBP1,A3GALT2,1.0427316824489492
GFI1,TRNAU1AP,1.0426495927252042
GMEB1,COL24A1,1.0421018294778792
E2F2,DIPK1A,1.0420512501288688
HIVEP3,CITED4,1.041630432592531
JUN,CSDE1,1.0414897378656682
FOXJ3,DPYD-IT1,1.0412851850224616
ZNF684,TTLL10,1.0412223672605712
HIVEP3,PTPN22,1.041151823836931
YBX1,MUL1,1.0410253418333066
TFAP2E,PEX14,1.0407960265695133
ZNF683,POMGNT1,1.0407603585989103
ENO1,UBXN11,1.0403061217901632
FOXJ3,FCN3,1.0402184825530068
MTF1,LAMTOR5,1.0396863468937225
FOXJ3,SZRD1,1.0395701071164687
NFYC,ZMYM6,1.0395566039349091
TP73,CDCA8,1.0393466852083284
HES4,DHCR24,1.038763025336224
ZNF684,NCDN,1.0384806613920297
NFYC,LINC01672,1.037757307892144
YBX1,DPYD-AS2,1.0376472747321945
FUBP1,SAMD11,1.0375772099564065
FOXJ3,OSCP1,1.0373792880448955
JUN,CHD5,1.0371088360212415
GFI1,ELOA,1.0370256217961271
RUNX3,SLC22A15,1.0369051793797963
FUBP1,IGSF21,1.0368433223356546
MTF1,TMCO4,1.036683990902586
GFI1,FABP3,1.0365109733257052
RUNX3,MCOLN2,1.0354763453740372
HES2,MATN1-AS1,1.0352378741914603
NFIA,AMPD2,1.0351487383329636
NFIA,FRRS1,1.0350029177205298
ID3,BEST4,1.034173723883031
MTF1,AKR1A1,1.0339561108814532
NFYC,SASS6,1.0338434424869882
JUN,SLC1A7,1.0336362141134467
ID3,TXNDC12,1.03346511908757
NFIA,CAMTA1-DT,1.0333294841064047
FUBP1,TMEM52,1.0329620406470879
NFYC,GRHL3,1.0329440971191923
ZNF684,HYI,1.0328579273189227
ENO1,GIPC2,1.0321528307602374
ENO1,ADORA3,1.032068622265199
FOXJ3,PADI6,1.0320251129535507
FOXJ3,LYPLA2,1.0320169862642752
NFIA,STK40,1.03197032087279
FOXJ3,NPPA,1.031754292697786
RUNX3,TMEM234,1.0311803951510898
HIVEP3,FHAD1,1.0310100707302687
PAX7,PER3,1.0309655206098587
POU3F1,ALDH4A1,1.030936825245104
HES4,MED18,1.030425922294959
GMEB1,ZRANB2,1.0303435314486775
RUNX3,ORC1,1.0303125571625897
GMEB1,FAM87B,1.03028495057665
JUN,THRAP3,1.029689799617325
RUNX3,DAB1-AS1,1.0296874538204115
FUBP1,AHCYL1,1.0296298252987703
FUBP1,HIPK1,1.0295931427118188
FUBP1,TRIM45,1.0295146044217909
HIVEP3,ELOA,1.0288028329475254
NFIA,RNPC3,1.028675322344083
HIVEP3,CDK11A,1.0286220044454812
NFYC,EFCAB7,1.028390694256384
NFIA,FNBP1L,1.0282571891370127
FUBP1,GMEB1,1.0282147418600867
HES4,CD53,1.0277771842131473
FOXJ3,NBL1,1.0277052274703566
HES2,DVL1,1.0276048256676371
E2F2,ITGB3BP,1.0272547012826039
TP73,RERE-AS1,1.0272442271560582
HES4,SH3GLB1,1.0269086451156009
NFYC,NRDC,1.0267987644331562
POU3F1,PIGK,1.0266993762556487
FUBP1,SNX7,1.026587348703091
ZNF691,ZC3H12A,1.026403042206621
E2F2,TNFRSF1B,1.0264012860867051
ZNF684,MTF1,1.0261786119995364
E2F2,TNFRSF4,1.0260304147108659
FOXJ3,TMEM269,1.0257691869736187
HIVEP3,ERRFI1,1.025285977682088
FOXJ3,AKR1A1,1.0251175828559909
HES2,B4GALT2,1.0250408490864356
GMEB1,LINC01635,1.0241542510014765
NFYC,ST6GALNAC5,1.0240711022440805
NFYC,LRRIQ3,1.0240290934703908
FUBP1,EBNA1BP2,1.0239333552357965
TFAP2E,PLEKHG5,1.0237687748409763
GFI1,AMY2B,1.0233024539024336
JUN,SF3A3,1.0232432408789933
TP73,CDKN2C,1.0230762053767124
YBX1,RERE,1.0229054281167065
NFIA,MTHFR,1.0228180462932845
YBX1,PLEKHN1,1.022498994854421
YBX1,LINC01756,1.022183098371831
TP73,CELA2B,1.0220916412674608
NFYC,ATAD3C,1.0218825204736524
FOXJ3,SLC16A4,1.0209891042610169
ENO1,UBE4B,1.0206118395605224
GMEB1,TMCO4,1.020457617045451
FOXJ3,LINC01128,1.0203843389825602
ENO1,NSUN4,1.0202621566346501
YBX1,PLEKHM2,1.0201445294488591
NFIA,FHL3,1.020135111642163
GMEB1,FAAP20,1.020096881668781
NFYC,MMEL1,1.0200356921475897
JUN,LAPTM5,1.0198588970143652
FOXJ3,SLC35A3,1.0193557834780214
HIVEP3,SMIM12,1.0183462132205454
ID3,RPAP2,1.0182006812207431
FUBP1,PPIH,1.0181217790354133
NFYC,NOC2L,1.0179828939671043
FOXJ3,MACF1,1.0179365209282352
ENO1,OSBPL9,1.0177954836414698
HIVEP3,ZBTB8OS,1.017682184505528
FUBP1,LDLRAD2,1.0176325316835417
FUBP1,BMP8B,1.0175037536854925
GMEB1,SLC35A3,1.0169261863226797
NFYC,PABPC4-AS1,1.016744692037958
GMEB1,SNX7,1.016599801109661
MTF1,PLOD1,1.0164592865591384
HES2,STPG1,1.0164530234497882
HIVEP3,WRAP73,1.0163637602928357
MTF1,TXNDC12,1.0162612516365699
YBX1,TLCD4,1.0162298754962629
FOXJ3,PLEKHM2,1.0161214148926252
FUBP1,DPYD-IT1,1.0161010240319606
GMEB1,TCEA3,1.0156802806856242
GMEB1,SLC22A15,1.0153154026298121
NFIA,LINC01389,1.0151501393340723
HIVEP3,MPL,1.0150610053324693
MTF1,ZC3H12A,1.0150008577908494
FOXJ3,C1orf146,1.014886432296883
TFAP2E,ODF2L,1.0148646274011321
MTF1,CCDC24,1.0148504467930741
NFYC,XKR8,1.0147315567482187
FOXJ3,PIK3R3,1.0146774974576886
FUBP1,DAB1,1.0143579153569038
GMEB1,RCC1,1.0142989343697133
MTF1,CAPZB,1.0142753480298627
FUBP1,AK2,1.0138235213663918
E2F2,RHBDL2,1.013818111365546
YBX1,KIF17,1.0134269792225326
FOXJ3,CASQ2,1.0133492593607292
ENO1,DFFB,1.0129701220553624
ZNF684,CPT2,1.012695874977851
FUBP1,RIMKLA,1.0126918366871294
RUNX3,S1PR1,1.012592877862099
RUNX3,UQCRH,1.012528757443984
POU3F1,MICOS10,1.012374445987515
GMEB1,CYB561D1,1.0122904064986453
NFYC,CDC42,1.0122026255613243
HES4,IFI44,1.0118440855410036
YBX1,MXRA8,1.011596321976591
TP73,ORC1,1.0114550054477458
E2F2,ZNHIT6,1.0111568615669881
FUBP1,KCNA2,1.0109367073618194
ZNF691,SCMH1,1.0108027998914033
ZNF684,MTOR,1.010666411603027
TFAP2E,DHDDS,1.0104237898753459
RUNX3,TTF2,1.0100590907217168
NFIA,PLEKHM2,1.0097991042118695
TP73,CMPK1,1.00979212942467
ZNF691,GBP3,1.0097144511386595
ENO1,CAMK2N1,1.00956078558833
FOXJ3,GSTM3,1.0094519445177885
MTF1,SZRD1,1.0091957917095213
ENO1,CA6,1.0091902334218892
MTF1,HMGCL,1.0088599246339862
FUBP1,NUDC,1.0087328545984935
ID3,HMGCL,1.0084987979811155
HIVEP3,EYA3,1.0084670865171232
JUN,EFHD2,1.0083951532918258
ID3,SPATA21,1.0083113267181083
HES4,PLCH2,1.008267518443731
FUBP1,BSDC1,1.008162156230141
E2F2,MASP2,1.0078421586685606
RUNX3,NRAS,1.0077860368366074
HIVEP3,STRIP1,1.007631018883493
FUBP1,RNF11,1.0075513232911735
RUNX3,NCMAP,1.0070338406433157
ID3,MARCKSL1,1.0066218098001136
MTF1,MMP23B,1.006336678365866
ENO1,FNDC5,1.0061471138412315
FUBP1,CTRC,1.0061438069484872
NFYC,TFAP2E,1.006088399660676
GMEB1,EVA1B,1.0054933422466499
GMEB1,MATN1-AS1,1.005182951425674
TFAP2E,KCNC4,1.0051030813749096
FOXJ3,CLIC4,1.0047017227214008
RUNX3,AGRN,1.0044994170063193
ID3,ATP5IF1,1.0041682780903998
FUBP1,LINC01356,1.004098034449592
ZNF684,SH3D21,1.0038642232429076
JUN,PLPPR4,1.0036292113367438
ENO1,MORN1,1.003278885143619
HIVEP3,CD2,1.0030590612666597
HES4,TAF12,1.0029785956493076
ZNF683,NCMAP-DT,1.002786987651172
RUNX3,SSU72,1.0027471074806213
GLIS1,PADI4,1.0025078145608335
POU3F1,DNTTIP2,1.0020413643110664
ZNF691,MRTO4,1.0018635369866935
HES4,TMED5,1.00178551817118
FOXJ3,SLC16A1-AS1,1.0011507163740065
HIVEP3,LUZP1,1.0011113870271435
HIVEP3,LINC02811,1.000954401494479
ZNF691,TOE1,1.000579280883116
RUNX3,ATG4C,1.0005273292568393
FUBP1,LAMTOR5-AS1,1.0004467182686423
YBX1,CHD5,1.0001447123468603
POU3F1,S100PBP,0.9999358362440274
NFIA,PLA2G2D,0.9997972970160229
TFAP2E,SNHG12,0.9997033328719207
HIVEP3,C1orf52,0.9995142735712189
HES4,MAST2,0.9995122593674148
GMEB1,LINC01358,0.9993685093350619
TFAP2E,EPS15,0.998963709884945
HES4,SHISAL2A,0.9989495906138879
YBX1,CYP4B1,0.9988177277611818
NFIA,ANKRD13C,0.9988048908042313
GMEB1,CASP9,0.998567585455775
NFIA,UTS2,0.9979375886453681
FOXJ3,LRIG2-DT,0.9974410185336359
HIVEP3,HNRNPR,0.9972442717468258
FUBP1,SRM,0.9972288813497644
HIVEP3,LINC01357,0.9967644864981757
NFYC,MASP2,0.996752301111104
E2F2,KTI12,0.9963639634637285
MTF1,MAGI3,0.995740657640322
NFIA,PPP1R8,0.9956517295680329
FOXJ3,PLCH2,0.9954509393992804
HIVEP3,CEPT1,0.9952831822082135
POU3F1,MTF2,0.9950754060766901
NFYC,FAAP20,0.9941455083297486
NFYC,SMIM12,0.9937799532137662
FUBP1,RHD,0.9937148848725124
YBX1,ST7L,0.9933482998003763
FOXJ3,NFIA,0.9931874036083131
TFAP2E,PER3,0.9931122678482963
FUBP1,SGIP1,0.9927960228438201
ENO1,SLC2A1,0.9927433470605672
POU3F1,ATAD3A,0.9926251525152192
JUN,ISG15,0.9925650476357191
TAL1,LINC01725,0.9924700214899405
E2F2,NBPF3,0.9921683786066288
RUNX3,MPL,0.9920729313124972
POU3F1,AKNAD1,0.99178779270693
HIVEP3,ENO1-AS1,0.9916629659070453
ZNF683,LRRC42,0.9915381650326728
FUBP1,LRRC41,0.9913077333847107
FOXJ3,TMEM167B,0.9910641467123462
ZNF691,OTUD3,0.9909806533031058
RUNX3,MICOS10,0.9909571221475306
HES4,PUM1,0.9909005745746338
MTF1,ORC1,0.9906725168450737
NFYC,RBMXL1,0.9904191391403647
GMEB1,EBNA1BP2,0.9900042815385294
ENO1,CSMD2-AS1,0.9899726160161293
HIVEP3,LRIF1,0.989968214181716
GMEB1,PTAFR,0.9899517892577011
FOXJ3,CHI3L2,0.9898533654111338
NFIA,FBXO42,0.9898093784899451
FOXJ3,PSMA5,0.9896455747057694
FOXJ3,ATAD3B,0.9894375353645007
FUBP1,IPP,0.9894161743861701
NFYC,CDC7,0.9892598964912184
NFYC,RHBDL2,0.9889861778707031
ZNF684,H6PD,0.9889673577471673
RUNX3,OVGP1,0.9889181673423784
POU3F1,ZMYND12,0.9886702648040235
E2F2,PTPN22,0.988236778243861
HIVEP3,PRXL2B,0.9877874076066807
RUNX3,PIK3R3,0.9877169859593669
ENO1,PTGFRN,0.9876613025503268
ENO1,SORT1,0.9873211980515599
TFAP2E,TNFRSF14-AS1,0.9872735209545368
GMEB1,MKNK1,0.9871900095913698
NFYC,CCNL2,0.9867718792688188
FOXJ3,PLK3,0.986520244498325
NFIA,EXO5,0.9863614469532732
FOXJ3,PER3,0.9860766828010068
RUNX3,IGSF21,0.9860028408240443
FUBP1,SERBP1,0.9858711004397157
NFYC,ZRANB2,0.9858260783747778
ENO1,TAF12,0.9857768262109059
PAX7,EMC1-AS1,0.9856884708451265
RUNX3,DLGAP3,0.9848067247027279
HIVEP3,GPBP1L1,0.9845454113408034
JUN,CLCA4-AS1,0.9841177632158946
HES4,CD58,0.9841022116600817
YBX1,TUT4,0.9836720118621669
MTF1,RBM15-AS1,0.9833081643260264
FUBP1,AMIGO1,0.9831436220156498
HES4,UBXN11,0.9831220460237383
RUNX3,CNR2,0.9827632596350714
MTF1,SRRM1,0.9824394438031204
ZNF684,CA6,0.9824384048429192
FOXJ3,HPDL,0.9824029582691426
ENO1,CDC42-IT1,0.9821125156180216
GMEB1,ATP5PB,0.9820475540500017
NFIA,ZFP69B,0.9820353367694575
POU3F1,TARDBP,0.9820277422691314
ZNF683,RPA2,0.9819766394950228
HIVEP3,NFIA,0.9819298151594725
GMEB1,LAMTOR5-AS1,0.9817858419123421
NFIA,AGL,0.9817044211974796
HIVEP3,ZFP69,0.9814352462372748
HES4,LINC01342,0.9813644892505093
HIVEP3,KIF2C,0.9813144300661287
NFYC,CDC20,0.9812891970927307
JUN,SYPL2,0.9812031429727774
NFIA,FBXO44,0.981201572810888
NFYC,HMGCL,0.9811622942229052
RUNX3,SYCP1,0.9811566951939108
HES4,STXBP3,0.9809920420331084
MTF1,VTCN1,0.9809405238157017
YBX1,AKNAD1,0.9808810055276015
ZNF683,PINK1,0.980635623909297
NFYC,MAGOH,0.9806078335118975
NFIA,EIF4G3,0.9805046481924713
FOXJ3,PLA2G5,0.9802497803760748
ENO1,KDM4A-AS1,0.9799869603020178
HIVEP3,MRPL37,0.9799110846690249
HIVEP3,LAMTOR5,0.9798264059120358
HIVEP3,PLCH2,0.9796241528013675
YBX1,TSSK3,0.9795678072163753
NFYC,GIPC2,0.9790140923258465
HIVEP3,AHDC1,0.9789326110865901
NFYC,SF3A3,0.9789315066339258
TFAP2E,OSCP1,0.9788486078189942
HES4,AK5,0.9782545670102047
FUBP1,UROD,0.9782023758854206
NFIA,GTF2B,0.9778418427165673
TP73,SELENOF,0.9777076861603244
NFIA,LINC01562,0.9777045603143593
ZNF684,SLC22A15,0.9771456530663895
FOXO6,FGGY,0.9771082987322779
GMEB1,HP1BP3,0.9771024942863635
GMEB1,LINC01364,0.9768355697522205
PRDM16,SDF4,0.9766356775390577
HIVEP3,ZMYND12,0.976474717015825
ZNF691,ATP13A2,0.9764127360967052
NFYC,NECAP2,0.9763525874272124
MTF1,MECR,0.9762027029864475
NFYC,RABGGTB,0.9755230683434929
GFI1,CTNNBIP1,0.9750363299061334
TP73,DNAJC8,0.9748738370593416
FOXJ3,THAP3,0.9748595603933713
NFYC,THAP3,0.9746837709281578
JUN,CEP85,0.9746084007426068
YBX1,LINC01389,0.9745706095348488
GFI1,PPIH,0.9745453750211044
FOXJ3,HSPG2,0.9745187193137701
GFI1,CFAP57,0.974434117522009
NFYC,AMPD2,0.9742182047410882
RUNX3,SLC35E2A,0.974106233800515
ID3,FBXO44,0.974031274040187
ZNF683,S1PR1,0.973810008529544
ZNF691,SLC16A1,0.973761433467422
FOXJ3,LINC01362,0.9735428535135333
NFYC,PRDM16,0.9733732755009726
NFIA,EMC1-AS1,0.972845844946712
HES2,LINC01135,0.9727659309803776
YBX1,AGBL4,0.9723542225052346
FOXJ3,LZIC,0.9718583328603974
ZNF683,EYA3,0.9717342703260715
ENO1,LRRIQ3,0.9715838737976783
E2F2,CDK11A,0.9714536720873672
YBX1,PRKCZ-AS1,0.9711553608812769
FUBP1,UBXN11,0.9709953040753236
MTF1,SPATA21,0.9708844320831346
NFIA,PRDM2,0.9708593048629915
FOXJ3,TNNI3K,0.9707258976532198
ENO1,MCOLN3,0.9699520927405761
JUN,VAV3-AS1,0.969948073556185
NFYC,TARDBP,0.9698891101857461
FOXJ3,HNRNPR,0.9696869469486699
POU3F1,SELENON,0.9695944957463409
MTF1,TTC39A-AS1,0.9695074780462141
ENO1,PKN2,0.9694983335002654
NFIA,PTAFR,0.9694236239944207
FOXD2,SLFNL1-AS1,0.9692683463005844
FUBP1,NEXN-AS1,0.9690095728737769
FUBP1,ZNF362,0.9684824358227376
YBX1,COL8A2,0.9681630806044891
ZNF683,LINC01362,0.9680408929101746
FOXJ3,TRNAU1AP,0.967885026546753
TFAP2E,ST6GALNAC3,0.9676737273188067
GFI1,CMPK1,0.9672931140945366
ENO1,IGSF3,0.9670759191546501
GMEB1,COL11A1,0.9669956574809278
HIVEP3,LINC01342,0.9668747268393707
GMEB1,MAP7D1,0.9667991142382057
NFYC,DPH2,0.9667221300833679
HES4,MIER1,0.966481110650442
FUBP1,TOE1,0.9662105567221304
ID3,LINC01725,0.9659489003850495
NFIA,ATAD3B,0.9659243929297403
NFIA,MAP3K6,0.9658980882879167
HES2,CEP104,0.965360533661836
YBX1,FGGY,0.9652095947980311
FUBP1,TXNDC12,0.9649561231008973
HIVEP3,NRAS,0.9645518475461144
HES4,SNRNP40,0.9641128351434661
FUBP1,MTOR-AS1,0.9639661509762802
HIVEP3,GNG12,0.9639396802948041
RUNX3,ATP1A1-AS1,0.9638198272477643
FOXJ3,HES4,0.9636867346810883
ZNF691,PHTF1,0.9636720963284306
MTF1,KIAA1522,0.9635403150946296
ID3,PRKACB,0.96344903125219
JUN,PNRC2,0.9632116768804249
ID3,CSF3R,0.9631247129559968
FOXO6,SH3GLB1,0.9630037672867485
ENO1,ZNF683,0.9628285147222341
HIVEP3,MRPL20-AS1,0.9622727938316099
RUNX3,FABP3,0.9621971621887971
POU3F1,SH3BGRL3,0.9620434564993506
NFYC,UBXN10,0.9619417427273758
GFI1,LUZP1,0.9616991972275256
HIVEP3,LRRIQ3,0.9616240246220022
GMEB1,GADD45A,0.9616019357135284
GMEB1,FABP3,0.9613100042636618
GMEB1,TRIM62,0.9612424834416292
FOXJ3,GADD45A,0.96118215770878
POU3F1,AZIN2,0.9610633550949803
FOXJ3,ENO1,0.9609646798343339
GMEB1,PRKCZ-AS1,0.960937711870973
FUBP1,LRRC8D,0.9609311372883604
E2F2,PABPC4,0.9605249520516739
GLIS1,RBM15-AS1,0.9597881976441136
NFYC,MYSM1,0.9595703013971765
ENO1,AGTRAP,0.9592339375434575
GMEB1,CA6,0.959158900525281
ZNF684,MRTO4,0.9589744443565034
ID3,THEMIS2,0.9589542476244064
E2F2,LRRC7,0.9588274032504336
NFIA,GBP3,0.9587074509998595
NFYC,STK40,0.9586285818144462
ID3,CTBS,0.9583556016361647
MTF1,MKNK1-AS1,0.9582680883696584
GMEB1,WDTC1,0.9581351911348441
FUBP1,CCDC24,0.9578694045451978
NFIA,GIPC2,0.957676804605633
NFIA,STRIP1,0.9575804564656373
GMEB1,GNL2,0.9575621384601181
RUNX3,SDHB,0.9575027299528014
ID3,MEAF6,0.9574913915516406
ZNF684,ARHGEF10L,0.9574024043066783
FOXJ3,MROH7,0.9570878566913358
ZNF684,GSTM2,0.9562623294880481
FUBP1,RBP7,0.9562320679475071
ID3,KDM1A,0.956132603931407
RUNX3,CEP85,0.9560015194204584
JUN,DEPDC1,0.9558979106648081
GFI1,PIGK,0.955430386311361
FOXJ3,FNBP1L,0.9553064781740399
FOXJ3,ZSCAN20,0.9553053119076784
YBX1,SLC30A7,0.9552200248306844
NFIA,ODF2L,0.955153813477658
E2F2,TMEM53,0.9547941589830687
FOXJ3,ZNF691,0.9545417065741625
ENO1,LAMTOR5-AS1,0.9545054596198446
POU3F1,GMEB1,0.9538179158529171
NFYC,PLA2G2C,0.953812881037473
NFYC,BMP8A,0.953768281113556
FOXJ3,MOV10,0.9536564071373019
ZNF683,FGGY,0.9535630022719402
POU3F1,FAAH,0.9534835189172022
FUBP1,CAP1,0.953224028920682
JUN,RNF220,0.953162137209235
ENO1,STPG1,0.9530694399110206
YBX1,HPCAL4,0.9529314046185189
HES4,EVA1B,0.9529112299415551
NFYC,CAP1,0.9525363739839681
FUBP1,LINC02801,0.9523658101303799
RUNX3,TNNI3K,0.951539330150254
NFYC,VANGL1,0.9513083592923814
GFI1,INPP5B,0.9512856321096125
HIVEP3,CDC14A,0.9511426566006443
FUBP1,TCEANC2,0.9509701058764634
YBX1,ABCD3,0.9508976864722019
TFAP2E,TMEM39B,0.950814615994563
GFI1,GPN2,0.9506646076852343
JUN,EXOSC10,0.950605878936879
ENO1,ZC3H12A,0.9503343736689787
NFYC,SMPDL3B,0.9499061830687935
GMEB1,MIB2,0.9498905572585191
HIVEP3,CCDC18-AS1,0.9498320214317143
ENO1,MATN1,0.9497181683839818
HES4,TMEM53,0.9496532500391042
NFYC,RNF19B,0.9495734743787572
HIVEP3,HYI-AS1,0.9495539724138962
FUBP1,SDC3,0.9493965919772482
ZNF691,UBIAD1,0.9491584025050622
NFYC,C1orf159,0.9489841023914267
YBX1,GIPC2,0.9487215112816916
FOXJ3,MIB2,0.9486241213014982
FOXJ3,DDOST,0.9482473390163105
YBX1,STRIP1,0.9482139187444042
ENO1,IQCC,0.9481858633106629
FOXJ3,VAV3,0.948093329111197
TFAP2E,NFYC,0.9479175367470114
RUNX3,SFN,0.9477759066271324
GMEB1,ACAP3,0.9472179710397456
FOXD2,PIGK,0.9469444812830876
E2F2,MTFR1L,0.9466482673797602
FOXJ3,MAP7D1,0.9466226148419897
NFYC,EMC1-AS1,0.9465535342237704
ENO1,RNPC3,0.9464890479535184
TP73,SLC16A1-AS1,0.9463212452547014
YBX1,MECR,0.9462610876456591
GMEB1,TEX38,0.9459386620172346
RUNX3,CPLANE2,0.9454820173595222
FUBP1,FABP3,0.9452794091503628
MTF1,ABCD3,0.9451865715051478
GFI1,POMGNT1,0.9451797279568864
YBX1,PTBP2,0.9449523226024789
JUN,ZFP69B,0.9446920225363689
MTF1,ZMYND12,0.9446316217019586
NFYC,DNAJB4,0.944050340039267
YBX1,PDE4B,0.9433211338645489
MTF1,TTC39A,0.9432270458168959
HES4,RSRP1,0.9431856366219245
FUBP1,INTS11,0.9431224560349803
RUNX3,C1orf127,0.9429207797906181
TFAP2E,ELOA-AS1,0.942797351326807
FOXJ3,PDE4B,0.9427414546753884
FOXJ3,CEP85,0.9420157613726383
HIVEP3,ZNF644,0.941818148583577
NFYC,LZIC,0.9417533206981058
ZNF684,FNBP1L,0.9411564549303121
FOXJ3,OMA1,0.9408914169639567
GMEB1,LINC01160,0.9408912105870766
TFAP2E,PADI2,0.9407516810012287
PAX7,TRMT13,0.93996978103704
TFAP2E,CCDC18-AS1,0.9395443397332999
HIVEP3,KIF1B,0.939399784102827
FOXJ3,WRAP73,0.9393364017666772
FOXD2,CYB5RL,0.9391627101695151
FUBP1,SLC16A1,0.9388354252710652
FOXJ3,RTCA,0.9388091659113662
GMEB1,SNIP1,0.9387571107623504
GMEB1,EVI5,0.9382974430073472
NFIA,USP33,0.9381113895043743
NFIA,SPATA21,0.9379094043294213
NFYC,C1orf52,0.9375904208147925
RUNX3,CSMD2,0.937552792079238
ZNF684,EVA1B,0.9374214596968696
RUNX3,MRPS15,0.9372416956405544
FOXJ3,ST7L,0.9370908890524874
TP73,DHCR24,0.9370753570868093
HIVEP3,FCN3,0.9370343078701241
JUN,PUSL1,0.9369759797373243
ENO1,LINC01134,0.9363576621784857
ID3,BTBD8,0.9363165834252847
NFYC,GNAI3,0.9360003035974304
ZNF683,GPSM2,0.9354469720035812
FUBP1,DLGAP3,0.9352579839309528
FUBP1,COL16A1,0.9345362659733887
FUBP1,ST6GALNAC5,0.934232670889436
ZNF683,UTP11,0.9340732600458648
HIVEP3,LRRC39,0.9339672469571838
YBX1,C1orf52,0.933813061748349
HIVEP3,UQCRHL,0.9337929840438307
FUBP1,NEXN,0.9332500119931724
GMEB1,MRPL20,0.9329823598023738
YBX1,GBP3,0.9329703521314799
NFYC,GLIS1,0.9327031128015287
ZNF683,CORT,0.9326983900177209
NFIA,LDLRAD2,0.9325191650503419
YBX1,CNR2,0.9323116274683207
GFI1,KIF2C,0.9322031254664986
HES4,SDC3,0.9320076685948098
GFI1,DDOST,0.9314010373018885
POU3F1,PPIH,0.930701713365954
GMEB1,CDKN2C,0.9304672485889866
NFYC,FAAH,0.930297077081967
FUBP1,TTC39A,0.9292237340888085
GMEB1,FAM76A,0.9291702348145819
HIVEP3,VAV3,0.9291639242869341
NFYC,BEST4,0.9290300117596465
RUNX3,GNG5,0.928852801303319
HES2,PTBP2,0.9287698778820919
YBX1,GTF2B,0.9287395011765078
TP73,ZC3H12A,0.9287052488171001
FOXJ3,DPH2,0.9286645654166288
GMEB1,CAMK2N1,0.928370607141611
FOXJ3,TM2D1,0.9283684600565306
GMEB1,FGGY,0.928179419711743
HIVEP3,LINC01635,0.9280891726598668
HES4,RPF1,0.9280475333062792
TAL1,ZBTB17,0.9277948471397676
NFYC,CAPZA1,0.9277865244010399
GMEB1,MDS2,0.9276565764517829
PAX7,AK5,0.9274352249136493
YBX1,LEPR,0.9272729081051078
YBX1,RNPC3,0.9271982769564594
HES2,VANGL1,0.9270890267306514
ZNF683,CD52,0.9268450490518659
NFIA,SLC25A33,0.9263918826663158
ALX3,ANKRD13C,0.9261167041955651
GMEB1,SERBP1,0.9260800833081633
TP73,BSDC1,0.9259220394040327
FUBP1,FAM167B,0.9258936776468805
HIVEP3,SLC25A34,0.9258353484014082
HIVEP3,ELOVL1,0.9257935929891505
NFIA,SRSF11,0.9255003111456377
YBX1,LPAR3,0.9253691160494429
ZNF684,MIGA1,0.9250308428048326
HES4,LINC01409,0.924993297623863
TP73,ATG4C,0.9241635887506214
TP73,LSM10,0.9240837257718453
ZNF683,TRNAU1AP,0.9238713954561288
FUBP1,MOB3C,0.9238212015270552
FOXJ3,RPL22,0.9237075471384191
FOXJ3,SDF4,0.9234802469361272
E2F2,MUL1,0.9233305994567403
RUNX3,IQCC,0.9232764343502441
FOXJ3,SYPL2,0.9232522097046882
GMEB1,ROR1-AS1,0.9229013175081454
GMEB1,RNPC3,0.9227992499121959
E2F2,COL9A2,0.9224943794964574
MTF1,ZFYVE9,0.9224730447499724
MTF1,GPSM2,0.9223665837165597
FUBP1,KYAT3,0.9222546255701524
RUNX3,EMC1-AS1,0.9221824690946351
ZNF691,B4GALT2,0.9219023754126228
ENO1,TMEM53,0.9215220172694539
FOXO6,PARS2,0.9213566168568125
RUNX3,ARHGEF10L,0.9213048418553672
HIVEP3,ABCA4,0.921046520163408
GMEB1,DPH5,0.9208901311229531
FOXJ3,MRPL20,0.9203757219626176
GMEB1,ALDH4A1,0.9200050464515986
YBX1,KANK4,0.9199541877626773
MTF1,NKAIN1,0.919611988809086
NFYC,TNFRSF14,0.9193903427622349
HES4,ZMYM4-AS1,0.9192636862933675
RUNX3,TM2D1,0.9191715125609399
RUNX3,DLEU2L,0.9191376673429454
GMEB1,SLC6A17,0.9191002419017127
MTF1,ATAD3A,0.9189145645428141
NFYC,CRYBG2,0.9184954864685893
HES4,TPRG1L,0.9183770121942362
HES4,AGTRAP,0.9181625775272441
FOXJ3,KDF1,0.917676454258551
FUBP1,CNR2,0.9175926796090276
HES4,CTTNBP2NL,0.9174057360377375
NFYC,FOXD2,0.9172039566119597
ID3,PEF1,0.917178662175998
NFIA,DVL1,0.9166705340293705
YBX1,PHC2,0.9166343035892289
HES4,H6PD,0.9163017338426768
ZNF691,LINC01128,0.9162519311304903
FUBP1,ATP13A2,0.9161824847620388
RUNX3,NFYC,0.9160280346782855
GMEB1,MED8,0.9158547706892103
YBX1,TRIM45,0.9157855548072025
GFI1,RIMS3,0.9156905934536356
ZNF684,UTS2,0.9155566368419145
ZNF684,ZRANB2-AS1,0.9154921669558073
JUN,CD52,0.9153890300458736
HIVEP3,WNT4,0.9153598060214534
HIVEP3,LRIG2,0.9150880147097574
RUNX3,PRPF38B,0.9149208059711861
ENO1,BSND,0.9148949474911019
RUNX3,INKA2,0.914709852380018
HES4,CNKSR1,0.9146664046837502
HIVEP3,PGM1,0.9146207513478959
E2F2,HMGCL,0.9145487123961151
FOXJ3,TYW3,0.9144193300795602
FOXJ3,TMEM51,0.9139509742504051
HIVEP3,STXBP3,0.9138742580756507
NFYC,NRAS,0.9137645494390022
ZNF683,ZNF326,0.9136708563745956
HES4,ERMAP,0.9131940752513117
RUNX3,TXNDC12,0.9131036084138143
HIVEP3,FYB2,0.9128997970454331
NFYC,ECHDC2,0.9127811765544284
FOXJ3,SNHG12,0.9127303177055082
NFIA,KDM1A,0.9125003355506912
HIVEP3,ANKRD13C,0.9117582837075172
TP73,STMN1,0.9116868850902318
NFIA,EFCAB14-AS1,0.9114645060572334
ZNF684,NBPF1,0.9113761104022035
HES4,INKA2,0.9112359231683638
FUBP1,ST6GALNAC3,0.9111719427140943
GFI1,FOXJ3,0.9110552035334518
FUBP1,CA6,0.9108131815084796
JUN,ALG6,0.9107698741852664
GFI1,DENND2D,0.9105972457703898
NFYC,CASZ1,0.910572459735358
NFIA,LINC02785,0.9104961205961845
GMEB1,RBM15-AS1,0.9103568514564787
FOXO6,NFIA,0.9098630775792208
NFYC,INKA2,0.9097987313413806
E2F2,ACOT11,0.9092141286294927
NFYC,BCL10,0.9089736888747466
GMEB1,CMPK1,0.9089328254890323
FOXJ3,VAV3-AS1,0.9088631507728648
ENO1,TTC4,0.908453564269492
FOXJ3,GBP1,0.9082797533890662
TP73,ZNHIT6,0.9079864779604442
NFYC,ARID1A,0.9079187875819391
NFIA,PINK1-AS,0.9078926442468577
JUN,SYF2,0.9078596232897814
ENO1,JUN,0.9077272542100872
E2F2,MAN1C1,0.9077004938636462
FUBP1,AMY2B,0.9074368921443737
GMEB1,ACOT7,0.9073057120948116
RUNX3,MED8,0.9072787268542296
MTF1,BSND,0.9072479427443421
YBX1,TRNP1,0.9066603864097417
HES2,FBXO42,0.9063955921453426
ID3,LINC01358,0.9063905492427289
FOXJ3,AGO4,0.9062196569510095
TFAP2E,CDA,0.9058082075465372
FUBP1,LINC01712,0.9057703538659065
GMEB1,MRPL20-AS1,0.9052744732867205
ENO1,GABRD,0.904956687590021
NFIA,TTC34,0.9048096703567478
NFYC,SNHG12,0.9047739574012186
POU3F1,CD52,0.9046120674438293
NFYC,CROCC,0.9043804417205079
NFYC,LINC00115,0.9043484277845506
RUNX3,MFN2,0.9038746654296823
GMEB1,TRNP1,0.9032360027191112
HIVEP3,CAP1,0.9031371977879874
HES2,GPSM2,0.9030949067563557
ZNF684,LINC01128,0.9029551116533056
HIVEP3,WDTC1,0.9029257181696986
ZNF684,FGGY,0.9029218319563812
HES4,MUTYH,0.9026073569979736
RUNX3,BCAR3,0.9025782910998538
POU3F1,FGGY,0.9025202090920224
TFAP2E,GMEB1,0.9024424927343015
ENO1,SLC25A33,0.902333258643781
RUNX3,SSBP3-AS1,0.9023197132102894
HIVEP3,CYB561D1,0.9021756058293503
GMEB1,SPATA6,0.9021441551754941
POU3F1,BCAS2,0.9019307590967008
MTF1,UROD,0.9017738913394524
GFI1,LINC01409,0.9017194249854131
TAL1,TM2D1,0.9015472840875534
GFI1,FBXO6,0.900951018043043
ZNF684,DPYD-AS2,0.900528873557269
NFYC,CELA3B,0.900458755586642
NFYC,PLK3,0.9004581670850601
FUBP1,PARK7,0.9003710171484521
NFYC,LAPTM5,0.9000016789839458
NFYC,LINC02785,0.8999226537027566
E2F2,CD53,0.8997522570716523
GMEB1,TMEM50A,0.8996462108537927
HES4,ACAP3,0.8991197921356172
HES2,UBXN11,0.8989685759864798
YBX1,TNNI3K,0.8988119998086769
POU3F1,CZIB,0.8985987566087935
ID3,LINC02777,0.8984941805552282
YBX1,PRXL2B,0.8983718177045735
YBX1,RLF,0.8981911324138584
POU3F1,STRIP1,0.8974704127269549
FUBP1,PRKCZ,0.8972928250929113
POU3F1,PIGV,0.897250487667475
HES2,SLC35D1,0.8969337102845005
FUBP1,SLC25A34,0.8969226808474661
ZNF691,BEST4,0.8967750118192299
NFYC,TMEM35B,0.8964796494994871
NFIA,PTBP2,0.8960251112596588
ID3,CLCC1,0.8956213124587316
YBX1,ATP1A1-AS1,0.8956054944820083
RUNX3,KPNA6,0.8955784262319091
JUN,CCDC27,0.8953436710073648
TFAP2E,USP33,0.8953192335386599
NFIA,KAZN,0.8946600151892312
RUNX3,RHBDL2,0.8946256823595212
MTF1,CTRC,0.8943604624914132
E2F2,ATP1A1,0.893692223476177
TAL1,VANGL1,0.8933512978217989
MTF1,PGM1,0.8932703295696879
GMEB1,KIF17,0.8931805927403532
ENO1,NFIA,0.8929644316529676
JUN,MANEAL,0.8926455610861088
NFIA,TNFRSF9,0.8922711570296307
NFYC,PIGV,0.8921881748972018
NFYC,SDC3,0.892153623027166
NFYC,MUTYH,0.8921466965199721
ID3,DPYD-AS1,0.892054879182564
FUBP1,AMPD2,0.8916084471154406
ENO1,GRHL3,0.8914891390497528
JUN,LINC01707,0.8913121532183297
HIVEP3,LAPTM5,0.8907171405514639
GMEB1,KYAT3,0.8904334168819953
YBX1,FBXO42,0.8904107234656224
HIVEP3,RNF11,0.8902220497583685
ENO1,EIF4G3,0.890022317809172
GMEB1,ZMYM6,0.8898874629204621
FUBP1,COL11A1,0.889808160457682
GMEB1,AKNAD1,0.8897481253472432
RUNX3,CHI3L2,0.8897197363501468
POU3F1,C1orf159,0.8894070666245403
FUBP1,SPATA6,0.889362138195939
FOXJ3,WDTC1,0.8893417977484462
RUNX3,TENT5B,0.8893236748291411
POU3F1,CD2,0.889284564030925
FOXO6,EIF4G3,0.8891712756095127
RUNX3,TESK2,0.8888919466770528
GMEB1,PRKAA2,0.8886024980810264
FUBP1,FBXO44,0.8885503928137145
MTF1,EVA1B,0.8881677798344626
RUNX3,OTUD3,0.888071050424109
NFIA,EIF2B3,0.8879857253472317
E2F2,PLPPR4,0.8876897831580552
HIVEP3,CTTNBP2NL,0.8870113650389795
ZNF684,ERI3,0.8867975395610979
TFAP2E,SYDE2,0.8867839091770061
GMEB1,MOV10,0.8867034351515399
E2F2,SRRM1,0.8866149624094671
YBX1,CAMTA1,0.88660112667918
ENO1,LINC01226,0.8865604492769807
GMEB1,TMEM167B,0.8859774594686611
NFIA,ZMYM4,0.8852149995649153
HIVEP3,SLC25A33,0.8851290870854899
NFYC,ACAP3,0.8848001416392278
MTF1,PRDM2,0.8847637154763156
E2F2,SYNC,0.884710760475378
MTF1,SLC35E2A,0.8846749241388436
JUN,CDC42,0.8846058273146029
NFYC,SKI,0.8845179069786661
NFIA,PER3,0.8844594351165157
FOXJ3,PAFAH2,0.8844136636347085
MTF1,PRKCZ,0.8842177607798284
NFYC,ZCCHC17,0.8840196112935528
TFAP2E,AHDC1,0.8838753667812381
HES4,SSU72,0.8838582221996932
NFYC,FHAD1,0.8837810084238993
FOXJ3,PLEKHN1,0.88358611143378
RUNX3,SNIP1,0.8835291434519663
NFIA,GSTM2,0.8831098183756585
RUNX3,PRDX1,0.8828476132874333
FOXJ3,MTF1,0.8827739751961189
HIVEP3,FRRS1,0.8827169705096651
MTF1,TSPAN1,0.8827000806130141
FOXJ3,SMIM1,0.8826214135003965
NFYC,UROD,0.8825472235217523
JUN,GNG5,0.8825396649964414
NFIA,ZBTB8OS,0.8824030327648305
FUBP1,ZNF436-AS1,0.8823403255781612
ZNF683,SRSF11,0.882297064767967
HES4,DCLRE1B,0.882268634857614
GMEB1,PLA2G2D,0.8819651860988745
MTF1,NPPA,0.881898058311076
HIVEP3,ZNF362,0.8817121783368985
FOXJ3,CD58,0.8816298768263199
TAL1,TTC4,0.8809452879419734
GMEB1,TMED5,0.8806238786512108
NFYC,PAQR7,0.8805282527273023
GFI1,NOC2L,0.8805199305330021
GFI1,DNAJC16,0.8804006195700296
HES4,CSMD2,0.8802519426228902
GFI1,ATAD3B,0.8801462944492349
NFYC,RPA2,0.8799582516807468
FUBP1,ACOT7,0.87980377790417
NFYC,GNAT2,0.8797100854363887
YBX1,FBXO44,0.8791687578454073
ENO1,TMEM52,0.8790594438913412
FUBP1,NADK,0.8790313362322169
FUBP1,LZIC,0.8787305610722795
ZNF683,PNRC2,0.8785802370287566
POU3F1,MEAF6,0.8785591081266352
MTF1,FNDC10,0.8781925486402047
RUNX3,LINC01134,0.8780556062503978
FOXJ3,ADGRL4,0.8778756081937342
FOXJ3,KYAT3,0.8778057438606247
HES4,MTFR1L,0.877731948612395
MTF1,BTF3L4,0.8776615166457425
HES4,HP1BP3,0.8775765787533288
HES4,FAF1,0.8775003440937965
JUN,B3GALT6,0.8772525009796763
NFYC,CSMD2-AS1,0.877056109132638
ENO1,CASQ2,0.8768245246813917
HIVEP3,HIPK1,0.8768209977016804
NFIA,AMY2B,0.87678921491925
GMEB1,BTBD19,0.8767840547552607
ID3,STRIP1,0.8767517370358946
FOXJ3,ISG15,0.8767402241117855
RUNX3,MORN1,0.8764024947611917
YBX1,DHRS3,0.8757672373172888
NFYC,CLCA1,0.8757035108897758
ALX3,ZNHIT6,0.8747214552113748
POU3F1,CDK11B,0.8747001630391407
ZNF684,KIAA0319L,0.8743829604636106
FOXJ3,TAF13,0.8741750485966941
ZNF684,PLOD1,0.8737227438688946
E2F2,HES2,0.8735922030233394
NFYC,UBIAD1,0.8734837397563268
NFYC,TNFRSF14-AS1,0.8731456714669308
HIVEP3,IFI44,0.8729445964165574
ZNF684,C1orf216,0.8726219529567367
HIVEP3,STX12,0.8725152077257778
GMEB1,FBXO6,0.872445286334337
POU3F1,ECE1,0.872038477860825
FOXO6,NRDC,0.8718577921335128
NFYC,LINC01307,0.8718030846495184
NFYC,TTC34,0.8717645339715694
HIVEP3,LINC01709,0.8717441922515128
FUBP1,MEAF6,0.8715488807551128
RUNX3,GPR153,0.8715102446346302
HES4,TNFRSF25,0.8714636696087609
FOXJ3,MATN1,0.8713356442917951
FOXJ3,ZMYND12,0.8712943881081999
RUNX3,EPS15,0.8711879995436822
FOXJ3,EFHD2,0.8708656519298045
E2F2,AGO3,0.8707958064988819
NFIA,MIGA1,0.8707121899262432
GFI1,DR1,0.8697825791488584
GMEB1,HFM1,0.8695549178624087
GMEB1,TAF13,0.8694882625186264
YBX1,EPHX4,0.8693828810055629
GFI1,ID3,0.8691152692541676
NFIA,FPGT,0.8690749233359459
GMEB1,PSRC1,0.86901811468271
HIVEP3,B3GALT6,0.8686676101734006
NFYC,KAZN,0.868594889626751
TP73,SCP2,0.8685673903577648
TP73,IQCC,0.8684745926720543
POU3F1,MIR4422HG,0.8683720069176221
MTF1,CDK11A,0.8681260310695337
HIVEP3,ATPAF1,0.8681004219493196
HES4,SRSF4,0.8679710799157544
HES4,MACF1,0.8677029590956137
NFYC,TTLL7,0.8676172110854738
ZNF684,CAMK2N1,0.86752910041974
GFI1,CENPS,0.867476179269992
HIVEP3,KIAA1522,0.867431061548784
MTF1,HNRNPR,0.8674046129046922
GMEB1,LRRC8C,0.8673268529323362
FOXJ3,MED18,0.8672451427333631
ALX3,TTF2,0.867152908814349
ZNF684,TRIT1,0.8671422953283766
E2F2,TUT4,0.8669782159595492
FUBP1,ANGPTL3,0.8669700026705466
NFYC,RSRP1,0.8668354999328001
MTF1,ECE1,0.8667907803426106
TAL1,CDC42-IT1,0.8664906897746923
FUBP1,HCRTR1,0.8660215359919661
ZNF683,KIF2C,0.8659186569034721
FOXJ3,PABPC4,0.8654920782479247
ZNF683,IFNLR1,0.8654680830385877
ENO1,MAN1C1,0.8654144218387455
HIVEP3,LINC01714,0.8653559650232446
HES4,CPT2,0.8652876639756298
RUNX3,LINC01128,0.8652297005234737
GMEB1,TAS1R3,0.865072444908993
POU3F1,KCNAB2,0.8649742044449802
ENO1,LDLRAD2,0.8649455604721874
HIVEP3,SYPL2,0.8649056781360477
HIVEP3,GPX7,0.8648792004324932
FUBP1,DBT,0.8648573661892784
HIVEP3,B4GALT2,0.8645990475337877
GMEB1,RCC2,0.8645664007726248
FOXJ3,MARCKSL1,0.8640348570223247
FUBP1,RWDD3,0.863770738660374
FOXJ3,LINC01562,0.8636209800845482
NFYC,CITED4,0.8631577478061685
ZNF691,ERMAP,0.8629077962211557
GMEB1,SLC9A1,0.8626598061587933
HES4,ZBTB40,0.8625683822982005
HES4,RNF19B,0.8623584827115381
ENO1,PADI2,0.8622669117154884
ID3,TNFRSF14,0.8622606016403369
GMEB1,MRTO4,0.8620823441865088
TFAP2E,ERMAP,0.8620525304945486
NFIA,CYP2J2,0.8615840922726948
YBX1,AK4,0.861476793340522
ZNF684,HIPK1,0.8607701588687545
JUN,NUDC,0.8607145439168782
RUNX3,DHCR24,0.8606558952385863
POU3F1,CCNL2,0.8606063656740276
NFIA,EFCAB14,0.8605081527695612
ENO1,PATJ,0.8604556212340779
NFYC,CSF3R,0.8604292441489998
GMEB1,CAPZA1,0.8603694410454965
FUBP1,TAS1R1,0.8602260761121678
HES4,KIF1B,0.8597102469258309
NFYC,SDF4,0.8593135011165102
HIVEP3,LRRC8C-DT,0.8592132876741416
FUBP1,EVA1B,0.8591760940590333
RUNX3,DISP3,0.858642158658822
HES2,DPYD-AS1,0.8585043955803262
NFIA,TTC39A,0.8584549898707349
ID3,MYSM1,0.8582421600472453
FOXJ3,MFSD14A,0.8581972841121678
ENO1,LINC01342,0.8580013472537298
GMEB1,PKN2,0.8578284033576512
RUNX3,KDM4A,0.8576575755094752
TAL1,GPSM2,0.8576343120986926
NFYC,PTPRU,0.8576274610049535
NFIA,PEF1,0.8569139705054425
GMEB1,ESPN,0.856819435616423
ZNF683,DLGAP3,0.8566761703127482
NFIA,AHDC1,0.8566029620704874
YBX1,PINK1-AS,0.8563902383863523
NFYC,LUZP1,0.8563116407752124
FOXO6,MMACHC,0.856252545909223
HES4,TRIM33,0.8561887963982212
FUBP1,F3,0.8559795292586339
E2F2,CTBS,0.8559597627520399
HES4,ZMYM1,0.8557329533286012
FUBP1,PHACTR4,0.8555842352527829
E2F2,EYA3,0.855463350805435
RUNX3,FNDC7,0.8554507403711449
ENO1,RHD,0.8553241809840314
GMEB1,CLCN6,0.8552542559049509
HES4,ZBTB48,0.8550494813426731
NFYC,NFYC-AS1,0.8548656104672844
ENO1,HIPK1,0.8547088032091508
FOXJ3,LINC01676,0.8545994955093607
POU3F1,NPPA,0.8543007031172942
ZNF684,C1orf127,0.8542118497488751
FUBP1,KCND3,0.8535035082231529
NFIA,CTNNBIP1,0.8535010803196352
GMEB1,HIPK1,0.8532176181648286
ENO1,PLK3,0.8532095556402144
NFYC,FAF1,0.8531854879280993
RUNX3,LINC01362,0.8529988257709339
FOXJ3,DIPK1A,0.8529022040605884
GMEB1,GNB1,0.8528028146600743
HIVEP3,ZBTB17,0.8527845036000656
HIVEP3,GPATCH3,0.8524761597121703
NFYC,GSTM3,0.8519121957651551
RUNX3,DDAH1,0.8518674853759521
NFIA,YBX1,0.8516030147568642
GMEB1,TMEM51,0.8515328499428805
ENO1,DNAJB4,0.8514722267766647
FOXO6,AMPD2,0.8513584620072114
NFYC,LRRC41,0.8512554165195375
PAX7,COL24A1,0.8510465747117171
MTF1,PSMB2,0.8509288455799768
NFYC,DDAH1,0.850860187645887
HIVEP3,GNG5,0.8507993878710461
E2F2,TRIM33,0.8506837262235724
TP73,MAP3K6,0.850562565709988
ZNF684,SNHG12,0.8504971379872486
MTF1,ATAD3C,0.8504119094937541
NFIA,DAB1,0.8501808469237289
ZNF691,ARHGEF19,0.8499895407567392
ZNF691,LZIC,0.8497715019451957
HIVEP3,NCDN,0.849704790114784
RUNX3,PSMB2,0.8496937179590845
HIVEP3,MARCKSL1,0.849468511809256
FUBP1,NCDN,0.8494378301539066
HIVEP3,PLK3,0.8493839402297506
E2F2,CCDC24,0.8493534046931953
HIVEP3,NBPF3,0.8490680785305467
ZNF691,TTC4,0.8490472089487616
NFIA,C1orf159,0.8489866855340894
FOXJ3,CROCC,0.8483725500628578
ZNF683,RPAP2,0.8480699376269256
GMEB1,B4GALT2,0.8478216061671903
NFYC,CD58,0.8476180809712851
GMEB1,FBXO44,0.8469705987356867
RUNX3,CAMTA1-DT,0.846880208565411
NFYC,USP1,0.8466744810917474
FUBP1,LINC02777,0.846118910593806
JUN,AHDC1,0.8460673152304837
RUNX3,GNB1,0.8458512614904271
YBX1,MFN2,0.8457685114228073
HES4,CYB5RL,0.84536078327941
JUN,EFCAB14-AS1,0.8453229875505242
NFYC,PITHD1,0.8451878365090247
ID3,ODF2L,0.8451044748744763
GMEB1,MMP23B,0.845081922931674
FOXJ3,UTS2,0.8449809669165305
YBX1,ADORA3,0.8443524559294089
TFAP2E,UBXN11,0.8441840709350087
RUNX3,IPO13,0.8440645791890155
ENO1,RNF11,0.8439913956936641
TP73,RAD54L,0.8439495783687906
HES4,TXNDC12,0.8439336042317188
HIVEP3,PDIK1L,0.8436122686927205
GMEB1,RTCA,0.8435895899212709
GFI1,RPS6KA1,0.8433604208393723
GMEB1,PNRC2,0.8432412678762029
GMEB1,C1orf122,0.8431550133957376
ZNF683,NEXN-AS1,0.843068821992479
RUNX3,NUDC,0.8429536329656425
HIVEP3,ARMH1,0.8423892137366503
FOXJ3,RPS6KA1,0.8423226620591329
NFYC,MCOLN3,0.8422832754938117
NFIA,TMEM222,0.8418518481283983
GMEB1,ATAD3A,0.8415854836145302
FUBP1,DHCR24,0.8414291176226086
FUBP1,LDLRAP1,0.8412935229999376
ZNF691,KYAT3,0.8412730857346796
ENO1,ID3,0.8410424185520418
YBX1,MIB2,0.8408219049928743
FOXJ3,LMO4,0.8407097378627783
YBX1,GCLM,0.840536320467216
FUBP1,GPR153,0.8404029143622899
HES2,AMPD2,0.840046436645818
GMEB1,PRDM2,0.8400360511504887
FOXJ3,BTF3L4,0.8396631510272593
GFI1,GIPC2,0.839472332989126
FUBP1,PSRC1,0.8394607792264737
GMEB1,DNAJC16,0.8394556714741019
HIVEP3,BTBD19,0.8390915229703058
HIVEP3,SLC44A5,0.8390387747174712
NFYC,MRPL20,0.8389970628539444
YBX1,PIK3R3,0.8389559144249582
ENO1,VAV3-AS1,0.8389325232356046
FOXJ3,C1orf122,0.8388780720311164
GFI1,AHDC1,0.8387783195535814
FOXJ3,AP4B1,0.8387444336667714
MTF1,LINC02811,0.8385168268882377
GFI1,MAGOH,0.8384955740484803
NFIA,PIK3R3,0.838455530799047
TAL1,RPL5,0.8382763593577285
MTF1,PER3,0.8381749575057688
HIVEP3,SRSF11,0.837622301102797
FOXJ3,GPN2,0.8374065417816127
MTF1,ARMH1,0.8371188254881246
JUN,C1orf216,0.8370762937726073
YBX1,LDLRAP1,0.8368634395685902
ZNF684,PABPC4-AS1,0.8367781957971933
HES4,DPYD-AS2,0.8363416886339669
FUBP1,IPO13,0.8363283915306653
NFYC,TTC39A-AS1,0.836053379386259
ZNF683,SESN2,0.835369271338534
ZNF691,INTS11,0.8351983138524961
FUBP1,CENPS,0.8347832148132261
ID3,ARHGEF10L,0.8346152503737341
NFIA,MKNK1,0.834607024279242
ZNF683,IPP,0.8343235413712156
NFIA,TNFRSF8,0.8342607795383308
POU3F1,LRRC8B,0.8342316654032885
NFYC,TMED5,0.834185322721312
HES2,LINC02811,0.8341364572074237
ENO1,ANGPTL7,0.8340471580350407
YBX1,LINC01709,0.8336545174481127
NFYC,NBPF3,0.8336523892111427
FUBP1,ALDH4A1,0.8334999559061926
GMEB1,CDC42,0.8334586988113327
JUN,RBM15,0.8333302966596408
NFYC,PAFAH2,0.8330685188570031
HES2,PABPC4,0.832627998811412
ENO1,LINC01128,0.8326200408135926
TP73,ZBTB17,0.8325249971441238
NFYC,AURKAIP1,0.8324366145934837
MTF1,GSTM4,0.8320997107666178
HES2,ZNHIT6,0.8320933165124903
POU3F1,EFCAB7,0.8319489488567652
GFI1,MTHFR,0.8318399029442867
HIVEP3,LRRC41,0.8317629879442638
E2F2,PEF1,0.8315378276752369
JUN,MIR3659HG,0.8313914828155884
NFYC,CC2D1B,0.8311875149650112
ZNF683,TMEM59,0.8310202973480929
FOXJ3,PADI4,0.8309182500454984
NFIA,MOV10,0.830559037724145
ZNF691,GCLM,0.8303893600768735
GMEB1,INKA2-AS1,0.8301459231316236
GMEB1,BMP8B,0.8297805555024005
HES4,PIK3CD-AS2,0.8297681507275732
ENO1,SESN2,0.8296089520267316
FOXJ3,POU3F1,0.8295022257239629
NFYC,BSND,0.8294892591798854
NFIA,CASZ1,0.8294034672423186
HES2,KDM1A,0.8287297317824291
MTF1,MACF1,0.8286999097972774
FOXJ3,DCDC2B,0.828698907001168
ID3,SF3A3,0.828486127492927
YBX1,BMP8A,0.8284629571227424
JUN,SLC6A17,0.8284298423607975
HIVEP3,GNAI3,0.8284177831714905
GMEB1,RIMS3,0.8279168253799403
FOXJ3,FHL3,0.8277227155295213
MTF1,CHD5,0.8275619450972882
FOXO6,FAM229A,0.8272109370010396
HES4,ZBTB8OS,0.8270631053986108
YBX1,DVL1,0.8269594095792645
NFYC,FAM167B,0.8266586120499844
JUN,SNHG3,0.8265348401902949
YBX1,ZFYVE9,0.8263408959470179
FUBP1,TESK2,0.826331400959822
JUN,MACF1,0.8261259938407524
HES4,ATP13A2,0.8260516589861766
FUBP1,GRHL3,0.8257645470821705
E2F2,FGR,0.8257608894425498
E2F2,RBM15-AS1,0.8248438829252172
FUBP1,MIB2,0.8248363718602469
JUN,UQCRH,0.8248017771133074
YBX1,FGR,0.8247504517121012
E2F2,ZBTB48,0.8246374178094592
HES4,TMEM50A,0.8240885068373371
HIVEP3,PPIE,0.8240354410553737
GMEB1,AMIGO1,0.8240063394645382
NFYC,PHC2,0.8240012786783044
E2F2,LRRC8B,0.8239264402499668
RUNX3,LINC02777,0.8238006351204032
HES4,ZSCAN20,0.8236188147207757
FUBP1,TM2D1,0.823600000991112
FOXJ3,AURKAIP1,0.8235281478052306
FUBP1,PTPRU,0.8232991272169188
GMEB1,LINC01677,0.8232498183973345
FUBP1,LINC01389,0.8231160224762357
HES4,PEX10,0.8226819500681662
GMEB1,USP24,0.8223642999356
HIVEP3,NOC2L,0.8219320870466502
MTF1,C1QB,0.8218071611512738
ZNF684,HDAC1,0.8216115082615333
NFYC,FNBP1L,0.8214012051238394
HIVEP3,ASAP3,0.8213247722128365
NFIA,ERMAP,0.8212538382763444
NFIA,TMED5,0.821210453828958
FOXJ3,UBE2J2,0.8211581272477763
RUNX3,MAP7D1,0.8210384907510523
MTF1,KHDRBS1,0.8210170373600248
HIVEP3,LINC02607,0.8208423919417872
FOXJ3,CTRC,0.8207499521124865
JUN,BTBD8,0.8206348179783052
MTF1,SRSF11,0.8205354152949507
RUNX3,DPYD,0.8202969688436482
NFIA,NBPF1,0.8195501574313501
RUNX3,ADORA3,0.8195409803178486
YBX1,PPIE,0.819256489525205
GMEB1,ICMT,0.8189307728892812
HES4,ENO1-AS1,0.8185772547279893
HES4,AP4B1,0.8182259428210341
NFYC,SPATA6,0.8177890422161377
TP73,PHF13,0.81757111783726
ENO1,BTBD8,0.8175047388790624
MTF1,SSBP3-AS1,0.8174191209932257
GMEB1,MTOR,0.8171293628804881
FOXJ3,PTCH2,0.8166193264444308
RUNX3,SPEN,0.8166136527452998
FOXJ3,YBX1,0.816316543407117
TAL1,KYAT3,0.8155352239297902
TP73,RPF1,0.8152794383877955
NFIA,HFM1,0.8152299207536289
HIVEP3,KIAA2013,0.815222724122465
ID3,NEGR1,0.8151569214705152
ZNF684,CLCN6,0.8148937573099372
HES4,CDC42-AS1,0.8144177892134853
RUNX3,CDCP2,0.8140853030455723
NFIA,MFN2,0.8139799317857842
TFAP2E,AP4B1-AS1,0.8139579277505495
GFI1,RAP1GAP,0.8138795291418026
MTF1,DNAJB4,0.8137165553802596
GMEB1,SCP2,0.81336690154126
ID3,MUL1,0.8133172173417013
HIVEP3,TNFRSF9,0.8132912959006285
FOXJ3,DNAJC11,0.8131529052231279
FOXJ3,GPR153,0.813141833202146
E2F2,LMO4,0.8130854777330218
FOXJ3,HYI,0.8130627744936954
HES4,SRRM1,0.8127878773435957
ENO1,COL24A1,0.8127741705013504
GFI1,USP24,0.8126674998352438
YBX1,FAAH,0.8123990952744745
ID3,EXO5,0.8123350683441742
NFYC,GPR3,0.8121769177638264
ID3,AGO4,0.811986259960844
MTF1,PIK3R3,0.8118226120864581
ZNF684,KCNA2,0.8111749778028424
HES4,ZNF436-AS1,0.8111565463432289
E2F2,TMEM234,0.8109862618082708
NFYC,LEPR,0.8109638857907577
E2F2,EFHD2,0.8106546680476243
TP73,LAMTOR5-AS1,0.8106374380169521
FUBP1,ENO1,0.8101648452218116
GMEB1,SCMH1,0.8094524256089511
YBX1,MOB3C,0.8088925008228611
GMEB1,TARDBP,0.8087942624230249
FOXJ3,DENND2C,0.8084084894121397
MTF1,TTC4,0.80788283216609
TFAP2E,UBE4B,0.8078120522005661
MTF1,ERICH3,0.8078073980652457
ZNF683,MED8,0.8076173686358852
GMEB1,CDC42-AS1,0.8075750576105853
JUN,MED8,0.8074844810280989
ZNF691,EPHA10,0.8074396561696842
HIVEP3,CTBS,0.807126698258267
HES4,RPS6KA1,0.8069976957943368
HIVEP3,LYPLA2,0.8066520152258115
PAX7,LRIG2,0.8065494619438633
E2F2,ZFP69,0.8064090611238233
NFIA,RAP1A,0.8063873515444056
YBX1,KDM4A-AS1,0.8063167998155343
GFI1,EFHD2,0.8062392421254219
FOXJ3,CDK11B,0.8062278880688412
FUBP1,HDAC1,0.8061383430099994
FUBP1,SELENON,0.8060803326106669
NFIA,FUCA1,0.8060084170647734
RUNX3,PTPRU,0.8052711978308952
ZNF684,AMIGO1,0.8052704828752151
GMEB1,LRRC8C-DT,0.8049508452196671
TFAP2E,DENND2D,0.8048974233615049
RUNX3,PEX14,0.8046275835754296
NFIA,ROR1,0.8044783272867161
MTF1,EPHB2,0.8044265449746485
RUNX3,MMACHC,0.8042669248426613
ID3,HDAC1,0.8040514712472744
NFIA,ARMH1,0.8040179454924411
FUBP1,ACAP3,0.8039610313186812
NFIA,ZSCAN20,0.8038922914622975
ENO1,PIK3CD-AS2,0.803847405588464
GMEB1,NIPAL3,0.8038385834530328
JUN,ATP5PB,0.8038057720605394
RUNX3,UQCRHL,0.8027625285185414
HES2,SYDE2,0.8027061755820077
GMEB1,ZC3H12A,0.8024333689584957
ZNF691,LINC01765,0.802305702213786
FOXJ3,PEX14,0.802027058373199
FOXJ3,ROR1,0.8016401084673231
FOXJ3,PADI2,0.8016264125498959
NFYC,FBXO42,0.8016122537680862
YBX1,FAM41C,0.8016055310076625
E2F2,INTS11,0.8014916774417418
JUN,FNDC7,0.8014318466268965
FOXJ3,CELA2B,0.8013907168527652
ZNF684,ZMYM1,0.8012393418120696
NFIA,DNTTIP2,0.8012160745848296
YBX1,PAX7,0.8011958645389297
YBX1,SZT2,0.8010723358137544
HIVEP3,TUT4,0.8009225650749026
POU3F1,MACO1,0.8009107709199581
MTF1,COL16A1,0.8008668930048585
NFYC,MFSD2A,0.8007867837614977
GMEB1,TSSK3,0.8003260809190134
RUNX3,GRHL3,0.800266643622259
E2F2,CD58,0.7996690580446852
GMEB1,PTCH2,0.7995996654173557
GMEB1,UBR4,0.7994382991430108
MTF1,DDOST,0.7994208169847206
GMEB1,LMO4,0.7993753618173586
ENO1,LINC01685,0.7993731548404795
ENO1,LINC01562,0.7990512822820267
NFYC,NMNAT1,0.7990280331042016
MTF1,ERMAP,0.798898528775813
RUNX3,AGTRAP,0.7982899834378424
HES2,ZYG11B,0.7981803701868789
HIVEP3,SMIM1,0.7978425433567008
HES4,BSDC1,0.7978051837648249
HES4,FHL3,0.797686269533791
GMEB1,STK40,0.7968398753994521
FOXJ3,DMAP1,0.7968101822052659
NFIA,ID3,0.7965094085855934
RUNX3,TARDBP,0.7959576260997878
NFYC,TXLNA,0.7958597897106713
GMEB1,RAVER2,0.7958169493558725
E2F2,LAMTOR5,0.7957720152841045
GMEB1,EFCAB14-AS1,0.7951034627686671
FOXJ3,RPL11,0.795097714327592
JUN,POU3F1,0.7945761715693784
ENO1,MTOR-AS1,0.7943421441960821
HIVEP3,CSDE1,0.7943154795915234
ZNF683,SLC30A7,0.7941343135599698
RUNX3,RCC2,0.7938118135247326
MTF1,S100PBP,0.7935710920076444
HIVEP3,LINC01781,0.7934791046861559
ZNF691,TNFRSF9,0.7933898413699757
RUNX3,NDUFS5,0.7932017712773375
MTF1,PARK7,0.7931827444995104
ID3,DENND2D,0.7931258211365416
FOXJ3,AGO3,0.7930212062713774
NFYC,SIKE1,0.7929640766377022
NFIA,CROCC,0.7929474660277724
RUNX3,RPF1,0.7929297009798658
FOXJ3,SFPQ,0.7928350179824414
NFIA,RBP7,0.792627776477828
TP73,ZMYM6,0.792493584000787
ID3,ZNF684,0.7921157316201598
E2F2,MTOR,0.7919704399789411
YBX1,MTOR-AS1,0.7919676491222735
FOXJ3,UBXN11,0.791667577796835
HES4,MATN1-AS1,0.7916306660771846
NFYC,LINC01358,0.7915380810997821
NFYC,NEGR1,0.7915007538627018
YBX1,KCNA3,0.7913859904396754
FUBP1,RPS8,0.791180085396651
GMEB1,HMGCL,0.7911528781316304
FOXJ3,SERBP1,0.7911440260153924
YBX1,ZYG11B,0.7911413356479253
ZNF684,ZBTB48,0.7910703439072896
RUNX3,WNT4,0.7910327453753679
GMEB1,PPIH,0.7909849857384786
RUNX3,MTFR1L,0.7908156812226073
RUNX3,LRRC40,0.790550500959432
NFYC,TP73,0.7904622869705
E2F2,PTBP2,0.7900710825318554
YBX1,SHISAL2A,0.7900468016593089
FOXJ3,CD2,0.7896855316190279
FOXJ3,MRPL37,0.789618547276905
ZNF691,PER3,0.7893029261215774
ZNF683,ZNF593,0.7891961464836927
YBX1,SSBP3-AS1,0.7891721918412784
TFAP2E,TMEM59,0.7888897230217953
NFYC,GPATCH3,0.7887863416165236
RUNX3,AK2,0.7887841527679261
NFYC,LINC01362,0.788723921829934
JUN,ACADM,0.7887144714884178
NFYC,PINK1,0.788644833192251
HIVEP3,PADI6,0.7884278330657317
ZNF684,TCEA3,0.7883385088392023
HIVEP3,USP48,0.7880029830487032
HIVEP3,ZMPSTE24,0.7879516725718155
GMEB1,YBX1,0.7878069362613238
JUN,TMEM69,0.7874702143166682
NFIA,ZFYVE9,0.7873277348324532
RUNX3,LINC01409,0.7872189202777785
HES4,JAK1,0.7871288964795186
FOXJ3,LINC01160,0.7870306792639244
HES4,TMEM59,0.7869361607776392
HIVEP3,SHISAL2A,0.7868476390883608
JUN,MIR34AHG,0.7867739372830947
E2F2,LEPR,0.7867536521814168
HES4,ZNF593,0.7865940503140746
NFYC,RNF220,0.7864235475152843
FUBP1,TSSK3,0.7864008510037067
ENO1,HYI-AS1,0.7862402547355947
YBX1,MAP3K6,0.7862336723829113
NFIA,AP4B1-AS1,0.7861562663724586
HIVEP3,FAM167B,0.7861551112351023
NFYC,LMO4,0.7861197418425869
HIVEP3,SLC9A1,0.7858321948750379
HIVEP3,CLSTN1,0.7857714062952282
NFIA,AKR7A2,0.7856950555463549
ZNF691,TCEANC2,0.785541190723881
POU3F1,SRSF4,0.7850233021690257
TFAP2E,PADI4,0.7850115968996532
HES4,PRKCZ,0.78472776883473
HES4,LAMTOR5-AS1,0.7842836392424921
RUNX3,SZT2,0.7839784913054166
JUN,HYI-AS1,0.7839570639342532
GMEB1,TMEM240,0.783737120273436
RUNX3,EIF2B3,0.7837173215331659
ID3,PIK3CD,0.783454378604952
ENO1,GNAT2,0.7833557704725321
FUBP1,YRDC,0.7833272693398017
E2F2,RSRP1,0.7831474109891938
NFYC,AK5,0.7830152699878551
RUNX3,PITHD1,0.7827232361989412
E2F2,PHACTR4,0.7823301050700763
HES4,NRAS,0.7820724670288863
ENO1,TTC34,0.7819750239566979
FUBP1,EFCAB7,0.7819622248807061
NFYC,C1orf146,0.7817970214625525
ID3,UQCRHL,0.7817815758346552
GFI1,ADGRL2,0.7816022933264185
HIVEP3,GBP5,0.7815332693431167
HES4,UTP11,0.7814976520814201
GMEB1,TMEM222,0.7814528322841652
RUNX3,CSF1,0.7814366866981004
NFIA,ERI3,0.7813466461135617
YBX1,TMEM269,0.7811936578147304
FOXJ3,NIPAL3,0.7811203613422276
GFI1,ZSWIM5,0.7810623817085375
HIVEP3,VANGL1,0.7810032007047247
FUBP1,TRNAU1AP,0.7803203242376473
NFIA,CASP9,0.7802969433384719
NFYC,MIER1,0.7802181688765061
HIVEP3,CNR2,0.7801229964539937
TAL1,SNIP1,0.7800184356662134
RUNX3,PHTF1,0.7800104783648272
HIVEP3,PTCH2,0.7799559694128542
MTF1,TNNI3K,0.7799265696061732
RUNX3,LINC02785,0.7795218904815039
ZNF683,ATPAF1,0.7794593878918986
HIVEP3,TRIM45,0.7789260367131018
TFAP2E,AK2,0.7787943356190028
TFAP2E,ST6GALNAC5,0.7786220194319611
NFIA,MATN1-AS1,0.7784536966372888
HES4,ZBTB17,0.778367271343055
HES4,ECHDC2,0.7780662299843281
GMEB1,SKI,0.7779165195453941
YBX1,SPATA6,0.7778696038090273
MTF1,EFCAB7,0.7777389301833697
RUNX3,CTPS1,0.7774104893151648
TFAP2E,MMEL1,0.777255694107223
FOXJ3,CFAP57,0.7771342178015084
GMEB1,SASS6,0.7769800004271421
HES4,RAP1A,0.7769701968367052
PAX7,CSMD2,0.7767504760190515
ENO1,UBR4,0.776718553309361
MTF1,SCP2,0.7764641959324079
GLIS1,RPF1,0.776413475234647
ID3,DPYD,0.7763889087306676
TFAP2E,H6PD,0.7762744913914759
HES4,ASAP3,0.7762567497122707
ENO1,SH3GLB1,0.7762510783165641
NFYC,PRPF38A,0.7761127117341455
ZNF691,PHACTR4,0.7759424128597371
HES4,GPBP1L1,0.7757578411446386
TP73,MYSM1,0.7756342951293775
GMEB1,GNAI3,0.7754957796765012
HIVEP3,NUDC,0.775426286555613
NFIA,DNAJC16,0.7753447857219332
NFYC,SNRNP40,0.7746533870591372
FUBP1,SLC16A4,0.7746426321506292
GMEB1,ATP1A1,0.7742945841179077
YBX1,ATP1A1,0.7742869118353406
ZNF691,MED18,0.7741962673715475
MTF1,MYCL,0.7740296028020703
FOXJ3,EPHA2,0.7740114235357975
FOXJ3,LINC02811,0.7740032825162964
HIVEP3,BCAS2,0.7739802805105532
FUBP1,SCMH1,0.7736159964509295
GMEB1,PPT1,0.773610291005207
GMEB1,SH3GLB1,0.7735728371371919
ENO1,LINC02609,0.7735552965162626
RUNX3,SELENON,0.7735326560448087
TP73,TRNAU1AP,0.7735040266983815
FOXJ3,BCL10,0.7734624016514049
YBX1,CYP2J2,0.7732385416474308
HIVEP3,HECTD3,0.7731248122493014
NFIA,ZNHIT6,0.7730211323035545
HES2,EFCAB14,0.7729999666226971
TFAP2E,KYAT3,0.7729131801157139
GMEB1,ZNF593,0.7728154805621016
FOXJ3,ALPL,0.772810495489676
ENO1,LINC02780,0.7728025865934013
ID3,MATN1,0.7725188110337486
FOXJ3,DDX20,0.7724254428053203
RUNX3,SSX2IP,0.772308929035636
FUBP1,LINC02785,0.7720762566806197
MTF1,RHBDL2,0.7718900138581035
HES4,LRRC7,0.771835399824841
FUBP1,ZNHIT6,0.7718166861767397
HES4,EPS15,0.7717381498239795
E2F2,VANGL1,0.77120564635918
FOXJ3,COL9A2,0.7711949009651535
MTF1,DISP3,0.7711313049721049
HIVEP3,HCRTR1,0.7709443783767358
ZNF691,LINC02606,0.7708436129078224
RUNX3,GBP4,0.7707879747439836
E2F2,CD52,0.7707628110394991
NFYC,DNAJC6,0.77074024491195
GMEB1,KTI12,0.7706761660112613
GMEB1,DDI2,0.7703089898973257
YBX1,OSBPL9,0.7701692869476829
NFIA,TTC39A-AS1,0.7699765360509672
ENO1,NMNAT1,0.7699093567533977
FOXJ3,LIN28A,0.7698456101571466
ZNF683,ATAD3B,0.76980105976582
TAL1,ERI3,0.7696126708532035
GMEB1,PIGV,0.7695119193171007
ZNF691,HMGN2,0.7693918512252427
YBX1,ROR1-AS1,0.7690439007211876
GMEB1,DNAJC8,0.7689948201720211
NFYC,ESPN,0.7688207055625769
YBX1,CDCP2,0.768474033949043
ID3,YIPF1,0.7680521717210174
JUN,RER1,0.7680487050913382
YBX1,MEGF6,0.7678791811903153
NFIA,ZNF362,0.7678502145578955
ZNF691,PGM1,0.7676151577054564
HES4,CEP104,0.7675178616810997
NFIA,ZMPSTE24,0.7673420876784953
RUNX3,MRPL37,0.7672433963028259
FOXJ3,PRKAA2,0.7669886932688343
POU3F1,ARMH1,0.7669070385645391
NFYC,OSCP1,0.766770940307613
GMEB1,GBP1,0.7664385141436348
PAX7,H6PD,0.7661962575942546
RUNX3,FNDC10,0.7659248026886938
NFIA,DIO1,0.7657840806337922
NFIA,GLIS1,0.765445960454356
JUN,MCOLN2,0.7654317307690067
JUN,DPYD-AS2,0.7653504858847545
HIVEP3,DNTTIP2,0.7652593865982693
E2F2,CEP85,0.765061590047003
FUBP1,ADORA3,0.7645163329100363
ENO1,PIK3CD-AS1,0.7644561373129009
NFYC,LRIF1,0.7643885223640169
YBX1,SAMD13,0.7643234084623705
HES4,GPX7,0.7641685837529931
GFI1,LCK,0.7639417155297304
NFIA,TRIM33,0.7639323559730145
HES4,PKN2,0.7636694418273086
HIVEP3,GPN2,0.7632702945212823
MTF1,TM2D1,0.7631664971033983
NFIA,LINC01307,0.7631580526367312
HIVEP3,DOCK7,0.7630926619255903
NFIA,USP24,0.7628886021130246
NFYC,ADGRL4,0.7627064409555041
HIVEP3,TPRG1L,0.7627034799509288
TAL1,NOC2L,0.7626085467954182
HES4,TMEM234,0.7625584641533737
HES4,TM2D1,0.7624821142193587
GMEB1,LINC01342,0.7623126647044479
ID3,IFI44L,0.7621365814515596
RUNX3,LINC01762,0.7621250397640169
ZNF684,IL23R,0.7619405202040509
ID3,MAST2,0.7619139140555535
HES4,CZIB,0.7616931991600769
HES4,HMGCL,0.7616827699732498
JUN,KIF17,0.7616808463121744
NFYC,COA7,0.7616071930076143
HIVEP3,SLC1A7,0.7616002498982122
PAX7,KIAA0319L,0.7615399722117902
ID3,ABCD3,0.7613509448248255
GFI1,SLC16A4,0.7612599847599792
GMEB1,PEX10,0.7605325335786869
FUBP1,SH3BGRL3,0.7604602036065602
HES4,LINC01762,0.7603341922753033
RUNX3,ZMYM1,0.7600856946348509
ZNF683,AP4B1,0.7600027795719877
FUBP1,ZMYND12,0.7598566425299235
E2F2,MOB3C,0.759713788003866
RUNX3,SLC25A24,0.759704095984081
RUNX3,GBP3,0.7593504691559559
NFYC,CDKN2C,0.7589285740653451
HIVEP3,TMEM201,0.7588146816667724
NFYC,ZMYM4-AS1,0.7588003938338758
TFAP2E,PHF13,0.75864740892439
POU3F1,ATP13A2,0.758457627312741
YBX1,CAMTA1-DT,0.7584440502924354
NFIA,DHDDS,0.7583468164585971
ZNF691,OMA1,0.7582888083820117
HES4,LINC01768,0.7580191915350878
FUBP1,ASB17,0.7578368423733995
HES4,PKN2-AS1,0.7577440968148589
HIVEP3,SLC35A3,0.757569790783725
ENO1,TCEA3,0.7575277049559631
RUNX3,TMEM201,0.7575187330380668
FUBP1,UQCRH,0.7574471768363041
FUBP1,HIVEP3,0.7573748479425193
TAL1,HIPK1,0.7567021782385036
HIVEP3,WASF2,0.7566912466900768
ENO1,TRNP1,0.7566006467522274
GMEB1,DENND2D,0.7565015655687594
NFYC,LINC02795,0.7561718604184685
HIVEP3,FUCA1,0.7560902305635564
NFYC,TRAPPC3,0.7560806379356309
MTF1,PAQR7,0.7560117150140079
TAL1,ZBTB48,0.7559333479218807
E2F2,LYPLA2,0.7558754883681803
E2F2,SHISAL2A,0.7551454151340223
RUNX3,LDLRAP1,0.7549377809904346
GMEB1,S100PBP,0.7547493318609576
HIVEP3,KCNA2,0.754467655480524
NFYC,AGO4,0.754422321350649
RUNX3,PHC2,0.7542961675092549
FOXJ3,ZBTB48,0.7539792553725989
ENO1,SNIP1,0.7539303299046658
ZNF683,CCDC30,0.753924890700517
RUNX3,BSND,0.7534550324138091
GMEB1,TYW3,0.7530997090860281
TAL1,USP24,0.7530220258733517
MTF1,ACOT7,0.7530042826799246
HIVEP3,GPR61,0.7528776539236073
GFI1,TMEM35B,0.75275518191986
MTF1,LINC01739,0.7527039422900657
HES4,ZMYM4,0.7526875352694616
NFIA,TRIM62,0.7524129321742443
NFYC,CFAP74,0.7524073758429437
ZNF683,AKNAD1,0.7523569299966445
TFAP2E,GPR61,0.752282552032134
HIVEP3,PEF1,0.7521639590641407
GMEB1,FHL3,0.7521378108191924
HIVEP3,RSPO1,0.7521003685431336
NFYC,PABPC4,0.7520293671223003
GMEB1,RSPO1,0.7518480342692057
E2F2,UBE4B,0.7518165977138317
HIVEP3,PEX14,0.7516728978282814
HIVEP3,DRAM2,0.7510919092675954
HIVEP3,UBIAD1,0.750993967091654
E2F2,KHDRBS1,0.750983396078065
NFYC,LINC02801,0.750941900690632
RUNX3,SRARP,0.7506941113686207
JUN,GPR153,0.7504962877612048
FUBP1,EXOSC10,0.750463683548329
MTF1,L1TD1,0.7503477877546845
NFIA,STXBP3,0.7500461074324876
NFYC,PTGFR,0.7500018871490697
GMEB1,DPYD-AS1,0.7491680315537069
NFYC,PARK7,0.7491233723688573
POU3F1,TYW3,0.7490452935596067
NFIA,PPIE,0.7487096477376942
FUBP1,SLFNL1-AS1,0.7486453694525622
GMEB1,NEXN,0.747887735134335
POU3F1,COL9A2,0.7478427794163176
NFYC,EFCAB14,0.7475682784658758
ZNF683,C1orf50,0.7473087357846462
NFYC,TAF13,0.7472347285155337
NFYC,MYOM3,0.7471593171339396
HIVEP3,DPYD-AS1,0.7470921164750833
HIVEP3,EIF4G3,0.7470647743332525
RUNX3,RNPC3,0.7469780601582521
NFYC,CYP2J2,0.746902423567716
FUBP1,DOCK7,0.7468276510602772
HES4,FRRS1,0.7467933708855836
HIVEP3,PPT1,0.7461572362643991
HES2,PLK3,0.7460980067647898
HES4,MASP2,0.7460818885683416
ID3,AGMAT,0.7457298407758599
YBX1,CCDC28B,0.7457248077180616
NFIA,TMEM269,0.7453366602436132
HIVEP3,HENMT1,0.7449893180392814
FUBP1,LINC01359,0.7446742655915215
HIVEP3,PUSL1,0.744643000945095
FOXJ3,LINC01739,0.7446419410494511
HIVEP3,MXRA8,0.7445250558160745
GFI1,PINK1,0.7440750061213233
ENO1,DHRS3,0.7438453487964722
PAX7,PIK3CD,0.7432461697519311
ID3,LINC01786,0.7429682751510588
NFYC,ODF2L,0.7427771588360675
MTF1,SRSF10,0.7424530117111817
RUNX3,AGMAT,0.7423996775605202
NFIA,TMEM35B,0.7419427401487342
E2F2,HES4,0.7418960943170326
GMEB1,PLPPR4,0.7418678240801257
HIVEP3,KANK4,0.7418392699525844
NFYC,PHACTR4,0.7417332700703264
JUN,RHOC,0.7416846907486655
HIVEP3,ZBTB48,0.7413379583890692
HES4,THAP3,0.7410820451356736
GMEB1,IFI44L,0.740984811549052
GMEB1,FNBP1L,0.7407146558651915
YBX1,DIPK1A,0.7405788169423502
FUBP1,POMGNT1,0.7404875321562807
ALX3,RBMXL1,0.7404153409496077
NFIA,KDF1,0.7401011909514432
ID3,HCRTR1,0.7399823999584354
ID3,ZNF683,0.7399206286926708
FOXJ3,KLHL21,0.7398152635701386
ID3,SORT1,0.7398075742323252
GMEB1,KDM4A-AS1,0.7398068611807539
HIVEP3,CSMD2-AS1,0.7396685091534949
ZNF684,PRKACB,0.739642708013131
NFYC,AGL,0.7396352989026591
GFI1,DHRS3,0.7394994466340089
HIVEP3,KAZN,0.7392311440217192
POU3F1,LYPLA2,0.7392095249802125
YBX1,ENO1-AS1,0.7390056781812777
RUNX3,MEGF6,0.7389940973878227
JUN,LINC01685,0.7388890781346555
TAL1,PINK1-AS,0.7388649914460099
E2F2,TTC39A,0.7387839934381666
HES4,SH3BGRL3,0.7385726896528289
HES4,CAMTA1,0.7384200169118769
RUNX3,FAM87B,0.7381437214705143
HIVEP3,RTCA-AS1,0.7378315168633229
RUNX3,CEPT1,0.7377770339630468
E2F2,IQCC,0.7376847011932882
NFYC,PTCH2,0.7376391558802526
MTF1,ENO1,0.737531385299989
POU3F1,UBR4,0.7375040927381084
ID3,LINC01355,0.7374786241443939
HIVEP3,SESN2,0.7372323903707905
FUBP1,MRPL20-AS1,0.7371804493912439
GFI1,HYI,0.7371583105567522
ZNF684,DFFA,0.7370076065874234
HES4,LSM10,0.736990528219567
ID3,DHRS3,0.7369425255378372
JUN,LYPLA2,0.7368454797772557
TFAP2E,PTPN22,0.7365528231738814
ZNF691,DNAJC8,0.7363776860350457
NFIA,LINC01409,0.7359250707253423
GMEB1,TRNAU1AP,0.7358688570858016
HIVEP3,AKR1A1,0.735695743450742
MTF1,VAV3-AS1,0.7356870905844375
NFYC,ELOVL1,0.7354884957780048
NFYC,ZNF683,0.7350119364869192
ENO1,UQCRHL,0.734882155564353
MTF1,AP4B1-AS1,0.7347255710449354
E2F2,AZIN2,0.7346428044599238
FOXJ3,SLC6A9,0.7343809786344802
GFI1,STRIP1,0.7343352920472059
HIVEP3,KIAA0319L,0.7343008384565409
HIVEP3,KHDRBS1,0.7342908339017068
RUNX3,MDS2,0.7340542133225001
GMEB1,TP73,0.7338867926613671
FUBP1,SVBP,0.7337325963674004
GFI1,NBPF1,0.7334298197755724
GMEB1,ZNF683,0.7333779381721636
NFIA,COL8A2,0.7333664737888286
YBX1,SCNN1D,0.7333508194148957
NFIA,ZNF644,0.7331157906760413
ZNF683,RBMXL1,0.7329449326129578
RUNX3,PRDM2,0.7328320656775401
POU3F1,GNB1,0.7323472440738831
YBX1,CA6,0.7320041311438742
FOXJ3,LINC02801,0.7319425476270028
YBX1,PER3,0.7309221653533856
GMEB1,KCNQ4,0.7307874766854284
FUBP1,SLC45A1,0.7306963364757479
MTF1,SSU72,0.7306697054569635
FOXJ3,ZBTB8B,0.730395651793321
GMEB1,SMAP2,0.7302471588878832
TAL1,CTPS1,0.730239034953165
NFYC,MANEAL,0.7301852382268335
E2F2,LEPROT,0.7300571421996999
TP73,EIF3I,0.7297688815332058
HIVEP3,TTLL7,0.7295660882353566
ID3,NEXN,0.7292062718909074
ENO1,SZT2,0.7291918892027057
E2F2,RCC2,0.7286582406067341
RUNX3,RCAN3AS,0.7286473097277242
HIVEP3,SYNC,0.7283543352657484
MTF1,ATP5IF1,0.7283146021494948
NFYC,TMEM59,0.7282676404536934
FUBP1,PHF13,0.7282619584949206
GMEB1,LINC01709,0.7282232137510578
RUNX3,LNCTAM34A,0.7279146827430939
ENO1,LINC01786,0.727788962049314
YBX1,SDC3,0.7277092958104453
YBX1,KCNA2,0.7276201089522416
E2F2,AK5,0.7275531313504093
YBX1,ROR1,0.7274243456934965
GFI1,LINC01356,0.7268339405092468
GFI1,ITGB3BP,0.726773306652548
MTF1,PEX14,0.7267194541101918
JUN,HNRNPR,0.72669453664767
HIVEP3,TMEM69,0.7266890870802857
NFIA,FAAH,0.7260650948975356
PAX7,LAMTOR5-AS1,0.7257044123819947
GFI1,C1orf122,0.7254634595111163
RUNX3,SLC35D1,0.7250799048595902
GMEB1,LRIG2,0.7249887352312548
HES4,ZNF362,0.7249371244717531
HES2,PRMT6,0.7249280439873972
FUBP1,LRRC8C-DT,0.7248786985839736
HIVEP3,MIER1,0.7247120762454473
POU3F1,AMIGO1,0.7245907430239138
RUNX3,SRSF11,0.724450280473869
HIVEP3,TNFRSF8,0.724428696996361
NFIA,GBP7,0.7244020761973011
FUBP1,CDKN2C,0.7241982762847685
TFAP2E,LZIC,0.7237537348111949
NFYC,SRRM1,0.7237168018538627
TAL1,OTUD3,0.7230936356378117
HIVEP3,COL16A1,0.7230690130119579
HIVEP3,RLF,0.7229472212961898
ZNF683,TNFRSF14,0.722765165255437
TFAP2E,HMGCL,0.7227183217447911
ZNF683,CITED4,0.7226489036430624
ZNF691,PPM1J,0.7225507380067387
JUN,EXTL2,0.7225055122034706
FOXJ3,SPATA21,0.7224372179538278
HIVEP3,GPR157,0.7223811656578316
FOXJ3,IFI44L,0.7222534469368771
POU3F1,ACADM,0.7222054169918932
JUN,DNAJC8,0.7219904306698788
ZNF691,HSPG2,0.72183320977025
FOXJ3,TCEANC2,0.7216759530431285
FUBP1,LINC02795,0.7216309390090125
FUBP1,ASAP3,0.7214963130854999
NFIA,RNF19B,0.7214153087133535
GMEB1,TXNDC12,0.7212634737605038
FOXO6,PGD,0.7194800050307424
HIVEP3,THEMIS2,0.7194203649646341
ENO1,ZBTB48,0.7194145283293241
ENO1,BEND5,0.7193767833664027
YBX1,MAN1C1,0.7191832556567844
YBX1,LURAP1,0.7188919673242654
GMEB1,RTCA-AS1,0.71879247715893
HIVEP3,NEGR1,0.7187755899114253
HES4,TMEM222,0.7187479071811259
NFYC,HS2ST1,0.7187028493376043
HIVEP3,TMED5,0.7186308529696609
GMEB1,TNNI3K,0.7183133407217257
TP73,PSMA5,0.7182031072074399
NFYC,PLPPR4,0.7181877939419536
MTF1,PHACTR4,0.7180876596872383
ZNF691,C1orf122,0.7180520119763394
ID3,CCDC27,0.7179606070419138
NFIA,UROD,0.7178665124783399
GFI1,CPLANE2,0.7178629229080397
FUBP1,LINC01676,0.7178367454116309
RUNX3,FPGT,0.7173396924936736
TFAP2E,NEXN,0.7173322835902144
ZNF691,NDC1,0.7172686499271541
YBX1,CCDC18-AS1,0.7171545969616895
FUBP1,PLK3,0.7169855758373155
FOXJ3,LCK,0.7168935058607376
YBX1,RHCE,0.7168901081458648
GFI1,RPAP2,0.7167617017023298
ID3,PIGV,0.7166635963389958
RUNX3,FOXJ3,0.7165375532514779
MTF1,HTR6,0.7164599313899181
FOXO6,PEF1,0.7164544818290015
E2F2,ASAP3,0.7163554586063281
MTF1,TMIGD3,0.7161730505051325
FUBP1,LRIG2-DT,0.7160227140742123
ID3,SLC25A33,0.7159755207928851
FUBP1,SAMD13,0.7159297799880571
NFIA,SPEN,0.7159243069382981
GMEB1,MIGA1,0.7154850417309532
GMEB1,UBXN10,0.7154516075561304
HES4,ALG6,0.7154134922097708
ID3,PEX14,0.7153293417483264
NFIA,PUM1,0.7153131073182806
YBX1,FNDC7,0.71514005135437
FOXJ3,CTTNBP2NL,0.7149875216673977
NFYC,FAM76A,0.7148017589738089
NFYC,CLCN6,0.7147560693731484
HES4,DHDDS,0.7146968021006568
FUBP1,HES2,0.7145729645843513
JUN,HP1BP3,0.714559427412578
RUNX3,LRRC8D,0.7144864665952654
NFIA,EFCAB7,0.7144248220321793
GFI1,MYSM1,0.7144174359641317
ZNF684,SLC35E2A,0.7143232472805683
NFYC,RHCE,0.7143007599755076
ZNF683,SSU72,0.7140966476182717
HES2,MDS2,0.7140622276027184
YBX1,DNAJC11,0.7137487165778891
ENO1,DVL1,0.7136601262075097
RUNX3,SRSF4,0.7133959359909205
NFIA,ZBTB48,0.7133172729770653
NFIA,NIPAL3,0.7131634127849596
ENO1,KIF17,0.7131044061409205
GFI1,LINC01364,0.7130816936642731
FOXJ3,SLC2A7,0.7130395071730037
FUBP1,PARS2,0.7129561837762701
NFIA,DPYD,0.7128258048720112
RUNX3,BTF3L4,0.7127058249486744
FOXJ3,LRRC8D,0.7126693431568437
NFIA,CCDC18-AS1,0.7125123350526866
E2F2,RPL11,0.7124554400694834
ENO1,WLS,0.7122263632345738
HIVEP3,SPATA6,0.7114019019392211
FUBP1,GADD45A,0.7113401453063679
ID3,SNHG12,0.7113381411357721
YBX1,HIPK1,0.7113107079398757
NFIA,TOE1,0.7112158619389402
YBX1,LINC00115,0.7110910357479597
GMEB1,DCDC2B,0.7107067326539823
TAL1,CAMTA1,0.7106390011236599
ZNF684,MCOLN2,0.7104678587831726
GFI1,USP1,0.7103422836580984
GMEB1,ZNF691,0.7102103052243335
HIVEP3,CASQ2,0.7101677381437845
ZNF683,WNT4,0.7099554162281996
TFAP2E,PIK3CD,0.7099531153153178
NFYC,AGMAT,0.7099262500426087
JUN,AUNIP,0.7099210883696265
HIVEP3,DNAJC11,0.7096889963613223
HIVEP3,PANK4,0.7094528041467301
FOXJ3,PAQR7,0.7094144832205522
HES4,PER3,0.7090788629841069
E2F2,ZBTB40,0.7088528238644121
TFAP2E,TMCO4,0.7088349362194443
HIVEP3,KDM1A,0.7087903622389993
JUN,SASS6,0.7085003632526867
RUNX3,NPHP4,0.7083548140761997
RUNX3,AGO4,0.708167894785471
FUBP1,LINC01762,0.7078243788626897
HIVEP3,ZCCHC17,0.7077004376599227
ZNF683,MUL1,0.7076848922330234
GMEB1,GBP5,0.7076518641079648
NFYC,NTNG1,0.7075757026745157
GMEB1,PRXL2B,0.7069339783850264
MTF1,LRIG2,0.7067076965175214
TFAP2E,NOC2L,0.7066249975700569
NFYC,POU3F1,0.7065964283404363
JUN,TRNP1,0.7065139532245596
NFIA,UQCRHL,0.7063514066779603
NFYC,ARMH1,0.70621245131659
FOXJ3,RSBN1,0.7058676367231176
FUBP1,LINC01307,0.7057046140384875
GMEB1,CASZ1,0.7056631261276041
YBX1,CTRC,0.705389975981462
NFIA,CDA,0.705244514162302
E2F2,UBE2J2,0.7050838391527453
FOXJ3,SCP2,0.7049587050767585
FOXD2,PSMA5,0.7049248838792512
JUN,CNN3,0.7047793983958799
HIVEP3,PTBP2,0.7046284470212167
RUNX3,MRPL20-AS1,0.7045547065788205
NFIA,INKA2,0.7045247507245892
ZNF683,AGO1,0.7045030508320137
NFIA,ACOT11,0.7043807985080432
RUNX3,INKA2-AS1,0.7043657916773702
JUN,RAD54L,0.7043184967916131
ZNF683,KIAA0319L,0.7042823349017269
RUNX3,CPTP,0.7041003930569641
ID3,LINC02785,0.7040348620740958
FOXJ3,AMPD2,0.703999491117941
FUBP1,TMEM167B,0.703935201324192
HIVEP3,PSMB2,0.703549143946804
YBX1,MDS2,0.7034897396803971
TFAP2E,GPBP1L1,0.7033950890965499
POU3F1,MAD2L2,0.7033650016289656
MTF1,SKI,0.7030083043590348
NFIA,PRKCZ,0.7028839865006865
HES4,GNAT2,0.702805075717223
HIVEP3,RAVER2,0.7026798022393034
POU3F1,KLHL21,0.7024636201426673
GMEB1,TRAPPC3,0.7023666211388815
NFYC,OLFM3,0.7021613646324758
FOXJ3,AKR7A2,0.7020953945981995
YBX1,PRMT6,0.7019702526886324
E2F2,NRDC,0.7019390286797915
RUNX3,ZRANB2,0.7017294266344011
MTF1,LINC00339,0.7017024674824279
HES2,AGMAT,0.7016553953317687
FOXJ3,RPL5,0.701460889548742
NFYC,CYB5RL,0.7012574455535368
GMEB1,UQCRH,0.7012542679918446
TFAP2E,STX12,0.7011685861472597
ENO1,LINC00115,0.7010649740718975
YBX1,DNAJB4,0.7010162447977947
HES2,AHCYL1,0.7010100461459673
FUBP1,HYI,0.7010076670029846
JUN,SDHB,0.7009653209046007
ZNF684,SNRNP40,0.7008138943838406
FUBP1,DPYD,0.7006286824146757
HIVEP3,SPATA1,0.700615933081725
NFYC,SSBP3-AS1,0.7005761139360124
FOXJ3,KIF1B,0.7005706156517486
FOXJ3,SNHG3,0.7005606648866199
TFAP2E,EFHD2,0.7005087398663852
HES4,AURKAIP1,0.7003622333212316
E2F2,ERI3,0.7002357625036886
ZNF691,FOXO6,0.6999712037543518
NFYC,ACOT11,0.6998235648037375
HES4,NDUFS5,0.6996093885532305
GMEB1,STPG1,0.6995231948842695
ENO1,DDAH1,0.6994316236463958
GMEB1,LINC01307,0.6987560450507505
GMEB1,SSU72,0.6985933277116252
MTF1,CYP2J2,0.6985463547156014
RUNX3,IFFO2,0.6985193356618913
HIVEP3,NFYC-AS1,0.6979757014577475
NFIA,PIK3CD-AS2,0.6976495059477863
TFAP2E,MKNK1,0.6975191426641372
NFYC,PIK3CD,0.697437038298686
MTF1,JAK1,0.6973478842726674
NFIA,TYW3,0.6972779230785842
JUN,SDC3,0.6971684411649683
YBX1,LAMTOR5-AS1,0.6971327845637563
GMEB1,LINC01355,0.697061858079134
FOXJ3,NDC1,0.6970316261100719
GMEB1,CLCC1,0.6968236161813144
FOXJ3,MCOLN3,0.6966007259485165
FUBP1,SLC44A3,0.6962340254238992
MTF1,ST3GAL3,0.6958926804553968
NFIA,VAV3,0.6958863419540915
MTF1,DCDC2B,0.6957325288066057
ID3,CDA,0.6956861444106422
JUN,NGF-AS1,0.6956578242312991
NFIA,SKI,0.6953249409833299
ENO1,MROH7,0.6953035795609045
RUNX3,AJAP1,0.6952807535314787
FOXJ3,WLS,0.6952490494388108
FOXJ3,GSTM1,0.6951885981624983
ZNF684,CCDC28B,0.6951045189379685
TP73,HOOK1,0.6950798348920599
HIVEP3,THRAP3,0.6950090218405689
HES4,MMEL1,0.6947724263597788
JUN,SERBP1,0.6947693176102314
GLIS1,AMIGO1,0.6944183748467437
GMEB1,SRSF11,0.6939409547950276
FOXJ3,GTF2B,0.6939226469311138
POU3F1,STXBP3,0.6938704395536383
HES2,TMEM51,0.6935299731137452
ENO1,SERINC2,0.6934254342674311
NFYC,SNX7,0.6931821262909299
FOXJ3,GALE,0.6930779722220318
YBX1,ADGRB2,0.6930060023693974
RUNX3,ZFP69B,0.692513302063345
HES4,CPLANE2,0.6924336456801158
NFIA,TTLL10,0.6921340228892643
ZNF683,RSRP1,0.6920721035913433
HIVEP3,GPR153,0.691977446524937
ENO1,SYCP1,0.691976201395397
YBX1,UBXN11,0.6912764711888875
GMEB1,SDF4,0.6912432744689273
TP73,SLC2A5,0.6911715997568745
RUNX3,SLC9A1,0.690989149284105
ZNF683,ICMT,0.6908499546562585
FUBP1,ZCCHC17,0.690353117419878
FUBP1,CAMTA1-DT,0.690346909247698
E2F2,RHD,0.6902288807758914
TAL1,NOL9,0.6898882989413659
HES2,LRRC42,0.6898445221179913
ZNF684,CZIB,0.689723108746825
FOXJ3,TMEM200B,0.6895633509591645
YBX1,FAM76A,0.6895058666224064
FOXJ3,CAMTA1-DT,0.6891143706408074
ZNF684,SLC25A24,0.6890391536394207
FUBP1,DIO1,0.6890387996827677
FOXJ3,RAD54L,0.688617453876199
RUNX3,RPS6KA1,0.688597255563761
NFIA,BTF3L4,0.6881129462914576
HES4,SKI,0.6878112215867501
FOXO6,LEPR,0.6878027149577512
MTF1,ADGRB2,0.6877666911833491
MTF1,CLCA4,0.6877603808946747
HIVEP3,ECE1,0.6875379163062769
FUBP1,GNAT2,0.6873301630247607
NFIA,FGR,0.6872765217804887
E2F2,USP24,0.6869474961435322
RUNX3,DHDDS,0.6869420877553174
RUNX3,CAP1,0.6866133175123569
HIVEP3,PINK1-AS,0.6865068680356499
GMEB1,LINC01389,0.6864783118073983
HES4,DDOST,0.6860515441110457
ZNF684,NEXN,0.6859776549631182
HIVEP3,PGD,0.6857539379023682
GMEB1,PLEKHM2,0.6857378397724981
FOXO6,FBXO44,0.6857270366124846
TFAP2E,SELENON,0.6855753664063792
NFIA,RLF,0.685289088932234
TFAP2E,RERE-AS1,0.6852856882100083
GMEB1,AGRN,0.6849834833642806
ZNF684,LRRC8B,0.6848964799423438
GMEB1,MAN1C1,0.6847906947474055
TP73,STRIP1,0.6846122197932939
GMEB1,ZBTB40,0.6844881162290751
MTF1,SELENON,0.6844466805097379
NFIA,PTCH2,0.6841724614634335
NFYC,PPIH,0.6841373368834851
FOXJ3,DPYD-AS1,0.6840795761813842
NFYC,RRAGC,0.6837654687663327
GMEB1,SLC16A1,0.6836858145787144
TFAP2E,DPYD-IT1,0.6834531858400428
FUBP1,TIE1,0.6833760392519301
NFYC,ALG6,0.6828050253267083
HES4,EFCAB7,0.6827621953782896
TAL1,EIF4G3,0.682571053673113
YBX1,LINC02777,0.6824979326948689
GMEB1,TM2D1,0.6820158249321752
ENO1,DLGAP3,0.6818405120004718
RUNX3,MYCL,0.6816867155003004
ENO1,PLPPR5,0.6814374987944603
RUNX3,RWDD3,0.6812812591901104
HES4,PRDX1,0.6812371536893311
POU3F1,MUTYH,0.6811425605589804
FOXJ3,TTLL7,0.680952842843456
HIVEP3,LRRC8C,0.6808953642523269
HES4,SCP2,0.6806609789067175
NFYC,CPLANE2,0.6806068874118106
MTF1,PUSL1,0.6804866872937747
HES4,ZCCHC17,0.6804066051703827
POU3F1,NECAP2,0.679883426570972
GMEB1,SF3A3,0.6795024289219309
ID3,UBIAD1,0.6793725184886225
TFAP2E,LINC01356,0.6792256204984338
ZNF691,RPF1,0.6790973915492979
NFYC,LINC01707,0.6788238769754824
GMEB1,LINC01135,0.6787650837758599
MTF1,GPX7,0.6785694184261646
GMEB1,AKR1A1,0.6783507346421496
FOXO6,TRMT13,0.6780298319372527
FUBP1,EXTL2,0.6778856095763104
JUN,HMGN2,0.6778507531306828
HIVEP3,SSX2IP,0.67775544489248
FOXJ3,FNDC5,0.6776563562630173
MTF1,ECHDC2,0.6775238969968829
E2F2,TRAPPC3,0.6775034852921228
FUBP1,SMIM12,0.6774231390307406
NFIA,ECE1,0.6773826895207378
ID3,SMPDL3B,0.6773699931371933
ID3,PTPN22,0.6773458273540346
GFI1,OTUD3,0.6762114342623279
ZNF691,NSUN4,0.67613525763654
MTF1,HSPG2,0.6761167745378549
ZNF684,DPYD-IT1,0.6760462577333901
MTF1,LINC02238,0.675926703031346
NFIA,ELOA,0.675857970689781
RUNX3,FAF1,0.6758018330043427
YBX1,CFAP57,0.6757610139899731
TFAP2E,DNAJB4,0.6755114286130068
NFYC,ORC1,0.6751487000219756
NFYC,FGGY,0.6751453651845355
ZNF691,MRPS15,0.6751418952971737
GMEB1,SMIM12,0.6749913505721213
HIVEP3,CCDC17,0.6749141180275334
FUBP1,SYDE2,0.6748415717830352
HIVEP3,DPH5,0.6747985490955168
ZNF684,DHRS3,0.6746951783280394
TP73,TXLNA,0.6746934530515984
NFIA,IFI6,0.6746152283251755
FOXJ3,ELOVL1,0.6745931762332312
HES4,C1orf52,0.6745328401329457
HIVEP3,MAD2L2,0.6745005654541956
ZNF684,NMNAT1,0.6740085870175159
ID3,PRXL2B,0.6739793519351152
ID3,CPT2,0.6734946293933233
ZNF683,GPATCH3,0.6733128096063256
MTF1,FOXD2,0.673233761032715
GMEB1,PUM1,0.6728510229909105
FUBP1,SLC9A1,0.6727784124226925
FUBP1,CASQ2,0.6725366340637483
NFIA,TNFRSF14-AS1,0.6725327796283701
NFIA,MMEL1,0.6724978312231148
GFI1,INTS11,0.6724239640675338
FUBP1,KDF1,0.6723238159668328
NFYC,BCAS2,0.6723227037014216
JUN,LINC02574,0.6722377801430761
MTF1,HECTD3,0.6721196167893063
RUNX3,ID3,0.6720331314085993
NFYC,GPSM2,0.6718939246883208
POU3F1,CLCC1,0.6717857217711557
HES4,SYF2,0.6716078530778342
HES4,ADGRL4,0.6709984830356804
ZNF691,SSX2IP,0.670988024888589
ZNF683,DIPK1A,0.6708022719821882
FUBP1,RABGGTB,0.6707772385696263
FOXD2,AP4B1-AS1,0.6707540916770934
HES4,RAD54L,0.670644587148661
RUNX3,GPSM2,0.6704531618230111
GMEB1,CCDC24,0.670150461823464
NFYC,ZFP69,0.6699713608538119
ID3,DHDDS,0.6698909142415477
GFI1,PRKACB,0.6697689658556217
POU3F1,MFSD14A,0.6697499104139
NFIA,CTRC,0.6692727834449345
GFI1,SCP2,0.6692431203406866
ID3,AK5,0.6690371130107624
ZNF683,EIF3I,0.6690139420585707
POU3F1,SMIM12,0.668988276482357
HIVEP3,LINC01725,0.6689541095011329
GFI1,CCNL2,0.6689309807431677
FUBP1,CTPS1,0.668895113277092
FOXJ3,PLOD1,0.6687441051452127
JUN,ASB17,0.6687367637782808
NFYC,DEPDC1,0.668421314130973
MTF1,YBX1,0.6684002975416313
ZNF684,MAGI3,0.6683861084712279
TAL1,ATP1A1-AS1,0.6681457754887142
ZNF691,PIK3R3,0.667878450214239
E2F2,KCNAB2,0.6677692890482322
NFIA,EYA3,0.6677639549984647
NFIA,CAMTA1,0.6673957906701664
HES4,MTHFR,0.6673054710997923
GMEB1,GBP4,0.6672680471526637
ENO1,TGFBR3,0.6671616833393572
NFIA,TMEM200B,0.6671530650086896
NFYC,PEX10,0.666403881976115
ZNF684,FRRS1,0.6663746124098233
FOXJ3,FAM41C,0.666297623943746
HES4,THRAP3,0.6662717938217296
FUBP1,RCAN3,0.6661466882617517
ENO1,ZMYM4,0.6660628861663218
RUNX3,INPP5B,0.6659308566126773
YBX1,TAF13,0.6656973755170252
HIVEP3,ACADM,0.665538179193636
ID3,CCDC28B,0.665396730194306
FOXJ3,CDC7,0.665386197051408
HES4,RNF11,0.6652591204789506
NFIA,ESPN,0.6651098250746482
RUNX3,SELENOF,0.6650764547154268
FOXJ3,TMEM201,0.6649624967838773
NFYC,TTC39A,0.6648348125153883
ZNF683,THAP3,0.6647051878203495
ZNF683,SH3BGRL3,0.6644020249646343
ZNF683,RPL5,0.6643891747254637
FUBP1,LRRC42,0.6643672891839987
MTF1,CNKSR1,0.6642214887114252
ZNF683,SCP2,0.6641163638388109
GMEB1,SLC16A4,0.6639873135908279
ZNF684,IFI44L,0.6638393173181774
MTF1,MED18,0.6638143774035875
NFYC,COL9A2,0.6637259990371474
FUBP1,FRRS1,0.6635304102244829
NFIA,LINC02777,0.6634939783323999
JUN,PITHD1,0.6634789919969087
FOXJ3,MFN2,0.6630359600088952
RUNX3,MEAF6,0.6628798244493842
ZNF691,SLC2A1,0.6627091581849108
FOXJ3,LAPTM5,0.6623636710260652
YBX1,DAB1,0.6622491384257749
NFYC,MAST2,0.6621996905593265
FOXO6,CEPT1,0.6621892390483908
ZNF691,TRIT1,0.6621213155470739
MTF1,IPO13,0.6620877957738666
ENO1,ADGRL2,0.6619733439123932
ZNF691,KIF2C,0.6619247736887736
NFYC,CDC42-AS1,0.6617987248016892
HES4,ZSWIM5,0.661753717504758
RUNX3,TRIM62,0.6617158356674838
TFAP2E,EPHA10,0.6616360247410924
NFYC,VWA5B1,0.6615430101357965
ID3,ELOA-AS1,0.6613377916842056
NFIA,C1orf216,0.6606539141352876
HES4,AGO1,0.6604597865427058
TFAP2E,MARCKSL1,0.6604182885078005
RUNX3,MTF1,0.6602778735049766
HES4,DRAXIN,0.6602197638022015
ENO1,SLC9A1,0.6601344751293927
ZNF684,ZBTB40,0.6600783776146117
NFYC,LRRC47,0.6598852030327509
HIVEP3,ESPN,0.6596233777126722
RUNX3,SMIM12,0.6594907083563507
NFYC,PLCH2,0.6594868265134721
RUNX3,FHAD1,0.6592389321985015
TFAP2E,GCLM,0.659237563496491
GMEB1,MIER1,0.658953701305227
RUNX3,KIAA0319L,0.6584488157699886
ID3,RSBN1,0.6583782928113159
HES4,SYTL1,0.6583346270610203
HIVEP3,LINC02609,0.6583025312122603
ZNF684,UTP11,0.6582682914235947
MTF1,SIKE1,0.6582594427239463
RUNX3,GIPC2,0.6581947414470519
ZNF684,MMACHC,0.6581100167816988
YBX1,GSTM2,0.6580834876816746
FOXJ3,NEXN,0.6579563239252527
GMEB1,LINC01768,0.6577557336715818
HES4,MDS2,0.6574473375368479
NFIA,RNF11,0.6571487849704343
FUBP1,INPP5B,0.6571062783835249
FUBP1,PTPRF,0.657045159885458
HES4,CDK11B,0.6568902433687945
ENO1,LINC01135,0.6567219049140997
HIVEP3,ZDHHC18,0.6566905558243463
TAL1,PDIK1L,0.656483291425043
FOXJ3,IGSF3,0.656086656165609
E2F2,CYB5RL,0.6558522791673078
FOXJ3,CDCA8,0.6557421330192192
YBX1,PLK3,0.6556561313854081
HIVEP3,COL11A1,0.6556466152955168
NFIA,LINC01748,0.6556339816748731
NFIA,TCEA3,0.6555708464243772
HIVEP3,CLCA1,0.6554652195323276
JUN,ZYG11A,0.6553457637175472
GMEB1,LINC01772,0.6552242061820516
YBX1,CTH,0.6549884758852239
FOXJ3,UQCRHL,0.6548116285492319
ID3,PTAFR,0.6546727751881631
PAX7,RIMS3,0.6545174870087147
HES4,RBP7,0.6542375404552634
MTF1,PRXL2B,0.654223729155375
TFAP2E,ALG14,0.6541759439052296
FOXD2,SLC35D1,0.6539883427894118
ENO1,PLEKHM2,0.6537973815746494
HES2,WNT2B,0.6537832248686724
E2F2,ZMYM4-AS1,0.6534653691795855
ZNF691,ELOVL1,0.6533619580594578
HES4,SCMH1,0.6532956045393428
JUN,PTP4A2,0.6532584599281228
NFYC,PAX7,0.6532038038308966
POU3F1,RPL11,0.6529559918805155
GMEB1,RHD,0.65271591502642
RUNX3,LINC01781,0.6526446608536403
TFAP2E,MAP7D1,0.6525822884487759
GFI1,LRRIQ3,0.6525585372655169
YBX1,STXBP3,0.6525524621555155
RUNX3,VAV3,0.6525132731315737
HIVEP3,CC2D1B,0.6522215414429382
YBX1,ST6GALNAC5,0.6521990517937358
NFYC,MTHFR,0.6521497928818614
YBX1,LINC02801,0.6520821900388767
YBX1,LRRC8B,0.6518429901853792
ID3,DFFB,0.651700966302755
NFYC,LINC01765,0.6514950588580822
HES4,KDM1A,0.6514263234940814
E2F2,C1orf216,0.6514062407549248
PAX7,LRRC39,0.651269521758073
HIVEP3,NFIA-AS2,0.651236004927212
RUNX3,CYB561D1,0.6510765733781295
YBX1,LINC01635,0.6509906410770823
JUN,C1QC,0.6509299613405661
HES4,ZFP69,0.6508315123990264
HES4,MIB2,0.6505777248286225
ENO1,KIF1B,0.650295212687327
ZNF691,CDKN2C,0.6502678129791065
HIVEP3,TNFRSF25,0.6501506039925834
NFIA,NGF,0.650103315165291
JUN,JAK1,0.6500664491857224
NFIA,ZCCHC17,0.6499765825532596
NFIA,ZNF436,0.649839459782015
HIVEP3,SLC30A2,0.6494446029704097
FOXJ3,TRNP1,0.6493813705641212
FOXJ3,CHD5,0.6491769742160677
GFI1,PSMA5,0.6491326837829348
E2F2,NFYC,0.6487885851129771
FOXJ3,NADK,0.6487108083510684
YBX1,RCAN3,0.6486273090901303
FUBP1,AGTRAP,0.6484681916169897
RUNX3,PHACTR4,0.6483481320951695
MTF1,PABPC4,0.6480613651666367
MTF1,ACAP3,0.6480272761142691
FOXJ3,RABGGTB,0.6479620811445459
ZNF691,S100PBP,0.6478843287024415
NFYC,C1orf122,0.6477252865372514
GMEB1,SLC2A1,0.6475708329286467
JUN,TRIM63,0.6475209558910133
PAX7,CNKSR1,0.647505134242266
HIVEP3,SIKE1,0.6471668710472069
MTF1,ITGB3BP,0.6470415454946465
POU3F1,CAPZB,0.6468389110647889
MTF1,MRPL20-AS1,0.6468234824169673
FOXD2,WDR47,0.6466233048155446
HIVEP3,DNAJC16,0.6464725326040444
FUBP1,STRIP1,0.6464409439008711
ZNF683,FBXO44,0.6463479513917276
YBX1,SESN2,0.6462440265404684
FOXJ3,SFN,0.6461937002930384
NFYC,HES4,0.6460360509887713
TFAP2E,TNFRSF8,0.6456742612192286
RUNX3,AURKAIP1,0.6454907082797929
HES2,PGM1,0.6452374729666832
ZNF683,MIB2,0.6449324971774499
NFYC,PPP1R8,0.6448399135820039
E2F2,NDC1,0.6447231792778675
MTF1,ZRANB2-AS1,0.6446358999753421
FOXJ3,MAB21L3,0.6446159880078575
GLIS1,ACADM,0.6445827985268284
NFYC,TTC22,0.6443339730454046
ENO1,PGD,0.6442774397327956
ZNF684,GSTM4,0.6442041193364265
MTF1,AKIRIN1,0.644186620685907
NFIA,ABCD3,0.6435762581297428
HIVEP3,MTOR,0.6435439030735505
ZNF683,MRPL37,0.6434694322230308
HES4,CYP4B1,0.6434118075753474
NFYC,C1orf50,0.6433806823003575
HES4,PSMB2,0.6430421489655818
FOXJ3,BTBD8,0.6430269204969122
TAL1,SYTL1,0.6429105460651268
FOXJ3,RUNX3,0.6428739338391349
GMEB1,FUBP1,0.6428466424200588
NFYC,SSX2IP,0.6426840136576324
HIVEP3,C1orf159,0.6424937189314647
HES4,ATAD3C,0.6424709854399653
GMEB1,WNT2B,0.6424597242704518
GMEB1,CNKSR1,0.6424346498527367
RUNX3,HECTD3,0.6422904083205403
ZNF684,MTHFR,0.6422701579505092
ENO1,NTNG1,0.6420349626877395
HIVEP3,SLC16A1,0.641957801753521
FOXD2,LINC00339,0.6418506176742103
YBX1,BTBD8,0.6416876196851261
TP73,EMC1,0.6414939574394467
NFYC,CD53,0.6413468466226557
FOXJ3,TMCO2,0.6413027997342433
NFIA,ANGPTL3,0.6407986843405166
YBX1,SAMD11,0.6406715958660026
GMEB1,CAPZB,0.6404698323407435
FUBP1,EPHB2,0.6404246135351344
ZNF683,RNF11,0.6403101910998563
HIVEP3,TMCO4,0.6402861577256975
HES4,CSDE1,0.6402570624893824
YBX1,SLC2A1,0.640196538125136
HIVEP3,COL9A2,0.6400215256015123
ZNF683,DMAP1,0.6398917522786078
RUNX3,ISG15,0.6397817934545403
GFI1,MACF1,0.6397200231976026
FUBP1,GSTM3,0.6395297725954245
FOXJ3,PSMB2,0.6395088038448149
GMEB1,POU3F1,0.639427484911208
HES4,RUNX3,0.63939679705244
HES4,SPATA21,0.6393573236095011
FOXJ3,AHCYL1,0.6392243517952142
FOXJ3,ATAD3C,0.6388036204020981
HIVEP3,CSF1,0.6387778900625892
HIVEP3,ZYG11B,0.6387257478988748
NFIA,POMGNT1,0.6386893476044752
GMEB1,TNFRSF25,0.6386515132322768
GMEB1,NASP,0.638514284692909
GMEB1,BCL10,0.6384085801804122
MTF1,AJAP1,0.6379685451812245
HIVEP3,SLC30A7,0.6378642750444621
ENO1,MTHFR,0.6375203818980089
NFYC,MATN1-AS1,0.6373767513754365
ALX3,WDTC1,0.6371118207234078
ZNF683,DDX20,0.6369642084228478
E2F2,ZNF644,0.6368753026227089
YBX1,SLC9A1,0.6367946164017014
PAX7,MRPS15,0.6367639037481111
YBX1,LINC01135,0.6365068757932107
ID3,ACADM,0.6363536827251867
ID3,LINC01389,0.6362963913868078
ID3,CCDC18,0.6360533066131575
TP73,CCDC18,0.6360268748582283
ID3,PTBP2,0.6359545991597284
GMEB1,TESK2,0.6356275157233373
TP73,PRDM2,0.6354530736992275
RUNX3,SAMD11,0.6353416097416307
GMEB1,ST7L,0.6353112100115245
ENO1,ZBTB8B,0.6350899230374718
TAL1,ZBTB40,0.6348901525572608
GMEB1,OLFML3,0.6346590338373082
FOXJ3,PGM1,0.6346460703801766
RUNX3,SIKE1,0.6344717603694667
RUNX3,ZBTB8B,0.6343174281653672
GMEB1,MICOS10,0.6341981815111313
ZNF684,NKAIN1,0.6341331906410848
ZNF684,ATP13A2,0.6340001624133905
FOXJ3,MOB3C,0.633996984021996
E2F2,RAP1A,0.6335856601755586
JUN,AURKAIP1,0.6335715465988262
FUBP1,OLFM3,0.6330531879597608
RUNX3,GPR3,0.6330325647864484
TP73,C1orf122,0.6330130666571643
FUBP1,GPR3,0.6329732752858154
FUBP1,C1QB,0.6328814389582196
FUBP1,RPL22,0.6327949260734488
RUNX3,ZNF362,0.6327144780341872
ID3,FUCA1,0.6326437856464088
RUNX3,NPPA,0.632637417505152
YBX1,SLC1A7,0.6324809239765159
ID3,CC2D1B,0.6323809957777896
HIVEP3,MICOS10,0.6323653288081584
GFI1,SLC16A1,0.632330972871324
NFYC,MED18,0.6321861934291304
ZNF684,UBIAD1,0.6321157325384943
E2F2,CC2D1B,0.6320778586692062
HES4,ACOT11,0.6320342233122197
RUNX3,ZNF644,0.6320337562100015
RUNX3,ST6GALNAC5,0.6319317041245975
FUBP1,SORT1,0.6317567882125789
POU3F1,MACF1,0.6313261770313477
RUNX3,ENO1-AS1,0.6312741678600214
ZNF691,ZBTB17,0.6312713809963962
HIVEP3,USP33,0.6312288265209782
ZNF691,XKR8,0.6310256112318704
FOXJ3,LRP8,0.6310048157694177
ZNF684,POMGNT1,0.6309831949475349
FOXD2,TYW3,0.6307946887056406
FOXO6,NDUFS5,0.630657846766149
ALX3,SHISAL2A,0.6306383439981982
HIVEP3,CLSPN,0.629378224549903
ENO1,TP73,0.6292672681827699
HES4,AK2,0.6291973125005221
RUNX3,LIN28A,0.6291811128709868
RUNX3,RSRP1,0.6289596897905433
JUN,SSBP3-AS1,0.628924911998904
HES2,AKR1A1,0.6285887934652931
POU3F1,RNF207,0.6284902265534998
ZNF683,SYTL1,0.6284861577732587
GFI1,PABPC4-AS1,0.6281928732510986
FUBP1,DPH2,0.6281601262118307
JUN,ORC1,0.6281258814690466
RUNX3,LRIG2,0.6280301856780897
HES4,AGMAT,0.6279072976603493
FOXO6,IFI44,0.6278394060397363
TFAP2E,C1orf159,0.6276407797114427
HIVEP3,CCDC30,0.6275987980266087
GFI1,STMN1,0.6272544817886047
HIVEP3,TSPAN2,0.6271020931532896
TFAP2E,RNPC3,0.6270132725393543
FOXJ3,BMP8A,0.6269236164218212
RUNX3,MACO1,0.6267130992836611
ENO1,BTBD19,0.62667473417722
JUN,C1orf141,0.6264261245775549
NFYC,C1orf162,0.6262106108700052
RUNX3,KLHL21,0.6261404898052033
POU3F1,OMA1,0.6259610466965765
NFYC,PPT1,0.6257805914948134
NFIA,NADK,0.6257581043203114
ID3,PGM1,0.6257051565589673
E2F2,THAP3,0.6256165194443112
HES4,CD52,0.6256042292460983
NFYC,ADGRL2,0.6255225354450175
ZNF684,TTLL7,0.6252545948703588
FUBP1,TMEM269,0.6249959511484989
YBX1,EFCAB14-AS1,0.624969849913978
GFI1,DLGAP3,0.6245377771710399
MTF1,PSMA5,0.6243645990211062
NFIA,NSUN4,0.6241942533703425
GMEB1,FNDC7,0.6241361487373469
ID3,DNAJC8,0.6240586070948505
NFYC,CAPZB,0.6239425260173472
HIVEP3,MAGOH,0.6239401783239735
FOXD2,ALG14,0.6239341776276113
ENO1,GPR153,0.6238494441244172
NFYC,KDM1A,0.6237994088729439
NFYC,NOL9,0.6236674045155541
ID3,AKNAD1,0.6236613505255224
NFYC,LINC01135,0.6233653590528316
RUNX3,DNAJC16,0.623313239505027
NFIA,LUZP1,0.6232493549375099
GMEB1,GPBP1L1,0.6231624035675954
E2F2,A3GALT2,0.622751772770256
RUNX3,DNTTIP2,0.6227179884770848
GMEB1,CTPS1,0.6224891940906838
FUBP1,SLFNL1,0.6223905373066312
ZNF683,RABGGTB,0.622178412967223
ID3,PADI6,0.6221716977272886
TAL1,SVBP,0.6218374968267757
FOXJ3,PUSL1,0.621684105134402
ENO1,PRXL2B,0.621487631965881
ZNF691,TENT5B,0.6214772651388828
FOXJ3,SRSF4,0.6212688015980681
GFI1,ATP5PB,0.6212667851733144
MTF1,HP1BP3,0.6209911378043326
NFYC,FAM41C,0.6207993521895597
FOXJ3,C1orf162,0.6207875662854316
ZNF691,RPA2,0.6205768760629506
NFYC,RAB3B,0.6204695091902682
HIVEP3,C1orf122,0.6204066942010931
ENO1,EFCAB14-AS1,0.6202237278268121
ENO1,SKI,0.6199682163775256
GFI1,SYTL1,0.6199370972077979
POU3F1,HDAC1,0.6198117537728878
ZNF683,LCK,0.6197968237024247
JUN,F3,0.6197291391421703
RUNX3,LRRC41,0.6196530780489519
HIVEP3,RNPC3,0.6194748452475731
GMEB1,THRAP3,0.6194285239745273
FUBP1,SSBP3,0.6194228487266787
HIVEP3,RAP1GAP,0.6193233107056054
GFI1,AGTRAP,0.6192517897632858
ZNF684,CTPS1,0.6191017925574053
NFIA,TAS1R3,0.619017959351199
GFI1,LINC01762,0.61901166964255
ENO1,GNG12-AS1,0.6189603559769637
GMEB1,LZIC,0.6189432609561992
FOXJ3,MTOR-AS1,0.6189360438984193
GMEB1,ARMH1,0.618587738993332
ZNF684,CPTP,0.6185465609834498
ENO1,TNFRSF14-AS1,0.618475843804855
FOXJ3,FOXO6,0.6182365640298392
RUNX3,CASP9,0.6181815014070531
ZNF684,RCAN3AS,0.6176664672990391
FOXJ3,YTHDF2,0.617538466744287
HIVEP3,NIPAL3,0.6175084372995501
ZNF684,XKR8,0.6173111518321592
NFYC,MTOR,0.6172310534683396
NFYC,LEPROT,0.6172107199084372
GMEB1,POMGNT1,0.6171155359739454
HIVEP3,DNAJC8,0.6168922108721443
JUN,GABRD,0.6167813671130018
NFYC,PODN,0.6167696163335299
HES4,LINC00115,0.6167091068463019
HIVEP3,TEX38,0.6164937135478289
FOXJ3,ADGRB2,0.6164840335345598
GMEB1,SDHB,0.6164727574233796
GLIS1,LINC01765,0.6164462880207907
GFI1,MUL1,0.6164246219340984
YBX1,LRRC8D,0.6164079324389569
NFIA,MDS2,0.6163259014171194
TAL1,LRIG2,0.6159956295838503
NFYC,CDCA8,0.6159391916018861
NFYC,C1orf174,0.6158449642174957
HIVEP3,ORC1,0.6158302365492785
TP73,P3H1,0.6156819178022784
NFIA,SAMD13,0.615583799550662
ENO1,RCAN3,0.6155441996798336
RUNX3,FNBP1L,0.6155434219157248
FOXJ3,KHDRBS1,0.6154464952946876
HIVEP3,SYDE2,0.6153543747701964
NFIA,SLFNL1,0.6153249334408827
NFYC,ARHGAP29,0.6152730877053036
FOXJ3,MDS2,0.6152306026883543
ENO1,MIR34AHG,0.6149421240127309
RUNX3,ZBTB40,0.6148876386850408
FOXO6,SDHB,0.6148474881948623
GMEB1,VAMP3,0.6148343404875788
HES2,NMNAT1,0.6146919180613301
YBX1,PLPPR4,0.6145828560433952
ZNF691,DFFA,0.6143950259296521
JUN,NDUFS5,0.6142928562268862
NFIA,STX12,0.6142609622562815
YBX1,COL9A2,0.6141812406786413
RUNX3,RAVER2,0.6141430104363107
ZNF684,CSF3R,0.6140246169779685
NFYC,PKN2-AS1,0.6136397850537509
RUNX3,TSPAN2,0.6134879695910918
HIVEP3,STMN1,0.6133080238053271
RUNX3,COL24A1,0.6130488187008509
FOXJ3,LINC01356,0.6129783538007052
ID3,LRIF1,0.6129587887291796
POU3F1,LCK,0.6124529960969064
HIVEP3,EXO5,0.6124291467315925
HIVEP3,NTNG1,0.6124185687058048
NFIA,ICMT,0.6122751463118978
HES4,PRKACB,0.6121909305960087
HIVEP3,ZC3H12A,0.6120615927679302
HIVEP3,MEAF6,0.6118901350312664
ENO1,FOXD2,0.611737771500893
TAL1,TTF2,0.6116386450517135
ZNF684,GPBP1L1,0.6116084975722489
ENO1,LINC02795,0.6115921820483304
TFAP2E,FOXJ3,0.6115599219264738
YBX1,NFYC-AS1,0.6115469301624372
GMEB1,ANGPTL3,0.6113781084318896
FOXJ3,AGTRAP,0.6113708909213071
FOXJ3,ACOT7,0.6112186089246502
FUBP1,PTAFR,0.6111954254686013
TFAP2E,FBXO44,0.6110483588171561
ZNF683,TUT4,0.6109921616524031
FOXO6,ST6GALNAC3,0.6108642595219143
HES4,PLK3,0.6108316115891563
FOXJ3,KCNQ4,0.6108211639280271
FUBP1,LINC01362,0.6106702136389561
ID3,TMCO2,0.6105616688756982
RUNX3,SYNC,0.6103721025982752
RUNX3,TAF12,0.6103619945463412
POU3F1,SH3D21,0.6099550414191311
ENO1,DNASE2B,0.6099246070489782
GMEB1,SLC35E2A,0.609728181618274
ZNF683,CCDC18-AS1,0.6094849975992725
YBX1,TFAP2E,0.6094670072952002
POU3F1,CD53,0.6094578428642505
RUNX3,FAM41C,0.609400202327706
TFAP2E,OLFML3,0.6090442868195467
FOXJ3,CD52,0.6087736958863417
RUNX3,IFI44L,0.6086872986358844
HIVEP3,MIIP,0.6085722323087716
NFYC,RNF207,0.6085516375895089
FOXJ3,LINC01134,0.6082895101951092
HES4,TRAPPC3,0.6082744777922134
TAL1,UQCRH,0.6081304102625623
RUNX3,CLCC1,0.6079765264679611
GMEB1,HES4,0.6076423941553011
HIVEP3,CDCP2,0.6071104818593951
POU3F1,LRRC8C-DT,0.6068756095370806
FUBP1,LRRIQ3,0.606779012072143
HIVEP3,SLC16A1-AS1,0.6067101876167763
ZNF683,S100PBP,0.6066197346027614
GMEB1,LINC02795,0.6063877589727863
GMEB1,AURKAIP1,0.6063818174546493
ZNF683,HYI,0.6063710892650978
HES4,TOE1,0.6059553600167409
NFYC,HSPG2,0.6059444995102589
MTF1,AP4B1,0.6053570788577736
RUNX3,DOCK7,0.604999555604363
FOXJ3,ITGB3BP,0.6047730284735443
HIVEP3,HFM1,0.6046627517351786
MTF1,CENPS,0.6045987009105034
FUBP1,ARHGEF19,0.6045909854538382
RUNX3,GBP5,0.6044076587881385
ZNF684,CYB561D1,0.6043192098202774
ZNF684,RERE,0.6042525840147074
HES4,ALX3,0.6040363544029173
TP73,FUBP1,0.6039854569652386
ID3,CD2,0.6039372362533916
NFIA,DNAJC11,0.603910178189323
NFYC,LRP8,0.6038481619159818
HIVEP3,GJA9,0.6035321671307093
NFYC,CDK11A,0.6035101592644679
HIVEP3,MATN1,0.6034486613964878
YBX1,NCMAP,0.6030002360418684
ZNF683,PIK3CD-AS2,0.6027368541215448
FOXO6,SRSF4,0.6026107386604019
JUN,ADORA3,0.6023024496885294
HIVEP3,BTF3L4,0.6021912643410964
GMEB1,PIK3CD-AS1,0.6021211904427572
ZNF684,AGRN,0.6020910093276474
RUNX3,ERRFI1,0.6018802748308081
MTF1,THAP3,0.601613624703711
TFAP2E,SPEN,0.6013902566169643
FUBP1,PLEKHG5,0.6012636904395764
JUN,SCP2,0.6010064386537478
ENO1,DENND2D,0.6008736659074658
HES4,TYW3,0.6007399723484211
ENO1,LRRC8D,0.6006463938888027
HES4,UROD,0.600605145676054
RUNX3,LMO4,0.6005456149647068
MTF1,TARDBP,0.6005181005976021
NFYC,LINC01141,0.6003254688407044
NFIA,WDR47,0.6000638092013931
MTF1,INTS11,0.6000326170047391
GMEB1,TAL1,0.5999059868113394
HES4,DHRS3,0.5996162430978322
ZNF684,ZFP69,0.5994191755570702
NFYC,TNFRSF9,0.5993416426205364
TFAP2E,MTHFR,0.5991445992198342
HIVEP3,HMGN2,0.5991067982357877
NFIA,NEXN,0.5989745980960401
HES2,P3H1,0.5988654544330128
FOXJ3,FBXO42,0.5984537801554823
FOXJ3,SLC22A15,0.5981778436257085
HES4,AHDC1,0.5980964128605928
FOXJ3,UROD,0.5980876542606142
FUBP1,SPOCD1,0.5980566231670688
RUNX3,SERINC2,0.598016784389656
FUBP1,EVI5,0.5978800013824855
ALX3,HIVEP3,0.597786102720946
NFYC,SSU72,0.5976301372537377
YBX1,AMPD1,0.5976038791012488
ZNF684,FBXO6,0.5971678215733001
NFIA,TSPAN1,0.5971234033279389
RUNX3,HPCAL4,0.5966587867664261
NFIA,RWDD3,0.5962085424293292
MTF1,ALG6,0.5961322781762561
HES4,RER1,0.5960358026261572
HIVEP3,SSU72,0.5958915554795995
HES4,LRRC8B,0.5957248495121956
FOXJ3,RBBP4,0.5956545764315648
RUNX3,MIGA1,0.595575678534517
HIVEP3,GNL2,0.5954490168037229
FUBP1,RCC1,0.5953729937411016
FOXJ3,CDC42,0.5952382264100631
HES4,KCNAB2,0.595128752424759
HIVEP3,MRTO4,0.5951113993276229
TP73,C1orf216,0.5949974347278854
ZNF684,HS2ST1,0.5946334875259542
POU3F1,C1orf122,0.5946109519759466
ZNF684,MYOM3,0.5944085361166064
HES4,TXLNA,0.5943703286563167
ZNF684,OSBPL9,0.5943094636693887
GMEB1,SERINC2,0.5941893912007273
FUBP1,DCDC2B,0.5935621368271822
NFIA,SVBP,0.5935560096030753
ZNF683,WDR77,0.5932217763484122
YBX1,MPL,0.593211306885866
FOXO6,FHL3,0.5931884191994956
TAL1,RRAGC,0.5931692008097842
E2F2,TAF12,0.5930097191420853
NFIA,FGGY,0.5928201354404533
FOXJ3,RPA2,0.592811708284652
GMEB1,LAMTOR5,0.5926708865846642
HES4,DAB1,0.5926628037123386
NFYC,SYDE2,0.5924821638571351
TFAP2E,LRRC8B,0.5922093939104727
FOXJ3,RCC2,0.5919273192943388
FOXJ3,PAX7,0.5919120434887181
RUNX3,RNF19B,0.5917126774264175
ID3,FOXJ3,0.591708130238209
E2F2,DDX20,0.5914605071901669
ID3,PPIH,0.5913637229772957
MTF1,DNAJC6,0.5912436347433279
ENO1,LINC01672,0.5912037338489335
E2F2,STXBP3,0.5907365906822835
JUN,RRAGC,0.5905654329190867
MTF1,MEGF6,0.5904414214895256
NFYC,CCDC28B,0.5903785231814116
GMEB1,FOXO6,0.5900579024429824
HES4,KTI12,0.5899196994146619
POU3F1,MIR34AHG,0.5898837374846043
NFIA,LINC01134,0.5896682344103138
GMEB1,LINC01781,0.5896119354082838
NFIA,THEMIS2,0.5895785414495831
E2F2,C1orf122,0.5891425736009926
HES4,ARHGEF10L,0.5888821542227899
GMEB1,CFAP57,0.5887219978522988
ENO1,SDC3,0.5886080195818734
NFIA,CHI3L2,0.5885430217819911
NFIA,SH3D21,0.5884832532390196
ID3,PTCH2,0.588405126975571
HIVEP3,CCDC27,0.5882955167824228
GFI1,SNHG12,0.5878698412244843
YBX1,IGSF3,0.5873808504041429
NFYC,CCDC163,0.5873298671116933
HIVEP3,MRPL20,0.5872967844963453
FOXO6,WDR47,0.5872611885207708
FOXJ3,SLC5A9,0.5871693609021298
JUN,LRRIQ3,0.5871321905110021
NFYC,SLC16A1,0.5870487006765576
GMEB1,PARS2,0.5867525143739236
YBX1,CELA3A,0.5867455728458281
MTF1,PODN,0.5864970464765049
HES4,HS2ST1,0.5864207796960249
GMEB1,C1orf162,0.5862703406284137
ZNF684,SYF2,0.5862179013609391
HIVEP3,SNIP1,0.586132018878487
NFYC,PTP4A2,0.5861107174826877
E2F2,CROCC,0.5860508447446392
FOXO6,BMP8A,0.5858751089009769
NFIA,ROR1-AS1,0.5857914360747749
GFI1,PTBP2,0.5857455407397545
FOXO6,ZNF691,0.5855993970629099
RUNX3,PABPC4,0.5853691708296017
NFIA,SRRM1,0.5850851991848671
HIVEP3,CAMTA1,0.584985505089722
E2F2,TMEM240,0.5849329405849969
ID3,ATPAF1,0.58476604485616
MTF1,AGBL4,0.5846129219918791
YBX1,BCL2L15,0.5843484543437016
GLIS1,NBL1,0.5840744009562725
NFYC,SERINC2,0.5839237408348337
HIVEP3,FAAH,0.5838212245755028
ID3,PKN2,0.5838076737134774
HIVEP3,PAFAH2,0.5837625965272508
E2F2,PDE4B,0.58372037398379
NFIA,DIPK1A,0.5837029271261761
NFYC,DR1,0.5835584565383144
FUBP1,UBXN10,0.5835333989586342
HES2,NFYC-AS1,0.5833923496688456
ZNF684,VANGL1,0.5833908450568507
E2F2,LINC02812,0.5833811728610029
GFI1,ARID1A,0.5830630890588455
POU3F1,PLCH2,0.5830392644157998
ZNF684,TAL1,0.5830159913449509
MTF1,ZNF691,0.5829582072617264
ZNF691,MRPL20-AS1,0.5828223196861219
ZNF691,SCP2,0.5820636005799785
GMEB1,DPYD,0.5819368676582534
NFYC,WDTC1,0.5816326973980896
ENO1,HTR6,0.5814074141687167
RUNX3,SF3A3,0.581383246824351
ZNF683,C1orf159,0.5813664118111382
MTF1,SAMD11,0.5813263425946208
MTF1,RPL11,0.5811721406110799
NFIA,GBP5,0.5809971539705375
ENO1,ZYG11A,0.5809162408649308
E2F2,MAGI3,0.5806850103751663
FUBP1,FAM229A,0.580464539104385
NFIA,TM2D1,0.5803619729150442
ZNF684,INKA2,0.5802727708128478
E2F2,SPATA1,0.5802243270897276
GMEB1,LINC02606,0.5801383722887985
HES4,LINC01739,0.5800738081910035
NFYC,AHCYL1,0.57951345417149
FOXJ3,MEGF6,0.5794925880450518
RUNX3,RCAN3,0.5794159982232557
E2F2,SESN2,0.5792868419998842
ZNF683,KLHL21,0.579158525344035
NFIA,CDCA8,0.5791313815921976
ZNF684,SLC16A1-AS1,0.5791045906526953
FUBP1,RTCA,0.579008835297133
FOXJ3,CSF1,0.5787785683326707
GMEB1,RPS8,0.578671219935513
E2F2,C1QTNF12,0.5786674262610616
TFAP2E,ZMYM4,0.5786242504973834
NFYC,SLC35A3,0.5785790483488883
TP73,AKR1A1,0.5784894460190407
ZNF683,KDM4A,0.578413643780417
ENO1,DPYD-IT1,0.5783211241854682
ID3,SPEN,0.5781927172858818
HES4,DR1,0.5781624649179877
RUNX3,ZMYM4,0.5780819495247458
GMEB1,CTRC,0.5779709407789644
ENO1,TACSTD2,0.5779546900410716
ZNF684,JUN,0.5777457283063818
FUBP1,CD52,0.5774058863781283
MTF1,TTC34,0.5772450459451567
MTF1,AMY2B,0.5772332239929789
ZNF683,CC2D1B,0.5772192040834385
HIVEP3,SPEN,0.5771911367758493
NFYC,B4GALT2,0.5769327630806449
HES4,MYCL,0.5765008145212752
MTF1,CELA2A,0.57624074574114
NFIA,SERINC2,0.5753586817263656
NFYC,MRPL37,0.5752349246948117
MTF1,CDC42-AS1,0.575145248434216
TP73,TXNDC12,0.5750298047658131
MTF1,DPH5,0.5748281713918838
FOXJ3,MAGOH,0.5747405801220841
HES4,CLIC4,0.5746617779067451
RUNX3,FAAP20,0.5744907985464797
ZNF684,PHF13,0.5740625931699799
ZNF691,GPX7,0.5740123782924189
ID3,ERMAP,0.5739119169447282
FOXJ3,TMEM50A,0.5739064082867388
HIVEP3,LINC01786,0.5738251029115047
RUNX3,TTC22,0.5738213480636798
GMEB1,GBP3,0.573623771201392
FOXJ3,ZNF326,0.5736066243095056
TFAP2E,CDC42-AS1,0.573450700639907
HES2,PTCH2,0.5734116661545119
FUBP1,RTCA-AS1,0.57304227699661
YBX1,ZMYM4,0.5730340338482226
NFYC,RERE-AS1,0.572939919444028
YBX1,CSF1,0.572929843523509
YBX1,OVGP1,0.5728999051651861
NFIA,SH3GLB1,0.5725578471749214
ZNF684,RAVER2,0.5722869696800318
HES4,C1orf122,0.5718929875096007
TFAP2E,GSTM3,0.5717339079291847
FUBP1,ACADM,0.5716102691421331
MTF1,SLFNL1-AS1,0.5714687063904655
MTF1,ZNHIT6,0.5714159158575927
FOXJ3,RAP1GAP,0.5713584584787285
HIVEP3,C1orf141,0.5713158055043444
FOXJ3,RHOC,0.5712271640561193
MTF1,LRIG2-DT,0.5711746254254336
FUBP1,LINC01342,0.5709709461611225
PAX7,EFCAB14,0.570392925965752
POU3F1,RAP1A,0.5702429169860712
MTF1,AK2,0.5700145430305652
FOXJ3,HECTD3,0.5699534260941148
GMEB1,ZFP69,0.5697142082599875
TAL1,ICMT,0.5694866950312302
TFAP2E,STXBP3,0.5694459681002308
MTF1,FNBP1L,0.5694238946662727
YBX1,CYB5RL,0.5693445657689246
FOXJ3,FAAP20,0.5691447909601297
ID3,LINC01781,0.5688869493734655
FOXJ3,LINC01357,0.568859366059564
ID3,CFAP57,0.5685662390199554
RUNX3,FBXO2,0.568562508603591
HES4,ZNF644,0.5683509060979888
HIVEP3,MANEAL,0.5682626666733095
GMEB1,ANKRD13C,0.5678260736662715
FUBP1,SF3A3,0.5676822880876502
GFI1,PHTF1,0.5674891294972335
ZNF683,DPH5,0.5674567881039649
RUNX3,TRIM33,0.5674334259837898
ZNF691,PPP1R8,0.5671490103377759
NFIA,TMEM53,0.5669547685823446
ENO1,ARHGEF10L,0.5668889528203057
E2F2,AP4B1,0.5668253661937049
NFIA,RERE,0.5667198461597482
ID3,OTUD3,0.5666021753865349
HES2,RBMXL1,0.566488313185481
GMEB1,CSMD2-AS1,0.5664566087631262
FOXJ3,CLCN6,0.5664356592570946
GMEB1,RNF207,0.5664186297034313
E2F2,MIER1,0.5663989164534746
ZNF684,TXNDC12,0.5661876688982047
HIVEP3,SYF2,0.5660304455510972
YBX1,RNF220,0.5659202865895798
HIVEP3,HTR6,0.5658661210209013
HIVEP3,C1orf162,0.5657973832969773
NFYC,CLIC4,0.5657045454211486
NFYC,STIL,0.5656764090260352
HIVEP3,LMO4,0.5652666483748368
HIVEP3,BTBD8,0.5652293180258248
ZNF683,NDC1,0.5652067861113457
ID3,YTHDF2,0.5651935930884402
RUNX3,DNAJC11,0.5651344500798076
RUNX3,VANGL1,0.5651035341561312
TFAP2E,LINC00115,0.5649932440172971
HIVEP3,MMEL1,0.5649080757343776
HES4,BTBD19,0.564829652050751
TP73,PPP1R8,0.5647457281428263
ID3,MED8,0.5646238738040247
MTF1,FOXO6,0.56462225660298
RUNX3,SLC30A7,0.5645291979152073
POU3F1,IPO13,0.5644720194167718
NFYC,C1orf141,0.5644475811328901
TFAP2E,KTI12,0.5640262030192341
NFYC,TTF2,0.5640029545190702
NFIA,MRPL20,0.5639051621535393
ID3,ZYG11B,0.5638084229583243
TFAP2E,SSU72,0.5636289965517531
E2F2,PRXL2B,0.5633787177793438
RUNX3,EFCAB14-AS1,0.5631664311599557
ZNF683,MTOR,0.5631635173104627
HIVEP3,ERMAP,0.5631013995745813
TP73,AGO3,0.5630617008713894
E2F2,PIGK,0.5630512714836463
ZNF684,CAMTA1,0.5630111003449683
FUBP1,CDA,0.5626446020824927
ZNF691,ZNF436-AS1,0.5624919097046602
NFYC,ST7L,0.5624570312784083
GMEB1,NFIA-AS2,0.5624127511540223
TFAP2E,FHAD1,0.562396436027101
GMEB1,DPH2,0.5620969411342718
RUNX3,HPDL,0.5618655567392911
NFYC,VTCN1,0.5617399523864554
TFAP2E,GTF2B,0.5612765251124323
FUBP1,SHISAL2A,0.5610446953904742
NFYC,PTAFR,0.5610292072221377
ENO1,IFI44,0.5608925963127638
MTF1,TAF12,0.5608462481825328
GFI1,PNRC2,0.5608257268297372
HIVEP3,TM2D1,0.560756041040601
RUNX3,CELA2B,0.5607042180851929
PAX7,ZCCHC17,0.5606940059151756
GMEB1,ZMYM4-AS1,0.5606770576640905
MTF1,PEF1,0.5604515267716597
FUBP1,DNASE2B,0.5599351788362875
NFYC,ASAP3,0.5599152010038273
RUNX3,C1orf159,0.5598963931883241
HIVEP3,TMEM51-AS1,0.5598915169047965
HES4,HNRNPR,0.5598571873279297
MTF1,BCL2L15,0.5598489961298563
RUNX3,KIAA2013,0.5598062508701245
RUNX3,LINC01712,0.5592913600525719
NFYC,JAK1,0.5591999834956639
FUBP1,MAB21L3,0.5588914415381343
NFIA,ZMYM4-AS1,0.5587685847417345
FOXJ3,DNAJC8,0.5587328922106122
MTF1,C1orf146,0.5586961010873447
YBX1,STK40,0.5584622920103935
ZNF683,MDS2,0.558406775322151
NFIA,PGM1,0.5583375281760352
GFI1,SNRNP40,0.5582855487944041
FUBP1,MYOM3,0.5582693294453194
NFYC,TCEANC2,0.5579873814795456
E2F2,PLOD1,0.5577876565161382
HIVEP3,DDI2,0.5577087121976182
ENO1,CROCC,0.557706170760275
NFIA,ST7L,0.557591006680872
ENO1,SMAP2,0.5573904918965347
NFYC,SELENOF,0.5571757941835417
NFYC,GTF2B,0.5567451839662398
HES4,CDC42-IT1,0.5566176423165156
NFYC,LINC01712,0.5565490605922224
HES4,ARID1A,0.5563812071287677
NFIA,LRRC8C-DT,0.5563042610357498
ZNF683,CTPS1,0.556260145713539
ZNF691,ACADM,0.5560077782868418
RUNX3,ZNF326,0.5559256457525731
RUNX3,LINC01359,0.5555836802665381
NFIA,LRRC42,0.5553383463906406
MTF1,FUBP1,0.5550735008675952
FOXJ3,DPH5,0.5550300484470093
ID3,TRNAU1AP,0.5548986258312243
ZNF684,RNF19B,0.5548878694540081
ENO1,MMP23B,0.5548409040004191
HIVEP3,LNCTAM34A,0.5548266871529108
RUNX3,PADI2,0.5547535819481257
HIVEP3,CELSR2,0.5545475875161897
NFYC,LINC01748,0.5545431605874557
GMEB1,MIIP,0.5544757140520024
FUBP1,MED8,0.5542050646245583
HIVEP3,NCMAP-DT,0.554190566185508
NFYC,MIR4422HG,0.5538636605518746
FUBP1,TNFRSF25,0.5537007716716607
ID3,GPX7,0.5536643519263661
HIVEP3,LINC01135,0.5536567249048245
TFAP2E,TM2D1,0.5536150930367227
ZNF691,MAD2L2,0.5532674565315764
NFIA,HPCAL4,0.5532494411798933
POU3F1,FBXO6,0.553249309162954
TP73,MRPS15,0.5532250815205088
RUNX3,NTNG1,0.5531755326440917
ZNF683,SYF2,0.5529320110414986
GMEB1,NUDC,0.5527511862403999
FOXJ3,GIPC2,0.5527182399611827
GMEB1,EFCAB7,0.5525670446710009
GMEB1,THEMIS2,0.5523522540520615
GMEB1,ZMPSTE24,0.5522779134286585
MTF1,IQCC,0.5522006052915938
ID3,KPNA6,0.5519960956370941
ENO1,ADGRL4,0.5514374533724434
FOXJ3,PGD,0.5513520236276886
ZNF683,CPTP,0.5512481830864573
HIVEP3,C1orf216,0.5512030204674178
NFYC,CELA2A,0.5511395121324155
HIVEP3,OVGP1,0.5511046808078337
FOXJ3,SLC9A1,0.5510525252396488
GMEB1,SNHG12,0.5508583928547637
HIVEP3,SMPDL3B,0.5506738458273014
MTF1,CCDC28B,0.5503364016723368
HES4,AGO3,0.5503072819743597
E2F2,SSBP3,0.5503053814588161
MTF1,SFN,0.5503032737589636
HES4,ARMH1,0.550270112305549
HES4,EFCAB14,0.5501908665095777
ENO1,BMP8B,0.5501148380240102
MTF1,KDM4A,0.5501060650036041
NFIA,ARHGEF10L,0.5499040517589887
HES4,CMPK1,0.5498010040860098
RUNX3,SRM,0.5497553371754851
GMEB1,LUZP1,0.5495045566177091
GMEB1,RAP1GAP,0.5493457921999244
TFAP2E,TXLNA,0.5490911730432141
HES4,MYCBP,0.5490134606902636
NFYC,CNR2,0.5489009418565907
NFIA,ATAD3A,0.548890538208566
GMEB1,MYCL,0.5486573965185401
PRDM16,MEAF6,0.5486136945332742
ZNF684,MAGOH,0.5485778246931681
HIVEP3,TEX46,0.5485519338866195
JUN,EBNA1BP2,0.548480166815351
FUBP1,CYP4A22-AS1,0.5484166552563157
FOXJ3,PPT1,0.5484154091912163
NFIA,AGO3,0.5483487440104402
ALX3,KDM1A,0.548292865572976
ID3,AMY2B,0.5482493610830366
HIVEP3,DLEU2L,0.5477222366283692
GMEB1,RERE,0.5473851138697606
NFIA,WDTC1,0.5473511738854331
FUBP1,LINC01635,0.5473480184661675
ID3,ZBTB17,0.5471996637803774
NFYC,IFFO2,0.5471496034055939
HIVEP3,MROH7,0.5470091478794533
NFYC,AKR7A3,0.5470055578715651
HIVEP3,HMGCL,0.5469717017796721
GMEB1,PINK1,0.5469056788494775
FOXO6,PTAFR,0.5467032217969242
MTF1,FBXO44,0.546577001063166
FOXO6,NMNAT1,0.5465478217590181
FUBP1,RAB42,0.5464573635158549
NFYC,SCMH1,0.5464160882011755
RUNX3,LINC02811,0.5463629100734281
RUNX3,LEPROT,0.5462749870706038
NFIA,HCRTR1,0.5462699169186173
POU3F1,PHTF1,0.5460923502875936
ZNF691,PPIH,0.5459240027326678
NFIA,PRPF38B,0.5459085388639959
MTF1,FABP3,0.5458741212548539
TP73,ATP5PB,0.5457679927307266
HES4,SDF4,0.5456675006863625
RUNX3,MATN1,0.5456614051028624
ZNF683,ZNF684,0.5456516416644936
TFAP2E,DPYD-AS2,0.5455802986298947
GMEB1,GPN2,0.545564634368568
FOXJ3,PKN2-AS1,0.545557368547303
NFYC,LRRC8C-DT,0.5454719320810558
FOXJ3,S100PBP,0.5451881884861325
YBX1,MTHFR,0.5450647153708033
POU3F1,SRSF10,0.5447721610576063
POU3F1,INKA2,0.5445678994439958
NFYC,INTS11,0.5444855731105802
ENO1,CLCA4-AS1,0.5441581680853079
GFI1,UTP11,0.5441295926617413
HIVEP3,LINC01707,0.5441131656182937
TFAP2E,FBXO6,0.5440418095562706
HIVEP3,VWA5B1,0.5440086811232399
FOXJ3,ST6GALNAC5,0.543957125378857
RUNX3,LINC01772,0.5439226431356295
ZNF691,C1orf52,0.5437353411158343
JUN,SIKE1,0.5436973530062504
GMEB1,ALG6,0.5432322665486385
NFYC,MTOR-AS1,0.5432260274458784
MTF1,ALG14,0.5430903618324329
PAX7,SLC16A4,0.5430872621843676
NFIA,S1PR1,0.5429174739258409
RUNX3,TYW3,0.5428042285672523
FUBP1,PDIK1L,0.5427570511935556
ZNF683,KANK4,0.542245488192734
YBX1,CLCN6,0.5421277837721535
HIVEP3,DIO1,0.5420409193226926
ENO1,UTS2,0.5420382833085429
NFIA,CPTP,0.5417921659824102
YBX1,LINC01140,0.541727006421518
ENO1,OSCP1,0.5414849891118635
NFYC,AMPD1,0.5414127253156645
ZNF683,TCEA3,0.5412127901006054
YBX1,SLC2A5,0.5411724023740649
FOXJ3,DIO1,0.5411102104515929
E2F2,TRIT1,0.5410688405166345
HIVEP3,ASB17,0.5405665720933516
NFYC,VPS13D,0.5405553610238867
MTF1,NCDN,0.540402590370483
E2F2,FAF1,0.5403920119650091
RUNX3,PEX10,0.5401178270385899
POU3F1,LUZP1,0.5398691887980431
POU3F1,SSU72,0.5398541596028023
JUN,HIVEP3,0.5397043444905201
ENO1,FYB2,0.5396237015735528
FOXJ3,BCAS2,0.5395060880767476
NFIA,UBE4B,0.5391599436825484
YBX1,ADGRL2,0.5391374413055144
ZNF691,PDIK1L,0.5389960376931717
HIVEP3,ST3GAL3,0.5388500530077781
FOXJ3,PPM1J,0.5386214425131163
YBX1,GBP7,0.5385690100815973
YBX1,SORT1,0.5384347223068927
YBX1,SMPDL3B,0.5381662556537375
HES2,NCMAP-DT,0.5380671458245878
MTF1,CDC42-IT1,0.5379527124688671
POU3F1,AHCYL1,0.5376983706202961
NFYC,PIGK,0.5375507941699514
TP73,TCEANC2,0.5374121926333486
ZNF683,TTC4,0.5373590395656628
NFYC,GSTM1,0.5372325583273843
RUNX3,SPSB1,0.5371585958453349
ID3,SPATA6,0.5369619853777059
GMEB1,MEAF6,0.5369391378046572
RUNX3,PRKCZ,0.5369028885424885
ZNF683,LRRC7,0.5366312458394223
MTF1,USP24,0.5364486022173367
FUBP1,CZIB,0.5362555350218488
ZNF683,KCNAB2,0.5356958249706218
YBX1,IFI44L,0.5356786986735813
YBX1,LINC01364,0.5356016633438638
POU3F1,IQCC,0.5355355705566289
FOXD2,DVL1,0.5355119851938934
ZNF684,DDX20,0.5352684190854421
FOXJ3,NEXN-AS1,0.5350920405028122
HES2,WASF2,0.5349619608995837
TFAP2E,MOV10,0.5349345580140243
POU3F1,TNFRSF14,0.5349120680253964
GMEB1,ARHGEF10L,0.5348040689011166
ZNF683,SHISAL2A,0.5347362090081015
NFIA,PHTF1,0.5346931230798344
ZNF683,ABCD3,0.5345519264519031
ZNF691,EVA1B,0.534532172019202
HIVEP3,A3GALT2,0.5344759901191727
FUBP1,BTBD19,0.5341869529178047
GMEB1,PHACTR4,0.5338032730909923
HIVEP3,SNRNP40,0.5334963599163606
GMEB1,FUCA1,0.5334327378140871
FOXJ3,FBLIM1,0.5333772955923859
YBX1,HCRTR1,0.5333636138721141
NFYC,TENT5B,0.5333250571371291
RUNX3,FGGY,0.5332961862663622
FUBP1,MTF2,0.5332237690725236
NFIA,SSBP3,0.5331261522583868
FOXJ3,PRDM16,0.5331076195516803
NFYC,C1orf185,0.5330600894498194
FUBP1,NFIA,0.532808831789135
HIVEP3,PABPC4,0.5326265898433479
NFIA,LRRC8C,0.5325520230836696
ZNF684,TARDBP,0.5325271419950052
GLIS1,AKNAD1,0.5325186367818555
NFIA,ARID1A,0.5325062576082334
HIVEP3,LEPROT,0.5324099719477098
POU3F1,SESN2,0.5322754441936448
ZNF691,PIGK,0.5322377465593475
MTF1,CD52,0.5322206622639295
RUNX3,VAMP3,0.5321552242546417
HES4,SNIP1,0.532037056120896
RUNX3,ACAP3,0.5319343266402239
GFI1,AKIRIN1,0.5315598752660897
HIVEP3,AK2,0.5314996432542465
HES4,HIPK1,0.5311839562270227
E2F2,NOC2L,0.5310986135103453
HES4,LRRC8C-DT,0.5310637041145104
MTF1,SMIM12,0.5310449182652344
ZNF683,RERE,0.5309022757022458
NFYC,ZMYM1,0.5308706421006942
TFAP2E,LINC01357,0.5306754390457495
HES4,GNL2,0.5305474638940388
YBX1,MTOR,0.5302473986992882
HES4,UBIAD1,0.5299744277186604
NFIA,PRXL2B,0.529499910291578
FOXJ3,LNCTAM34A,0.5294096490474062
GMEB1,PAFAH2,0.5292864176799226
ZNF684,CDC42-IT1,0.5292447883727187
YBX1,S1PR1,0.5291378940887177
FOXO6,CDA,0.5290950264503308
HIVEP3,UQCRH,0.5290436919313435
E2F2,NCMAP-DT,0.5288710936953502
ZNF684,LINC01160,0.5288497806601725
FOXJ3,SAMD11,0.5287336830178658
JUN,PSMB2,0.5287088129075472
JUN,UTS2,0.5281491730206994
FOXJ3,VAMP3,0.5279864155996206
NFIA,ZSWIM5,0.5278923541532463
TP73,SLC30A7,0.527866812900369
NFIA,SESN2,0.5278586315683866
HIVEP3,POU3F1,0.5276425813125805
FUBP1,ARMH1,0.5276009617533706
HIVEP3,MASP2,0.5275156128735861
ID3,UBE2J2,0.5272126828734094
RUNX3,LINC01355,0.5270783771895377
HIVEP3,LINC01562,0.5266926983261714
YBX1,LUZP1,0.5264428258105707
YBX1,LINC01762,0.526361806349705
ID3,MRPS15,0.5263515837658255
FOXJ3,CELA3A,0.5263465895939534
ID3,ADGRL2,0.5261721417252732
E2F2,GSTM2,0.52604284509248
JUN,GBP4,0.5258969979060437
NFIA,IFI44,0.5257618189845348
FOXJ3,PTAFR,0.5257578917991397
ZNF683,ZMYM6,0.5256589561736819
TFAP2E,MAST2,0.5255695973869694
FOXJ3,GLMN,0.525520047638427
HIVEP3,HIPK1-AS1,0.5253562355584208
NFYC,LRIG2-DT,0.5253404327465035
ZNF691,TRIM45,0.5250006043165152
RUNX3,TNFRSF14,0.5249177467625915
POU3F1,GBP4,0.5248955409071941
NFIA,LINC01135,0.5245508519874662
NFIA,NDC1,0.5241163011786163
YBX1,GSTM3,0.5241157061483102
HES4,SNX7,0.523923485720111
GMEB1,LINC01409,0.5237936926162515
HES4,SPEN,0.5237303878229879
HIVEP3,SNHG3,0.5236029288840709
NFYC,INKA2-AS1,0.5235439563085952
ENO1,PRKAA2,0.5234200896087017
NFIA,CZIB,0.5231441572984517
FOXJ3,TCEA3,0.523114407685752
JUN,NASP,0.5230527867712411
HES2,DDI2,0.5230495398810289
NFYC,SAMD13,0.5226394219225619
TFAP2E,MTFR1L,0.5226368868688541
GMEB1,LINC00466,0.5224970312696455
GFI1,RPL11,0.5224158641994365
FUBP1,TMED5,0.522408319374131
FUBP1,LINC01128,0.5223225988156752
NFYC,L1TD1,0.5222527448315697
NFIA,SYF2,0.5221940477725043
MTF1,CFAP74,0.5221915194730674
YBX1,MKNK1,0.5220313800602008
RUNX3,MFSD14A,0.5219841528277718
E2F2,EPHA2,0.5219521754868417
FOXJ3,LAMTOR5,0.5218845527497871
HES4,GMEB1,0.5218582211755569
TP73,SMIM12,0.5217696860497176
ZNF684,USP24,0.5217324287523907
HIVEP3,CPT2,0.5216603761351759
HIVEP3,CYB5RL,0.5214828001252334
GMEB1,PITHD1,0.5213076587816605
ENO1,NKAIN1,0.5212808648745422
TFAP2E,ZCCHC17,0.521258485986866
HES4,SLC66A1,0.5210173097849763
POU3F1,RNF11,0.5206701499966762
HIVEP3,PTGFRN,0.5204563804047402
RUNX3,TPRG1L,0.5200925169738495
NFYC,BTF3L4,0.5200690020729248
HES2,MRPL20,0.5199747515357368
HIVEP3,DRAXIN,0.5199539207588392
NFYC,LRRC38,0.5199503836497038
E2F2,SLC9A1,0.5198375006089444
FOXO6,MTFR1L,0.5197719876585394
FOXJ3,BTBD19,0.5197081272540882
MTF1,GLMN,0.5196379811755724
NFIA,SORT1,0.519592905849239
ID3,AMIGO1,0.5193243452100543
RUNX3,CDC42,0.5189957905303461
ID3,USP24,0.5188609382204392
NFYC,RAVER2,0.5186939455089683
ZNF683,ZBTB40,0.5186404451863642
ENO1,KANK4,0.5185754356381691
HES4,SLC16A1-AS1,0.5184845540115337
RUNX3,ERMAP,0.5183565924641028
RUNX3,TEX38,0.5183506594298749
E2F2,LCK,0.5181057519348968
NFYC,TNFRSF25,0.5180579333483726
NFIA,TMCO4,0.5180272609011798
GMEB1,LSM10,0.5178542756690205
TFAP2E,ZRANB2,0.5177518791681885
FOXO6,CASP9,0.5177343470583318
MTF1,ZBTB8A,0.5175121524346779
ZNF684,EIF4G3,0.517468836942417
NFIA,FOXD2,0.5174271526568949
MTF1,MAP7D1,0.5173483577746641
POU3F1,C1orf52,0.5173193992422143
NFYC,SNHG3,0.5171287237440018
ZNF684,EXO5,0.5170179590479964
RUNX3,SLC16A1-AS1,0.5169544023818486
HIVEP3,LINC02574,0.516949230864779
E2F2,SNRNP40,0.5168608877719906
MTF1,AGRN,0.5165299797434965
HES4,DFFB,0.5165283174170319
GMEB1,DOCK7,0.5163743995131889
RUNX3,RNF11,0.516364077048138
MTF1,ANGPTL3,0.5161088705582306
MTF1,KDF1,0.516089327361297
FUBP1,GPR157,0.5160628055038406
TAL1,ZNF691,0.5159372536213326
HIVEP3,TRNAU1AP,0.5156805169934697
TP73,EBNA1BP2,0.5155347112128496
YBX1,PABPC4-AS1,0.5150494271701157
FOXO6,RERE-AS1,0.5148293334729498
NFYC,AZIN2,0.5144764260566516
NFYC,SLC25A24,0.5144490691296789
E2F2,FBXO44,0.5143355837594654
FUBP1,PGD,0.5143250002878126
FUBP1,PLPP3,0.5142629332081758
ENO1,DHDDS,0.5142377575253241
FOXO6,AK4,0.5141514275460595
NFYC,ZRANB2-AS1,0.5140551539229155
RUNX3,GTF2B,0.5137613486484998
GMEB1,GLMN,0.5137214252863309
ZNF684,LINC01362,0.5136783978462663
POU3F1,TAF12,0.5136768152450124
POU3F1,NFYC,0.513442134052781
TAL1,TRAPPC3,0.5134257039099493
RUNX3,PLPP3,0.5134121290088439
TFAP2E,PIK3CD-AS2,0.5133887114369595
JUN,FOXD2-AS1,0.5130654207173699
TFAP2E,ATP13A2,0.5129922044271463
ZNF683,TNFRSF14-AS1,0.5129088751576857
FOXO6,INPP5B,0.5125340622342364
TFAP2E,THEMIS2,0.5123851596201817
ZNF684,GBP3,0.5123398666720927
HES4,MRPL20,0.5122736146119506
YBX1,EVI5,0.5121812964751499
ZNF691,NFIA-AS2,0.5120285994636063
YBX1,MCOLN3,0.5120164816620151
FOXJ3,SIKE1,0.511907320947928
RUNX3,RBBP4,0.5118916615270788
HES4,EPHX4,0.511540420357356
ALX3,FPGT,0.5114729732129853
ENO1,SYDE2,0.5113267068431026
HES2,SYNC,0.5113057101489303
FOXO6,ATP13A2,0.5108757506507111
GLIS1,PRXL2B,0.5107229408899566
E2F2,RNF19B,0.5106144095100084
GMEB1,EXOSC10,0.5106138318358348
HES2,ISG15,0.5105382340849358
NFIA,RPF1,0.5104942819754091
FOXJ3,TNFRSF1B,0.5101869892659386
NFIA,GPBP1L1,0.5097202141412688
ENO1,PDE4B,0.5094623414821757
RUNX3,CRYZ,0.5094153400148513
GMEB1,ELOVL1,0.5093645614593862
GMEB1,ZDHHC18,0.5088928599241455
GMEB1,MACF1,0.5088233612670306
GMEB1,ARHGAP29,0.5087647011822025
ZNF683,SKI,0.5086518120901844
GMEB1,CD52,0.5086181410768036
HES4,LINC00339,0.5086063988717395
NFIA,CCDC30,0.5083863549535496
FOXO6,NECAP2,0.5083014438540586
NFIA,MAP7D1,0.507995894905968
GFI1,PUM1,0.5078533631360922
NFIA,LRP8,0.5076126978161304
GMEB1,PPCS,0.5075526155244904
NFIA,ADGRB2,0.507529397886355
ZNF683,GCLM,0.5074185613354142
NFYC,RPAP2,0.5073045198737801
ID3,MAP3K6,0.5072224299189011
PAX7,MDS2,0.5070507756154929
TFAP2E,ICMT,0.5069987599361688
TFAP2E,NFYC-AS1,0.5067809031470699
TAL1,ZNF684,0.5066404056100632
E2F2,LINC01725,0.5065590511508462
ZNF684,BTBD8,0.5064352668801385
FOXO6,PDIK1L,0.5064044099679189
HIVEP3,TMEM52,0.5063494606059937
ZNF683,RAVER2,0.5063112446828297
GFI1,EXTL2,0.5062362372594351
FUBP1,BSND,0.5061863862308289
GFI1,TMEM59,0.5061106572883964
JUN,FNDC5,0.5060814520426374
TP73,NASP,0.5060388052567876
FOXJ3,CACHD1,0.5059781666095915
GMEB1,GABRD,0.5058775287921792
TP73,TMCO4,0.505819382472221
GMEB1,MRPL37,0.5053907624474855
FOXJ3,MYCBP,0.5051893487924506
ZNF684,SLC35E2B,0.5051211026703517
FUBP1,DHRS3,0.504806370503283
HES4,PTBP2,0.5047469518078861
GMEB1,GLIS1,0.504746778273327
ID3,TMEM35B,0.5046914313577648
YBX1,PTCH2,0.5041678671204295
MTF1,RPL5,0.5041456049760352
TAL1,ABCD3,0.5039682877616272
NFYC,DCDC2B,0.5036542122629095
TFAP2E,AK5,0.5035571514095354
ZNF683,CDKN2C,0.5035306103789601
HIVEP3,LAMTOR5-AS1,0.5033490166303655
RUNX3,RAP1A,0.5033323007861046
FOXO6,ZMYM6,0.5033030972207365
ZNF684,TNFRSF14-AS1,0.5031068031170655
ZNF684,ATAD3B,0.503023292296426
ZNF684,AGTRAP,0.503017389640466
ID3,TMEM222,0.502936025214694
ZNF683,EFCAB7,0.5028777217889063
ID3,FAM76A,0.502630425449065
E2F2,INKA2,0.5026283852858545
POU3F1,RCC2,0.502615280354381
ID3,RWDD3,0.502431635178529
YBX1,F3,0.5022669398688202
GMEB1,UTP11,0.5022666203750653
NFYC,CLCA4-AS1,0.5022241309062229
JUN,ZNF683,0.5021698001928959
RUNX3,NCDN,0.5021128515834217
FUBP1,SLC1A7,0.5020785316209609
HES4,PHTF1,0.5020229589033935
GMEB1,ZNHIT6,0.5018098770360295
TFAP2E,CCNL2,0.501602505723364
NFIA,SSX2IP,0.5015990053609319
NFYC,ID3,0.5014861006294603
ID3,HIVEP3,0.5014850279618013
GMEB1,FOXD2-AS1,0.5013296417008722
ID3,SLC22A15,0.5010082612917712
GFI1,TMEM53,0.5008454647313227
GMEB1,TNFRSF9,0.5007964348102495
MTF1,HIVEP3,0.5007350326367392
GLIS1,ACOT11,0.5004333437121634
ID3,TAF12,0.5004088982388812
HIVEP3,SMAP2,0.5003662650711495
RUNX3,CYP4A22-AS1,0.5003501430980694
HIVEP3,DENND2D,0.500335968147685
ZNF691,ATAD3B,0.5003165248985836
ZNF684,RPF1,0.5000418236032569
ZNF683,ARMH1,0.4999188828852231
MTF1,ATP5PB,0.4998001020344851
FOXJ3,RPS8,0.4996784465501585
RUNX3,PRKAA2,0.49963185750427463
GMEB1,CEP85,0.4993092835733659
HIVEP3,FHL3,0.499178543648025
HIVEP3,YBX1,0.49905637466690805
ZNF684,SZT2,0.4989511629134031
ZNF684,RBM15-AS1,0.49884781326567684
TFAP2E,LRIG2-DT,0.49864456708585203
RUNX3,DENND2C,0.49862094035892185
TP73,CDK11B,0.4982854892111895
ENO1,EPB41,0.49799558776979735
HIVEP3,AKIRIN1,0.49773805613734284
E2F2,AJAP1,0.49744030690043306
JUN,SLC2A1,0.4974205669173063
FUBP1,RPL5,0.4973677667197696
HES4,SLC35A3,0.4968787226260464
E2F2,ISG15,0.49662470533392633
FOXJ3,PLA2G2F,0.49662394828456596
HIVEP3,TESK2,0.4964271117811529
MTF1,CSF1,0.49633902961028203
NFIA,RER1,0.4963272343435082
RUNX3,TACSTD2,0.49623915094126847
RUNX3,ATAD3B,0.4962273775380676
POU3F1,TRAPPC3,0.4960217519688881
RUNX3,DIPK1A,0.4958105929760233
GMEB1,FGR,0.49578574269367537
E2F2,CCDC18,0.49576116712308177
FUBP1,IGSF3,0.4956416134235366
HIVEP3,ARHGEF10L,0.4956414613647065
ENO1,SMPDL3B,0.49529504378728334
FOXD2,FHAD1,0.4952881005662397
GFI1,KAZN,0.4949047321773513
GFI1,GALE,0.49470082318421127
MTF1,YIPF1,0.494651039084012
GMEB1,L1TD1,0.49451541728653453
FOXD2,RTCA-AS1,0.49433886396986054
HIVEP3,PLEKHG5,0.49428595765864763
E2F2,SLC35E2A,0.4941280306035746
FOXD2,S1PR1,0.49406848534765524
E2F2,MAP3K6,0.49394524693299646
ZNF683,PRDM2,0.4939243786533186
YBX1,ESPN,0.49389248629367233
ID3,SCP2,0.4938261831803323
TFAP2E,TRMT13,0.4937619784460428
RUNX3,KDM4A-AS1,0.4934633723167748
FOXJ3,FOXD3-AS1,0.49340946029020183
ID3,GBP3,0.4928868285716535
NFIA,ATPAF1,0.4928535007508752
GMEB1,LDLRAP1,0.49242287062605794
RUNX3,CDK11A,0.492342728619651
ZNF691,SH3BGRL3,0.4923018360708487
FOXJ3,GRIK3,0.4921907027640591
ENO1,CCDC17,0.4921768065425439
MTF1,BCL10,0.49192620646440105
TFAP2E,WDTC1,0.4918141294819144
POU3F1,SVBP,0.4917318571426638
TP73,HP1BP3,0.4916724765034214
MTF1,LINC02609,0.4915753534157884
YBX1,AK5,0.4915671132718831
ZNF691,CDC42-IT1,0.4914229651520302
HIVEP3,NRDC,0.49134537675778694
NFIA,NPHP4,0.4913118135908499
GFI1,ST7L,0.49096222609435064
HES4,AGO4,0.4909459176752385
RUNX3,AK5,0.4909217998048867
ZNF684,PINK1-AS,0.4906274211437111
MTF1,UQCRH,0.490613371623837
NFIA,GRIK3,0.4905166198847361
RUNX3,ARID1A,0.49046955709411855
POU3F1,BTBD8,0.49042889584002713
NFIA,RTCA-AS1,0.49031008434731244
NFIA,RPAP2,0.49020351821559743
HIVEP3,ZFYVE9,0.4897478602533901
POU3F1,RUNX3,0.4896656321937156
NFIA,HS2ST1,0.4896525833424149
MTF1,UQCRHL,0.4895028218650208
GMEB1,ZNF684,0.48919339438040466
ZNF683,CNR2,0.48912545896628407
NFIA,ZRANB2-AS1,0.4890552284657931
RUNX3,ZMYM6,0.4889881769308195
FUBP1,RCAN3AS,0.4889815002322205
RUNX3,POU3F1,0.48888577845250725
NFYC,CDK11B,0.4888398769859334
ZNF691,KHDRBS1,0.4886771837240962
TP73,SERBP1,0.4885284580581477
YBX1,MAGI3,0.4885045141873789
ALX3,DRAXIN,0.4884292007411406
ZNF684,LRIF1,0.4883841439162574
HES4,KIAA2013,0.4883819207095288
GMEB1,SH3BGRL3,0.4881936018220469
ZNF683,LINC00339,0.48812115220337843
NFIA,B3GALT6,0.4880863348926637
RUNX3,LINC02780,0.4880793963507995
ZNF691,RNPC3,0.48795688208726395
GMEB1,ST3GAL3,0.4879295529800555
ID3,SLC9A1,0.4878945176200515
GMEB1,LINC01362,0.4878305277532828
YBX1,AUNIP,0.48741173112948366
RUNX3,AKIRIN1,0.4872403622578755
YBX1,VWA5B1,0.4872320393122901
NFYC,EXO5,0.4871953644836129
RUNX3,SLC44A5,0.48714975463985827
ID3,MIGA1,0.48710493159845064
YBX1,SYDE2,0.48707930844544783
GFI1,ZMYM4-AS1,0.48699345216353146
NFYC,OTUD3,0.4869452952961586
ID3,ANKRD13C,0.48687603751326425
RUNX3,LPAR3,0.4867115600514018
ZNF684,MCOLN3,0.48637971696084537
YBX1,POMGNT1,0.48605897079089333
HES2,PIK3CD,0.48605249143064294
POU3F1,ERI3,0.48587038244362357
POU3F1,ELOA,0.48559767368608375
PAX7,KDM4A,0.4854910517659362
NFIA,MIER1,0.4853635048745707
HES2,AP4B1,0.4852389682911042
FUBP1,ERRFI1,0.4851331870721518
FUBP1,ZNF684,0.4849679700231436
ID3,GCLM,0.4849326311751746
E2F2,AGO1,0.48452037074431636
MTF1,LINC01712,0.4843981474068267
NFIA,FOXJ3,0.48430460314577123
HES4,AMY2B,0.48415483769040424
PAX7,C1orf159,0.48399151992057476
NFIA,DDI2,0.4839208221527154
GMEB1,RBBP4,0.4838664870754262
FOXO6,VAV3-AS1,0.48379289660834995
GMEB1,PRPF38B,0.48372872950305285
NFIA,AGO1,0.4835647223645815
NFIA,NCMAP-DT,0.4835200228090275
TP73,RPS8,0.4834575537974449
HIVEP3,KDF1,0.48336798491322036
GFI1,TTC4,0.4832572488456805
HIVEP3,RAD54L,0.4831832845495612
FOXJ3,DR1,0.48301321143680664
HES4,DFFA,0.48299214954404224
NFYC,ZDHHC18,0.48283784576909916
ZNF691,DPYD-IT1,0.4828080309222365
ZNF691,PRKCZ-AS1,0.48274717643176673
GMEB1,CAP1,0.4825122765146096
GMEB1,ZNF436-AS1,0.4824677212485785
TFAP2E,RUNX3,0.48240132335076097
ID3,AGRN,0.48234882846512706
FOXJ3,PRPF38A,0.48226155646734425
GMEB1,HPDL,0.48223374235976446
RUNX3,DCLRE1B,0.48215153085762585
ZNF683,LYPLA2,0.48210451949185973
HIVEP3,PLOD1,0.4819532019482411
MTF1,MARCKSL1,0.481631736942977
HIVEP3,MTOR-AS1,0.48147689906033303
NFIA,L1TD1,0.4814728585915738
YBX1,VAV3,0.481366114847999
ZNF684,CDKN2C,0.4812903026009515
TP73,RPL5,0.4812570451306336
ZNF683,LINC01725,0.4810196118336699
TFAP2E,RABGGTB,0.4808062318315019
FOXJ3,EPHX4,0.48079279193107083
GMEB1,GBP6,0.4805662120399244
RUNX3,SNX7,0.4805350700006977
PAX7,KTI12,0.4804908095093725
POU3F1,EIF2B3,0.48042453863642987
NFIA,MAN1C1,0.48029601542074085
PAX7,ZNHIT6,0.4802808464833501
HIVEP3,ALDH4A1,0.48000351362021515
HES4,ODF2L,0.479938042429463
FUBP1,COA7,0.4798019724357732
ZNF684,CLCC1,0.4797725474642661
RUNX3,HYI-AS1,0.4796392681737847
ZNF684,ACADM,0.47953447360901
HIVEP3,GSTM4,0.4793982970090191
ID3,SSU72,0.47935468905288503
TFAP2E,FAAH,0.4792249653635726
FOXJ3,LINC01781,0.47920942596638416
ENO1,ADGRB2,0.4791597438167613
GMEB1,MED18,0.4790757960771933
POU3F1,MAN1C1,0.4786897317591294
YBX1,FBXO2,0.4786098171406874
POU3F1,ST7L,0.4785896333133204
NFYC,BTBD8,0.47850913787798427
ZNF691,S1PR1,0.4784803043301388
GMEB1,DDOST,0.4783788175140921
RUNX3,STPG1,0.4781669434865897
FOXJ3,COL8A2,0.478132831015799
GMEB1,SMPDL3B,0.47804587558936146
GMEB1,OTUD3,0.4780040737280558
ID3,SLC25A34,0.4779380079647543
RUNX3,LRRC39,0.4778666841014731
ZNF683,TRMT13,0.47777894599636933
JUN,E2F2,0.47752618854448037
GMEB1,ZRANB2-AS1,0.47745979162780156
NFYC,PRKACB,0.4772930054008984
ZNF691,EFCAB14,0.4772607757091358
NFYC,YRDC,0.4772160026435341
MTF1,TNFRSF14-AS1,0.47706841615006096
FUBP1,CLSTN1,0.4768939214238346
ZNF683,PHACTR4,0.47687355057325337
NFIA,SYDE2,0.476815508770453
MTF1,DPH2,0.4765981492534731
FOXJ3,TMED5,0.47656365463981276
HES4,SFPQ,0.47653667331562355
ZNF684,ZNF436,0.47649578160867234
ENO1,CCDC18-AS1,0.4763992175743435
FOXJ3,CNR2,0.47614335325764184
TFAP2E,TNFRSF4,0.4761378490189828
TFAP2E,RPA2,0.47612112456549577
RUNX3,CACHD1,0.47603324247993595
GMEB1,PADI6,0.47594841548360706
HIVEP3,LINC02785,0.47585786134363733
YBX1,CRYBG2,0.47563865761979995
YBX1,ZNF684,0.47561280995314786
RUNX3,AGL,0.4754777134022303
MTF1,EXOSC10,0.47534397133366846
GMEB1,MCOLN2,0.475311505281663
NFIA,VAV3-AS1,0.47519838850250534
ID3,ATP13A2,0.47482644213950725
ZNF691,ATPAF1,0.47479016863079604
HIVEP3,PALMD,0.4747888779859163
FUBP1,SLC6A9,0.4747598277428199
GMEB1,AGBL4,0.47465142627934115
TP73,UQCRH,0.4746391920992055
ENO1,POMGNT1,0.4743971681933753
FOXJ3,PLPPR4,0.47426174491587053
TFAP2E,C1orf174,0.4742556027488515
ZNF684,LMO4,0.4742303847853815
RUNX3,LINC01342,0.4742280874102639
GFI1,CNR2,0.47421610000339387
ID3,AP4B1-AS1,0.47386504061078494
ZNF684,KIF1B,0.4738622987479399
RUNX3,IFNLR1,0.4738526968451311
FOXO6,OSBPL9,0.4738497905850724
FUBP1,SLC35E2B,0.4738051335375044
TFAP2E,LPAR3,0.4737720656754846
TFAP2E,AGBL4,0.4737452417861064
HES2,LINC02812,0.4737070557845343
RUNX3,ARMH1,0.47370175066534814
HIVEP3,TNFRSF4,0.47362654812412264
ZNF684,PRPF38B,0.473549305821086
E2F2,FUBP1,0.47307904643458487
ID3,ALG6,0.4730768021826845
NFIA,PTPRF,0.47300217544360135
YBX1,TNFRSF18,0.47282347650236767
NFIA,EPB41,0.472711428593173
ZNF684,MED18,0.47270967515629897
FOXJ3,SH3D21,0.4726387850069142
ZNF683,BTBD19,0.47256128862503566
TFAP2E,SLC35E2B,0.4724319748027331
GFI1,ZNF683,0.472168360551914
NFIA,FABP3,0.4721529043175612
ZNF683,WDTC1,0.4720350772713806
GMEB1,CTBS,0.47179866088773686
JUN,SSBP3,0.4716710467005902
NFIA,SAMD11,0.4716512260297742
NFYC,PLOD1,0.4714375969385833
MTF1,RSBN1,0.4713561820247691
TP73,ZMYM4,0.4713273155861917
NFYC,PSMA5,0.47132161300931774
ZNF691,DIPK1A,0.47123625953062637
ALX3,DHCR24,0.4711303430628215
RUNX3,ATAD3C,0.47112325843128594
HIVEP3,LINC01307,0.4710142228122484
ID3,GNL2,0.4710052232599615
ZNF691,SERBP1,0.4709785829095129
TAL1,GMEB1,0.4709701275704525
RUNX3,AP4B1-AS1,0.470961534013386
E2F2,CEPT1,0.470774474107432
FOXO6,NFYC-AS1,0.47076927889669784
MTF1,WDR77,0.47069430411055996
FOXJ3,GFI1,0.4705631738640453
ENO1,GLIS1,0.47040489638948907
ZNF691,AGL,0.4703664860153719
YBX1,OLFML3,0.4702314519119695
FUBP1,CYP4B1,0.4701145158731296
HIVEP3,TTC34,0.47002039544923613
MTF1,LINC01359,0.47001907397629644
NFYC,LYPLA2,0.4699592982815913
NFYC,RTCA,0.4698658918401527
MTF1,PLCH2,0.4697723102447753
NFIA,PIK3CD,0.46967019635937235
ID3,OPRD1,0.4696125214407032
NFYC,SLC9A1,0.46956942965011716
PRDM16,INTS11,0.46942848274519544
GMEB1,PUSL1,0.46933316434884587
RUNX3,LRIG2-DT,0.46930335032560916
TFAP2E,PITHD1,0.4692577747969252
TP73,LRRC40,0.46920997482224946
E2F2,RCAN3,0.4690684479680399
HES4,GADD45A,0.46896661645877136
ZNF691,NRDC,0.4687600461562828
ID3,LINC01362,0.46858936240106736
YBX1,PATJ,0.46853592639950664
NFIA,C1orf122,0.46798470385817253
MTF1,EIF2B3,0.4679671254689257
ZNF684,RRAGC,0.4677988183096891
HES4,JUN,0.4677707434521035
E2F2,TMEM35B,0.4677399516180799
GFI1,GPSM2,0.46743946413155585
FOXJ3,SERINC2,0.46733689482614416
GFI1,DFFB,0.46727836688599556
HIVEP3,IPO13,0.4672101340074434
NFYC,UQCRH,0.46720845268986444
HES4,GIPC2,0.46715958116124673
FOXD2,TAF12,0.466968331082475
NFYC,ABCA4,0.4668482653742588
NFIA,EMC1,0.4667731961452907
ZNF691,MIR4422HG,0.4667544246081272
ZNF684,PAQR7,0.4667304789872283
YBX1,NEXN-AS1,0.4666872238566351
MTF1,LINC00466,0.46648145637963007
ENO1,ZSWIM5,0.4664545538003529
TFAP2E,TGFBR3,0.4662696442152294
NFYC,RIMKLA,0.46625962249655306
PAX7,MAN1C1,0.46622154797430865
ZNF684,MSH4,0.46608838228853433
NFIA,GNG12,0.46593096434026815
FUBP1,ATXN7L2,0.46583339103897
HIVEP3,AMIGO1,0.46580125277139756
POU3F1,DR1,0.46566692397831316
HIVEP3,PPIH,0.46557807067680257
NFIA,CAPZA1,0.46548717574550436
ZNF683,PAFAH2,0.4652518043332457
TAL1,IL12RB2,0.46522336151770755
RUNX3,OSCP1,0.46486635423078715
POU3F1,CAPZA1,0.46483361118271804
E2F2,FHL3,0.464792549383849
HIVEP3,RSRP1,0.46453903123438567
HIVEP3,UTS2,0.46442066551433736
HES4,PIK3CD,0.46430540652621566
ZNF683,LINC01358,0.464147305129552
RUNX3,RAB3B,0.4641394755462276
HES4,ZNF691,0.46403173295623296
NFYC,FOXD3-AS1,0.46401323726672783
HES4,RBMXL1,0.4639745391447951
NFYC,CCDC30,0.4639683024824253
NFIA,ELOA-AS1,0.4639019272417287
MTF1,GPR61,0.46381258696578254
NFIA,MYCL,0.4637118834175476
ZNF683,RCC1,0.4636687823563406
YBX1,SLC35E2B,0.46363104268914623
HIVEP3,ATP6V0B,0.46347172128704134
GMEB1,LINC01128,0.4634440779971077
NFYC,ITGB3BP,0.4634188809881627
MTF1,IPP,0.4633020254474289
TFAP2E,PUM1,0.4632825588036204
NFYC,SVBP,0.46311414985462035
NFIA,RSBN1,0.46307324800423266
HES4,PTAFR,0.46294025393496113
GMEB1,TRMT13,0.46278595846107917
ZNF691,WDTC1,0.4627806571748827
HES4,BTBD8,0.46270856340853567
HES4,RNPC3,0.4626612283798349
HIVEP3,RBBP4,0.46260420206944525
NFYC,CA6,0.46239754710833814
HIVEP3,EBNA1BP2,0.4623043950285697
FOXJ3,PRKACB,0.4622644227355979
FOXJ3,BRDT,0.4622190278877276
PAX7,PIK3CD-AS2,0.4621320534213735
NFYC,SLC2A5,0.46207407203898604
HIVEP3,GBP4,0.46190520867101803
HIVEP3,TRNP1,0.46190083303091545
FOXJ3,NASP,0.4618618244175387
RUNX3,PIK3CD,0.4618549696268832
NFYC,NDUFS5,0.4618246365868313
ID3,SSBP3-AS1,0.46181887178444975
POU3F1,DNAJC8,0.4611326095957005
HES4,RAB3B,0.4609632929574498
ZNF684,FAM229A,0.46089288779579757
GFI1,SPATA6,0.4606134660495621
ENO1,NFYC-AS1,0.4605774933726235
RUNX3,EVA1B,0.46020007560296344
HES4,KCND3,0.46004534792234125
ZNF691,LINC00339,0.4599831346165544
ZNF684,LINC01355,0.45991526801663657
NFYC,AMY2B,0.45946018401164657
RUNX3,ADGRL4,0.45928383903597836
HIVEP3,CLCC1,0.458901963183588
ZNF691,PHF13,0.4588999385427131
MTF1,PTPN22,0.4588776235774244
RUNX3,CTNNBIP1,0.45870263162789293
NFYC,MFN2,0.45850251444008994
GMEB1,CDCP2,0.45843523871224623
HES2,UBIAD1,0.4581732979866787
FOXJ3,TOE1,0.45797100577129846
ZNF683,PGM1,0.45786090889822983
ZNF683,PSMA5,0.45786063284754175
ID3,FUBP1,0.45736439743016927
GLIS1,COL8A2,0.4573031254972169
ZNF683,MEGF6,0.4572057947678178
GMEB1,SZT2,0.4571206563356633
FOXJ3,LINC02606,0.4571133438859306
NFIA,CITED4,0.4571121669076489
ENO1,ZNF436-AS1,0.45696573372388233
FOXJ3,PITHD1,0.456880267777689
HES4,USP48,0.45685886695580863
NFIA,PEX10,0.4565455153395943
GFI1,SLC30A7,0.4563724580181197
MTF1,TYW3,0.4562160323794163
FOXD2,RWDD3,0.4560555462756496
FOXO6,PIK3CD,0.45590337372506745
TFAP2E,PPIE,0.4558530114927961
GMEB1,GNAT2,0.4557895791332213
ZNF683,MFSD14A,0.45561259661750136
GMEB1,LINC01748,0.45497190727546744
HES4,CLSTN1,0.45485018805921357
GMEB1,LINC01712,0.4546829292132709
GMEB1,CLSPN,0.4546091175467027
FOXO6,SSU72,0.4538489563535445
ZNF684,LINC02574,0.4538412034364121
HES4,BCL10,0.45370006431578414
HIVEP3,GLMN,0.4535753565737684
JUN,PARK7,0.45327397272585834
ALX3,ITGB3BP,0.45325815981469075
HIVEP3,RCC2,0.4525186845657954
FUBP1,TMEM201,0.4525153508635864
NFYC,HDAC1,0.4524747434999754
ID3,BTF3L4,0.452314889740151
MTF1,ERI3,0.45216547449998606
RUNX3,CCDC18-AS1,0.45201858439562403
HES4,ANKRD13C,0.45195503768653095
ID3,RPA2,0.45195308389839456
GMEB1,CDC14A,0.4516350237566325
NFYC,NSUN4,0.4513711492775174
RUNX3,PDE4B,0.4512995314060606
GMEB1,LIN28A,0.4511904411738951
FOXJ3,STPG1,0.45111425218605633
MTF1,ARHGEF19,0.451014300183147
E2F2,NIPAL3,0.4509475191151014
FOXJ3,INKA2-AS1,0.45063349957930426
RUNX3,RERE-AS1,0.4505392484877755
ZNF684,SVBP,0.4504927386418442
GMEB1,NCMAP-DT,0.45025973948056025
NFYC,KDF1,0.45016961872309463
TFAP2E,AGTRAP,0.44993267391098796
GMEB1,UBE2J2,0.44991957242495934
ZNF691,MAGOH,0.4498979864940974
GFI1,ZMPSTE24,0.4496124898059344
NFYC,DDOST,0.44939535715019674
NFIA,CLCN6,0.4493603456733811
ID3,PABPC4-AS1,0.44928194644661595
HIVEP3,FAM229A,0.4489731238794522
FUBP1,PGM1,0.4489178403722421
ZNF684,CSMD2-AS1,0.4488070014248992
ZNF684,LINC02811,0.4487990655126832
HES4,ZNF684,0.4487694949579354
TAL1,SERBP1,0.4485444094786426
HES2,TARDBP,0.44853673460057003
GFI1,PTPRF,0.44852249824683005
HES4,HYI,0.448494879502248
GMEB1,CDC7,0.44842945866654504
POU3F1,YTHDF2,0.4482304246615832
FUBP1,GSTM2,0.44810540718729003
ALX3,KIAA0319L,0.4480266746857571
FUBP1,NTNG1,0.4478539948222261
HIVEP3,LINC01160,0.44713285308717987
NFIA,SDC3,0.44703593449067713
E2F2,DNAJC11,0.446695360955735
HIVEP3,GPSM2,0.44646095652296086
ID3,LINC01128,0.44641608516370296
ZNF684,LINC01226,0.44641572809486507
FOXJ3,ATP1A1,0.44638317389222604
GFI1,FBXO42,0.446350379740155
HIVEP3,EVI5,0.44578333877753007
ZNF691,ECHDC2,0.44577085871237404
ZNF684,CEPT1,0.44567732354156725
ID3,NOC2L,0.4456596736845874
ENO1,LINC02785,0.4456163763420283
ENO1,GSTM2,0.445459613781535
NFYC,MTF2,0.4454333057082923
ID3,PTGER3,0.44490115856761125
HES4,SNHG3,0.4448694115141111
TFAP2E,LINC02811,0.44484994177518494
ZNF684,ABCD3,0.4448442428686511
HES4,UBE4B,0.44483081469210706
GMEB1,ATP5IF1,0.44475651562466256
HES4,TCEA3,0.44466359609173767
FUBP1,SLC22A15,0.44439880828911055
HES4,PUSL1,0.44437424663831177
ID3,SRRM1,0.4441857489863355
ID3,MAP7D1,0.44408607495666164
TP73,HECTD3,0.44403526214749095
FOXO6,LRRC8C,0.44400956881100706
MTF1,LSM10,0.44398646982123946
NFYC,RER1,0.44397847592241235
RUNX3,SZRD1,0.44381582251048846
GMEB1,ATG4C,0.44372333979339634
ZNF683,ZFYVE9,0.4435477494441697
GMEB1,CYP2J2,0.4434862566351931
ID3,DRAM2,0.44341733242909365
MTF1,LINC02606,0.44335102335313914
FUBP1,TMEM69,0.4431971934392357
HES4,GSTM3,0.4431329789799517
FUBP1,FOXD2,0.44313023639108384
JUN,C1orf162,0.4431158968731763
JUN,CAPZB,0.443094735016426
MTF1,ALDH4A1,0.4430945244521418
ZNF691,FAM41C,0.4429876239452042
HES4,RLF,0.44284585373830226
NFIA,H6PD,0.4428299341675317
MTF1,UTP11,0.44266366861565015
E2F2,CHD5,0.4425670210778915
GMEB1,CLIC4,0.44252309074656454
ZNF683,UBR4,0.4422816414125399
HES4,SELENOF,0.44193175407991486
ID3,CD53,0.44191732786809396
NFYC,ZBTB8A,0.4418251841501727
YBX1,RAP1GAP,0.44173446336694183
FOXJ3,SLC25A33,0.44158230946616805
HES4,NIPAL3,0.4414922100885529
HIVEP3,MAST2,0.441052047771915
FUBP1,ID3,0.44104046852103396
FOXJ3,POMGNT1,0.4407711763515213
YBX1,OPRD1,0.440759061733231
ZNF683,USP1,0.4406120144372242
ZNF684,MTFR1L,0.44055009830296626
POU3F1,USP24,0.4405457816828193
GMEB1,PLCH2,0.4404988867715034
HIVEP3,DHRS3,0.440463926781511
GFI1,GMEB1,0.44034579120770867
NFYC,PRKCZ-AS1,0.44004907025610673
FOXO6,PADI4,0.4399473055718878
FOXJ3,IFI6,0.43994077685954125
E2F2,TTC4,0.43986124252638775
JUN,MYBPHL,0.4395321491256417
HIVEP3,RNF19B,0.4394109821747223
ID3,AGTRAP,0.43938751387297
NFIA,SLC66A1,0.4393692269179777
NFIA,PHACTR4,0.43931453669736825
ZNF683,ZBTB8OS,0.43908006378033704
ZNF691,SSU72,0.43895181375311226
MTF1,RIMKLA,0.4389092354297658
NFYC,PNRC2,0.4388529554521212
FUBP1,PADI2,0.43874316739225194
HIVEP3,ANGPTL7,0.43873227860272374
HIVEP3,RCC1,0.4386763527335569
YBX1,FABP3,0.43844044062214343
ID3,TMEM200B,0.43814960964633254
TFAP2E,ABCD3,0.43813092229997286
ZNF683,SNHG12,0.43792435596970064
NFIA,SLC44A5,0.43786509265282797
RUNX3,CELA3B,0.4378148150990323
HES4,CTNNBIP1,0.43777425035750855
ID3,CROCC,0.4377061044508752
PAX7,VANGL1,0.4376599068885485
ZNF683,AK2,0.4376554363128742
HIVEP3,GSTM2,0.4374097441901723
POU3F1,ACOT11,0.4372359415895923
E2F2,RERE,0.4370955287575257
HIVEP3,LIN28A,0.4370468363412526
GMEB1,CACHD1,0.4369897535800161
RUNX3,LINC01672,0.4369765263940052
ZNF683,ZMYM1,0.43691700070084183
ZNF683,NBL1,0.43659809053945886
ZNF683,OSBPL9,0.4364994643408926
NFIA,GPN2,0.4364106836595378
MTF1,AMIGO1,0.43636899708952276
HES4,C1orf216,0.4363352624106891
ID3,PRPF38B,0.436254117294886
TP73,RBBP4,0.43618450043228535
RUNX3,GNG12,0.4361589377832109
HES4,STRIP1,0.4357956455154447
NFIA,HMGCL,0.43579051017520093
TFAP2E,TMIGD3,0.4357426821484306
FUBP1,PRDX1,0.43570995528498513
ZNF684,NRAS,0.43560653391352555
GMEB1,AMPD2,0.4354784516929288
NFYC,DIPK1A,0.435423472201578
NFYC,ADORA3,0.435316960659552
TFAP2E,HIPK1-AS1,0.4350862905636631
RUNX3,DPYD-AS1,0.4349544974882932
RUNX3,USP48,0.43473637063998827
GMEB1,OVGP1,0.43457561930143407
E2F2,SLC35D1,0.4342512411004241
E2F2,RBMXL1,0.43409054988031653
NFIA,HENMT1,0.4340552349716348
HIVEP3,UBXN10,0.4338716484201458
POU3F1,UROD,0.4337619959200856
E2F2,DFFA,0.43371118527553915
ZNF683,RRAGC,0.43359619325130055
ID3,MTHFR,0.4334473900088913
GMEB1,THAP3,0.43328178551365004
FOXJ3,SH3BGRL3,0.43317579291459
JUN,OVGP1,0.4331506033107533
NFYC,TM2D1,0.4331211281364833
HES4,LRRC8D,0.4329953658923565
NFYC,PPCS,0.43297382597494827
FOXO6,MRTO4,0.43250011638360625
HES4,AKNAD1,0.43244736685813273
ENO1,RBP7,0.43244365752627345
HES4,C1orf146,0.4324410377066852
RUNX3,SLFNL1-AS1,0.4323294092578844
FUBP1,SYPL2,0.4322232553709707
ZNF691,HPDL,0.43192242599016284
ENO1,CLCA4,0.4318909941008492
NFIA,SLC25A34,0.4318573876509334
RUNX3,IFI44,0.4317967112691732
NFYC,TEX38,0.43174469221776157
FOXJ3,NUDC,0.4314447257911444
FOXJ3,SRSF10,0.4314286522402063
ZNF684,RAB42,0.4313845903761764
ENO1,CNN3,0.4312536093499487
HIVEP3,SDHB,0.43119737793514046
TAL1,GBP3,0.4311059723378128
E2F2,ZNF593,0.43110574778339383
ZNF683,TMEM222,0.43106403533417753
POU3F1,MEGF6,0.4309402897692356
ID3,MANEAL,0.4306934663337542
POU3F1,TTF2,0.4305712695012177
GMEB1,FOXJ3,0.4305167050141091
FOXO6,ZBTB17,0.43047993822326774
MTF1,RUNX3,0.4303800751877343
MTF1,CASZ1,0.4303521922986827
NFYC,DRAXIN,0.4303128890149287
RUNX3,LINC02607,0.4302437443944486
FUBP1,FPGT,0.43022358804884364
TAL1,SLC35E2B,0.4301469272906718
POU3F1,ZNF593,0.4300420342016405
RUNX3,CCDC24,0.429705131968734
E2F2,BTBD8,0.42953668691307023
ID3,PRKCZ,0.4294896157463519
HES4,TNNI3K,0.42948542653599475
GFI1,YIPF1,0.4293699020670968
GMEB1,FOXD2,0.42905127968289714
HIVEP3,PARS2,0.42890083855210687
ZNF684,LINC01765,0.428832436743901
TFAP2E,RSRP1,0.42872984531911124
ZNF691,GPN2,0.4286772528613991
E2F2,ZMYM4,0.42851407689004767
HIVEP3,TTF2,0.4284639711176189
RUNX3,TMEM51,0.42837315149309424
HES4,ST7L,0.42834397019509146
HES4,CYP4A22-AS1,0.42826683958943634
ENO1,EVI5,0.428108023552464
YBX1,RAB42,0.4280609419904469
POU3F1,WRAP73,0.4280507560130621
TP73,PANK4,0.42801038814074643
ZNF691,DDX20,0.42781262468738157
HIVEP3,ZMYM4,0.4277495527873358
HIVEP3,STK40,0.4276911884293212
NFIA,PPIH,0.42743918340726206
FUBP1,FBXO2,0.42742052503296024
ZNF683,RNF19B,0.4273157057607039
FOXO6,MAGI3,0.4272533099267015
FOXO6,P3H1,0.4271319885797288
ENO1,SLC30A2,0.42703846599002493
ZNF684,WRAP73,0.4268905639105607
NFYC,SLC66A1,0.4268343887604152
MTF1,SLC44A5,0.42674537617065955
FOXJ3,TNFRSF9,0.4267412609001317
YBX1,SLC45A1,0.42669847938249467
RUNX3,UBR4,0.4266897688171283
FOXD2,AZIN2,0.4265486329991417
NFYC,SLC25A34,0.42638014302834437
ENO1,ST6GALNAC3,0.42614451580616347
RUNX3,BEST4,0.426135462647438
RUNX3,KCND3,0.42609040401935805
GFI1,MAN1C1,0.42607542358017
ZNF683,PRPF38B,0.42601782128405635
HIVEP3,LCK,0.4259781812409046
RUNX3,YIPF1,0.4258803845542865
HIVEP3,PODN,0.42580568929438645
NFYC,CLSPN,0.42578955635466864
NFYC,SSBP3,0.4257363074494963
GFI1,CPT2,0.4255428288939318
FOXJ3,ATP5IF1,0.4253538516594185
ZNF683,DAB1,0.42530994848652787
JUN,UBXN10,0.42527214399970587
RUNX3,CTH,0.4250157395280162
HES2,CCDC28B,0.4249096084093744
TFAP2E,LRRC8D,0.4248927896482995
ZNF684,NFYC,0.42482235526421297
HES4,VAV3-AS1,0.4247197380390803
ID3,JUN,0.4245519502263162
ZNF684,MUTYH,0.4245088560664496
E2F2,RHOC,0.4242352904808187
NFIA,SLC2A7,0.4240366355947253
TFAP2E,SH3GLB1,0.42381992363938875
TP73,HMGN2,0.42373711080847903
HIVEP3,HPDL,0.42366641408355843
ZNF683,BSDC1,0.42350856934172293
HES4,PABPC4-AS1,0.42348452093983696
FOXJ3,PARK7,0.4233024612197372
PAX7,AGL,0.4229266140523786
HES4,CDA,0.4229253015921174
NFIA,LINC01714,0.42286196957938776
GMEB1,AK4,0.42264429615362564
YBX1,CDC42-AS1,0.42264105971385374
ENO1,ALPL,0.42231726340446646
FUBP1,CYB5RL,0.42228812678023725
ZNF684,CTRC,0.422176406058966
RUNX3,LINC01389,0.42208322592376896
NFYC,EIF3I,0.42202437813418736
GMEB1,ATP13A2,0.4218389498334213
FOXJ3,DPYD-AS2,0.4217653845835106
POU3F1,CEP85,0.421763108533449
MTF1,HOOK1,0.4217422918573595
TFAP2E,PHACTR4,0.4216933396866503
TAL1,TMEM59,0.4216472844576163
FOXJ3,ANGPTL7,0.4214278141054412
ZNF684,MTF2,0.4213864008441527
YBX1,MROH7,0.42137393538932316
HES4,CDC7,0.42116129459752566
NFIA,AKNAD1,0.4211590164977429
HES4,TNFRSF14-AS1,0.42115599870197185
FUBP1,ESPN,0.4210476383319274
NFYC,RPF1,0.4210091966817503
HES2,TNFRSF25,0.42096924405278724
GMEB1,CC2D1B,0.4208494929700969
FOXO6,NEGR1,0.42068914439826455
FOXO6,WLS,0.4206572107177362
E2F2,IFFO2,0.42060499559034153
ENO1,DAB1,0.42058618110630314
GFI1,WRAP73,0.4205776263680931
ZNF691,STIL,0.42022652129020166
NFIA,VPS13D,0.4202185777070482
NFIA,CELA2A,0.4201932267719017
NFYC,LNCTAM34A,0.4200448556895614
GFI1,GNG5,0.41982516186991403
RUNX3,NOL9,0.4197581871848717
ID3,CEP104,0.41959847961937874
NFYC,MAGI3,0.4194851485749799
ENO1,TMIGD3,0.4192470685232174
NFIA,TAF13,0.41922969305032975
TP73,SIKE1,0.41915033193182827
NFIA,FBLIM1,0.41908178738317686
YBX1,LINC02606,0.41901069165631993
FOXJ3,LINC02609,0.4190096843548027
YBX1,SNIP1,0.4189535384853113
HIVEP3,TAS1R3,0.41890697832311197
MTF1,RBMXL1,0.41883267227988263
TP73,DHDDS,0.4183986629455296
YBX1,CCDC27,0.4183778994016789
RUNX3,CROCC,0.4181176378346938
HIVEP3,HOOK1,0.41805138881802234
E2F2,RABGGTB,0.41803074563824355
NFIA,GLMN,0.4178096989596228
ZNF684,PRDM2,0.41762103732691425
FOXD2,LDLRAP1,0.4175826157807512
YBX1,FNDC10,0.4174962299128268
NFYC,ZSCAN20,0.4174329983242994
NFYC,LINC01768,0.4170473195654084
ZNF684,PPP1R8,0.4168672169151814
TP73,AP4B1-AS1,0.4167727467880504
FUBP1,PPM1J,0.4167517317627246
YBX1,ST6GALNAC3,0.41615166954203237
NFIA,TRAPPC3,0.4160879266328168
HES2,EVA1B,0.4159400387651301
E2F2,UBR4,0.4158920656886454
TFAP2E,CACHD1,0.41582898872092855
POU3F1,NCDN,0.4158176789340844
NFYC,PUM1,0.41561670391216743
TFAP2E,RNF11,0.4155996017218873
ZNF683,SELENON,0.41558562162019247
GFI1,HPCAL4,0.41555964885178887
TFAP2E,SLC44A5,0.4154138062617675
HIVEP3,NECAP2,0.4154005465811683
FUBP1,FAAP20,0.4153491839730757
ENO1,PLA2G5,0.41533472716905795
YBX1,CROCC,0.41524839204707065
ENO1,IL12RB2,0.41515029201022396
NFIA,YRDC,0.4147383156024977
HES4,LINC01765,0.41447199100344445
ZNF684,CLIC4,0.4143238070829715
ID3,TYW3,0.4142071741753093
ID3,HSPG2,0.41400901132621004
HIVEP3,SPATA21,0.4138424814783322
GLIS1,DNAJB4,0.4138122774327643
HIVEP3,CASP9,0.4137192279426891
TFAP2E,CENPS,0.4135981231591679
PAX7,PPCS,0.41355644912945305
HIVEP3,SLC6A17,0.41346559455117027
JUN,PAFAH2,0.4134046686191691
E2F2,JUN,0.41336249143666715
HES4,PHACTR4,0.41327574602144146
FUBP1,TENT5B,0.41325217337916
NFIA,SCMH1,0.41305916390658215
HIVEP3,COA7,0.41295957855933046
POU3F1,PABPC4,0.41290158232197466
MTF1,GALE,0.41255628754446344
HES2,SDC3,0.4124833690877072
ID3,TNFRSF1B,0.41246222957640694
MTF1,LRP8,0.4124517495138434
HES4,TESK2,0.4119608971704809
ID3,SLC35A3,0.41154277448874743
ENO1,AK5,0.4115128399711134
RUNX3,TMEM167B,0.41146878742143544
MTF1,ELOVL1,0.4114654510761509
YBX1,NIPAL3,0.4114466446494871
HIVEP3,TAF13,0.41141949383195636
FUBP1,NASP,0.41137695557184556
ID3,EFCAB14-AS1,0.41130311693098937
NFYC,HP1BP3,0.4112631188256478
FOXO6,LINC02812,0.4110258172929622
FOXJ3,IFFO2,0.41095614550226683
ZNF691,YIPF1,0.41061210304317075
GFI1,EIF3I,0.4105759821579206
E2F2,RNF11,0.4104151991795815
NFIA,MAGI3,0.4104000070412647
NFIA,OSCP1,0.41033878273214813
ZNF684,LRP8,0.41032442369445854
PRDM16,NDUFS5,0.4101772440463303
ID3,SDHB,0.40999727731519575
ZNF684,GNG12-AS1,0.4099709239447336
ID3,SRSF10,0.40989934258809396
GMEB1,NBPF1,0.40978797773653874
ZNF684,RPA2,0.4097492739016379
HIVEP3,ANGPTL3,0.40971066479341567
HES4,MAP7D1,0.4096005608291353
GFI1,ALG6,0.409546203882717
YBX1,LINC01765,0.4095382092758595
NFYC,MDS2,0.40948874517556144
GMEB1,NOL9,0.40943108981123827
RUNX3,SH3D21,0.40924388285290697
TFAP2E,SPATA6,0.4090761589735827
MTF1,PDPN,0.4090626206084464
NFIA,DCLRE1B,0.40880360886389
NFIA,SNIP1,0.4087805957230745
RUNX3,OSBPL9,0.40867051972685864
NFIA,ATP13A2,0.4084588901528998
ZNF691,RCC2,0.408456317354324
ZNF684,SLC2A1,0.4082462675424706
HES2,ID3,0.40823312273577955
FOXJ3,CELA3B,0.40822949808889014
ZNF683,TSPAN2,0.40813134006110185
RUNX3,TMEM51-AS1,0.4081275181620129
ZNF684,MARCKSL1,0.40769235176203883
FOXD2,CDC7,0.40768457520555534
NFIA,LCK,0.4076115771418154
HIVEP3,GRHL3,0.40740643641096086
ZNF684,ATP1A1-AS1,0.40718995869322616
MTF1,MXRA8,0.406949422314972
ZNF691,MIGA1,0.40694235006726287
GMEB1,KIF2C,0.40693091299383155
YBX1,FOXD2-AS1,0.40690228656010174
RUNX3,PRPF38A,0.40669277853572816
TFAP2E,TRNAU1AP,0.40661101291962304
YBX1,DPYD-IT1,0.4065732515511759
RUNX3,LINC01160,0.4064558998040763
ID3,AGO1,0.40624835434123474
FOXJ3,NFYC-AS1,0.406208218289527
GMEB1,MKNK1-AS1,0.40614961779428205
HES4,HDAC1,0.4061443133499097
ENO1,PADI4,0.40603579050719196
ZNF691,DOCK7,0.40572523421687484
TP73,CEP85,0.4056637227508116
MTF1,ANKRD13C,0.4056003884240356
FUBP1,PHTF1,0.4054543284887932
NFIA,AGRN,0.4054484590774005
GMEB1,TMEM59,0.40541767611859747
ZNF684,VPS13D,0.40541575579918926
FUBP1,HMGN2,0.4053831962761972
GMEB1,ZBTB17,0.4053523848988784
HIVEP3,ZNF436,0.4053188012455243
HIVEP3,SVBP,0.40519476070359045
FUBP1,RPA2,0.4051814441295105
ZNF683,ST6GALNAC3,0.4051645267664462
MTF1,MRPL20,0.4051388071733736
ZNF683,LINC00115,0.40511916714442237
RUNX3,LINC01756,0.4050144989647301
TFAP2E,CYB561D1,0.40498549744084994
FUBP1,LINC02780,0.40487974273481436
YBX1,CCDC163,0.40484393356902637
GMEB1,MTOR-AS1,0.4045807108001956
ZNF684,TUT4,0.40455729414580716
ZNF691,CDC7,0.4044309911970672
GMEB1,NFIA,0.40439259470890904
FOXJ3,DDAH1,0.40430075774980456
ZNF683,LRIF1,0.4041646324720774
MTF1,C1QC,0.4040274099798768
FOXD2,TMEM35B,0.4040108924695243
HIVEP3,KCNQ4,0.40399821268222813
YBX1,CELA2A,0.4039472972152326
HIVEP3,PER3,0.4036477665265825
ID3,NFYC,0.40350130334827083
MTF1,LYPLA2,0.40342249414648873
GMEB1,AK2,0.40320554868305203
HIVEP3,VPS13D,0.40310661144864135
ENO1,PADI6,0.403000651810007
NFIA,ZMYM6,0.4029552099108679
MTF1,PIGV,0.4028289375650596
ZNF684,AKNAD1,0.4028159317814658
GFI1,ZMYND12,0.40274453216748596
ID3,SAMD11,0.4026218086160539
YBX1,ALDH4A1,0.40259894474052976
GFI1,CLCC1,0.402466698369739
NFIA,AGMAT,0.4024169621340384
HES2,H6PD,0.40232882895826627
GLIS1,TCEA3,0.4022642987626603
TFAP2E,RAVER2,0.4022571311255805
JUN,LINC01768,0.4022314626428581
E2F2,LUZP1,0.4021794822641788
GMEB1,VANGL1,0.40214768661869565
ZNF684,ERMAP,0.40208387716497657
FOXJ3,E2F2,0.40207102153341057
GFI1,C1orf174,0.4020100213764262
HIVEP3,DLGAP3,0.4019183422148266
HIVEP3,WNT2B,0.40182558018000303
HIVEP3,ATAD3C,0.40161309372303444
FUBP1,STIL,0.4010512166473484
GMEB1,TTC4,0.4007091584602525
E2F2,PRMT6,0.40052308217717136
TP73,ECE1,0.4004774537072564
RUNX3,SYDE2,0.4004395446746207
ZNF691,CPLANE2,0.40039522427986735
GMEB1,TTLL10,0.40035887053119545
TAL1,MRPS15,0.40030351658282315
TFAP2E,NECAP2,0.40023154269191996
POU3F1,ALG6,0.4000477820503944
TFAP2E,RLF,0.399837023294037
NFIA,PEX14,0.3997893592564882
FOXO6,TRAPPC3,0.39956841473926547
TFAP2E,TRIM33,0.3994444368383157
TAL1,LINC01355,0.3994164688270464
POU3F1,MAGI3,0.39939936018244976
TAL1,DNAJC11,0.39932084679452934
GMEB1,PINK1-AS,0.39925514263957657
MTF1,SRARP,0.3990894792105974
ZNF691,AP4B1,0.39895499899055603
ZNF684,ECE1,0.3988887884739922
NFYC,ELOA-AS1,0.39885814555949556
NFYC,PARS2,0.39882489950172423
MTF1,DEPDC1,0.3987859092223952
MTF1,TMEM269,0.398524703930917
POU3F1,NOC2L,0.39841883064283606
ZNF683,SLC16A1,0.39812276637514915
ENO1,SLC5A9,0.39810803239679227
MTF1,EPHX4,0.3980844973415849
HES4,DNAJC8,0.3979405228149186
GMEB1,TMIGD3,0.3979164089520221
ZNF683,ODF2L,0.397915981339225
GFI1,KCNA3,0.39775673627896346
RUNX3,E2F2,0.39771194672135296
GMEB1,JAK1,0.3975881097187048
RUNX3,AKNAD1,0.3975119376545875
HES4,RCC2,0.39741125161973434
RUNX3,GADD45A,0.39736831645693055
NFIA,PINK1,0.39732705490069764
NFIA,MRTO4,0.3973194604060944
RUNX3,PLK3,0.3971299722755005
NFYC,LCK,0.3970676208375093
MTF1,SLC25A34,0.39703938431808455
MTF1,PPCS,0.39701677475093256
ENO1,FAM151A,0.3970058370635504
NFIA,CC2D1B,0.3968662695502654
FOXJ3,ARHGEF19,0.39646912327053485
ZNF683,ST3GAL3,0.3964588344418949
NFIA,MUL1,0.39628089875328565
RUNX3,SMPDL3B,0.3962100846256397
NFIA,TESK2,0.3961327115608663
ID3,CASZ1,0.3961196918676129
ENO1,PTCH2,0.3960897040948664
MTF1,ELOA,0.396085768848483
RUNX3,LINC01685,0.39584382624400144
FOXO6,TSSK3,0.3957048989953581
NFYC,SLC16A1-AS1,0.39561220424059435
HES4,TTC39A,0.3955010509790155
MTF1,RAB3B,0.3954784691458947
NFIA,KDM4A-AS1,0.3951679951847992
HIVEP3,ZBTB8B,0.39502651198442146
FUBP1,TMIGD3,0.39496407677786766
TFAP2E,GIPC2,0.394942150659276
RUNX3,SASS6,0.3947376106189439
TFAP2E,MFSD14A,0.3946284993254421
NFIA,DR1,0.3946042263019394
NFIA,LINC01356,0.39448794174047414
ZNF684,TMEM53,0.39441124443364084
FUBP1,MSH4,0.3942501921846764
FOXJ3,GNG12-AS1,0.39411389057199786
HIVEP3,DAB1-AS1,0.39408356425936475
FUBP1,TEX38,0.39403546148473334
HES4,ADORA3,0.3937318287520287
POU3F1,PRKACB,0.39360141721624275
TP73,TNNI3K,0.3935471448340569
FUBP1,NKAIN1,0.3934605776064969
HIVEP3,RBM15,0.39330874765661833
TP73,TNFRSF14-AS1,0.39310810288050535
HES4,AUNIP,0.3931013864566587
ENO1,RCAN3AS,0.3930621185249282
HES2,THEMIS2,0.3930373364244115
ZNF691,CCDC27,0.39300317805310875
E2F2,CDC14A,0.39288049167811606
HES2,CASP9,0.3928333242402852
NFIA,MTFR1L,0.39278011143125274
RUNX3,COA7,0.39245949557249793
HES4,EMC1-AS1,0.3923607340842207
HES4,CCNL2,0.3923060071247296
MTF1,KIAA2013,0.3921086839183525
GMEB1,NBPF3,0.392100873821879
TFAP2E,FAAP20,0.39201747655291674
HES4,EIF2B3,0.3920067858712599
E2F2,STRIP1,0.39184428887625034
NFYC,TTLL10,0.391840647568648
FOXO6,WRAP73,0.3918041599372885
ZNF684,C1orf52,0.39153191714537666
NFYC,SHISAL2A,0.3914804121661287
GFI1,RBBP4,0.3914340322668815
GMEB1,DIO1,0.391404524164748
E2F2,SLC5A9,0.39138861397423647
HES4,EIF3I,0.3913641927063793
ZNF691,MTFR1L,0.39131935795745687
ID3,PLOD1,0.39119462078423767
HES4,SLC44A5,0.39101882792504894
ZNF691,NBL1,0.3908327674727766
NFIA,PTGFR,0.3907879452906892
TFAP2E,PLEKHN1,0.39071632779241
ZNF684,PPT1,0.39068179803807523
ID3,VWA5B1,0.3905667754730171
NFIA,AUNIP,0.39045746528173436
ZNF683,DNAJC11,0.39043009517040633
NFYC,BRDT,0.3902945473807541
FOXJ3,LINC01788,0.39008454388664304
NFYC,MMACHC,0.39002129215965664
FOXJ3,TTC4,0.38994164598611647
NFIA,CTH,0.38965714030244075
FUBP1,KANK4,0.3896261423333322
RUNX3,ZYG11B,0.3894449545327948
NFIA,MAST2,0.38933055687077156
E2F2,VPS13D,0.38924935969804164
NFIA,AK2,0.3891842986998873
MTF1,DPYD-AS2,0.3890275424417506
ZNF684,GPATCH3,0.3888933613688943
ZNF684,UBR4,0.38888781664479477
HES4,KCNC4,0.38884763781651016
ZNF691,ARID1A,0.388844164141866
NFYC,TIE1,0.3888267098448424
TP73,SYF2,0.3888151800579704
GMEB1,TXLNA,0.38879310795449523
ZNF684,ZBTB8OS,0.3886807296268019
GMEB1,WNT4,0.38866045499602675
GMEB1,TTC39A-AS1,0.3886007653338651
YBX1,GRIK3,0.3881781561739345
FOXJ3,EBNA1BP2,0.3880985981982123
ZNF684,AKR1A1,0.38807276996154444
FUBP1,FOXO6,0.38804461773437315
FOXJ3,LRRC38,0.3880275044907614
HIVEP3,ZMYM6,0.38797520382429684
GMEB1,LRRC39,0.38793531937345027
TAL1,VPS13D,0.3875213716858904
ZNF683,ZNF691,0.3874618558243906
ENO1,PRDM16,0.38744106782098847
GFI1,PHACTR4,0.38742693225992375
GMEB1,MPL,0.3873410939698112
GMEB1,PRMT6,0.3872781741464901
ZNF684,TNFRSF14,0.3872322829399835
TFAP2E,FRRS1,0.38720326586914333
HIVEP3,ATXN7L2,0.3871459018554779
HES4,FAAP20,0.38703187763359465
E2F2,BTBD19,0.38699229728297524
NFIA,TMEM51,0.38678583261953864
MTF1,RBBP4,0.386731038957687
GFI1,COL9A2,0.3867200013148488
ZNF684,AKIRIN1,0.3867050421724229
ZNF691,ZMYM1,0.3866957315286655
ZNF691,ZBTB8A,0.386687322513291
GFI1,THAP3,0.38661619435062183
GFI1,CDC42-AS1,0.38660581735184396
E2F2,WDR47,0.38638145898993725
HES4,TMEM39B,0.38622979117892764
HES4,DNAJC16,0.3861170070449537
HES4,ZFYVE9,0.3860940408365408
POU3F1,CEP104,0.38608394823997944
NFIA,TNNI3K,0.38600813171541126
ZNF684,TTC4,0.38591593491144427
ZNF691,ZRANB2,0.38578231804095897
NFIA,UBE2J2,0.38566661240619005
ZNF684,THEMIS2,0.38561212789768223
ID3,PSMA5,0.38558648024688963
GFI1,UQCRHL,0.38558516245066426
HES4,SLC2A1,0.3855353533303241
RUNX3,C1QA,0.3855288580528081
FUBP1,DPH5,0.3854733210804429
ID3,AHCYL1,0.38541496575837947
ZNF683,SNIP1,0.38541295628367017
POU3F1,AGO1,0.38533953602959414
E2F2,RBP7,0.38532026743384945
HIVEP3,IFI44L,0.3852423779887951
NFIA,KCNA3,0.3851924459585388
RUNX3,ANGPTL7,0.38511089984306207
MTF1,LINC02607,0.3850563188200034
RUNX3,EVI5,0.3847805702159898
MTF1,BCAR3,0.384739184634584
NFIA,SLC2A1,0.38471845734171556
E2F2,CCDC28B,0.3843689700350423
GFI1,KTI12,0.3843096992566134
POU3F1,INTS11,0.383931300729898
HIVEP3,NBPF1,0.3838945467678813
ZNF684,IFI6,0.3838601541230236
ZNF684,MRPL37,0.38385507416990744
GFI1,AKNAD1,0.38382959504578523
HES4,LINC01725,0.3837209797697039
RUNX3,PUSL1,0.3836603344144569
FOXJ3,LINC01672,0.3836436630627738
RUNX3,DEPDC1,0.3836037748732676
TFAP2E,SLC25A24,0.3834690719541783
ID3,TARDBP,0.383406332781492
MTF1,LINC01635,0.383372769467864
JUN,TSPAN2,0.38329751534269446
NFIA,P3H1,0.3832000367744027
HES4,TNFRSF18,0.3830896438159256
ID3,IFI44,0.38283111759787947
TAL1,CCNL2,0.38277929206733813
FOXO6,PRMT6,0.3827510880968919
ENO1,PTGER3,0.3825174034355388
YBX1,AGRN,0.3824868072741123
HIVEP3,RWDD3,0.3822147618307886
FOXJ3,ZMPSTE24,0.3821974607648268
HIVEP3,ZMYM4-AS1,0.38205495368622366
ZNF691,TMEM59,0.3819503263507472
HES4,NCMAP-DT,0.3818541257817055
NFIA,KCNC4,0.38182799149734853
GMEB1,NEGR1,0.3816511626756638
ZNF691,EIF2B3,0.3814703423540444
HIVEP3,BMP8A,0.3813771339855506
NFIA,ZRANB2,0.3812047061599159
ZNF684,FAAH,0.38109107026964234
MTF1,AGMAT,0.3808794899587481
NFIA,SMPDL3B,0.3808512441551027
FUBP1,TMEM39B,0.3808036020555793
NFIA,ZDHHC18,0.38080028167831914
NFYC,CTRC,0.3807079084912153
RUNX3,CLCA4-AS1,0.3806989168898931
POU3F1,RPF1,0.38065171189301145
YBX1,SLC5A9,0.3806062097083523
ZNF684,CD58,0.38056462084022086
NFIA,CCDC17,0.3804868097757581
POU3F1,TNNI3K,0.38042152109935873
FUBP1,KLHL17,0.3803123258279233
E2F2,RSBN1,0.38019009845169766
YBX1,HTR6,0.3800028863722688
FOXD2,LINC02812,0.37988251010252594
GMEB1,SRARP,0.37954182404083436
PRDM16,TNFRSF14,0.3793063600458459
RUNX3,ZBTB17,0.3790935176927805
NFIA,TXLNA,0.37885985180800846
POU3F1,LRRC41,0.37876005998302786
POU3F1,GBP5,0.37840966976189583
GMEB1,NBL1,0.3783262904662122
ZNF691,DDI2,0.37814012638629424
NFYC,PLEKHG5,0.3780550780124285
FOXJ3,CCDC27,0.378044171552622
HES2,SLC35A3,0.37800347968076553
HES4,PNRC2,0.3779862828575608
ID3,PANK4,0.3779789242921093
GMEB1,NRAS,0.3777635500473586
HES4,INTS11,0.3777332343545963
HES2,RUNX3,0.37765883862546773
GFI1,TTC22,0.37743956136735896
NFYC,SRM,0.37730447803833694
ZNF683,ELOA-AS1,0.37694891516509677
NFYC,SH3D21,0.3764322914876926
GFI1,SDF4,0.3763995276415873
GMEB1,EIF3I,0.37618398760128474
GMEB1,PEF1,0.3759534546958892
HES4,COL11A1,0.3759230793356765
TFAP2E,PABPC4-AS1,0.37587059707797693
HIVEP3,PKN2-AS1,0.37581370525116864
HIVEP3,HYI,0.3758124832392701
HES4,PARK7,0.3757583150510654
TAL1,PGD,0.37567535367822624
ZNF683,CCDC18,0.3755191478197927
HES4,EPHA2,0.37547802124243557
MTF1,RTCA,0.3754016874963353
GFI1,SKI,0.3753040854140618
ZNF683,FOXJ3,0.37529225466309146
RUNX3,C1orf162,0.375285072184316
GFI1,RTCA,0.3751700870289739
NFIA,KPNA6,0.37496603547690244
ENO1,PLA2G2D,0.37480602305009947
TAL1,LEPR,0.37478288287841033
MTF1,C1orf127,0.3747244606978898
GLIS1,GPR153,0.3746508139302227
MTF1,TTLL7,0.3746034730561322
NFYC,EPB41,0.37450916920675603
FOXJ3,CCDC28B,0.37447329405555063
TFAP2E,INPP5B,0.37426857333543934
ZNF684,LRRC7,0.37422539379383707
ZNF684,GTF2B,0.3742208357765131
GMEB1,SLC45A1,0.3736829109253812
ZNF691,ZMYM4-AS1,0.3736528207914031
FUBP1,PRKAA2,0.37346761581306914
FOXD2,TNFRSF14,0.3734412047273236
ZNF684,RCC2,0.373416794962083
GMEB1,GPR3,0.37331404568057824
PAX7,CDK11A,0.37326633719666746
FUBP1,CACHD1,0.3731911674215934
ZNF691,MARCKSL1,0.3729692877422186
ZNF691,BCAR3,0.37275810302483614
PRDM16,SLC35E2A,0.3726957522311493
ZNF691,DMAP1,0.3726947956715293
ZNF691,HDAC1,0.37264255495727716
RUNX3,MMEL1,0.3724398056282042
GMEB1,RPL11,0.37227640456655237
NFIA,FUBP1,0.37226246830345955
POU3F1,SLC2A1,0.37219351718632215
NFIA,PNRC2,0.3721190288727721
GMEB1,TUT4,0.37202230418631893
YBX1,MYOM3,0.3719683693368599
ZNF684,KYAT3,0.3719652855516954
MTF1,NTNG1,0.37192728165937794
TAL1,SNHG3,0.37178762446311225
ALX3,SLC25A33,0.3716556395474103
NFIA,MTF2,0.3715953352378634
GFI1,OMA1,0.37156489674933274
E2F2,TPRG1L,0.3715342780077419
ID3,AZIN2,0.3715325811434859
E2F2,RCC1,0.3712334431433788
ZNF684,TM2D1,0.37117683917349525
HIVEP3,PIGK,0.37103705048603286
FUBP1,AKR7A2,0.3708972728908609
HIVEP3,CNN3,0.37071549015763744
TFAP2E,AKIRIN1,0.3705904700814888
ZNF691,ENO1,0.3705841375191712
ZNF683,CEP104,0.3705621266010892
RUNX3,PABPC4-AS1,0.37025548954434534
POU3F1,FUBP1,0.37024915021912935
ZNF684,SLC30A7,0.37022117390493936
NFIA,SLC30A2,0.3702142620074411
FUBP1,CDC7,0.37014336722665586
ZNF691,AMPD2,0.3701121525039731
NFYC,LSM10,0.36989909981141844
GMEB1,SZRD1,0.36981243906024724
ZNF684,FOXD3-AS1,0.3698022377354618
HES4,CNR2,0.3697392472670017
ZNF683,YTHDF2,0.3696776220149405
GMEB1,LRIG2-DT,0.36964905128068376
GFI1,KHDRBS1,0.36953282557809963
RUNX3,MSH4,0.3693917112903906
FOXJ3,TXLNA,0.36932645962590477
HIVEP3,AGO1,0.3692342714667594
HES4,PIK3R3,0.36920285375252
NFYC,TRIM62,0.36917926864363104
ID3,TLCD4,0.3691293698243958
RUNX3,TEX46,0.3691168594773769
NFIA,SPATA1,0.36876987055876287
ZNF684,KPNA6,0.3687599976891214
RUNX3,TTC39A-AS1,0.3687369901570292
ZNF684,NUDC,0.3687327098054311
NFYC,CAMK2N1,0.368671131395254
PAX7,MOV10,0.3685985088376735
NFIA,NCDN,0.3685063031556143
HIVEP3,SLC35E2A,0.36849741473518
MTF1,NGF,0.3683443938479807
NFYC,LINC02607,0.36821016633738884
ZNF684,MDS2,0.3681121109625149
MTF1,NUDC,0.36810902529586925
ZNF691,GSTM1,0.3680237128274297
HES4,NBPF3,0.3679107509697009
RUNX3,RIMS3,0.3673741892483562
HES4,SLC22A15,0.36736896885176845
TAL1,TRMT13,0.36736854740852404
TFAP2E,CYB5RL,0.36736577616190075
RUNX3,VWA5B1,0.3672830870872722
NFYC,KCNAB2,0.36724340885193574
FUBP1,E2F2,0.3671910020137503
ZNF691,EXTL2,0.36711776601082874
ID3,LEPR,0.3669535467658987
TP73,NDUFS5,0.3668913774687978
HIVEP3,PEX10,0.36686080713261615
HES4,CDCA8,0.36672531588035495
ZNF691,RPS8,0.3667144055571071
GFI1,CHI3L2,0.36654072685754235
FOXD2,WDR77,0.366508185961889
RUNX3,ALDH4A1,0.36632147687446087
ENO1,SLC6A9,0.36630858426510676
GFI1,TSPAN2,0.3661756077218642
ZNF691,H6PD,0.36615469578496546
RUNX3,C1QB,0.3658334274186204
GMEB1,LINC02238,0.3655938189256592
HIVEP3,ELOA-AS1,0.3653798489960207
ZNF684,DPYD-AS1,0.3653769286107339
HES2,ARID1A,0.36536719545227947
NFIA,HES4,0.36530457439539415
FUBP1,ATAD3C,0.36518920014165634
HIVEP3,SASS6,0.36511395644438216
TFAP2E,PGD,0.3649639297450197
RUNX3,MTHFR,0.36491181275914353
TAL1,MAP7D1,0.36487894263624265
NFYC,YTHDF2,0.3645974584097822
NFYC,KCNC4,0.3645926704786614
GMEB1,NDC1,0.36457616755417405
ID3,RERE-AS1,0.3645024563240818
MTF1,P3H1,0.3642642298738728
FUBP1,LRRC40,0.36425641627823674
YBX1,JUN,0.3642040862320168
RUNX3,CITED4,0.36417828589221807
ZNF684,USP33,0.36409800386574737
ZNF691,TRAPPC3,0.3640358293613615
GFI1,CAPZB,0.36402149262175326
ZNF691,SPEN,0.3636430772858921
MTF1,CLCA4-AS1,0.36354385608579864
FOXJ3,LINC01768,0.36350079992011153
NFIA,GALE,0.3634532227314731
FOXJ3,C1QTNF12,0.36331963109599114
GMEB1,STRIP1,0.3632872580139334
POU3F1,KDM4A-AS1,0.36299531897253345
HES2,SMPDL3B,0.3626930696378331
GMEB1,HIVEP3,0.36265902232269986
FOXO6,GALE,0.3626385758845162
YBX1,LINC01707,0.36245462675758305
POU3F1,FBXO42,0.36240425978173413
ID3,EFHD2,0.3623194137724231
HES4,LINC01772,0.3622347979163294
ZNF691,FHAD1,0.36210157275200633
RUNX3,PPCS,0.36198515421952376
HIVEP3,LINC01685,0.3619003662511963
FUBP1,UQCRHL,0.36188424637573746
E2F2,KYAT3,0.3617998860888598
HES4,ARHGEF19,0.3617121846486748
ZNF691,MEAF6,0.36168127259223654
ZNF684,CCDC17,0.36163073741219753
MTF1,SLC16A1-AS1,0.361507235646748
HES4,HIPK1-AS1,0.3614937609733875
NFIA,SFPQ,0.3614323689960047
NFIA,ZNF326,0.361419656976503
MTF1,ALX3,0.3614106057251415
RUNX3,HTR6,0.36136947972449224
YBX1,RNF11,0.3612882208715953
YBX1,FHAD1,0.36127032209459903
E2F2,ODF2L,0.3612004272882073
POU3F1,SLC9A1,0.361137604968963
FUBP1,HPCAL4,0.36112250675118995
ZNF683,WDR47,0.36076394524675265
ENO1,SH3D21,0.36069327085820635
HES2,DNAJB4,0.36067499578124035
E2F2,C1orf52,0.36059674267100245
NFYC,AMIGO1,0.3604383607573348
ZNF691,ZNF436,0.3601886893370024
ZNF684,PHC2,0.36012675384135184
TFAP2E,RBMXL1,0.3600700017597225
HES4,MEAF6,0.3600630390987049
NFYC,NDC1,0.360047108519423
GMEB1,MYOM3,0.3600061729788624
HIVEP3,SLFNL1,0.35995378919012394
NFIA,CDC42-AS1,0.3599513228837203
ZNF683,ACADM,0.35964587647107293
GMEB1,GSTM2,0.3594302443850083
NFIA,GBP2,0.3593867550767203
HES4,NUDC,0.35902982660281035
GMEB1,AGO3,0.35902079107736057
YBX1,CDA,0.35890948754655805
HIVEP3,DHCR24,0.3585653282781771
NFIA,SNHG12,0.3584487563756815
GFI1,B3GALT6,0.35839836138108594
ZNF691,ORC1,0.35839123278809387
NFIA,EPHA2,0.3583776824110397
HES4,CROCC,0.3582639090980523
MTF1,CLCA1,0.35798422234390614
ZNF684,MUL1,0.35794339759772553
YBX1,LRIF1,0.3579313269947914
NFYC,WNT4,0.3578899896397957
NFYC,DMAP1,0.3578406752759585
ZNF683,IFI6,0.357565885292301
TFAP2E,CSF3R,0.35749824103205907
NFIA,MMACHC,0.35747597607224396
GMEB1,DAB1,0.35745227821506964
RUNX3,PTGFRN,0.3574329274833369
GMEB1,LINC01562,0.3572946013335606
HES4,PITHD1,0.35718286113866754
FUBP1,RIMS3,0.35709524853056474
TAL1,ZBTB8A,0.3569844734946847
HIVEP3,RHCE,0.35696147322432614
ZNF683,NCMAP,0.35695534181310234
NFIA,DMAP1,0.35693845566987425
FUBP1,CNN3,0.3568760036304439
ZNF691,FABP3,0.3567918287829581
ID3,ZFP69B,0.3567623000902433
GFI1,EMC1,0.3566561431407665
ZNF691,ATP1A1-AS1,0.3566543301350608
FUBP1,RAVER2,0.35652034654374404
FUBP1,SLC30A2,0.3565020273620798
ZNF684,GBP1,0.3564700114343139
POU3F1,KDM4A,0.3562654434491018
ALX3,PEX14,0.35618436863289704
YBX1,NTNG1,0.3561693097766378
ID3,LRRC47,0.35615020694360106
NFIA,SSBP3-AS1,0.3561138103437777
ZNF683,PLK3,0.3560587251950284
GFI1,SYNC,0.35604371791306777
ENO1,ZNF684,0.35590017237764765
JUN,PSMA5,0.35589079190861156
NFYC,CAMTA1-DT,0.35587200220254295
FOXJ3,MTFR1L,0.3558428962509622
FOXD2,ABCD3,0.35583725412687145
ID3,LRIG2,0.35554371196009493
ID3,CTPS1,0.355516693692703
GFI1,LAMTOR5,0.3553478669807933
GMEB1,ZNF326,0.35530310701975487
POU3F1,SNRNP40,0.3551856398620394
FUBP1,CLCA4-AS1,0.3551571644863192
GMEB1,RPF1,0.35499810432518936
JUN,CAP1,0.3549899135847543
GMEB1,RPL5,0.3548527880062336
RUNX3,ZBTB48,0.35482729827296716
TFAP2E,RCAN3,0.3548189775457385
E2F2,TXNDC12,0.35476264710315875
ZNF691,GPSM2,0.35472412935031955
NFYC,LPAR3,0.3546461465841275
JUN,RUNX3,0.35418748751887574
FUBP1,EPHA10,0.35408825320998544
ZNF684,LRRC8C-DT,0.3540014866583145
ID3,AMPD2,0.35399355510376834
FOXJ3,CAP1,0.3539815558734631
FOXJ3,HDAC1,0.3539397213330133
HES4,SLC25A34,0.35392733951076927
HES4,ATG4C,0.3538734306235226
TFAP2E,SCMH1,0.3537349502925879
HES4,TMEM69,0.3536942730021958
HES4,PDE4B,0.35365818596994364
E2F2,EMC1,0.35365014732899736
MTF1,ZFP69,0.353546486103719
NFIA,SSU72,0.3534290791906323
ID3,SLC44A5,0.35336365558967703
ENO1,CCDC30,0.3533500312854328
NFIA,GNAI3,0.3533162985116426
GMEB1,CCDC17,0.35327916353698063
FUBP1,AGBL4,0.3532290652215643
RUNX3,MTF2,0.35319652842628
HIVEP3,SCMH1,0.35303201021698183
MTF1,RBM15,0.3529929958438853
ZNF684,KTI12,0.352951334137092
GMEB1,CHD5,0.35289745526316557
GMEB1,FRRS1,0.35282807052318355
GMEB1,DBT,0.3528042278235338
HES4,EBNA1BP2,0.35267394477425207
HIVEP3,FOXD3-AS1,0.352605331884804
ZNF683,DRAM2,0.35255769249975244
HES4,ACOT7,0.35244096754156284
ZNF683,ZNF362,0.3521151710486068
GMEB1,AK5,0.3519951298322011
ZNF691,LRIF1,0.35191213615159694
NFIA,LINC01712,0.35191046701361867
NFIA,DHRS3,0.3516449567809399
ZNF684,PTBP2,0.35154919630266696
HES2,PLOD1,0.35134116040832436
HES4,FOXJ3,0.35113310861051883
ALX3,CDC7,0.35109696202367624
HIVEP3,KLHL17,0.3506777245532415
MTF1,CRYZ,0.3505092584023611
NFIA,NOC2L,0.35032560584078387
MTF1,TMEM222,0.35025145662819335
MTF1,MORN1,0.3502334627528861
FOXO6,PPM1J,0.3497362018614695
FOXJ3,FOXD2-AS1,0.3496191768977888
HES4,LINC01226,0.3495994639902684
NFIA,AKR1A1,0.3495076013123959
RUNX3,EIF4G3,0.34940422852576764
ID3,PHC2,0.349128102156976
ZNF684,ST7L,0.34911211667651887
ID3,RBM15,0.3490826368368626
ENO1,SLC25A34,0.3490641766506471
ZNF683,MMACHC,0.34898459551893907
ID3,SYNC,0.3489638799857784
HES4,MTOR,0.34894449274867284
E2F2,LINC02811,0.34893446023061325
E2F2,TMCO4,0.34889910539500313
TFAP2E,ZFYVE9,0.34874873536944556
E2F2,PER3,0.3487346477918621
ZNF683,CEPT1,0.3485912320412593
NFYC,EMC1,0.348553728368956
HES4,PSMA5,0.3484284599097115
MTF1,PRPF38B,0.34835890198567093
ZNF684,TCEANC2,0.34824168483236656
TFAP2E,DENND2C,0.34820390752485836
ZNF683,MAP7D1,0.3480470287454405
GMEB1,KCNA3,0.3480348951929011
FOXO6,ATAD3A,0.3477815374066728
NFIA,ASAP3,0.3474517314389738
ID3,USP48,0.3471848624709837
E2F2,RAVER2,0.3470065135571309
FOXJ3,UQCRH,0.34687274191044004
YBX1,PRKAA2,0.34675492508366584
YBX1,TSPAN1,0.34673615971259747
NFIA,LEPROT,0.3467075625671365
ZNF683,PRPF38A,0.3467056361975909
HIVEP3,OMA1,0.34660250027875955
ZNF683,SRRM1,0.3465796992445
FUBP1,GBP6,0.34656336064237964
JUN,CDCA8,0.3465446637874446
HIVEP3,NGF-AS1,0.3464793272312144
TFAP2E,HIVEP3,0.34647715655390743
E2F2,PRPF38B,0.34634035879646385
GLIS1,ELOA,0.34632491208621136
HES2,SLC25A33,0.3460927617757635
FOXJ3,ZFYVE9,0.3459503335459787
YBX1,IFFO2,0.3459431041284994
ZNF683,CROCC,0.3459340518445485
HIVEP3,XKR8,0.34591609191534123
E2F2,EXO5,0.3457729093803487
FOXO6,LZIC,0.34575040406130875
FOXJ3,LINC01364,0.3456803227927792
ZNF691,CD2,0.3455184131786011
NFIA,NKAIN1,0.3452888918108985
ID3,PPCS,0.34520891194511066
MTF1,TEX46,0.34518340880137305
YBX1,OSCP1,0.34515422636825205
HES4,SVBP,0.34514005344638526
ZNF691,LDLRAP1,0.3451134284135284
POU3F1,HMGCL,0.34505890109329523
FOXJ3,LINC01358,0.34490615857321705
NFIA,KCNAB2,0.34489271397938437
ENO1,ESPN,0.3448791153167563
FUBP1,BCAR3,0.34466447230010566
HIVEP3,WLS,0.344494939680824
HIVEP3,PRDX1,0.3444108833109453
NFYC,MAD2L2,0.3443562167742988
FUBP1,GJA9,0.344278141884968
MTF1,CPLANE2,0.3441622661211557
ZNF684,GNAT2,0.34401610505377683
FUBP1,YBX1,0.34372501198073296
RUNX3,LRRC47,0.34369830968683907
HIVEP3,IL12RB2,0.34361109466856
GMEB1,HMGN2,0.3435893473752489
ZNF683,SLC16A1-AS1,0.3435464487972612
HIVEP3,MOB3C,0.34349338959754616
FOXJ3,LINC02785,0.3434932817438967
HIVEP3,LRRC8B,0.34334311229444375
RUNX3,BMP8A,0.3432155755798118
FUBP1,ANKRD65,0.3430873935808945
POU3F1,NDC1,0.34308032750019263
ZNF691,ZFYVE9,0.3430356685977768
NFIA,SIKE1,0.34302447157073285
NFYC,PADI4,0.3429698028578703
RUNX3,LRRC8C,0.34273457227655346
ID3,WASF2,0.3427300032227823
ZNF684,PPCS,0.3425328881222011
GMEB1,PRDM16,0.3424100127662256
GMEB1,RBM15,0.34232010827933934
HIVEP3,RHD,0.3420978409024314
TFAP2E,HECTD3,0.3420959247376499
HES2,SKI,0.3417156585022102
GFI1,PANK4,0.3416802056475042
NFIA,CLIC4,0.3415467931400841
FUBP1,MRPS15,0.3415448153522874
TAL1,PUM1,0.34143661519258367
GMEB1,COL16A1,0.3414048001145426
ZNF683,MRPL20,0.34138447552251305
HIVEP3,PARK7,0.34137204347494343
MTF1,ELOA-AS1,0.34115394483595946
ZNF683,LINC02795,0.34097098734684816
ZNF691,C1orf141,0.3409513269229447
ENO1,TEX38,0.3408224651724339
POU3F1,LRRC8C,0.3407946493537499
GFI1,GTF2B,0.3405641240554156
ID3,PLEKHM2,0.34053727256302135
RUNX3,SLC44A3,0.34052870494910614
NFYC,RUNX3,0.3403858339457441
NFIA,XKR8,0.3402921580219476
ZNF684,RAP1A,0.3402847987787247
ZNF684,C1orf159,0.3402807995602921
GFI1,LAMTOR5-AS1,0.3402083951299062
ID3,P3H1,0.33998883197445184
GFI1,MEAF6,0.33989013961150233
ID3,GNG12,0.33987640739471137
HES4,TRIM62,0.339840080973636
ENO1,TTLL10,0.3398081712974629
HES4,INKA2-AS1,0.33980664947416783
YBX1,TMCO2,0.33944880731350824
RUNX3,DRAM2,0.33935539614777016
FUBP1,TCEA3,0.3393295103015756
NFIA,DLGAP3,0.33925906961407554
ZNF684,LINC01389,0.33925519165591433
HIVEP3,TMEM167B,0.33911895597467523
ENO1,STK40,0.33902732878192615
HES2,GPATCH3,0.33899727328049856
FOXJ3,LRRC41,0.3389779341147862
ZNF683,AMY2B,0.33892986814168463
RUNX3,RABGGTB,0.3387678360224287
NFYC,DNTTIP2,0.33875953218501487
ZNF684,DNAJC16,0.3386968558162724
ZNF684,MEGF6,0.33854984190835696
HES4,PTGFRN,0.33842148470146644
ZNF683,CELA2B,0.33841361867807546
NFIA,GNB1,0.3383972139876832
RUNX3,NFIA,0.33830567536927
FOXJ3,TEX46,0.3379143080280045
HIVEP3,LINC01676,0.3378708705563409
GMEB1,PARK7,0.33780153394067297
TAL1,ARID1A,0.3374962752691223
GMEB1,MMEL1,0.33734187726466724
GMEB1,PABPC4,0.3372179285983108
HES2,CD101,0.337202383184939
POU3F1,PSMA5,0.33715838524982095
HES4,TRIT1,0.3371536529372167
ID3,CLIC4,0.3370180372403028
RUNX3,KIAA1522,0.3369449374147399
YBX1,TTLL7,0.3369302302515422
ID3,CITED4,0.33658965430709153
HIVEP3,SORT1,0.336501470664452
NFIA,TRIT1,0.33639669611890155
ZNF684,NFIA,0.33633640504677476
HIVEP3,FAM41C,0.3362916783103888
E2F2,TRIM62,0.3362198213057147
ZNF683,PGD,0.336138478630445
RUNX3,DDI2,0.33601358313082713
ZNF691,THRAP3,0.3357201424101476
GMEB1,GPR61,0.3356879117113739
MTF1,SSBP3,0.33558947930542643
E2F2,MDS2,0.3355848632723093
HES4,SSX2IP,0.3355120258243558
NFYC,OMA1,0.3353873948565362
ZNF691,DCDC2B,0.3353545316672057
GFI1,C1orf159,0.3353431324948285
ENO1,ZFP69B,0.33528321373440123
ID3,CHD5,0.33521785907235874
FOXO6,HES4,0.3352171582594726
FOXJ3,GBP7,0.3352049221014014
TFAP2E,GBP5,0.3351688658974117
ENO1,MATN1-AS1,0.33505100905999824
NFIA,MAB21L3,0.3350324589700747
HIVEP3,FBXO2,0.33501022640703915
GMEB1,RER1,0.33482645908342756
HES4,TARDBP,0.3347693573065763
MTF1,MTOR-AS1,0.3346587102129784
MTF1,SYNC,0.334598412625251
TAL1,TMEM69,0.3345493410905974
NFYC,RWDD3,0.3345311165472688
MTF1,ZNF683,0.33441355512595927
ZNF684,WDR77,0.33432798068645386
ZNF684,DPYD,0.3343232045918044
RUNX3,TAF13,0.3340883827078812
ID3,ITGB3BP,0.3338272643188628
GMEB1,LRRC42,0.3337745018465851
YBX1,SLC66A1,0.333768487130556
HES4,GABRD,0.33339576483237515
NFIA,AHCYL1,0.3333431652745279
HES4,KYAT3,0.3333299966919348
FUBP1,RNF220,0.33330936719273935
PAX7,CDC14A,0.3332314904037647
GFI1,RPA2,0.33310108411785555
HIVEP3,AKNAD1,0.3330824461544934
FOXJ3,ZFP69,0.3330546148151085
E2F2,TOE1,0.33299308653261356
HES4,UQCRH,0.3329528434569326
GMEB1,NGF-AS1,0.33292352582937873
HES2,SLC22A15,0.33287264809539446
POU3F1,TAF13,0.33284344537483174
FOXJ3,LINC01685,0.33271672910451106
GMEB1,DVL1,0.33259082823635233
YBX1,IFI44,0.33238590228490544
ZNF691,STMN1,0.3323678331675009
HIVEP3,CELA2A,0.3323186696580617
TFAP2E,SMAP2,0.332235849534992
MTF1,ODF2L,0.33213293430995333
FUBP1,TSPAN2,0.3320832539624111
FOXJ3,CCDC24,0.33194207213625293
GFI1,OSBPL9,0.3318992386785826
TP73,ZNF326,0.3318642338725548
NFIA,CCDC24,0.3318561685316993
ZNF683,ATXN7L2,0.3317974767901046
HES2,GBP2,0.3315968242828251
HES4,PINK1,0.3315813754142782
POU3F1,FPGT,0.33138735327649144
ZNF684,TMCO4,0.3313689260086442
FOXJ3,MCOLN2,0.3311526407316366
HIVEP3,FAM76A,0.33110420550211633
FOXD2,CLCC1,0.3310879272388462
MTF1,CYB561D1,0.33086370204962734
ZNF683,AK5,0.33075604357993516
ID3,ZMYM6,0.3303029619213941
ID3,CMPK1,0.33029652875392884
RUNX3,AHCYL1,0.3302739572483242
FOXJ3,ATP6V0B,0.3302312026436339
FUBP1,MECR,0.330002692430846
GMEB1,CPLANE2,0.3299912132400059
HIVEP3,AMY2B,0.32998609035085386
NFIA,SPATA6,0.3299824933300625
E2F2,SPEN,0.32990259414574424
HES4,PGM1,0.3298478822058657
E2F2,GNL2,0.32973653785532525
NFYC,GNG5,0.3296899343837819
MTF1,RNF220,0.3295577124250149
ZNF684,PTGER3,0.3294020019115685
GMEB1,SCNN1D,0.3293672290615231
NFYC,SRARP,0.32915137499686825
TFAP2E,IL23R,0.32912000800881136
HIVEP3,LINC01788,0.3290726301438595
GMEB1,OMA1,0.3289015412489203
ID3,CENPS,0.328856497047366
NFIA,COL11A1,0.3287511004278046
HIVEP3,CRYZ,0.3287437884915386
PAX7,TMEM39B,0.3286611664246431
NFIA,RAD54L,0.3286598012099266
HES4,HECTD3,0.32865378166624376
NFYC,CD2,0.32862804270633544
HIVEP3,DVL1,0.32861441060785385
ID3,VAV3,0.328194304348636
E2F2,PTCH2,0.3281174898989484
RUNX3,ANKRD13C,0.32801134844838115
MTF1,RPS8,0.3279618967137244
E2F2,LRIF1,0.32788159585284904
FOXO6,SLC22A15,0.3278696303012671
GFI1,CSF3R,0.32772499441809544
E2F2,SLC30A7,0.32772056510550474
ENO1,F3,0.3277104471359836
ALX3,TESK2,0.3273618567622561
ZNF684,CSMD2,0.3272956321095201
HIVEP3,PRKACB,0.32720219976775383
ID3,PKN2-AS1,0.3270842816642809
NFIA,PSMB2,0.3270031259418619
GMEB1,BCAS2,0.32692225998081603
HES4,TTC4,0.3267846368397166
MTF1,CLSTN1,0.32671767748231706
YBX1,INKA2-AS1,0.3267123214074549
HIVEP3,LRRC47,0.3266393610917243
HES4,WRAP73,0.326583952917155
ZNF683,CPT2,0.32639403242537934
GFI1,LINC02811,0.3263929064937217
HES4,SNHG12,0.32617250377457807
ZNF684,RTCA-AS1,0.32600503736323183
HES4,ZC3H12A,0.32595384249471604
ZNF684,GBP2,0.32593654786833903
FOXJ3,MIR3659HG,0.3258463776562889
GMEB1,ZBTB8OS,0.32579826973645964
MTF1,NBL1,0.32564017041906157
HES4,HMGN2,0.32540748114836554
YBX1,NBPF3,0.32539064841661614
RUNX3,NEGR1,0.32482790749847473
ID3,TTC39A,0.3245770548944512
RUNX3,LINC02795,0.3244372246681384
HES2,SMAP2,0.3243981942383121
ZNF684,PLEKHM2,0.32438507638132924
FOXJ3,C1orf167,0.32436767590247295
ZNF691,DPH2,0.3243643859167293
NFYC,SH3BGRL3,0.32434071385924657
NFYC,LAMTOR5,0.32420179638821295
ID3,SZT2,0.32418170865315366
ID3,RPS6KA1,0.324140427700961
E2F2,PIK3CD,0.32413390665010205
NFIA,DLEU2L,0.324131301867475
RUNX3,CRYBG2,0.3239833634007755
ZNF691,ST7L,0.32395472828833793
GFI1,ZMYM1,0.3239310903793766
ZNF683,OMA1,0.32385444008265823
HES2,CDK11B,0.32375466831804395
NFYC,LINC01725,0.32341824197790375
RUNX3,PAQR7,0.3234064273480745
HES4,DPYD,0.3233515614209548
MTF1,TOE1,0.3232386897789481
RUNX3,ZMPSTE24,0.3229870961069417
ZNF683,KYAT3,0.3229737946464211
NFIA,KIAA1522,0.3229573308503739
ZNF684,FPGT,0.32289646485068724
TP73,RUNX3,0.3228285418761459
ZNF683,PHTF1,0.3227756192246287
POU3F1,CASP9,0.322755349086198
MTF1,AKR7A3,0.32270437800097707
NFIA,ALG6,0.3225477450045971
GMEB1,PATJ,0.3225370659645299
YBX1,TESK2,0.32246931558796416
NFIA,CPT2,0.32241941780054184
FUBP1,ROR1,0.3223300871795401
MTF1,SCMH1,0.3223131123902778
TAL1,KDM4A-AS1,0.3220392825260521
TFAP2E,SLC9A1,0.32201894075259024
FUBP1,TTLL7,0.3219322133934186
FUBP1,PLA2G2D,0.32192414004922826
FOXJ3,PLA2G2D,0.32188826612368454
TAL1,SRSF11,0.32182339889525396
NFIA,DCDC2B,0.3218118373274778
TFAP2E,SLC25A33,0.3217700153028555
RUNX3,C1QC,0.32165829041726424
TFAP2E,DPH5,0.3210537856899572
ENO1,TMEM269,0.32100382076352396
HIVEP3,PRPF38A,0.3209083935346527
TFAP2E,RNF19B,0.3207432994893887
POU3F1,EFHD2,0.32063944688825585
FOXO6,ZNF593,0.3203258714568848
RUNX3,CD101,0.3202730807403036
ZNF684,PER3,0.32019832871945225
TFAP2E,LINC01781,0.32012946323383445
TFAP2E,TTC34,0.3200869142279108
HES4,MRPL37,0.319992813585838
MTF1,ALPL,0.3199662712688331
TP73,CASP9,0.31991986736318034
GFI1,TCEANC2,0.3199100621335033
ALX3,MKNK1,0.31989642895768045
PRDM16,LINC01409,0.31981583348707826
ALX3,CTBS,0.31979711433318164
NFIA,PDIK1L,0.3195800587591116
ZNF683,CAMK2N1,0.3195220418898576
YBX1,RSPO1,0.319455278701146
GFI1,LZIC,0.3194176826400038
ENO1,PLPPR4,0.3194068305355686
FUBP1,ARHGEF10L,0.3192608828278771
FOXD2,IPO13,0.319236706751386
HES4,ZDHHC18,0.3192276516277405
NFYC,TCEA3,0.3191573013994314
ZNF691,USP33,0.31895699471564715
ZNF684,MAD2L2,0.3187562495023161
RUNX3,SLC25A34,0.31867019643485256
GFI1,SH3BGRL3,0.3186543805120653
HES2,NPHP4,0.3186352176895851
GMEB1,SMIM1,0.3185946900102698
ID3,AGO3,0.31858123231859947
FOXO6,CSDE1,0.3185485539322548
FOXD2,ATP13A2,0.3184913984294226
JUN,YBX1,0.31845583491117024
HES4,GBP3,0.31813522404657274
ZNF691,LAMTOR5,0.31813430981090535
ZNF683,RCAN3,0.31799912984509404
HIVEP3,DNAJC6,0.31799080116428596
FOXJ3,SSBP3,0.31796614706955534
GMEB1,SLFNL1-AS1,0.3179473258416457
RUNX3,PLPPR5,0.3179204112731702
NFIA,CDKN2C,0.317863371442786
GFI1,B4GALT2,0.31784906478573244
HIVEP3,PIK3R3,0.31770694318266796
NFIA,ZYG11A,0.3176544248644925
ZNF684,ZYG11B,0.31749929769238416
NFIA,WASF2,0.3173893003802007
ZNF691,MPL,0.31727815042862717
ZNF683,SLC35D1,0.3171927889413392
HES2,TMEM234,0.31717965141053567
ID3,TMEM269,0.3170283906398189
YBX1,EMC1-AS1,0.316948065909706
MTF1,KCNA3,0.316893274735427
NFYC,ZC3H12A,0.3167086615217624
NFYC,SLFNL1-AS1,0.316701348058908
GMEB1,ACADM,0.3166589580971605
ZNF684,NADK,0.3165447333455264
HIVEP3,EFCAB7,0.31653431460655723
TFAP2E,ZBTB48,0.31652184224956503
TFAP2E,ATP1A1,0.31626533872758295
YBX1,DNASE2B,0.31613094374127093
FOXO6,CTPS1,0.31612566969679123
POU3F1,KHDRBS1,0.31606689294541274
ID3,ZNF644,0.315989252553437
ZNF684,EFCAB14,0.3156351981012425
MTF1,TMEM200B,0.31561769635308234
ZNF683,FBXO2,0.3155614414701531
HIVEP3,FAAP20,0.31552768164810074
HIVEP3,UBXN11,0.3155006475203699
HES4,FCN3,0.3154934374507223
YBX1,CLCA1,0.3153513639616787
MTF1,CZIB,0.3151309325089543
NFIA,IFI44L,0.3151033799990975
GMEB1,ASAP3,0.3149343577252935
MTF1,LRRIQ3,0.31492809666603006
PAX7,GPN2,0.3148861438956156
NFYC,ALDH4A1,0.3148477614183367
MTF1,RPA2,0.3147894928890141
ID3,DDI2,0.31475789875280963
FOXO6,DDX20,0.3147261201655665
PRDM16,ERI3,0.3145210009922589
ENO1,ENO1-AS1,0.3144062767323796
ZNF683,MFN2,0.31437736181453163
TFAP2E,LINC01128,0.3142488964739123
NFIA,EBNA1BP2,0.3141192459075752
HIVEP3,C1QB,0.31407502496650475
RUNX3,DIO1,0.3140470486964345
ZNF683,HP1BP3,0.31403922976643484
ZNF683,FAAH,0.31403403849631245
HES4,HPCAL4,0.31399777732923173
ZNF684,GBP5,0.31384531088652656
HIVEP3,MSH4,0.31382436301453553
POU3F1,DNAJC16,0.31368851408717624
NFYC,SERBP1,0.31326495985496877
TP73,PTPN22,0.3131682535967793
NFYC,MRPS15,0.3131485190337169
GFI1,S1PR1,0.3128953657611355
PAX7,BTF3L4,0.31277420645607734
GLIS1,MAD2L2,0.3127715387364935
HIVEP3,DPYD,0.31253797367251585
GMEB1,ZMYM1,0.3124401367092173
ZNF684,MAN1C1,0.31235171016956775
MTF1,CEP104,0.31231465508496864
HES4,CACHD1,0.3122678623892518
HIVEP3,MACO1,0.31222999144266855
GMEB1,LINC01788,0.31219004321998967
FOXD2,CD2,0.3121596290550942
FUBP1,TGFBR3,0.31196175779545116
ZNF691,MACF1,0.3118636928676141
ZNF683,RPF1,0.3118137876773021
ZNF683,LRRC8B,0.31178547785843475
ID3,PLK3,0.3115052239294897
PRDM16,C1orf52,0.31148013413431325
ID3,SNRNP40,0.31140432716455685
HES4,ELOA-AS1,0.3113986839368389
ID3,MRPL20-AS1,0.3113336255677519
ZNF683,EPS15,0.31130338998123697
POU3F1,FAM76A,0.3111958480514961
YBX1,LINC01708,0.3107498340573067
NFIA,CCDC18,0.31071469775450644
ID3,PDE4B,0.3106490030393574
ZNF691,ERI3,0.3106438524635123
ZNF684,INPP5B,0.3105200345501542
HES4,CTH,0.3104968576912487
MTF1,MRTO4,0.3104525393164742
RUNX3,STK40,0.31037833804226855
HES4,CSMD2-AS1,0.3103543360814563
TAL1,FPGT,0.3103377966313606
MTF1,LRRC47,0.3102593370305002
ZNF683,DR1,0.3102295854955706
POU3F1,GCLM,0.310203393861048
ID3,LRRC8D,0.31018882853653607
ZNF684,CROCC,0.31005401394144955
HIVEP3,FBXO44,0.3099373518076012
MTF1,LINC02801,0.30990122275504356
HES4,ITGB3BP,0.3098121224332971
HES2,NRDC,0.3096287340160267
NFYC,ST6GALNAC3,0.3096249057389075
ZNF684,DCDC2B,0.30949214607277303
ID3,ZMPSTE24,0.3094897771796689
HIVEP3,RBP7,0.30934420898462683
NFIA,MACO1,0.30924797944410864
YBX1,ARMH1,0.30892515670096704
RUNX3,GNL2,0.30869817947488637
ENO1,MANEAL,0.3086740970134649
PAX7,MAGOH,0.3086459998273231
MTF1,TRMT13,0.30863053083433145
GMEB1,PHF13,0.30856116085448476
HES4,SMIM12,0.3084474877894763
FOXD2,DIPK1A,0.3083561659091366
ID3,ATP1A1,0.30818378115015094
HIVEP3,EPHB2,0.3081706183071828
HIVEP3,RPS8,0.3080495130728078
HES4,WDR47,0.30795049568594135
ZNF691,MRPL37,0.3078830053445865
RUNX3,RBM15-AS1,0.3077791426608331
HES4,MAP3K6,0.3077053463938912
TFAP2E,RWDD3,0.307581849028382
PAX7,PABPC4-AS1,0.3075271823328855
MTF1,TMEM59,0.3074442626190399
HES4,DNTTIP2,0.30740589987613237
MTF1,CNN3,0.3072457372308819
TFAP2E,PODN,0.307172853760742
NFYC,ZBTB8OS,0.30710735091905145
YBX1,WLS,0.30703963224030684
NFIA,DNAJC8,0.30695933233009864
FOXO6,EFCAB14-AS1,0.30694385243565186
GMEB1,CTH,0.3069042949301575
ID3,B3GALT6,0.3068869970814425
RUNX3,L1TD1,0.30685494196800156
FUBP1,GPX7,0.3067493031669013
FOXD2,COA7,0.30671645542973064
HIVEP3,EMC1-AS1,0.3066849176222324
YBX1,SPOCD1,0.30652959657981466
GFI1,COL24A1,0.3064842406719139
TP73,TMEM69,0.30627336352672485
NFYC,PTGER3,0.3061888780812672
NFYC,MACF1,0.30590669184692776
ZNF684,TOE1,0.3058997414257694
HES2,KAZN,0.305885699621176
FOXJ3,EXOSC10,0.3058186169932316
ZNF691,C1orf50,0.30575425588158683
GMEB1,CDCA8,0.3056985609284896
ZNF684,USP1,0.30548203759840475
MTF1,LINC01355,0.3052984661325972
ID3,AURKAIP1,0.3052670561062126
HES2,TNFRSF18,0.3052291644729984
RUNX3,NMNAT1,0.30514016682831274
HIVEP3,PLA2G2C,0.30513874611147
POU3F1,DDI2,0.30492709485553543
TFAP2E,SLC16A4,0.3049133750009084
GFI1,PIK3CD-AS2,0.3048707813131117
NFIA,RAVER2,0.3048011269884825
NFIA,BTBD19,0.3046381183738921
HES4,RAVER2,0.30460592429387334
GFI1,MUTYH,0.3045852129794328
ZNF691,YRDC,0.3044359243572767
NFIA,LINC01768,0.3044340800466675
NFYC,DNAJC8,0.304384805313391
MTF1,LINC01128,0.30430498830955743
MTF1,AGL,0.30425450584764185
ZNF691,RPL22,0.3040134134398634
TFAP2E,TCEA3,0.3038729340374149
GMEB1,MAB21L3,0.3038610144273753
ENO1,OPRD1,0.30376467254621287
NFYC,CD52,0.303675829621126
ZNF683,AMPD2,0.3036060174241488
TFAP2E,USP48,0.3036029010890847
FOXO6,FNDC10,0.3035947444385832
E2F2,KDM1A,0.30350673788138327
NFIA,MTOR,0.30344391012776134
TFAP2E,SNIP1,0.3034056192722846
JUN,EPHA2,0.30338892377330734
HES2,GBP1,0.30338357698265156
ZNF683,MIR4422HG,0.3033803917458522
PAX7,ERMAP,0.30301163356246047
HES2,MIER1,0.30299167041020525
ID3,CD101,0.3029356767992803
GMEB1,RCAN3,0.302917456765786
GMEB1,LINC01676,0.30291078992876663
GMEB1,RHOC,0.3028992084073882
ENO1,AK4,0.30289163895291865
MTF1,MATN1-AS1,0.3028303294557426
ZNF691,ZBTB40,0.30277457711317207
E2F2,FNBP1L,0.30276629006606176
RUNX3,HIPK1,0.30272420768548636
POU3F1,EPS15,0.3026020028549248
FOXO6,CLCC1,0.3023353208230742
HIVEP3,ZBTB8A,0.302201793162654
GMEB1,BTBD8,0.3021484844025552
ID3,KIF1B,0.30205581518757657
GFI1,TMEM201,0.3020426139692925
NFYC,DLGAP3,0.3020321179212795
E2F2,GSTM3,0.30194474917071984
E2F2,IFI6,0.30186912265666127
HES4,LINC01714,0.3018381332940447
GFI1,MIGA1,0.30169379820653336
MTF1,MYBPHL,0.30150476423314837
ID3,TMED5,0.30148603807188495
ID3,TTC4,0.30107340281307476
MTF1,MEAF6,0.3009685018254399
ZNF684,ZFYVE9,0.300900587022004
POU3F1,PPIE,0.30082443935815695
RUNX3,CCDC163,0.30081306515492
MTF1,TNFRSF4,0.30068214556827744
TP73,RBM15,0.30065048889650814
ZNF683,MACO1,0.30063464158029674
FOXJ3,LINC01707,0.300622280521105
RUNX3,GPBP1L1,0.3005742466343439
RUNX3,SCNN1D,0.3004411822599311
NFIA,ENO1,0.30042715133448716
RUNX3,CDC20,0.30034936080126884
NFIA,LINC01709,0.3002982945346997
NFIA,SNRNP40,0.3002378678319171
GFI1,RPS8,0.30022820146469553
HIVEP3,VWA1,0.30021437030117637
E2F2,MROH7,0.30019471420204785
RUNX3,SFPQ,0.30017959678591427
ZNF691,TMIGD3,0.3001429493390228
MTF1,PKN2-AS1,0.3001266576725884
YBX1,PKN2,0.3001262406599586
FUBP1,LINC01781,0.3001034291745852
NFIA,RCC2,0.29999599779176334
GFI1,DFFA,0.2999180485289914
HIVEP3,NASP,0.29976746051323994
HIVEP3,BMP8B,0.29961459197069745
ZNF683,INKA2,0.29956498849094754
POU3F1,CROCC,0.2994487181925565
TAL1,RPF1,0.29940759518367044
GMEB1,PIGK,0.29931369748505005
TAL1,RNF11,0.29910546366435414
NFIA,CDC42,0.29901736801286266
PRDM16,TRIT1,0.29876732939026446
ZNF683,SPATA21,0.298723917450452
NFIA,IPP,0.2987009085576742
GMEB1,PSMB2,0.2985639038456532
MTF1,LINC01786,0.298560629894162
HES4,RPL5,0.2985436418468134
ID3,SLC16A4,0.29841397132033287
POU3F1,PEX14,0.2982169684473685
ID3,TESK2,0.29821368965829237
NFIA,NTNG1,0.2980629322029904
HIVEP3,L1TD1,0.2980233346036224
RUNX3,CCDC17,0.29792692295763334
FOXO6,LRRC42,0.2978033691290632
ID3,CSF1,0.29767736350926527
E2F2,AKR7A2,0.29765781211473635
TFAP2E,TMEM167B,0.2976079610810052
POU3F1,DNAJC11,0.29744542555698444
FOXJ3,BMP8B,0.29724958375710325
HES2,SYF2,0.2972247689628965
HES4,UBR4,0.2971031077222438
ZNF683,EXOSC10,0.29707245235884144
GFI1,TTLL10,0.29706614638625994
POU3F1,NBPF3,0.2970492605782043
MTF1,GPN2,0.29686349854708527
TFAP2E,COL11A1,0.296799585020115
TFAP2E,PHTF1,0.2967425311271854
ID3,RNF207,0.29673015715517814
ZNF684,PRKCZ,0.29667917333102617
RUNX3,SLC66A1,0.2966495779740022
ENO1,SLC2A7,0.29662464323611343
TFAP2E,IFNLR1,0.2963478633937621
FUBP1,CROCC,0.2961957270526076
RUNX3,EPHB2,0.29607708242155595
GFI1,CC2D1B,0.2960702748154916
ZNF684,ATP6V0B,0.2960234978347412
GMEB1,IL12RB2,0.29577913163061104
TFAP2E,SLFNL1,0.2957464642053186
HES4,SLC35D1,0.2957343768392354
GMEB1,EPB41,0.2957193547657089
NFYC,TMEM50A,0.29568284312572934
NFIA,PDPN,0.29566617818484753
ZNF684,ZNF683,0.29565818475559497
HES4,KDM4A,0.2955882051543246
NFYC,ZBTB8B,0.2955279426903826
YBX1,CLCA4-AS1,0.2955104569494766
E2F2,LINC01765,0.2954825266130671
GMEB1,GNG5,0.2953443222667253
ZNF684,CLSTN1,0.29527903280114665
TFAP2E,AZIN2,0.2952749833035174
TP73,ZCCHC17,0.29518744726566715
YBX1,UTS2,0.2951666773313436
ZNF684,PIK3CD,0.2951395496961106
ZNF684,CFAP74,0.2951393172989854
NFYC,SLC44A5,0.2949089546623667
FUBP1,PLPPR5,0.2948938919022986
GMEB1,FNDC5,0.29486177685883486
ZNF684,ARMH1,0.2948393907440742
RUNX3,LINC02812,0.2947502867277216
ID3,RHD,0.2947046887592328
HIVEP3,UBE2U,0.2946762770642469
FOXO6,ARID1A,0.29460674637156337
NFYC,PLEKHM2,0.29446318179488007
FUBP1,GNG12,0.2941349731048727
HIVEP3,MATN1-AS1,0.29413388359273296
HIVEP3,TTLL10,0.2940995267178657
MTF1,CHI3L2,0.2940093633994851
TFAP2E,KDM1A,0.29396414470003157
ZNF684,PKN2,0.293825717884124
RUNX3,SYPL2,0.2938066541481261
ZNF691,CCDC28B,0.2937425230426229
E2F2,EPB41,0.2936839122137613
NFIA,LRRC41,0.2935212897243185
MTF1,WRAP73,0.29348818643464625
TFAP2E,CPT2,0.2932449480216356
HIVEP3,MECR,0.2932005645467383
MTF1,ZDHHC18,0.2931536743360651
ZNF683,INPP5B,0.29315335460720293
ID3,MRTO4,0.29310543833360725
MTF1,PEX10,0.2928037003018854
GMEB1,PPP1R8,0.29279826003607684
POU3F1,GPBP1L1,0.29278308391710745
TFAP2E,SLC16A1,0.29277874831573125
GFI1,LINC02785,0.2923701522388931
RUNX3,COL16A1,0.2923465750657458
GMEB1,SSBP3,0.2922882714814294
ZNF691,CTPS1,0.2922571387852062
GMEB1,MASP2,0.2921447448006547
PAX7,JAK1,0.29214423671426276
TAL1,DAB1,0.29211710699853477
TP73,MDS2,0.2919031512743215
TFAP2E,TOE1,0.29178257585531564
POU3F1,EYA3,0.2916408228928437
FOXO6,ZBTB8OS,0.2916100927541946
RUNX3,C1orf146,0.29159340382507337
TFAP2E,SLC35E2A,0.2914593958889061
ID3,BSDC1,0.2913987792899832
FOXJ3,YIPF1,0.2912976271524748
HES4,CA6,0.2912656726475476
FUBP1,RPL11,0.29121565717284126
YBX1,DHDDS,0.29117971390307573
ZNF683,CDK11B,0.29115781655942785
NFIA,PLPP3,0.2911421765719404
TP73,LYPLA2,0.29105919729176893
NFYC,KLHL21,0.290936755064072
FOXJ3,ATP5PB,0.29081761597337197
MTF1,BRDT,0.2907897465684875
NFYC,TYW3,0.2906545308648635
RUNX3,NSUN4,0.2906315858730294
NFYC,FBXO2,0.2905515150797195
FOXJ3,TLCD4,0.29054724978543206
NFIA,TAS1R1,0.2904862976205579
E2F2,PTAFR,0.29030700615769855
HES4,LINC01362,0.2903056538277741
ENO1,C1QTNF12,0.29029979116416865
FOXJ3,CSF3R,0.2901715661854631
ZNF691,TCEA3,0.2901529367909396
FUBP1,CELA3A,0.290038407298644
PAX7,ABCD3,0.2900063724721354
NFYC,DISP3,0.28963334016926146
RUNX3,RAP1GAP,0.28961730626981363
ID3,ZMYM1,0.2895523128459646
JUN,SH3D21,0.2895232297651901
TFAP2E,LINC01362,0.2894018336218904
FOXO6,ZBTB40,0.28938381581853906
ZNF691,NCDN,0.28937150642552817
ENO1,PARS2,0.28929353121467316
E2F2,SGIP1,0.28919712008598614
E2F2,GBP1,0.28915620312243223
GMEB1,RRAGC,0.28904859138583233
GMEB1,C1orf50,0.28901466010245147
HES4,ERI3,0.2888693357297099
RUNX3,EYA3,0.28880949321074356
NFIA,TNFRSF1B,0.28880911486506033
MTF1,DAB1-AS1,0.28873033614234045
ID3,LINC02795,0.28871323315838193
NFYC,TSPAN1,0.28839518778728873
HES4,RTCA,0.2881489645585948
RUNX3,CAPZA1,0.28811316321881797
GFI1,HPDL,0.288007060512436
ID3,CDCP2,0.28790520985450846
ZNF684,ZCCHC17,0.28770136292963444
ID3,KDM4A,0.28764747106918687
ID3,SYTL1,0.287548829725618
GMEB1,SSX2IP,0.2875203331844504
GMEB1,KCNA2,0.28747643304003234
FUBP1,STMN1,0.2874326022370071
YBX1,CELSR2,0.2873674786581906
ZNF683,PDE4B,0.28731332914759067
NFYC,ANKRD65,0.28721175454517706
HES4,KHDRBS1,0.28706483880931055
E2F2,LINC01762,0.286950452822775
HES4,GPATCH3,0.286849963050059
ZNF684,DRAM2,0.2867827411137584
HES4,GPN2,0.2867818016966498
ZNF683,ZBTB48,0.28674593674048776
ZNF683,DBT,0.2865382833445857
TFAP2E,CCDC18,0.2865322809577077
ALX3,NADK,0.28649744279818873
ZNF683,FAAP20,0.28646131752502796
MTF1,PAFAH2,0.2863904734458815
GMEB1,RAB3B,0.28635401694754514
POU3F1,MIB2,0.28622986926126126
ZNF691,EPS15,0.28621764976496167
HES2,LINC00115,0.2860406607738247
HES4,SLC6A9,0.2859495794268395
NFIA,AKIRIN1,0.28592706381186417
YBX1,PLPP3,0.28589880067133616
HES4,DENND2D,0.28566781899333427
MTF1,ADGRL2,0.28551667487189786
POU3F1,VAMP3,0.28542598101390304
E2F2,CCDC30,0.2854211594114504
GMEB1,TEX46,0.2853329099671297
GMEB1,ATP1A1-AS1,0.2853084934598298
HES4,ELAVL4,0.2852978086965515
FOXO6,IPP,0.2851258208348831
NFYC,NASP,0.28500270652736903
ID3,LINC02811,0.28475746670909946
ENO1,CFAP74,0.2846587558076423
FUBP1,CSF1,0.2846527949082659
TP73,CAPZB,0.2846064116370928
YBX1,ERICH3,0.2845766080074428
GFI1,CEP104,0.2845520335010231
E2F2,HS2ST1,0.2845360411378466
E2F2,DVL1,0.28437713550464805
NFIA,LDLRAP1,0.28436165732888985
ZNF691,TESK2,0.28419078075444115
YBX1,SLC6A9,0.2841711422669178
HES4,TCEANC2,0.2841468204314755
YBX1,MIR4422HG,0.2840651012778715
ZNF683,SASS6,0.2840064010284398
NFIA,LINC01725,0.2840045656183246
FOXD2,LINC01355,0.2838569415995611
NFIA,RPS6KA1,0.2838193469755901
ZNF684,CASP9,0.2837651864769285
NFIA,DHCR24,0.2837301464196723
HES4,NRDC,0.28365903754177074
ENO1,GSTM1,0.28359168917389166
ENO1,TRIM63,0.2835473339969339
HES4,SLC35E2A,0.283496431848502
NFYC,SRSF10,0.283474589488046
MTF1,SDF4,0.2833168921719748
FOXD2,SRM,0.28305405899019126
GFI1,UBE4B,0.283012914748522
GFI1,GSTM2,0.28298218510685214
RUNX3,HSPG2,0.28296360179944435
FOXO6,CSF3R,0.2829455271534722
FOXO6,NADK,0.28290167615697265
HIVEP3,NPHP4,0.2828914360185
MTF1,ZBTB8B,0.2828416294011208
TP73,NBPF3,0.28278018423261997
GMEB1,CYB5RL,0.28270021324132777
HES2,DRAM2,0.28269898779972863
GMEB1,HCRTR1,0.2825868267738737
RUNX3,GBP2,0.2825264077254525
ID3,LINC00115,0.28216672492413325
ID3,GNAI3,0.28214714326954193
GMEB1,DMAP1,0.28207284197404475
ID3,SNIP1,0.2820715520264602
GFI1,TRAPPC3,0.2820304573093431
GMEB1,UBE2U,0.2819443814601997
RUNX3,CNKSR1,0.28194248918182097
NFIA,VWA5B1,0.2818436174975935
ZNF684,L1TD1,0.28180229744125407
ID3,LRP8,0.2817910697869567
ZNF684,NEGR1,0.28175675235541064
YBX1,BRDT,0.28162344324006144
NFIA,BSDC1,0.28156280238996534
ZNF684,PATJ,0.2814146124584802
TFAP2E,CITED4,0.28139200844147855
POU3F1,GPATCH3,0.2813145878707245
HIVEP3,UBE2J2,0.2812272524797975
HES2,SHISAL2A,0.28116635449917754
MTF1,KTI12,0.2811553574178531
GMEB1,MFSD2A,0.2810403751585668
NFIA,STPG1,0.280995058507332
POU3F1,ZSWIM5,0.280962711188124
HES4,ST6GALNAC3,0.28094817179806103
TFAP2E,PRKCZ,0.2808841383878321
GMEB1,LRP8,0.280845295521363
RUNX3,PDIK1L,0.28075277928274156
GFI1,ORC1,0.28070988165141414
ENO1,RAB42,0.2805460728973244
FOXO6,IFFO2,0.280433338997323
HES4,ATXN7L2,0.28033819749739447
GFI1,BCAS2,0.28027404772356496
ALX3,KYAT3,0.2801924000104695
HIVEP3,FABP3,0.2801513977702551
ZNF683,MCOLN2,0.2800939119977402
NFYC,ZNF593,0.2800909240950398
ZNF683,KPNA6,0.279991247122372
HES4,EFCAB14-AS1,0.27997400931381444
GFI1,PITHD1,0.2797125072368433
GMEB1,CLCA1,0.2797071775915132
ZNF684,CDK11A,0.27962303135209404
ZNF691,CC2D1B,0.27961619349717454
FOXJ3,RBM15,0.27958452405974493
E2F2,WLS,0.2795566815716626
PRDM16,BCAS2,0.27950748505885675
HES4,VTCN1,0.27950071242103636
ID3,CDC14A,0.2793726202735411
FOXO6,DPYD-AS1,0.27936066240689383
E2F2,MIIP,0.27934591247008334
GFI1,ATP1A1-AS1,0.2793104512693822
NFIA,MICOS10,0.2792967486795518
GFI1,HNRNPR,0.27904951320018584
TP73,DFFB,0.278928869248687
ZNF683,JUN,0.278765535103835
GFI1,PHF13,0.278695776556341
ZNF683,VPS13D,0.2786783981958872
HIVEP3,LRRC8D,0.27867400422021343
ZNF683,SF3A3,0.27860013891155755
ID3,SLC25A24,0.27853215906862816
FOXO6,RBMXL1,0.27852453753010137
ZNF684,OTUD3,0.27833371261321904
NFYC,NBL1,0.27826849678906074
ID3,SNHG3,0.27819869851826184
NFYC,PIK3R3,0.2781833964594409
ZNF691,CCDC30,0.27810675947950464
ZNF684,NFYC-AS1,0.2779461694485279
MTF1,TGFBR3,0.2778678276510405
HES2,LMO4,0.27775047882787424
ALX3,ZNF684,0.2777500869132802
TFAP2E,NIPAL3,0.2776790823059768
ZNF683,MMP23B,0.27766360865628614
NFYC,IPP,0.27760008348804804
NFIA,KIAA2013,0.2773018165054363
TFAP2E,LINC01355,0.2771140980083601
MTF1,SNHG12,0.27708236195694386
ENO1,KIAA0319L,0.2770772978453846
ZNF691,MFN2,0.2770405561650999
MTF1,MRPL37,0.2769942968380931
FOXO6,CTTNBP2NL,0.27698038916539575
TFAP2E,RCC1,0.27674512458034783
RUNX3,KYAT3,0.27673890845249993
ID3,CAMTA1,0.2766576740576751
ID3,LUZP1,0.27662864394867004
HIVEP3,UBE4B,0.2764369578553123
YBX1,UBXN10,0.2764174979012998
ZNF683,LAMTOR5-AS1,0.2763468227658902
HES4,NFIA,0.27628374655311083
POU3F1,RRAGC,0.2762714580083643
RUNX3,RIMKLA,0.27619679308577705
FOXO6,MKNK1,0.2761788872865789
ID3,LDLRAD2,0.2761113528785431
POU3F1,CDC14A,0.27610989632279304
ZNF691,IPP,0.2760819643297289
ID3,GBP2,0.2759814847998696
NFIA,SLC45A1,0.2759400905590387
MTF1,LRRC42,0.2759392284817445
RUNX3,LAMTOR5,0.2758983076899292
HES4,NPHP4,0.275845417561362
NFYC,EXOSC10-AS1,0.2758390923062944
GMEB1,GSTM3,0.2757179297831356
JUN,SH3BGRL3,0.2756149726265846
TFAP2E,BCAR3,0.2755850280443166
E2F2,HPDL,0.2755254444318565
ID3,PRMT6,0.27548978012984143
E2F2,LRRC8C,0.2753943599023241
GMEB1,LINC01725,0.275263928980861
GFI1,HENMT1,0.274999968169841
ZNF691,SELENOF,0.27499917990245387
ZNF683,FUBP1,0.2749986407103354
POU3F1,GNL2,0.27499767262169844
HIVEP3,CDK11B,0.2748016057601487
MTF1,TFAP2E,0.2746387896296645
MTF1,CSMD2-AS1,0.27449223163835795
TAL1,PRPF38B,0.27447319255394426
GMEB1,BSND,0.2744227279225128
GMEB1,ZBTB8A,0.27437457141402966
NFYC,RSPO1,0.27424115885940936
TFAP2E,C1orf50,0.2742349565152247
HES2,RBM15-AS1,0.27421580193631967
NFYC,SYCP1,0.27420772596599463
NFIA,LINC00115,0.2741748705494769
GMEB1,TNFRSF1B,0.27409394767489575
FUBP1,C1QA,0.27405749336866414
GFI1,PEX14,0.2740547845671786
FOXJ3,MMP23B,0.2740129342977164
NFIA,B4GALT2,0.2739932838286308
TAL1,LAMTOR5,0.27397840062431844
FUBP1,GIPC2,0.27395019748521926
ENO1,RAP1GAP,0.27379254431867284
FOXD2,C1orf174,0.2737614157007862
E2F2,SLC35E2B,0.2737575662264866
GMEB1,ZSWIM5,0.2736324626067052
ENO1,LINC01676,0.273540591513232
MTF1,TMEM201,0.2734729050308643
ID3,FBXO42,0.27339204320284727
ID3,AJAP1,0.27327089465992327
ZNF683,GSTM3,0.27325820015484925
HIVEP3,RNF220,0.27322577844750745
FOXJ3,SLFNL1,0.2731549515647464
MTF1,ICMT,0.27297200827873264
GMEB1,LINC01708,0.2729569571314783
HIVEP3,CDA,0.27288738530025775
GMEB1,TAS1R1,0.2728179527857263
PAX7,MORN1,0.27281576014335973
FUBP1,DENND2D,0.27274747799400406
E2F2,PPM1J,0.27267189659361174
TP73,HMGCL,0.2726687690888824
HIVEP3,NDUFS5,0.2724830512956443
ZNF691,MAN1C1,0.27244762703104985
NFIA,KLHL21,0.27230141771307514
E2F2,CITED4,0.2722958842925937
TAL1,ATP6V0B,0.2722645091838826
NFIA,IGSF21,0.27212744406949674
RUNX3,GBP1,0.27209017616295067
TP73,PIGK,0.27192850824877146
GFI1,RHD,0.27190734070178363
HIVEP3,TMCO2,0.27188596848138735
YBX1,PADI4,0.2718485428646315
ZNF683,GSTM4,0.27180418106510884
RUNX3,NOC2L,0.27177515505111266
TFAP2E,TEX46,0.2715130590800735
ZNF683,NOC2L,0.2714365583773964
RUNX3,RBM15,0.2713570276278902
FOXO6,USP48,0.27115381271601946
HIVEP3,DAB1,0.271128742586423
HES4,USP24,0.2710755756063116
ID3,AKIRIN1,0.27105706524434015
ZNF684,P3H1,0.2710406382786704
ZNF684,LINC02780,0.27085746403835564
MTF1,AURKAIP1,0.2705596655715908
YBX1,AGO4,0.2704411753744264
FOXJ3,GNG5,0.2702992082762419
PAX7,AGTRAP,0.27014733252234086
ID3,PRDM2,0.27012323680352107
ENO1,CELA3B,0.27001210678756116
MTF1,DNAJC16,0.26997818476623
HIVEP3,LURAP1,0.2698532861891933
TAL1,CCDC28B,0.2698331111255815
MTF1,KCNQ4,0.26978351008488893
TFAP2E,PLK3,0.2694582603289952
ID3,MTOR,0.2693702755797803
E2F2,LINC01362,0.2692228566012093
HES4,TUT4,0.269075670675085
HES4,RIMKLA,0.2687725273792866
NFIA,GPR157,0.26867115222557136
POU3F1,PRPF38B,0.26862022304869604
NFIA,AGBL4,0.26857586570995484
TFAP2E,SSBP3,0.26845887474196506
GFI1,MED18,0.26844722564507567
FOXJ3,MAD2L2,0.2682903362594253
ENO1,NPPA,0.2682218332391705
NFIA,SRSF4,0.26817983243675203
ZNF684,GCLM,0.2681415347374825
ZNF684,LRRC8D,0.26803438283421804
HES4,STPG1,0.2679987278075633
RUNX3,SPATA21,0.2679668803780968
ZNF684,BSDC1,0.2679450845652608
HES4,HSPG2,0.26774022550300586
ALX3,KCNAB2,0.2676708458200824
GMEB1,CPT2,0.26765189596238165
HES4,SLC30A7,0.26764910673105796
ZNF684,CTH,0.26763359060022796
NFIA,PLPPR5,0.2675477155080678
FOXO6,ABCD3,0.26743376366299654
HES2,LYPLA2,0.26740718205570424
TFAP2E,TUT4,0.2673990251043922
ZNF684,CTNNBIP1,0.26737587732300666
RUNX3,AMPD2,0.26721040776425337
GFI1,RERE-AS1,0.2671948966370616
TP73,HS2ST1,0.26711902058975395
HIVEP3,DPH2,0.26705233640507714
RUNX3,PINK1-AS,0.2669269980395292
GMEB1,ERMAP,0.26688336860783984
ZNF683,GPR157,0.2668687269790829
NFIA,CDK11A,0.2667199335135945
NFYC,CDC14A,0.26659912360581584
GMEB1,SAMD13,0.2664672627907244
PAX7,TMEM69,0.2664397973043213
YBX1,PLA2G5,0.2663370498844458
HES4,BCAS2,0.2663130589620551
NFIA,CLCA4,0.2662976121502714
ZNF683,TM2D1,0.26626252022743085
GFI1,KCNAB2,0.2661510838659387
GFI1,ZMYM6,0.2660565972104658
ZNF691,BMP8A,0.2660381567820374
HES2,SPATA1,0.26597974503686117
ZNF691,PANK4,0.2659498219026556
MTF1,ACADM,0.26592356381799004
GFI1,IFI44L,0.2659030254049722
ZNF683,RBP7,0.2658312467438371
TFAP2E,SLC22A15,0.2657949663527068
TAL1,BTF3L4,0.265776162956559
MTF1,ZSCAN20,0.26575193415508347
E2F2,TNFRSF8,0.26575158000739924
TFAP2E,GPATCH3,0.2656012151655894
GFI1,ANKRD13C,0.26542202506822765
RUNX3,COL9A2,0.2652732824816984
POU3F1,PEF1,0.2652584328062512
ZNF684,GMEB1,0.26509771754195505
MTF1,CC2D1B,0.2650621789174015
POU3F1,CTNNBIP1,0.2650033300832239
NFIA,BEST4,0.2649605583581194
MTF1,FOXD3-AS1,0.2648948653128441
ZNF684,ARID1A,0.26487380279815614
RUNX3,DNASE2B,0.26484512399149707
GMEB1,CROCC,0.2647010068926916
ID3,STX12,0.26464839894102155
GMEB1,DPYD-IT1,0.2644999116230257
POU3F1,UBE2J2,0.2644853381012783
ZNF691,TMEM35B,0.2644717129055839
NFIA,LINC02811,0.2644659425953177
E2F2,LINC01128,0.26443006190368734
GMEB1,PGM1,0.2644270438397775
TAL1,NRDC,0.2643754406228444
RUNX3,SMAP2,0.2642787296968092
FOXJ3,RHD,0.26426680615939413
ZNF684,PADI4,0.26425832343394945
TAL1,MACF1,0.264213596915785
GMEB1,VPS13D,0.26403156974901837
NFIA,MCOLN2,0.2639698637961711
MTF1,DNAJC8,0.2639177155373429
ID3,C1orf216,0.2637787800896773
HIVEP3,JUN,0.26364816453897816
HES4,DPH2,0.2635480188165338
NFYC,TMEM222,0.2634276175659567
MTF1,PARS2,0.2634136499210035
ZNF684,YIPF1,0.2632428851474776
ZNF691,ODF2L,0.26323501479920103
MTF1,DNASE2B,0.2631426797537189
YBX1,NKAIN1,0.26300268328870935
NFYC,IGSF3,0.26290628477915756
RUNX3,PRDM16,0.2628570866370901
NFIA,PRKACB,0.26280873330489185
GMEB1,TTF2,0.2626861504240555
GFI1,FNDC10,0.26264822252949177
E2F2,ECHDC2,0.2626475074725194
ZNF683,CDC42-AS1,0.2625904207267562
NFYC,MKNK1,0.262585986746261
NFYC,BCL2L15,0.2625785448074416
FOXO6,GTF2B,0.26247873752553064
GFI1,ACADM,0.26227222841658493
GMEB1,AP4B1,0.26220833906517976
ZNF691,INPP5B,0.26203108407076137
ALX3,PPT1,0.2617950876394485
FOXO6,KDM4A,0.2617763321865382
RUNX3,SMIM1,0.2617553653927215
TFAP2E,DIPK1A,0.2614625845830109
ID3,LINC01307,0.26130483741250926
ID3,VWA1,0.260971940738
ZNF684,MATN1-AS1,0.2609039571179865
TP73,KIAA2013,0.2607897632254921
TFAP2E,GLMN,0.2607576572549994
ZNF684,SLC35A3,0.2606700247552168
HES2,MYSM1,0.2604752216373647
HES4,LUZP1,0.26035651592862025
GMEB1,CZIB,0.2601807685394596
HES4,BTF3L4,0.2601567056658558
NFYC,CYB561D1,0.26003835824075894
ID3,CDK11A,0.2599957050689117
NFYC,GPX7,0.25976310337898045
GFI1,GBP3,0.25957385388082277
HES4,GPSM2,0.25956514865491775
NFIA,ZMYND12,0.25938708321394294
TAL1,PKN2,0.25922388366035015
FOXO6,TMEM167B,0.25922120485136324
E2F2,ATP6V0B,0.25908901271162593
ZNF684,OMA1,0.25899481743268105
HES4,MCOLN3,0.2589181717028031
HIVEP3,TRAPPC3,0.25887543873220453
FUBP1,LINC01672,0.25881871725807415
HES4,OMA1,0.25879824012642055
ZNF683,ALG6,0.25871503221202274
NFYC,LINC02606,0.2587063217954044
NFYC,TUT4,0.25869840257445936
TFAP2E,AGL,0.2586606143165465
ID3,ZFP69,0.2586117287994824
PAX7,COL8A2,0.25857456545050783
TFAP2E,GPR157,0.25856038482644883
TFAP2E,AHCYL1,0.2584750951977197
NFIA,CDCP2,0.2584611418107013
ZNF683,ZDHHC18,0.2583009411827178
HES2,PEF1,0.25814242930262893
MTF1,CTH,0.25812680836889257
RUNX3,AGO3,0.2580845613841316
YBX1,ARHGEF10L,0.25789730855093823
HES4,PPIE,0.25789717458664524
TAL1,SSX2IP,0.25770233606818505
HES2,PPIE,0.2576487733418338
FOXO6,LCK,0.2576378271109643
HES4,ADGRL2,0.25761134425543875
ZNF683,MIGA1,0.2575516163921325
YBX1,C1orf167,0.25746655067478735
ZNF684,LINC00115,0.2574430581697082
RUNX3,ANGPTL3,0.2574329926987576
ZNF683,ELOA,0.25738143551496623
ID3,CRYZ,0.2572641865832051
TFAP2E,DVL1,0.25724556951536975
RUNX3,SORT1,0.25716217966941607
FUBP1,C1orf141,0.25707476442871147
ZNF684,FBXO44,0.25706010810004953
GFI1,LINC02795,0.25695398991593454
ZNF683,CSMD2,0.2569036009280773
FUBP1,TRMT13,0.2566888217096111
ZNF684,DNTTIP2,0.256382470718164
TFAP2E,KDF1,0.2562758852537159
NFYC,EPHB2,0.25623020164260085
HES4,F3,0.2562172041242226
ZNF684,BTBD19,0.25598448040848554
FOXO6,TNFRSF14,0.2557519597384044
ZNF691,USP1,0.255688773734315
POU3F1,UBE4B,0.25559042358903317
ZNF684,ODF2L,0.25558220988898794
E2F2,GCLM,0.2555390282746665
E2F2,DAB1,0.25547188764887335
NFYC,MUL1,0.25546362946031076
ZNF683,DOCK7,0.25529541210112
MTF1,NBPF3,0.2552570398285338
RUNX3,KDM1A,0.25523167010778053
ID3,S1PR1,0.25512747061185914
TFAP2E,EFCAB14,0.2550635340485155
TP73,RTCA-AS1,0.25493779255964494
NFIA,CD101,0.254901704292277
NFIA,SDF4,0.25468016027118756
HIVEP3,TSPAN1,0.254672504898597
GFI1,TESK2,0.2546456912076375
RUNX3,PRMT6,0.2546157434247334
ID3,AK2,0.25452256187333006
E2F2,PTGFRN,0.2545050482603739
TFAP2E,P3H1,0.2544634881513192
HES2,CLSTN1,0.25445469733676784
HIVEP3,ZRANB2,0.2544402553787311
NFIA,YIPF1,0.25436027955393326
ZNF683,SMAP2,0.254345216288645
GFI1,NFIA,0.25433283169587956
ID3,TMEM240,0.2543188520385475
MTF1,HES2,0.25429431545935927
E2F2,SLC35A3,0.2542151709988572
HIVEP3,AKR7A2,0.2541220594993438
TP73,WDTC1,0.25401437934819593
GMEB1,LINC02780,0.25396534009713334
ID3,FABP3,0.25394720626388695
ZNF684,NIPAL3,0.25392663514893005
E2F2,LINC01409,0.25388824740716953
ZNF684,DNAJB4,0.2538679892895205
HES4,LINC02606,0.2537668101910861
ID3,LINC01762,0.25365604477785053
GMEB1,DCLRE1B,0.25360286728964493
MTF1,HMGN2,0.2535865934347282
NFIA,CSDE1,0.2534203829633422
NFYC,LINC01562,0.2533209048299954
NFYC,PLEKHN1,0.25313315757226534
ID3,NOL9,0.2530289150218451
FUBP1,SLC2A7,0.25286154712911185
ZNF683,PIK3CD-AS1,0.2527937495530799
TFAP2E,ZMPSTE24,0.2527772428946516
TP73,DFFA,0.2526976222721653
FOXO6,RCC2,0.2526553075345585
NFIA,PADI6,0.25256069687580845
ID3,SLC16A1-AS1,0.25253920130782853
HES2,POMGNT1,0.25253188941692845
POU3F1,MIER1,0.2523105535893049
NFIA,SYCP1,0.2522929795241985
NFYC,PUSL1,0.2520150840573606
FOXO6,TMEM39B,0.2518335178507848
YBX1,TIE1,0.2517635228558309
E2F2,ERMAP,0.25175214077337116
PRDM16,TMEM35B,0.251694154818205
TFAP2E,CCDC30,0.25169193398573525
ID3,LINC01409,0.25136260390597825
ENO1,FAM87B,0.2513622167813658
POU3F1,SNIP1,0.25134957315560796
FOXJ3,ORC1,0.25118631137525227
HES4,CCDC18-AS1,0.2510842339478268
ID3,GBP1,0.2510337832864852
POU3F1,AK2,0.25100202949652395
NFYC,RBBP4,0.25091596784379766
RUNX3,PUM1,0.25085400353112086
YBX1,CELA2B,0.25082700205493275
ZNF684,IL12RB2,0.25080729428481785
FOXJ3,HENMT1,0.25072672985727346
POU3F1,PLK3,0.2507193665005052
ZNF691,EPB41,0.2503437929412461
TFAP2E,CD58,0.2502433487830716
FOXO6,KDM1A,0.2501239002731205
MTF1,FAM167B,0.2501051239788781
ID3,LAMTOR5-AS1,0.25004667005163267
POU3F1,OTUD3,0.25002463923857854
ID3,DR1,0.24997926752502542
ZNF683,FNBP1L,0.249916692279319
HIVEP3,MAB21L3,0.24990882545448384
TFAP2E,ACADM,0.24980094283499607
PAX7,RHOC,0.24976903103015666
GFI1,SLC9A1,0.2496238360464758
ZNF691,PIK3CD-AS2,0.24954213429135158
PAX7,CASZ1,0.24953643783778978
NFIA,RUNX3,0.24948049021510416
E2F2,TMEM39B,0.24938577495295655
E2F2,FRRS1,0.24922132664959626
RUNX3,ACOT11,0.249209205881799
ZNF691,FGGY,0.24920272043970856
JUN,PAX7,0.24920179303922316
FOXO6,NIPAL3,0.24918389003361485
GMEB1,LINC02812,0.24896904767978056
HES2,PRXL2B,0.24880990039905979
ZNF683,GMEB1,0.24879881681511323
MTF1,PINK1-AS,0.24876624399179037
ENO1,GPR61,0.24871550403974288
MTF1,GPR153,0.248553747913751
TFAP2E,ATP1A1-AS1,0.24851533350250168
FOXJ3,NFIA-AS2,0.2484699966539341
ID3,DNAJC16,0.24844839960911758
FOXO6,GSTM3,0.24844565281540318
NFYC,TRNAU1AP,0.2484393569980254
NFYC,LINC01226,0.24836075344510994
ZNF683,IFI44,0.24832305796019666
NFIA,TARDBP,0.2482981933088024
YBX1,RCAN3AS,0.24828910430583379
TP73,WDR47,0.2482301579789064
FUBP1,HFM1,0.24819213776949053
POU3F1,VAV3,0.2481795130378541
ZNF684,AK5,0.2480961175061416
FUBP1,EXOSC10-AS1,0.24802361881824972
NFYC,FAM151A,0.24800698956189254
PAX7,SIKE1,0.24799613157838407
FUBP1,IL23R,0.24795035295787404
GFI1,NDUFS5,0.24787838946896562
POU3F1,JUN,0.2478252423610245
HIVEP3,CDCA8,0.24768323643392345
ZNF683,LRP8,0.24761700523958052
HIVEP3,AGO4,0.24753755382427617
RUNX3,MARCKSL1,0.24741218652769031
ZNF683,TYW3,0.24737294359488227
MTF1,RIMS3,0.2472113047172802
FOXD2,ICMT,0.24711510843432255
HIVEP3,DNAJB4,0.24711371084094402
YBX1,NMNAT1,0.24679146947238825
ZNF683,P3H1,0.2467675014454081
TP73,GPATCH3,0.24656245970998925
GFI1,PARK7,0.24643701499630688
POU3F1,KDM1A,0.24632681330856157
GFI1,MIIP,0.24619703769329096
MTF1,ATAD3B,0.24617779091547312
ZNF684,SLFNL1,0.2461776876142263
ZNF691,ZMYM6,0.24612014596564905
TFAP2E,DNAJC8,0.24609465771758426
ZNF684,MAP3K6,0.24608167839658243
NFIA,NECAP2,0.24603827241497528
HES4,PPCS,0.2459382196768038
ID3,LAPTM5,0.24588855417487138
RUNX3,STX12,0.2458087306471774
ID3,CYB561D1,0.24569452556290494
ENO1,CLIC4,0.24561583336929113
TAL1,MECR,0.24557527882761657
GFI1,PLK3,0.24554702643091086
RUNX3,MRTO4,0.24552836343538986
TFAP2E,RBP7,0.24536006740831418
GFI1,UBR4,0.2453476546772869
NFIA,MMP23B,0.2452897891953186
HIVEP3,SERBP1,0.2451620208501146
RUNX3,FAM76A,0.24515092766649152
HES4,SLC9A1,0.24514056355288996
HES4,DBT,0.24510433070125975
ENO1,PTAFR,0.24501969370544627
ENO1,IGSF21,0.24480076400202386
ENO1,CDA,0.24479287380502887
E2F2,ELOVL1,0.2446493532012256
TFAP2E,ARID1A,0.24464256891176975
ZNF683,IFFO2,0.24457083263495563
GFI1,RPL22,0.24453121814376047
MTF1,SYTL1,0.24452231961177956
HES2,GBP4,0.24449926633244234
HES4,MEGF6,0.24445118061958895
ZNF691,RAVER2,0.24438023327779687
ID3,SPATA1,0.24434305284662103
HES4,RRAGC,0.24421114719784145
MTF1,LINC01748,0.24418520446671643
TAL1,RTCA,0.24410154491740696
ZNF684,RNF220,0.24407617319996644
HES2,HDAC1,0.24403650303074206
GMEB1,FAM167B,0.24398375109331255
ID3,BCL2L15,0.2437899218354701
NFYC,RHOC,0.2436509046546807
NFIA,MED18,0.24347302268703966
ID3,AP4B1,0.24345182695806533
FUBP1,PITHD1,0.24332878076550418
NFYC,MAN1C1,0.24331014899165
POU3F1,SPEN,0.2431101068597998
FUBP1,TEX46,0.24290927300348042
GMEB1,IGSF3,0.24285806340793048
NFYC,TOE1,0.24277707726074182
ID3,KCNC4,0.24270408305060923
YBX1,TAS1R3,0.24262128671082042
ZNF684,USP48,0.2424954269033525
YBX1,GPR61,0.24248179769051215
NFIA,HDAC1,0.24246251232729263
YBX1,LRRC39,0.24244536430328362
POU3F1,PDIK1L,0.2424386284401681
ZNF684,EMC1-AS1,0.24231098752327784
HES4,TMEM269,0.24230785667313207
FOXO6,LSM10,0.24230200283538209
FUBP1,INKA2-AS1,0.24223701282472593
ID3,CRYBG2,0.24212978950961886
RUNX3,TTC34,0.2420578101164765
MTF1,BMP8A,0.2419831503210834
HES4,AZIN2,0.24193386962943056
ZNF683,PLEKHM2,0.24174655394316846
HES2,SZRD1,0.2417157783902705
ZNF684,PABPC4,0.24161503335221404
NFYC,LINC01772,0.24160474546643806
RUNX3,NADK,0.24147951833496376
ZNF684,ACAP3,0.24138554533097326
TP73,LAMTOR5,0.24134704381899727
MTF1,ST6GALNAC5,0.24130874830486804
GFI1,LDLRAP1,0.2412803153867776
HES4,ATP5IF1,0.24125829498019968
TP73,TNFRSF14,0.24123628860449556
TFAP2E,LINC01140,0.24123074877058287
ZNF683,PTAFR,0.24083386423382028
MTF1,MCOLN3,0.2407054418562984
YBX1,RAB3B,0.24067499763799774
ZNF691,SPATA1,0.24066508714508872
E2F2,ZSWIM5,0.2405392544527976
FOXO6,TRIM33,0.24041596264342618
GMEB1,LINC01762,0.2403686231752299
PAX7,ZRANB2-AS1,0.24036828231085217
ZNF691,GSTM4,0.240277277566079
NFIA,CTTNBP2NL,0.24027213188053212
ID3,KYAT3,0.24026887540993355
GMEB1,ATXN7L2,0.23999762069794642
HES4,IFNLR1,0.23988763902506322
TFAP2E,UTP11,0.23986845395324546
ZNF684,RSRP1,0.2392694394276133
GFI1,WDTC1,0.23925968830042615
PAX7,SSU72,0.23924674003296745
ZNF683,B4GALT2,0.23908299697292826
FOXD2,CLSTN1,0.23907347281316582
RUNX3,TMEM269,0.23901591615972842
ZNF683,PTBP2,0.23894997551998035
TAL1,HP1BP3,0.238909685047286
ID3,KIAA2013,0.23886849626036408
RUNX3,PLEKHM2,0.2388431944150423
PAX7,FBXO6,0.23883757713205495
RUNX3,PTBP2,0.2387978023512409
GFI1,YRDC,0.2387390953895818
ID3,SMAP2,0.2385685766481408
FOXO6,FGR,0.23847321130209323
ENO1,TESK2,0.23834257186497831
RUNX3,SPATA6,0.23823897004825378
GFI1,FAF1,0.23812975069330625
FOXO6,SNHG12,0.23809997744130726
POU3F1,RSRP1,0.23801711441383508
MTF1,MSH4,0.23801442456079344
MTF1,PLPPR5,0.23798355386727427
HIVEP3,CROCC,0.237928838317405
ID3,TNFRSF18,0.2378704413494805
FOXO6,LINC02785,0.23779649738473957
TAL1,NASP,0.2377417993709806
TAL1,EYA3,0.23773162737633943
FUBP1,FCN3,0.23768393921585615
NFYC,ATP5IF1,0.23763002971878727
PAX7,C1orf50,0.23760963548521125
ZNF684,EPS15,0.23755211700292567
TFAP2E,MTF1,0.23754588280310596
ID3,RNF19B,0.23742965095226853
FUBP1,DRAXIN,0.2370471940855586
TP73,HENMT1,0.23700493199921122
GMEB1,SELENOF,0.23694149300385872
ZNF683,PTP4A2,0.2368031042277833
TFAP2E,JUN,0.2367929954325203
ZNF684,DLGAP3,0.2367639784039833
ZNF691,ZNF683,0.2367420661114052
HIVEP3,PPM1J,0.2366060593485581
ID3,GPR157,0.23649141747314995
HIVEP3,RPL22,0.23643087471025423
POU3F1,MTF1,0.23635131985310942
YBX1,GRHL3,0.23630126573167973
E2F2,NPHP4,0.2362447687341145
ZNF691,LINC01786,0.23623309385830227
FOXJ3,DNTTIP2,0.23610923654788069
HES2,YTHDF2,0.23610535175863065
RUNX3,ITGB3BP,0.23602933511070132
HES4,PANK4,0.23599895308755106
HES4,ZMPSTE24,0.23596398801156543
FUBP1,UBE2U,0.23591853102546861
ID3,ST3GAL3,0.23591524066224084
ZNF684,SMIM1,0.23588572668359298
NFIA,PLCH2,0.23586330442411543
ID3,FAAP20,0.23586212859808653
POU3F1,FOXJ3,0.23582659947025214
E2F2,TGFBR3,0.23559746775384705
MTF1,LINC01676,0.23558207426248445
ALX3,CCDC18-AS1,0.23557357526512937
E2F2,MTF1,0.2354131468672563
ID3,C1orf174,0.23529316442370687
NFIA,ZBTB8A,0.23528680920655365
E2F2,POMGNT1,0.23522547442930242
NFIA,KCNA2,0.2351395780691906
HIVEP3,GNG12-AS1,0.23497796556623457
ZNF691,MAGI3,0.2349204149381922
GFI1,VAMP3,0.2348222322826349
FOXO6,GNB1,0.234683552455005
ZNF691,DNAJC6,0.2345968028143899
FOXO6,AP4B1,0.2345948732836431
YBX1,HOOK1,0.23458481086564062
GFI1,SH3GLB1,0.2344492079179901
GMEB1,HYI-AS1,0.23421126486111246
HIVEP3,FAM151A,0.2342096393349581
TAL1,IFI44,0.2341241305133203
HIVEP3,DMAP1,0.2341113371387058
NFIA,MACF1,0.23407630298100512
FOXJ3,DEPDC1,0.23403213464964367
ID3,GMEB1,0.23393429778135977
YBX1,DAB1-AS1,0.23392279167769925
NFYC,EBNA1BP2,0.23389550779055462
ZNF683,PPP1R8,0.23388864255956826
GMEB1,RPL22,0.23368493690812225
ZNF683,ARHGEF10L,0.23352168337070137
POU3F1,LAMTOR5,0.23348939526329332
ZNF683,ZNHIT6,0.23348824159129344
RUNX3,FUCA1,0.2334226624314971
ID3,KIAA0319L,0.23320343895905177
ZNF691,ANKRD65,0.2330321972727952
ID3,TMEM59,0.23293475451057422
HES2,SLC16A1-AS1,0.23290283213700183
TFAP2E,SLC44A3,0.2328783786174647
E2F2,MEGF6,0.2328651608130217
HIVEP3,ARHGAP29,0.2328217099166555
TFAP2E,ZNF362,0.23277581349045467
GMEB1,KCND3,0.23271051344865798
RUNX3,LINC01562,0.2325471526554587
ZNF684,HIPK1-AS1,0.23248750280034278
NFYC,SPATA21,0.23241581752097706
E2F2,NFIA,0.23241370608903825
MTF1,GLIS1,0.23240017311114883
RUNX3,ZBTB8A,0.23227751138055922
ZNF691,CENPS,0.23224422992476837
ZNF691,SNHG3,0.23213519475738584
ZNF684,SLC35D1,0.23202325461156545
TP73,ARID1A,0.23185062066094636
TP73,SZT2,0.23184200978779437
ZNF683,RBBP4,0.23181935630553163
ID3,STIL,0.23167962059883437
NFYC,TMEM39B,0.23164474368179944
GFI1,RLF,0.2315637482310976
FOXO6,LRRC41,0.2315445314830001
NFIA,ADGRL2,0.23150943034489618
FUBP1,SYTL1,0.2314957639641781
TFAP2E,CYP4A22-AS1,0.23132272360704512
GMEB1,SYCP1,0.2312921622109832
FOXO6,SRRM1,0.23122694911556912
GMEB1,DNAJC6,0.23117255907256734
GMEB1,LRRC7,0.2311555863690792
HES4,HES2,0.2311108131626309
FOXO6,PGM1,0.23108837628178072
ZNF691,PIK3CD,0.23107174515865186
HIVEP3,FNDC10,0.23092922669500193
ZNF683,TAF13,0.23090227675288894
HES4,OTUD3,0.23085159794521198
NFYC,ENO1,0.23079030486863866
HIVEP3,ATP5IF1,0.23062593814281154
ENO1,VTCN1,0.23062035676927237
TFAP2E,ALDH4A1,0.230613875939949
FOXO6,EFHD2,0.23060574709225226
HES4,EMC1,0.23059532213941034
ID3,MACO1,0.2305729310475808
E2F2,SH3GLB1,0.23054063983742162
ENO1,ZYG11B,0.230430327571535
HES4,PRDM2,0.23038265219296564
ENO1,PTPRU,0.23028782045531815
HES2,HIVEP3,0.23026392827062886
TFAP2E,MATN1-AS1,0.23021720769848034
TP73,UROD,0.2300583949294687
MTF1,ZRANB2,0.2300526029092491
ENO1,FOXD2-AS1,0.23003362606838743
ZNF683,LEPR,0.22996901443671303
HES4,A3GALT2,0.22996793943653648
NFYC,TMIGD3,0.2299346819581505
PAX7,AMY2B,0.22984359011865957
E2F2,NEXN,0.22981405501428426
GMEB1,CSMD2,0.22969156340430003
GLIS1,DFFA,0.22963004460616698
E2F2,SYF2,0.2295112027306096
ZNF683,C1orf52,0.22950897110020488
NFIA,GBP6,0.22949508588054596
NFYC,RCC1,0.2294317003347337
NFYC,TMEM269,0.22941311950082377
GMEB1,BTF3L4,0.22933807358414163
GFI1,SASS6,0.22924148253035503
GFI1,EFCAB14,0.22904555225152395
ID3,MTF1,0.22902954749230048
YBX1,DNAJC16,0.2290208284921112
ID3,MAGOH,0.22894501452670823
POU3F1,SCMH1,0.22888486505134878
NFYC,GSTM2,0.22885160419771342
NFYC,CCDC18-AS1,0.22883663729901327
TFAP2E,PNRC2,0.228665471027736
NFIA,CYP4A22-AS1,0.22853522140564983
ZNF691,RCAN3AS,0.2284951517902081
MTF1,ZBTB40,0.22835798116360392
NFYC,MRTO4,0.22823575202055876
ZNF683,BCAR3,0.22808065844655506
NFIA,SMIM12,0.22807884794166458
GMEB1,SPSB1,0.22806500937951102
GFI1,MAGI3,0.2279389980865301
PAX7,STK40,0.2278485604001674
TAL1,TXLNA,0.22782780456943086
GFI1,DPYD-AS1,0.22762732771545854
FOXJ3,MKNK1-AS1,0.22754478427625086
POU3F1,RPS6KA1,0.22741355617841102
ENO1,NGF-AS1,0.22727985999909728
ZNF683,GNG5,0.2271993626984775
GMEB1,LINC02607,0.227192951682026
HES4,SYDE2,0.22717267776480998
HES4,TAF13,0.22716733411872045
ID3,STPG1,0.22708950257375474
ZNF691,DLEU2L,0.22704279644915124
TP73,PRDX1,0.22696803851487754
HIVEP3,TMEM53,0.22682207119405548
ZNF683,JAK1,0.22681019759120596
FUBP1,DNAJC6,0.22677927597635752
FOXO6,AGO3,0.22668360371688545
NFIA,CTPS1,0.22640139854115562
PRDM16,LRRC41,0.22639389011161773
GFI1,UQCRH,0.22632018754580072
TAL1,ATP13A2,0.2263046768178749
FOXD2,KDM4A,0.22624197698064
POU3F1,WDR47,0.22614553681047697
HIVEP3,IGSF21,0.22610498705288554
NFYC,MKNK1-AS1,0.2260635164595889
GFI1,AP4B1,0.2260409394769104
POU3F1,CENPS,0.22595956398053002
HES4,ST3GAL3,0.2259511734419917
ZNF683,RLF,0.2258278010447145
HIVEP3,RPL11,0.22576227569939186
ZNF683,ECE1,0.2256443052300368
FOXO6,RPAP2,0.22562563702106125
ZNF683,STPG1,0.2256209024036767
POU3F1,DFFA,0.22560152534176403
E2F2,GPN2,0.22550261379058234
HES4,ALG14,0.22549799620876534
ZNF691,SLC35E2B,0.2252635036220538
RUNX3,AGO1,0.22521307952398228
GFI1,ZNF436,0.2251996703540226
HES4,SSBP3-AS1,0.22516904790043427
NFYC,HYI,0.22505291899542648
ZNF691,JUN,0.22503404704049346
ZNF683,PPT1,0.22501272188536092
HES4,KCNA3,0.22498309279228995
MTF1,TRNP1,0.2249145588334102
POU3F1,CA6,0.22488570278652215
ID3,LINC01709,0.22487249597926465
MTF1,AHDC1,0.2248641669281097
NFYC,RSBN1,0.22480847489129335
GFI1,NSUN4,0.22478283601094537
YBX1,TCEA3,0.2247657613853428
ENO1,SLC22A15,0.22472374718641344
NFIA,MYOM3,0.2247005919767484
GMEB1,KAZN,0.224684161444003
GMEB1,CCDC18,0.22466663274332763
FUBP1,LRRC7,0.22463715972804837
ZNF683,PUM1,0.22463538487672774
RUNX3,F3,0.2245400620083564
TFAP2E,ANKRD13C,0.22443062542979222
ZNF683,LINC01135,0.2243972883042674
TP73,RERE,0.22439108827560328
FOXO6,DR1,0.22430161859112355
POU3F1,RABGGTB,0.22414833451527805
HES4,LINC01128,0.22411524983228745
TP73,ATAD3A,0.2240968697999085
HES4,MMACHC,0.22404185986458752
ZNF683,NRAS,0.2240018143224377
ZNF684,PITHD1,0.2239101806532867
HES4,PADI2,0.223881884143626
TP73,SNHG3,0.22386070828048968
NFIA,IPO13,0.22385884037036602
ZNF683,DFFA,0.22381550910353942
HIVEP3,MRPS15,0.22380675721234783
YBX1,ZSWIM5,0.2237468713551024
ZNF684,FAF1,0.22367759173576698
YBX1,PIK3CD-AS1,0.22353657660697834
FOXD2,SSU72,0.22348690265608004
GMEB1,ZSCAN20,0.2234156409274226
ZNF683,RTCA,0.2230733460410235
ZNF683,TXNDC12,0.223031157921893
HIVEP3,PLPP3,0.22286865233028197
HIVEP3,CD101,0.22283340547635652
FUBP1,POU3F1,0.2228254777719448
ID3,ELOA,0.22281998979326267
NFIA,ALDH4A1,0.22280943885987148
E2F2,MUTYH,0.22275465983945714
ZNF691,WNT2B,0.22274264950291653
HES4,BCL2L15,0.22273778985818055
FOXJ3,LINC01355,0.2225940616962964
FOXO6,UBE2J2,0.22256155948046605
ID3,LRRIQ3,0.22255384735534642
ID3,SLFNL1-AS1,0.22254265271688295
ZNF684,AP4B1,0.22251721690515702
HIVEP3,SLFNL1-AS1,0.22249046636439634
POU3F1,SLFNL1-AS1,0.22246323383276445
NFYC,NKAIN1,0.22231239906792677
TAL1,MKNK1,0.22225201797949576
FOXJ3,EIF3I,0.2221913105677607
RUNX3,AKR1A1,0.22195462823499085
FOXO6,SLC35D1,0.2218959857430786
MTF1,USP1,0.22188302235142285
FOXJ3,MRPL20-AS1,0.22177610342317702
GFI1,PPM1J,0.22170479691141035
ID3,DFFA,0.22170407380546414
GMEB1,EMC1-AS1,0.2216498719768519
RUNX3,UBXN11,0.22164527601973494
HES4,GSTM2,0.22163736805604436
NFYC,TRMT13,0.22163623827157874
HES2,ZNF644,0.22160146270722667
TP73,ABCD3,0.22156957153183227
ZNF683,NFIA,0.22132325306941247
FUBP1,LINC01685,0.22121926786527216
GFI1,NASP,0.22120419767994612
ZNF684,HTR6,0.2211556018660168
YBX1,MFSD2A,0.22109242703170964
POU3F1,SYF2,0.22101328203698825
NFIA,OVGP1,0.2209093170962628
ID3,HNRNPR,0.22087281090322985
MTF1,STPG1,0.2208336450749847
MTF1,ERRFI1,0.22061830757848272
ALX3,MAP7D1,0.22060015287465468
NFIA,INTS11,0.2205662801005323
TFAP2E,C1orf162,0.2205192265145557
NFYC,ZFYVE9,0.22043505091099472
POU3F1,PIK3CD-AS2,0.22034603950406895
HES4,SERINC2,0.22034104440149047
HIVEP3,ZRANB2-AS1,0.22034090199501552
HES4,DPYD-AS1,0.22032161547324508
NFIA,MOB3C,0.22029780626881182
ZNF684,SDF4,0.2202659810161758
GMEB1,MMACHC,0.22025629352135445
ID3,PUM1,0.22019122804892008
E2F2,MAGOH,0.2200620118028447
NFIA,C1orf162,0.22003588925421025
YBX1,CSMD2-AS1,0.220019577851591
FOXJ3,CZIB,0.21993454662729273
RUNX3,NECAP2,0.2198497742526625
ZNF683,VAMP3,0.21968022558057337
HIVEP3,TXNDC12,0.21963955024928314
POU3F1,GBP3,0.21957884678672446
ID3,AGBL4,0.2195304960395667
HES4,MIGA1,0.2194511278309028
YBX1,LINC01307,0.2193956752459541
GFI1,PTCH2,0.21935018748829196
GFI1,PLOD1,0.21924566645624693
GMEB1,UBIAD1,0.21908531303729256
ZNF684,SLC45A1,0.21903418354556647
HES4,FHAD1,0.21902692121658937
HES4,AGL,0.21890112516334523
FOXJ3,TRIM45,0.21889112691945778
HIVEP3,OSBPL9,0.2186537599232695
FOXJ3,TRIM63,0.21861949282244134
HES2,PKN2,0.21861815560488929
HES4,CTPS1,0.2183658189584787
YBX1,SLC22A15,0.21835480465123924
HES2,EPB41,0.21831713991160312
POU3F1,SLC6A17,0.21829692207618007
FOXO6,NRAS,0.21818424472225278
MTF1,DMAP1,0.21814899884805447
ZNF691,ID3,0.2181283415174518
MTF1,C1orf50,0.21809957580308448
TAL1,EIF3I,0.21804566458203914
TFAP2E,CDK11B,0.21802960328771345
HIVEP3,INKA2-AS1,0.21800955137599543
TAL1,ENO1,0.2179979913623543
HES4,OSCP1,0.21797659817173012
NFYC,PTPN22,0.2179687253377361
ENO1,SLC1A7,0.21781525921137695
HES4,E2F2,0.21772627292869495
POU3F1,HS2ST1,0.21765874577927855
ZNF684,PNRC2,0.21760479595215906
PAX7,MYSM1,0.21759712785274107
RUNX3,SLC25A33,0.2174939069485282
ZNF683,CCNL2,0.21745000842169343
RUNX3,CAMTA1,0.21737596238375784
E2F2,SLC16A4,0.21726731203922475
ID3,TNFRSF25,0.2172366271389109
FOXJ3,SLC16A1,0.21720475931063962
TFAP2E,CZIB,0.21708795872129472
MTF1,GADD45A,0.21707036495883236
ZNF683,KDM1A,0.21706574296849337
FOXJ3,RAB42,0.21696624463667485
ID3,MYCBP,0.2169657852512765
GMEB1,TAF12,0.21679287090651056
ID3,THRAP3,0.21677449115309763
NFIA,MSH4,0.21665554649470045
GFI1,ZBTB40,0.21660953533952773
GLIS1,ZFYVE9,0.2165862385906999
GMEB1,USP1,0.21658181859771794
RUNX3,RLF,0.21639633797168423
HES4,PAFAH2,0.21638299080779713
TAL1,NDUFS5,0.2163486125242537
GFI1,HP1BP3,0.21634162945163618
HIVEP3,DDAH1,0.21627146206550524
ZNF683,LRRC8C,0.21619474171466924
FOXJ3,SYT6,0.2159320676807821
GMEB1,KIAA1522,0.2158159899054628
FUBP1,LINC01357,0.2158041729993267
HES2,KIF1B,0.21574956155139186
ID3,ABCA4,0.21566134915500917
GFI1,PEX10,0.2155077122201454
TP73,AKNAD1,0.21548339630484015
GFI1,CLIC4,0.21547375834336668
GLIS1,CCDC18-AS1,0.21538790764185442
E2F2,LRRC39,0.2152106471375116
ZNF684,DIPK1A,0.21493053251702773
GMEB1,IQCC,0.21485919752095572
RUNX3,CASQ2,0.21482016377226995
YBX1,PTGFRN,0.214704303633633
ZNF691,TPRG1L,0.21469945525800604
ID3,JAK1,0.2145401161266007
HES4,CRYZ,0.214453436236885
NFIA,LINC02574,0.2144441917439618
TP73,YTHDF2,0.214335752238736
NFYC,PRDX1,0.21431028236576344
HIVEP3,SRSF10,0.21424870111445227
ID3,UROD,0.21418369760582426
GFI1,CNN3,0.2141745974292687
ID3,CEPT1,0.21416607992728776
GMEB1,AKR7A2,0.2141554821729384
YBX1,AGTRAP,0.21411804612889873
NFIA,LINC01226,0.2141061050467564
ENO1,PTPRF,0.2140994015251747
FOXD2,NCMAP-DT,0.2138945122634901
TFAP2E,MACF1,0.21386086416383498
FOXJ3,CYP4B1,0.21384600976147755
GMEB1,YTHDF2,0.2137418341213486
HES4,MFSD14A,0.21373056892609338
NFIA,EXOSC10,0.21364777013445405
NFYC,TAS1R3,0.21360094199694885
HES4,ELOA,0.21359930178552453
MTF1,BTBD8,0.21351989026016258
GFI1,RCC2,0.21351705445298635
E2F2,ARMH1,0.21346654846674493
NFYC,GCLM,0.21343520088167822
HES2,MAGOH,0.21340018896391344
YBX1,IPP,0.2133735775830675
POU3F1,TRMT13,0.21329050649877448
MTF1,COL24A1,0.21326935720453957
HES4,PGD,0.2131815365530244
MTF1,PLA2G2C,0.21316120019744922
JUN,ALX3,0.2131541871642671
TAL1,EXTL2,0.21315364353359936
GFI1,JUN,0.21314864407588502
GFI1,RCAN3AS,0.21314151174223428
ID3,IFFO2,0.21313653134345423
HES4,SMIM1,0.21309633928916638
GMEB1,NMNAT1,0.21308414942245485
HIVEP3,GADD45A,0.21298737654830122
MTF1,RPL22,0.21289989017069855
ZNF684,ELOA-AS1,0.2128868224202405
NFIA,CD53,0.2128707339521349
FUBP1,MAN1C1,0.21283825937599188
GMEB1,COL9A2,0.2128355406625912
GMEB1,AGO1,0.21278591615901207
GFI1,CDK11B,0.21273502253432866
RUNX3,GNAI3,0.21272163870877048
GMEB1,KLHL17,0.21266989184227775
ZNF683,CEP85,0.21258165580316588
YBX1,LINC02780,0.21255266408587353
NFIA,LAMTOR5,0.2125170397847392
GFI1,IL12RB2,0.21244384955066042
ID3,PIK3CD-AS1,0.21243102672091285
ZNF684,RLF,0.212416367083668
MTF1,DLGAP3,0.2121775596380983
NFIA,AKR7A3,0.21203395342861323
ZNF683,LRRC40,0.2119250488733973
ZNF684,ZMYM4-AS1,0.21190514339450844
E2F2,LINC02785,0.21189394851341045
TFAP2E,DR1,0.211855805555548
TFAP2E,TXNDC12,0.2118305196797323
MTF1,PRDX1,0.2116954807323804
NFYC,B3GALT6,0.21166277979591205
TAL1,LRRC8B,0.21164368602513328
GMEB1,TRIM45,0.2115766183650127
RUNX3,LDLRAD2,0.21151051910709567
NFYC,CPT2,0.21148243486360058
POU3F1,RCC1,0.21147607572816485
ID3,ZC3H12A,0.2113221509351334
HES2,SYTL1,0.21127398190648408
FOXO6,C1orf174,0.21120203739936538
GFI1,PRKCZ,0.2111812967957592
ZNF691,NOC2L,0.2111804991660843
RUNX3,IFI6,0.2111027332846053
GFI1,JAK1,0.2109251714576762
ID3,SSBP3,0.2108776784675821
HIVEP3,TFAP2E,0.21080222524546663
NFIA,COL24A1,0.21074287242333298
ZNF684,DNAJC11,0.21069685334326524
ZNF683,SVBP,0.21059847397357856
FOXJ3,TRAPPC3,0.21051222358252933
ZNF684,TRAPPC3,0.21048865526266675
FOXO6,SLC35E2A,0.21046013098464333
ZNF691,CAMTA1,0.210370460592826
E2F2,MKNK1,0.21035574594007947
HES2,ATAD3A,0.21031769483954194
ZNF691,SPATA21,0.21025366424031777
GMEB1,GBP7,0.2099888056889023
YBX1,LINC01685,0.20993307573487063
NFYC,MSH4,0.20969963227351773
FOXO6,EIF3I,0.2096978697344329
ZNF683,STXBP3,0.209695599509871
POU3F1,DENND2D,0.20960577938175348
PAX7,SPATA1,0.2095770211394099
ZNF691,AKR1A1,0.2095406719848396
NFIA,RRAGC,0.20948887907896716
ZNF683,SPEN,0.2094686508437648
FOXO6,RSRP1,0.2093780343490494
GMEB1,FNDC10,0.2093543318560486
FUBP1,LINC02810,0.20916139690613078
ZNF691,TMCO4,0.20905192910054018
FOXD2,ZNF326,0.20894145187165492
HES4,POMGNT1,0.20884876724704682
FOXJ3,PLA2G2C,0.2088434454786019
RUNX3,PKN2-AS1,0.20880873497785704
MTF1,CACHD1,0.20878305383019582
TFAP2E,LINC01389,0.20875561684292634
ZNF684,TESK2,0.20869597409435992
ID3,GSTM1,0.20864485657424767
NFIA,LRRC47,0.20862106084086288
GFI1,RPL5,0.20859149892572468
ZNF683,UBXN11,0.20855276493766753
NFIA,INKA2-AS1,0.20853631939776823
MTF1,LINC01756,0.2084406087431779
NFYC,PLA2G2D,0.20842271700090562
ZNF684,AMPD2,0.20840518484080517
RUNX3,LRRC7,0.20837110143123208
NFIA,RBBP4,0.2081873203812683
ZNF691,NOL9,0.2081576509184939
NFIA,GSTM1,0.20815405962918426
FOXJ3,C1orf141,0.2079914269081224
FOXD2,PATJ,0.20775801939837757
NFIA,DRAM2,0.2077495017272512
MTF1,GNG12,0.2075509405342108
RUNX3,LINC01226,0.20755068359005588
TP73,DDI2,0.20754395105138987
ZNF684,MOV10,0.2075355966737582
ZNF691,CASZ1,0.20748342447498597
GFI1,LRRC8C,0.20733749303953147
HES4,DCDC2B,0.20731731908096288
E2F2,UBIAD1,0.20727356692964516
NFIA,CD52,0.20722788297809167
HIVEP3,LINC02801,0.20718609322008427
RUNX3,FYB2,0.20718452573864823
ID3,RIMKLA,0.20704376033447489
GMEB1,PRKACB,0.20700396928589723
NFYC,KIF2C,0.20700039848958648
TFAP2E,WDR77,0.20684332169010874
GMEB1,MUTYH,0.20678727785679454
TAL1,PHC2,0.206732442103859
GMEB1,SIKE1,0.20665484764795625
GMEB1,BEST4,0.2065401286257707
ZNF684,YTHDF2,0.2064808983709185
MTF1,SERINC2,0.20643642335898818
GFI1,NTNG1,0.2064165083922035
ID3,C1orf122,0.20624794919212752
POU3F1,LRIG2,0.20620741979101298
ZNF684,ZNHIT6,0.20613494257140075
GFI1,SLC22A15,0.20604750226485163
ZNF691,STRIP1,0.2060422096089237
E2F2,KIAA1522,0.2059678499792315
PAX7,MIB2,0.20586620746943238
FUBP1,LCK,0.2058141767466831
MTF1,ZCCHC17,0.20579395012738907
ID3,HIPK1,0.20576673355952285
ZNF683,EVI5,0.20574098128719767
E2F2,DBT,0.2056653044913442
ZNF691,CDK11A,0.20565395868418357
YBX1,AGL,0.20557411756732674
ZNF684,ZNF644,0.20556449706637744
ID3,SYF2,0.20556242320240617
POU3F1,FUCA1,0.20552931213515827
TFAP2E,BSDC1,0.20544412136204418
MTF1,MTF2,0.20541840131975958
TFAP2E,NPHP4,0.20524618566078826
GLIS1,RSBN1,0.20509182957198646
RUNX3,KAZN,0.20508923597600145
ID3,SFPQ,0.20492809501054793
ENO1,COL11A1,0.204865672234543
NFIA,ST3GAL3,0.20470613094161214
HES4,DDI2,0.20469571930478403
ID3,TEX46,0.2045645852109545
ZNF683,ZFP69,0.2044749305550161
ZNF683,FAM76A,0.20444497306243903
TAL1,TARDBP,0.20443516686794952
GMEB1,GPSM2,0.20441955760964092
POU3F1,H6PD,0.2042249147941004
POU3F1,RWDD3,0.2041059209377502
YBX1,FAM87B,0.20410409540923485
HES4,LINC02811,0.2041017152116166
ZNF691,WDR47,0.20401380824655516
MTF1,TMEM35B,0.20398412510582742
HES4,MPL,0.20390979446741506
GMEB1,MSH4,0.20387308141296936
FOXO6,MIGA1,0.20384324150084782
FUBP1,ENO1-AS1,0.20373444675011992
NFIA,C1orf174,0.20348847050840888
HES4,ZNF436,0.20339930348677152
ZNF684,PHTF1,0.20337193963900516
GFI1,IPO13,0.20330920350921808
FOXJ3,SASS6,0.20327839783605173
GFI1,AGBL4,0.2032157021703553
POU3F1,LINC01765,0.20312014020261676
ZNF683,THRAP3,0.20303885120408383
FOXO6,AMY2B,0.20301303426112172
HES2,USP24,0.20299368610300836
HES4,CAMK2N1,0.20299140609507005
GMEB1,CCDC18-AS1,0.20295722658573204
ZNF684,MIER1,0.20293610915016796
RUNX3,FNDC5,0.20293350894068962
FOXD2,TNFRSF4,0.20287544242804353
FOXO6,LRRC39,0.2028455183506258
NFIA,RPL11,0.2027183069594835
RUNX3,HFM1,0.20269522962283873
MTF1,NFIA-AS2,0.20266383225985293
FOXJ3,LINC01140,0.20259033058641168
HIVEP3,PTPRF,0.20255290805476703
YBX1,GNG12-AS1,0.20250254047175364
NFIA,CCNL2,0.20249332039799084
FUBP1,ORC1,0.20238011997868285
GFI1,CD52,0.20230141936188176
TP73,MICOS10,0.2022761503974587
GFI1,EMC1-AS1,0.20220112912316388
GFI1,RNPC3,0.20216728758764144
NFYC,SPOCD1,0.2021366219540707
HES4,CCDC28B,0.20206250259001227
TFAP2E,CASP9,0.20204228889596196
GFI1,EPHX4,0.201960418200756
NFYC,RPL5,0.20189729867222317
GFI1,CCDC18-AS1,0.20184529231168197
ZNF691,TNFRSF14-AS1,0.201810160578678
NFIA,ZNF691,0.20178605155191964
ZNF683,RPS8,0.20153594561805885
MTF1,PLEKHG5,0.20152035232731588
E2F2,FBXO42,0.2014217020916515
TAL1,MRTO4,0.20137969220965682
E2F2,PGD,0.2011455072374395
NFYC,RAD54L,0.2011063143380323
FOXD2,MAD2L2,0.20108538122350145
JUN,MCOLN3,0.20108206468592763
E2F2,AK4,0.20104480572611705
NFIA,LRRC40,0.20091914088852805
HIVEP3,MYBPHL,0.20091203573062308
PAX7,GSTM3,0.20076536025736613
E2F2,PINK1,0.20074547509825535
TFAP2E,SPATA1,0.20066902598128925
MTF1,MED8,0.20064421689384443
YBX1,AMIGO1,0.20061328980470255
FOXJ3,FBXO6,0.2005968487697061
MTF1,TMEM39B,0.20058359903644607
ZNF691,HNRNPR,0.20057378044179688
RUNX3,ABCA4,0.20050517238406532
MTF1,ATPAF1,0.2004914202450897
GFI1,MACO1,0.20044844114367158
NFYC,SCNN1D,0.20040087003836182
PAX7,SSBP3,0.20034528209992822
GFI1,CACHD1,0.20034259802551665
ID3,TRIT1,0.2002878112923403
ALX3,ZBTB40,0.2001912314494877
TFAP2E,ALG6,0.20009438849076586
FOXJ3,PSRC1,0.20004077633174497
NFIA,THAP3,0.20002232575453172
ZNF683,GPBP1L1,0.19996859180572316
ZNF684,SH3GLB1,0.19991150970291752
MTF1,TAS1R3,0.19987236404493333
TFAP2E,TAF13,0.19986878951214512
GFI1,SRM,0.19981977543857699
HIVEP3,MUL1,0.199797512385622
FOXO6,LYPLA2,0.1997592320689093
HES2,EBNA1BP2,0.19972908177968277
ID3,ATP5PB,0.19969176588118645
MTF1,C1orf167,0.1996835213744683
ALX3,SLC9A1,0.19947783581557615
RUNX3,DFFA,0.19937859169247105
GFI1,SMIM12,0.1993607905420541
NFYC,SZT2,0.19925629978916193
MTF1,MYCBP,0.19924837972809806
TFAP2E,CPTP,0.19917972928523334
TFAP2E,SKI,0.19917958576385758
GFI1,ATP13A2,0.1991449206958475
ZNF683,MRTO4,0.1990210578289901
ZNF684,DENND2D,0.19894396582551688
ZNF684,SZRD1,0.19884405863236349
E2F2,TRMT13,0.19881834240871357
NFIA,FAF1,0.19872364714750285
GMEB1,GPX7,0.19868431085662397
TAL1,AKR7A2,0.19867448758861184
HES4,CC2D1B,0.1985668127269882
RUNX3,LRRC38,0.19855587193142202
TFAP2E,TMEM50A,0.19854666369249538
TFAP2E,NDUFS5,0.1984781119328758
GMEB1,TIE1,0.1983666108096244
NFIA,PSMA5,0.19829964906350755
MTF1,C1orf174,0.19829318444718227
GFI1,THRAP3,0.19804031494681773
HES2,IPP,0.1980150103520409
GFI1,ERMAP,0.1979596398874569
E2F2,ZMYM6,0.19795850928170994
TFAP2E,WRAP73,0.19783983267108013
ZNF684,ZMYM4,0.19773043517021066
FOXJ3,RNF220,0.1976277795975708
ZNF684,KCNAB2,0.197571799134699
ZNF691,NEXN-AS1,0.19754966093904308
FOXO6,HS2ST1,0.19752649685752002
PAX7,SNHG3,0.19737888018328864
HES4,TENT5B,0.19717805974368643
TP73,TUT4,0.19715313340437474
GFI1,PIK3R3,0.1971460972275297
ZNF683,VAV3-AS1,0.19712344367311724
HES4,MMP23B,0.19710811398035932
TAL1,EIF2B3,0.19708911673516016
GFI1,MOV10,0.1969725779441314
ID3,LYPLA2,0.1969412691112393
HES2,CDC14A,0.19656778488057525
FOXJ3,TSPAN2,0.19654970083527556
MTF1,MANEAL,0.19654296902206253
TFAP2E,DAB1,0.1965196821199486
ID3,H6PD,0.1965077806336792
FOXJ3,CDKN2C,0.19646292709103164
ID3,FGGY,0.19640886619022047
NFIA,SMAP2,0.19632289399480968
GFI1,PTAFR,0.1962536817499551
HES4,CELA2B,0.19622222058255437
NFIA,RPA2,0.19620392444802656
NFYC,GRIK3,0.1961032631064712
ID3,DDX20,0.19607252745875378
ID3,LINC01342,0.1960553833173223
ZNF684,SMAP2,0.19603293809367203
JUN,PRDX1,0.1960289860293137
ZNF691,BTF3L4,0.1960091057754838
NFIA,MATN1,0.19598499890555593
YBX1,GJA9,0.1959847314778434
ID3,UBXN11,0.19586246131037924
NFYC,LINC01756,0.19579607582372327
FOXJ3,VTCN1,0.19574398508820776
FUBP1,FOXD3-AS1,0.1957215710427858
ZNF683,IFI44L,0.19569234112111855
HES2,ELOA,0.1956626672313709
FOXJ3,LURAP1,0.1956165707105524
MTF1,TTC22,0.19551100650050732
GMEB1,STMN1,0.19544545224384127
HES2,MFSD2A,0.19532124253723013
TP73,HIPK1,0.19523818747023275
NFIA,LAPTM5,0.1952058504643111
HES4,RPL11,0.19514426158155854
ZNF684,ST6GALNAC3,0.19512166972483422
GMEB1,UQCRHL,0.1951058845466783
NFYC,PLPPR5,0.19495931845602332
HES2,FBXO44,0.19495725662900534
MTF1,OTUD3,0.19491053609609554
TFAP2E,FPGT,0.1948894864785699
ZNF684,TMEM59,0.19464324918970868
ZNF684,CCNL2,0.19461062223575498
ZNF684,CASQ2,0.1945745789455981
HIVEP3,DDOST,0.19451678123717656
ZNF684,WASF2,0.19451491474664503
FOXO6,CEP104,0.19446821060713135
MTF1,CELA3A,0.19441801058506195
MTF1,HFM1,0.1943151088818851
TAL1,NFYC,0.19427425709458535
E2F2,DENND2D,0.19427073483842414
RUNX3,ALPL,0.19426088508901498
RUNX3,AUNIP,0.19415296922029562
YBX1,AMY2B,0.1941509191662933
GMEB1,CDC20,0.19408938561553013
GFI1,GPATCH3,0.1940350023271717
NFIA,MFSD14A,0.1938765905299751
HES4,ALDH4A1,0.1938021218690394
E2F2,ALG14,0.19375349214196752
MTF1,SLC16A4,0.1937365080860598
E2F2,WDTC1,0.19372302768258276
NFIA,CYB561D1,0.1935765654514058
ZNF691,PPIE,0.19349929986586176
TFAP2E,FUCA1,0.1934300299394369
TFAP2E,SMPDL3B,0.1934104227339824
FOXO6,PATJ,0.19312674131114035
E2F2,ZMYND12,0.19294452421846348
NFIA,NEGR1,0.19290501831012807
NFIA,SCP2,0.1928823290879191
NFYC,GMEB1,0.192837840576215
NFIA,EPHA10,0.19283052312528717
FOXJ3,KIF2C,0.19272469683342475
GMEB1,HES2,0.19266892199695804
ID3,BCL10,0.1924958254596356
MTF1,GBP7,0.19246389732100383
TFAP2E,TMEM222,0.19241010206432277
NFIA,DPH5,0.19237194097257967
GFI1,HECTD3,0.19231840942812176
TFAP2E,NCMAP-DT,0.19230043005300812
ZNF683,PEX14,0.19219204814151727
FOXJ3,NCMAP,0.19208665675894465
TP73,SF3A3,0.192060637474046
E2F2,SLC45A1,0.1920525851374862
FOXO6,DDI2,0.1920513549144659
HIVEP3,PAX7,0.19194356805017854
TAL1,TRIT1,0.1918779182514821
PAX7,DFFA,0.19173615693508678
GFI1,KIAA0319L,0.19166481660459556
TFAP2E,PTBP2,0.19160711916363413
ZNF691,SZT2,0.19160508790580194
ID3,TMEM50A,0.19142795338246232
GFI1,TMED5,0.19142732392379383
ZNF683,NSUN4,0.19133626961972416
ZNF684,GLMN,0.19127304491208644
FOXJ3,PLPP3,0.1912277510439769
ID3,NFIA,0.19109486924011967
NFYC,COL24A1,0.19106319867782953
TFAP2E,PEF1,0.1910413001237739
NFYC,NCDN,0.19073782057462224
NFYC,KDM4A-AS1,0.19061028113539688
ENO1,NCMAP,0.1905962984132989
MTF1,SLC35E2B,0.19049847204486503
FOXJ3,TTC22,0.19045433082902005
HES2,NRAS,0.19033814879351424
TFAP2E,IFFO2,0.19032181687584707
ZNF691,MACO1,0.19031674124179318
ZNF683,SLC16A4,0.19031422110741422
GFI1,LRRC41,0.1902290903944283
TFAP2E,S1PR1,0.1902277289193101
GMEB1,HENMT1,0.19021681865391768
HIVEP3,SLC22A15,0.1899688759276203
NFIA,PATJ,0.18988204990849533
FOXJ3,EPHA10,0.1898532016062981
GMEB1,CCNL2,0.18984549978258
NFIA,LINC01359,0.18984468158221923
MTF1,LINC01672,0.18971924085964498
GLIS1,GTF2B,0.18971560419520872
YBX1,C1QC,0.18957975066089536
NFYC,TMCO2,0.1895604252188052
ENO1,VWA1,0.18947302515735087
E2F2,IPP,0.18937534211044324
E2F2,AKNAD1,0.18936205985142507
TP73,B3GALT6,0.18932953605423947
RUNX3,PGD,0.18925607945482303
HES4,PADI4,0.18922098211064717
NFIA,CLCA1,0.18920046581568298
FOXO6,EPB41,0.18910092348239513
E2F2,CAMTA1,0.18907141767151964
E2F2,OSBPL9,0.18899279872234567
JUN,NGF,0.1889614842717479
ZNF691,RPL5,0.18890809772328193
NFYC,TAL1,0.18886262301850643
GFI1,LINC01389,0.1888439570803985
GMEB1,CAMTA1-DT,0.188826938206174
NFIA,YTHDF2,0.18878031837272705
E2F2,ZRANB2-AS1,0.18870790513936547
HIVEP3,SAMD13,0.18862045542570044
E2F2,ST6GALNAC3,0.1885960703728995
GMEB1,ROR1,0.18846961079475597
ALX3,WNT2B,0.18845878124622878
FUBP1,PADI4,0.18823673932213372
ZNF683,FBXO6,0.18822992316705395
ZNF684,B3GALT6,0.18817567018105452
GFI1,ZRANB2-AS1,0.18806398493521545
TFAP2E,RCAN3AS,0.1880456246593383
MTF1,CCDC30,0.18803620075508493
FOXJ3,MED8,0.18801698057381597
HIVEP3,EXTL2,0.18800263069458453
MTF1,KIF17,0.18799631861037877
NFIA,SPSB1,0.18796009408076075
ZNF684,ZRANB2,0.18793120663370527
NFIA,LPAR3,0.18765711163911677
FUBP1,SCNN1D,0.18763014800731365
GMEB1,CPTP,0.18758245805882656
ZNF691,TRIM33,0.18751538423745306
MTF1,MPL,0.18751307390276617
MTF1,TNFRSF18,0.18735519665251588
GFI1,CTPS1,0.1873326219235631
TFAP2E,TMEM69,0.18730124387801747
NFYC,LDLRAD2,0.18729081720077725
HIVEP3,ADORA3,0.18724900325133767
POU3F1,THAP3,0.18708537743777887
TFAP2E,IFI44L,0.18701665879678173
ZNF691,ZBTB8OS,0.18695515636980056
NFIA,FBXO6,0.18694554098126862
PAX7,HS2ST1,0.18693306757378292
ZNF683,UROD,0.1869127957330804
ZNF683,NEGR1,0.1868554457906908
HES4,ATP5PB,0.18678341210255966
ZNF691,KIAA1522,0.1867567740400116
HES4,LRIG2,0.18671702780294605
GLIS1,PLEKHM2,0.18669586235041305
FUBP1,MMP23B,0.1864954783955719
POU3F1,USP33,0.18638607369902446
GMEB1,LINC01356,0.18636239640566066
YBX1,IGSF21,0.18628398374036892
GMEB1,SLC5A9,0.18590516819425992
TFAP2E,UROD,0.1858944379344125
ZNF683,DHRS3,0.18580929981603114
GMEB1,CELA2A,0.1857133298379337
GFI1,RSBN1,0.18569435023825898
ID3,DDOST,0.18568684828699356
TFAP2E,ARHGEF10L,0.18562080430468797
POU3F1,CAMK2N1,0.18554458673082705
TFAP2E,SLC66A1,0.18536771647437472
NFIA,LINC01765,0.18534515143882918
HES4,LRRC8C,0.18533718559304532
ID3,PNRC2,0.18531786277178308
TP73,AKR7A2,0.18525677602445884
ID3,CPTP,0.18523090960214203
GFI1,LINC01226,0.18522860915035017
NFYC,PTBP2,0.18517374937743497
FOXO6,TMEM35B,0.18517122441557204
ZNF684,CEP104,0.18510393268035324
NFYC,AJAP1,0.18509637409632315
NFIA,LINC01781,0.18507422845704516
TFAP2E,INTS11,0.18501660983069745
HES4,SELENON,0.1848644009137404
FOXD2,ADGRB2,0.18484097626094795
GMEB1,EXTL2,0.18468285011332092
GFI1,ATAD3A,0.18467295604308842
NFIA,TEX46,0.1845800496081219
ZNF691,GBP5,0.18456951438473262
FOXD2,LRIG2,0.18453963159355175
FOXO6,RCAN3AS,0.18436524888863207
TAL1,JUN,0.18435896941236812
HES4,NSUN4,0.1843032196256774
GFI1,SLC25A24,0.18427094713055606
ID3,ANGPTL3,0.18426985972513957
ZNF691,LYPLA2,0.18408461183484207
NFYC,KHDRBS1,0.1840217352952467
ZNF683,LINC02785,0.1840046271627452
ZNF691,GLMN,0.1839617515256567
ID3,TMEM53,0.18387633426848693
TFAP2E,IPO13,0.18375823160208027
FUBP1,NGF-AS1,0.18373992288564134
POU3F1,HIVEP3,0.18373396095820066
ZNF691,PSMA5,0.1837213807915857
NFIA,HIPK1-AS1,0.18357713468274414
GFI1,NCDN,0.1835454926299003
ID3,ACOT11,0.18354133216053084
ZNF691,POMGNT1,0.1835024547212914
RUNX3,MIER1,0.18348443768826447
NFIA,GPR153,0.18337971313042614
HES2,NADK,0.18332888552637894
HIVEP3,DCLRE1B,0.18332159853425323
HES4,CITED4,0.18328353826434204
ID3,SLC30A7,0.1832589980481666
FOXJ3,TGFBR3,0.1831223936738587
TP73,MACO1,0.1830465716111684
ZNF691,SMIM12,0.1830280106080791
MTF1,PHF13,0.182853281196311
ID3,IPO13,0.18281605312909335
TFAP2E,DIO1,0.1827614760802349
NFIA,AURKAIP1,0.18275872338070187
NFIA,GMEB1,0.18267273506285134
NFIA,NDUFS5,0.1826659865916066
FOXO6,IFI44L,0.18253384750677612
TAL1,SNHG12,0.1824820444938496
ZNF684,PGM1,0.18233643983089184
MTF1,B3GALT6,0.18223761036122196
HES4,SIKE1,0.18197355087994305
NFIA,MTOR-AS1,0.18187740658607246
ID3,FAF1,0.1818761277117594
NFIA,PLOD1,0.18178207031345736
NFIA,SRSF10,0.18177286761789171
MTF1,RCC1,0.1817618553318844
ZNF684,DOCK7,0.1817518634712774
MTF1,GJA9,0.18162660843373304
RUNX3,AMY2B,0.18162576844486117
ID3,ARMH1,0.18151888954600184
TFAP2E,NOL9,0.1814561943688021
ZNF684,VTCN1,0.18133323268814974
ZNF683,LRRC41,0.18121021180972605
NFIA,GFI1,0.18119183515943948
HES4,RPS8,0.181183063104178
NFIA,HIVEP3,0.18113186685426852
ZNF683,SDHB,0.18099621312186534
PRDM16,TRNAU1AP,0.18095206037728748
ID3,EXTL2,0.18089143101525915
FOXO6,LMO4,0.18068300907797497
E2F2,LRRC41,0.1805490070710146
ZNF684,GPN2,0.18053818488929285
HES4,BCAR3,0.18039085019921516
HES4,SRSF10,0.1803803383172506
GMEB1,FYB2,0.1802300067663644
ZNF684,POU3F1,0.18017803085442186
HIVEP3,TXLNA,0.18008676110268063
RUNX3,CTTNBP2NL,0.18004123933028832
NFYC,HCRTR1,0.18002370398172832
PRDM16,TNFRSF25,0.1799709109342993
ZNF684,CMPK1,0.17994419834618422
TP73,AHDC1,0.17987268301911727
TFAP2E,S100PBP,0.17982878317960402
POU3F1,TPRG1L,0.17980103582137816
HES4,WDTC1,0.17978720196690198
HES2,CD52,0.1797755730511678
HIVEP3,PADI4,0.17956649526934282
PRDM16,SLC35A3,0.1794697359101894
NFIA,PARS2,0.17944726077230744
HIVEP3,EPHA10,0.17941768294328136
PAX7,LRRC8C-DT,0.17940027822591087
YBX1,NCMAP-DT,0.1793905045553021
GMEB1,GRHL3,0.1793836635392609
GFI1,NPPA,0.17925121956003648
FOXO6,CDC14A,0.17924545745714315
ZNF683,EIF4G3,0.17920598000536125
RUNX3,WRAP73,0.17920208120577336
MTF1,LINC02810,0.17917207513579306
TFAP2E,CAMK2N1,0.17909664373975168
RUNX3,CCDC27,0.17896213331509642
ZNF691,IFNLR1,0.1788532414013128
MTF1,LINC01356,0.1788472538684977
YBX1,GPR3,0.1787646240134572
TAL1,EBNA1BP2,0.17873806473573026
GMEB1,WDR47,0.1787180270700809
GMEB1,PSMA5,0.17849261429824867
TFAP2E,ACOT7,0.17848631918105054
FOXO6,STXBP3,0.17846506961652311
NFIA,LINC01672,0.17829926274649174
ZNF691,SESN2,0.17823730349922995
MTF1,PTGER3,0.17822712244385924
ZNF683,GSTM2,0.17821221388793465
ZNF683,SERBP1,0.1781896375567545
GFI1,CDK11A,0.1781683098880377
HES2,ATPAF1,0.17814944557683188
ID3,SRARP,0.17813664924231162
TFAP2E,LINC01685,0.1780468317293664
RUNX3,LINC02238,0.17801380113772194
TP73,SRSF11,0.1779018884066403
NFIA,VTCN1,0.1778024059496524
E2F2,MAST2,0.17769500959251497
HES4,GPR61,0.17762962122734616
FOXO6,PRKCZ,0.1776290826248909
YBX1,MIR34AHG,0.1776064077486226
RUNX3,GNG12-AS1,0.1776048314563191
FOXO6,ECHDC2,0.17755245988216156
TFAP2E,CEPT1,0.17749242887781178
ZNF683,BTF3L4,0.1773468712463015
HIVEP3,SLC45A1,0.17726362587384545
ID3,ZNF362,0.1771240764093877
NFIA,RAB42,0.17704100463866956
MTF1,ATP13A2,0.17703485655027312
GMEB1,DAB1-AS1,0.1770288809115291
NFIA,TUT4,0.17702886242308605
ENO1,AUNIP,0.17697484578307981
MTF1,MICOS10,0.1769388464598259
FOXO6,TTC4,0.17693435338200345
TAL1,BTBD8,0.17692892206425645
HES4,HENMT1,0.17678243950054268
MTF1,SLC35D1,0.1766745272342147
ID3,CD58,0.17667330607220053
ZNF684,KDM4A,0.17651348033518055
ID3,GFI1,0.1765041319874982
ENO1,MYOM3,0.17645369935562238
E2F2,GPR153,0.1764468758661915
ZNF683,TCEANC2,0.17641679739605456
ZNF683,CAMTA1-DT,0.1763453733276768
ZNF683,TARDBP,0.17627825212690543
GFI1,RCC1,0.1762443504599357
PAX7,CDK11B,0.17616021692645473
PRDM16,AK2,0.17600472613417842
ZNF683,SLC35E2A,0.1759699516620566
ZNF684,EIF2B3,0.1759627036556113
FOXJ3,SCNN1D,0.17587935225567516
TP73,E2F2,0.17586600955618636
TP73,TTC4,0.1758511472697532
PAX7,DENND2D,0.17577348068111712
NFIA,CDC20,0.1757401773532059
FOXD2,KYAT3,0.17573049621426973
FOXO6,TTF2,0.1756910943380735
ID3,LRRC41,0.1756250272319285
ENO1,UBE2U,0.17559591825163012
NFIA,ECHDC2,0.17559377541828952
POU3F1,MARCKSL1,0.1752892717158091
TFAP2E,SRSF10,0.17517668456169777
ZNF691,PRKACB,0.17513266878400519
TFAP2E,SFPQ,0.174948960932189
TAL1,FGGY,0.17491726121522422
PAX7,PARK7,0.1749039866684473
HES2,RPAP2,0.17475822624276804
ID3,TTC39A-AS1,0.1746775108465599
FOXO6,LRRC8D,0.1746555792692706
ID3,UBR4,0.1746039377754004
ZNF683,ZYG11B,0.17458042274948796
NFIA,JAK1,0.1745557769879824
HES4,VWA5B1,0.17452515817450248
ZNF684,NOC2L,0.17451383177957372
TFAP2E,MYCL,0.17438897336971576
E2F2,PLEKHM2,0.1742206063620487
TP73,SYNC,0.1741757647342745
GMEB1,ERICH3,0.1741523454598939
GMEB1,TTC22,0.1740126200258163
HES4,TRMT13,0.173963753752138
ZNF684,NECAP2,0.17395015447532752
GFI1,CA6,0.1739077531371184
FOXO6,TMCO4,0.17389365588475295
GMEB1,ST6GALNAC5,0.17385742192448403
GFI1,PRMT6,0.17384106445382108
ZNF684,VAV3,0.17377088968953497
HES2,LZIC,0.17376623051818862
ZNF683,CZIB,0.1737026110686527
ZNF683,H6PD,0.17360400750502425
TP73,CZIB,0.1735655074530046
ZNF691,TAF12,0.17355692343525222
POU3F1,CCDC18-AS1,0.1735227946806732
HES2,MIB2,0.1735206833796988
ZNF691,SVBP,0.1734728018829817
FOXO6,RNPC3,0.17345116652790055
NFIA,SLC35E2A,0.17331134588890745
GFI1,FAAP20,0.1732705428124498
GFI1,FAM229A,0.17321938707921425
TFAP2E,CROCC,0.1731877010782324
RUNX3,OPRD1,0.17313350327316895
HIVEP3,S1PR1,0.17310167666037618
HES4,TTC39A-AS1,0.17307651847697214
ZNF683,NECAP2,0.1729960550473181
ZNF683,HIPK1-AS1,0.17295909583593871
RUNX3,LAPTM5,0.17294728306561163
ENO1,IFI44L,0.1728558691767432
YBX1,BEST4,0.17283659529478734
NFIA,AP4B1,0.17271854849660756
FOXO6,PKN2,0.17266115302392712
ZNF684,SFPQ,0.17265812575677328
FUBP1,AGMAT,0.17253576253812025
HES4,VWA1,0.17251757015663316
NFIA,DENND2C,0.17239541206088013
GFI1,SHISAL2A,0.1723735234606594
HIVEP3,LINC01144,0.17225812154566392
RUNX3,LRIF1,0.1722473358794496
TAL1,ST3GAL3,0.17223332868501284
ZNF683,KIAA2013,0.1722153963691893
POU3F1,ZBTB17,0.1721753564311542
ID3,PUSL1,0.17215245823555206
ZNF684,ZMPSTE24,0.17206005329563676
ALX3,EXTL2,0.1720523390344376
E2F2,DHDDS,0.17204025074403073
ID3,ARID1A,0.1719913522425467
FOXO6,TOE1,0.1718761158205902
GLIS1,PER3,0.171783364351849
FOXJ3,SLC44A3,0.1717534388217256
NFIA,DISP3,0.17167169861856385
ZNF684,LAMTOR5-AS1,0.17165559622067528
TFAP2E,AGO3,0.17165448420129684
GMEB1,TGFBR3,0.17153168647236522
ZNF684,TRIM33,0.1714221683009684
ZNF683,KCNA3,0.171395032246661
TP73,USP1,0.17137015903528807
RUNX3,LINC01364,0.17130517975523754
ID3,USP33,0.17130272348472086
YBX1,PADI2,0.17125026795022327
TFAP2E,CAMTA1,0.17115045565722292
MTF1,MIR4422HG,0.1711071174432351
E2F2,LDLRAP1,0.17107351335354032
ZNF684,PDE4B,0.17105872470939903
HES4,YRDC,0.1710576931634343
HIVEP3,ZSCAN20,0.170898550527303
E2F2,DCDC2B,0.1708126491838951
HES2,ODF2L,0.17080674162000017
FOXJ3,NOL9,0.17075775746451005
TFAP2E,TNFRSF18,0.17070443418143877
HES4,KCNQ4,0.17066187441288153
ZNF684,CSF1,0.1706390465835042
HES4,RTCA-AS1,0.17060549232029149
GFI1,RABGGTB,0.17053229178838394
E2F2,CTPS1,0.17052607584543336
HES4,LINC01135,0.17046833551137588
ZNF684,UQCRH,0.17041914519240867
FOXO6,NUDC,0.17039513429556666
NFIA,TNFRSF25,0.17036837757384746
ENO1,CELSR2,0.17035333512604026
YBX1,GBP6,0.17035225631278583
NFIA,TAF12,0.17034051691334876
HES2,ECHDC2,0.17031252198169455
MTF1,SYCP1,0.17027585875638218
ZNF684,TAF13,0.17024145996552542
NFIA,ATP6V0B,0.17020318785482846
ZNF684,CD53,0.17019933648888863
ZNF683,SLC45A1,0.17019030782500572
PAX7,ZBTB48,0.17018922343578244
HES2,ST3GAL3,0.1701732657640726
PAX7,CCNL2,0.17010335477329028
ID3,XKR8,0.17008613815848003
ID3,ERRFI1,0.17008327932029405
POU3F1,PTBP2,0.17004374383586052
HES2,DHDDS,0.16999926055939146
GLIS1,ZNF684,0.16988603980440709
POU3F1,TMEM35B,0.1698828123576453
FOXD2,SNRNP40,0.16986344834448386
ZNF691,ZNHIT6,0.16985097336233862
GMEB1,LINC01359,0.1697440404433961
GFI1,AHCYL1,0.16971805588834898
MTF1,SLC16A1,0.16969450088761415
GMEB1,WRAP73,0.16968736907315304
MTF1,LINC02812,0.1694400988545947
FOXJ3,EXOSC10-AS1,0.16937097856493233
ZNF684,GBP4,0.16931761930870348
E2F2,RERE-AS1,0.16929238964439786
RUNX3,MIIP,0.16922728398132253
NFIA,SLFNL1-AS1,0.16916954273888316
ZNF684,SORT1,0.16912686353954834
GFI1,DPYD,0.16911834717776114
MTF1,SNX7,0.16903031687392764
ENO1,DPYD-AS1,0.16883243702075743
RUNX3,LINC02606,0.16879867613071592
MTF1,STRIP1,0.16879798110184566
GFI1,RWDD3,0.16879643079740156
ID3,ADGRL4,0.1687409251714574
GFI1,SLC25A34,0.16868292386461595
TFAP2E,CTTNBP2NL,0.16868183247055057
HES4,AKIRIN1,0.16861152360309906
FOXO6,MARCKSL1,0.16860123215055076
TFAP2E,NADK,0.16848204802143563
FOXO6,FOXJ3,0.16831989100474803
NFIA,C1orf185,0.16828816677065067
TP73,HDAC1,0.1681444447115644
HES4,IFFO2,0.16809289054853138
GMEB1,PDPN,0.1680831114887883
TP73,RABGGTB,0.1680109648503163
NFYC,LINC01144,0.16799403161729523
HES4,XKR8,0.16797321633526835
ZNF683,GTF2B,0.16772672796853086
ZNF691,TXNDC12,0.16769749051242056
TFAP2E,DNAJC16,0.16769698547811104
YBX1,RBP7,0.1676690078070472
ZNF684,TRIM62,0.16760517586759788
PAX7,MCOLN2,0.16759913222390435
ZNF683,SMIM12,0.16753930918277915
E2F2,PPP1R8,0.16752105071645534
TFAP2E,ACAP3,0.16746394952375152
TFAP2E,MED18,0.16745174437885701
ZNF691,ELOA,0.16741080008795756
ID3,CTRC,0.16739264202500412
HIVEP3,MFN2,0.16730847666167598
NFIA,PLEKHN1,0.1672186312337104
MTF1,KCNC4,0.1670646063676762
HIVEP3,RHBDL2,0.16696512810038416
TP73,LUZP1,0.16691583559037532
ZNF683,CA6,0.16685705270486448
ZNF683,CASP9,0.16678834738060752
E2F2,PATJ,0.16668887741757124
ID3,EIF4G3,0.16665388514077234
ZNF683,NRDC,0.16664509650439344
ZNF691,RSBN1,0.1666179892761961
MTF1,PRKCZ-AS1,0.16657189608457118
HES4,HOOK1,0.16656766325868702
ZNF683,TSSK3,0.1665457647853359
E2F2,USP48,0.16648530317659915
ZNF683,KDM4A-AS1,0.16644864829474373
ZNF683,GNB1,0.16635290885277154
ZNF691,KCND3,0.16626670787092276
PAX7,UROD,0.1662450739932967
RUNX3,MTOR-AS1,0.16621656454367878
MTF1,UBIAD1,0.166085717109286
HES4,RBBP4,0.1660451544345872
JUN,ENO1,0.16596663382960636
ZNF683,PTCH2,0.1658960197939553
ID3,RER1,0.1658742652598622
TP73,C1orf50,0.1658695073918097
ID3,TMEM167B,0.16580677648918757
ZNF684,CYB5RL,0.16573744362234064
RUNX3,DPYD-AS2,0.16568596273542072
PAX7,MFN2,0.16560269785724377
FUBP1,OVGP1,0.16557518445712519
FOXJ3,OLFML3,0.16549451932682008
NFIA,CAPZB,0.16546812516545578
TFAP2E,MIER1,0.1654288135269779
GMEB1,ALG14,0.16539668609836383
FOXJ3,PTGFR,0.16536119084111464
TFAP2E,ECE1,0.1652359913002331
GMEB1,CCDC28B,0.16521401205455702
NFIA,MIR34AHG,0.16516457394116746
NFIA,SELENOF,0.16505977736031946
HES4,MAGI3,0.16501003538816086
ZNF684,LEPROT,0.16499178696961678
GFI1,CRYBG2,0.16495671708663523
RUNX3,FBLIM1,0.16486240813444994
GMEB1,MAGI3,0.1646463486521686
HES4,FGGY,0.16463070639694577
ID3,MKNK1-AS1,0.1646131758305821
ID3,OSBPL9,0.16455634396011148
GFI1,SPATA21,0.1645107203065861
NFIA,ARHGEF19,0.16447783712404518
YBX1,EXOSC10-AS1,0.16437387816880034
E2F2,FGGY,0.16436571334583158
ZNF683,MTHFR,0.16425887891639693
GMEB1,SLC44A3,0.16424669660514027
GFI1,HMGCL,0.1641712274291291
GFI1,ATP5IF1,0.16415748018384477
HES4,LINC02785,0.16415295118197865
RUNX3,KIF1B,0.1640536785865905
ZNF684,SLC9A1,0.16403457096284474
ZNF691,PRDM2,0.16394206052840965
TAL1,UBE4B,0.16393724842639146
ZNF684,CC2D1B,0.16387232396191323
ID3,TEX38,0.16382040231763803
PAX7,CCDC18-AS1,0.16382008140430698
ZNF683,DRAXIN,0.16344497297667582
GMEB1,SFN,0.16340717486748355
ALX3,MTF2,0.16331947229939014
HIVEP3,MIR34AHG,0.1633022560543851
ZNF684,BTF3L4,0.16325071948909683
RUNX3,SLC6A9,0.16324664966549182
FOXO6,TMEM59,0.1632366646258453
JUN,VWA1,0.16312697121877912
RUNX3,ADGRL2,0.1631137562930865
MTF1,CYP4A22-AS1,0.16303668611725802
NFIA,TMEM167B,0.1629820820047167
GFI1,H6PD,0.16283948000339604
RUNX3,LINC02810,0.16268476389493894
HIVEP3,PPCS,0.16267126411016128
TFAP2E,ATP5IF1,0.16255976376500056
ZNF683,SZT2,0.16239991404655485
ZNF691,FBXO6,0.16239365249911916
ZNF683,LINC01409,0.16235884577463125
MTF1,LINC01685,0.16231442942109042
ID3,RNF11,0.16224905640505316
ID3,TNFRSF4,0.1622109355300791
GMEB1,HTR6,0.16218970219234005
ZNF691,UROD,0.16218650423556047
E2F2,CHI3L2,0.16218184951635628
GLIS1,SNRNP40,0.1621504895134342
POU3F1,RCAN3,0.16214805045004213
ZNF683,TMEM50A,0.1621266649294359
NFIA,OTUD3,0.16194544536552663
NFYC,LURAP1,0.16193990120661292
RUNX3,CD58,0.16193589109944237
HES4,UTS2,0.16185483497673808
HES4,AJAP1,0.16172042469110978
E2F2,SNIP1,0.16165895281637202
ZNF683,DNTTIP2,0.16151662234678474
ID3,PLEKHG5,0.16146651094311978
GFI1,PER3,0.16146354266133922
POU3F1,KIF1B,0.1613690454486904
TFAP2E,LEPROT,0.16123246168879682
FOXO6,SYNC,0.1612134408752825
RUNX3,DDX20,0.1611690523255379
TP73,UBE2J2,0.16113725705472232
NFYC,FNDC5,0.1611356918387068
TP73,CLIC4,0.16111588541137747
ZNF684,SELENOF,0.16101641619998466
PAX7,TP73,0.16086199023988523
HES2,SORT1,0.16076384400679208
ZNF683,CSF3R,0.16065677903706518
MTF1,TMEM51-AS1,0.16054387633607792
ID3,KAZN,0.16050289711652227
HES2,SRSF10,0.16048661689154933
HES4,PTCH2,0.1604844290482192
ZNF683,KHDRBS1,0.16032608408226504
ID3,STK40,0.16024940168729446
ZNF683,ATG4C,0.16024406835265279
ZNF684,HOOK1,0.1602332679128308
NFIA,GRHL3,0.16016910304882856
ID3,CZIB,0.16013189504210937
FOXO6,SZT2,0.16006808001512746
GFI1,DDI2,0.16000184135948248
MTF1,CMPK1,0.16000076619851006
YBX1,FYB2,0.15989150042600261
ID3,DLEU2L,0.15987765969819664
FOXD2,PKN2-AS1,0.15982295146039655
GFI1,ZBTB17,0.15980471207102778
NFYC,HNRNPR,0.15973465268999476
GFI1,SORT1,0.15969499537481097
ZNF691,PINK1-AS,0.1595486371702897
ID3,SLC2A1,0.15949181265341159
GMEB1,CELA3A,0.15935733305590133
RUNX3,PTGFR,0.1593070663547276
ZNF691,SDF4,0.1592691262681187
GMEB1,PODN,0.1591582936112693
POU3F1,PGM1,0.15913303892121716
HES4,TTC22,0.15912965193534187
HES4,SYNC,0.15890287000521477
NFIA,PTPN22,0.1588724493710483
GMEB1,OLFM3,0.15882386467967172
ALX3,GSTM4,0.1588076790995895
NFIA,DENND2D,0.15879037114881603
FOXO6,COL24A1,0.1587903237143315
PAX7,CCDC30,0.15877797253591952
ZNF683,SDC3,0.15874015890527687
ZNF683,MIR3659HG,0.15869014739949147
ZNF684,AGO3,0.15867145376803518
NFIA,SZRD1,0.15862145700624952
ZNF684,DIO1,0.1585541710579651
E2F2,DLGAP3,0.15854935835654135
ZNF683,GNAI3,0.15844597812187425
E2F2,DRAXIN,0.1584410780195446
MTF1,LRIF1,0.1583903082352081
HES2,ZMYM6,0.1583748389493428
TFAP2E,DHRS3,0.1583601527530057
FOXO6,RAP1A,0.15831523617867374
PAX7,DIPK1A,0.1582549235029211
ID3,LRRC40,0.1582516859181522
HIVEP3,PTGFR,0.15821135005165524
RUNX3,NRDC,0.15810934089144515
POU3F1,SLC35E2A,0.1580914530357777
GMEB1,LCK,0.1580596704574183
TFAP2E,TRIT1,0.15803261375483832
E2F2,PIK3CD-AS2,0.1579861911068154
TP73,YIPF1,0.1579345543204771
ZNF684,MEAF6,0.1578237150483056
GLIS1,GFI1,0.15780735252914532
ENO1,SYT6,0.15778711237937834
GFI1,THEMIS2,0.1577351510694306
NFYC,LINC01355,0.15767880634133385
FUBP1,B4GALT2,0.15764771875710376
ZNF683,EMC1-AS1,0.15763828542300218
HES4,CLCA4,0.1575381744597144
ENO1,FOXD3-AS1,0.15742231027421139
TFAP2E,CNR2,0.1573058069754785
ALX3,DR1,0.15728484195519138
POU3F1,ZMYM1,0.1572683573196173
HES4,CAMTA1-DT,0.15725395743586992
FOXO6,ATP5PB,0.1571516997475936
E2F2,NBPF1,0.1571123494499299
POU3F1,MYCL,0.1570288727505045
ID3,INKA2,0.1570239931500603
ZNF684,CPLANE2,0.15700596581583534
FOXJ3,MRPS15,0.156998202595941
FOXO6,AK2,0.1569126952407119
ZNF684,MAST2,0.1569082732162932
ZNF684,ATXN7L2,0.15689290819245832
FOXO6,THEMIS2,0.15683553346191348
ZNF684,MAP7D1,0.15682970843816363
RUNX3,THEMIS2,0.15682825702227995
RUNX3,A3GALT2,0.15669227105201544
TFAP2E,EFCAB14-AS1,0.15668531459264443
ZNF683,CTNNBIP1,0.15661152524655766
TP73,TRAPPC3,0.15660741995460722
GMEB1,DEPDC1,0.15651620256947138
MTF1,GPR157,0.15646511941043795
TP73,ANKRD13C,0.1563004960807938
POU3F1,INPP5B,0.15622820958492742
ID3,LINC01712,0.15616354735971835
HES2,C1orf122,0.15616248708518785
ID3,CCDC24,0.15614393614188238
HES4,IPP,0.15612577329875105
TFAP2E,DPYD-AS1,0.15610813729898812
HES4,BMP8A,0.15608076197075887
NFIA,PPT1,0.1559668708085356
ZNF684,HMGCL,0.15593008025374705
NFIA,LINC02812,0.15590421372015603
ALX3,MRPL37,0.15583165939754642
ZNF683,RPS6KA1,0.15568956375984216
POU3F1,TGFBR3,0.15565413864112124
MTF1,EIF3I,0.1556188239774073
ZNF683,CHI3L2,0.15550595002548287
GFI1,CTBS,0.15548126374697419
HIVEP3,PIGV,0.1553027813546515
POU3F1,RERE,0.15528475803964623
HES2,GTF2B,0.15526897458578948
HES4,ZNF683,0.15518044351888577
MTF1,FNDC5,0.15500469722764493
HIVEP3,SLC5A9,0.1549177617318608
NFIA,PABPC4-AS1,0.15491108028328734
ZNF684,ADGRB2,0.15488813154424663
E2F2,RUNX3,0.1547654629992257
NFIA,ZNF683,0.15458088589763486
YBX1,PLCH2,0.1545502304320244
NFYC,CSDE1,0.1545295931631497
ZNF683,CACHD1,0.15442269181917237
E2F2,SORT1,0.15432491070467008
ID3,PHACTR4,0.15413539218792932
HIVEP3,PRKAA2,0.15407068120327858
ZNF691,NFYC,0.1539132280811284
ZNF691,RRAGC,0.15381776838034691
TFAP2E,RPF1,0.1537007785663779
ZNF683,LEPROT,0.1536584128909052
ZNF683,PATJ,0.15365168890446004
HIVEP3,EPB41,0.15359014563825119
POU3F1,TFAP2E,0.1535374060394922
POU3F1,CEPT1,0.15352267774122527
TFAP2E,MYSM1,0.15351513678727918
ZNF683,ACOT7,0.15346541036531838
FOXD2,SYTL1,0.15346100297257634
ZNF683,MEAF6,0.15336499363746753
E2F2,ZMYM1,0.15334627157725964
MTF1,GABRD,0.1531622562890877
ZNF683,GNL2,0.1531018862515215
POU3F1,IFFO2,0.15292992035101732
TFAP2E,GPR153,0.15291059387700065
TFAP2E,ZMYM4-AS1,0.15290657512580247
TFAP2E,GADD45A,0.15290143517101665
GLIS1,CDC42-IT1,0.1529012267434027
ZNF691,ZFP69,0.15290099776976981
ID3,PPT1,0.15289179084184223
GFI1,PGD,0.15274719158461864
E2F2,HOOK1,0.15268977329877742
TP73,ATP5IF1,0.15257936044547937
ZNF683,PKN2,0.15250018489338082
POU3F1,STIL,0.15243081014517457
ZNF691,PATJ,0.15242318148825687
GMEB1,PPIE,0.15232666228108552
E2F2,MYSM1,0.15230753336799957
ZNF683,LRIG2,0.1522695156014623
ZNF683,HMGCL,0.15219149824192277
TAL1,NECAP2,0.1521134654220298
NFIA,DPYD-AS2,0.1518825505828248
TFAP2E,EMC1-AS1,0.15184147176426696
NFIA,FAAP20,0.15183058074833486
TP73,KDM4A,0.15180852137083786
FOXD2,ST7L,0.15174542130825092
ID3,MTFR1L,0.15173561765164228
FOXJ3,IGSF21,0.1517097809405245
HES2,NEXN,0.15168824530116645
ID3,EMC1,0.15168063371675253
GFI1,MAP7D1,0.1516680626586286
ZNF684,KDF1,0.1516340381923226
FOXO6,MTF1,0.15147653851179319
ID3,ZMYND12,0.1514253491655111
GFI1,PTPN22,0.15110203786034077
GLIS1,CD101,0.15108844647412198
PAX7,RCAN3,0.15102334409231008
HIVEP3,GPR3,0.1509078618409035
ZNF683,DNAJC16,0.1508933700071625
FUBP1,CSF3R,0.1508574401612334
ZNF683,TNFRSF9,0.15084044260487692
TFAP2E,LRRC39,0.15082580453412786
HES4,PTPN22,0.15079980763635453
NFIA,TGFBR3,0.1506740260148529
ZNF684,SYNC,0.1505801349723572
NFYC,ERRFI1,0.1505287141897874
HES4,FNBP1L,0.15043890867308662
TFAP2E,SNRNP40,0.15032523134710626
ID3,NECAP2,0.15018640842058606
NFYC,CMPK1,0.15018251078896888
TFAP2E,VAV3,0.15016510089007912
GFI1,MCOLN2,0.15011658243850165
ID3,PITHD1,0.14999087645191164
HES4,MACO1,0.14995067105408436
ZNF684,IFNLR1,0.14992709397632092
ZNF684,UBE2J2,0.14989815775539558
HIVEP3,MKNK1-AS1,0.1498969452130549
GFI1,INKA2,0.14985391766623413
TFAP2E,KIAA0319L,0.1498117251477874
GLIS1,TMEM222,0.1497681022611492
POU3F1,AGMAT,0.14958128738351828
ZNF691,SYNC,0.14944792312746116
HIVEP3,RIMS3,0.14942319478484928
TFAP2E,BTBD19,0.1493725947180231
GFI1,SERBP1,0.1493709211609412
GFI1,KDM1A,0.14933335487418734
FOXJ3,FGR,0.14921572442046463
ZNF684,TRNAU1AP,0.1492141648677174
E2F2,IFNLR1,0.14920149535529845
FUBP1,TACSTD2,0.14917067860800087
TAL1,KLHL21,0.14908632858112153
YBX1,FCN3,0.14905700733130797
ZNF683,AGO4,0.14884069245320006
TFAP2E,C1orf141,0.14871261405970543
HES2,EYA3,0.14845529628243048
FOXO6,MFSD2A,0.14844815176492904
FOXO6,RSBN1,0.14839620719959787
GFI1,BSDC1,0.14837537010907573
RUNX3,TMEM53,0.14836849868325827
GMEB1,RWDD3,0.1482660255781001
MTF1,MMACHC,0.14825731015438112
NFIA,CNN3,0.14824090407431154
ZNF684,TNNI3K,0.1481821656737382
ID3,FAAH,0.14816018895332228
ZNF683,WASF2,0.14812382309494831
GMEB1,PRDX1,0.14803020928858718
HES4,BMP8B,0.14800424044807514
TP73,YBX1,0.1479529739975382
POU3F1,UBIAD1,0.1478936531207004
POU3F1,SCP2,0.14788261975372854
FOXD2,C1orf50,0.14782743311536284
HES4,PIGK,0.14773263640438059
NFIA,SHISAL2A,0.14771000337130352
HES4,DDX20,0.14768965536631454
POU3F1,C1orf162,0.14764374753042991
GMEB1,CSF3R,0.14762368185194205
GFI1,EPB41,0.14758520960573637
GMEB1,LINC02811,0.14757149846254175
HIVEP3,NPPA,0.1474913586915123
GFI1,DRAM2,0.14740113378469585
POU3F1,ZBTB40,0.14739712753716117
TFAP2E,CDC42,0.1473697282755184
TAL1,RPAP2,0.14733652337724856
ENO1,C1QA,0.14730236279143724
HES4,SAMD11,0.1472695158689929
ID3,TMEM234,0.1471726143882591
GFI1,SMAP2,0.14715610408995097
YBX1,FNDC5,0.14715523165142724
ID3,FPGT,0.14707194113219124
GMEB1,MOB3C,0.1469361268136877
ZNF691,IFI44,0.14692757705419918
FOXO6,DPYD,0.1469199501916689
ID3,PRPF38A,0.14683287841357048
FOXJ3,DCLRE1B,0.14677628123510605
NFIA,SLC1A7,0.14674865769572404
HIVEP3,MAN1C1,0.14666840792055144
HES2,HMGCL,0.14663266042247583
NFIA,MARCKSL1,0.14660747761500442
TFAP2E,SELENOF,0.14651247529361913
NFIA,GPATCH3,0.14637780036741935
ZNF684,ASAP3,0.146319345704037
YBX1,MSH4,0.14626663085574196
ZNF691,GSTM2,0.1462464455521086
PAX7,BSDC1,0.14621642800979764
TFAP2E,MRTO4,0.14619367952764042
TFAP2E,LRRC8C-DT,0.14617083034495085
NFYC,TMEM201,0.14610157490046644
NFIA,OPRD1,0.14609388448362048
RUNX3,IGSF3,0.1460903377772216
POU3F1,MAP7D1,0.14608739490411538
ALX3,SH3GLB1,0.1460097300920811
HES4,SESN2,0.14600697299576296
ZNF684,SLC16A4,0.14587175133700336
GMEB1,NCDN,0.14585691265760475
GLIS1,CZIB,0.14574856371077116
TFAP2E,DPYD,0.1456916111389505
FOXJ3,SLC1A7,0.1456317619501373
FOXD2,TRMT13,0.1456296685602769
HES4,GPR157,0.14561089585315595
ZNF684,PEX14,0.14555451295538208
ZNF684,SCP2,0.1455131610253719
FOXO6,DNAJC16,0.1454066997599485
ZNF691,MECR,0.14532713935052638
FOXO6,ZMYM4-AS1,0.14522775983293174
ZNF683,ALX3,0.14516143970184087
RUNX3,SDC3,0.1451173544018744
ZNF684,SRRM1,0.14503175125230816
GFI1,LRRC8D,0.14492213775806614
GFI1,ABCD3,0.14489417874846922
GMEB1,ECHDC2,0.1448123308277479
GFI1,TMEM69,0.1447982884181918
ZNF683,LAPTM5,0.14478030240054354
HES4,EXO5,0.14469798355086425
FOXO6,FRRS1,0.14467973476808427
ID3,PGD,0.1446246561939348
POU3F1,PPCS,0.14460387513186865
ZNF684,TRNP1,0.14458667991626553
ZNF683,STK40,0.14456879822351726
HIVEP3,ATP1A1,0.14453814883793592
NFIA,PHF13,0.14450200943820757
E2F2,ADGRB2,0.14445181854397904
TFAP2E,RTCA-AS1,0.14441871288934932
ID3,SLC66A1,0.14440704354483688
ID3,AHDC1,0.14437131776651949
ID3,NFYC-AS1,0.14434768256055905
ZNF691,FNDC7,0.14428353343484285
GFI1,ARHGEF10L,0.1442761882162381
NFIA,NRDC,0.14418789339601382
HES4,LINC00466,0.14413860392425365
RUNX3,GPR61,0.14410014550787142
NFIA,PAFAH2,0.1440712554583424
ID3,ARHGEF19,0.14402806000374693
TFAP2E,DPH2,0.14396990942981452
ID3,AKR1A1,0.1439033888456512
ZNF684,MYSM1,0.14385129897550084
POU3F1,KPNA6,0.14373695131404277
TFAP2E,CFAP57,0.14370130537853518
RUNX3,TRIM63,0.14364148208608746
E2F2,BCAR3,0.14358883382527468
FUBP1,DNAJC8,0.14355665505557547
ID3,ATP6V0B,0.1435503105422967
GFI1,UBXN11,0.14354528416377396
RUNX3,PPM1J,0.14349547058418483
POU3F1,SHISAL2A,0.14340371584048275
NFIA,ACOT7,0.14339747129430627
ZNF691,DHDDS,0.14326214752249272
TAL1,RPA2,0.14325387667667022
NFYC,CSF1,0.14324092896291293
HES4,TFAP2E,0.14323642721638433
MTF1,CDC7,0.14318659968792855
NFIA,RHD,0.14317846896714495
TAL1,MFSD14A,0.14304008754645578
NFIA,CDK11B,0.1430006982042254
GFI1,PKN2-AS1,0.1429528096348017
HES4,CHI3L2,0.14288587638387468
ALX3,C1orf159,0.1428807170110782
FOXO6,PRPF38A,0.142837083618099
GMEB1,MEGF6,0.14281452038614662
ZNF683,TAF12,0.1427470742839692
POU3F1,SKI,0.1426886056850676
TP73,YRDC,0.14267930187861558
ID3,FRRS1,0.14265432897615618
GFI1,FPGT,0.14257931978770158
MTF1,FAAP20,0.1425525439277243
ZNF683,UBE4B,0.14254314948625932
PAX7,RABGGTB,0.14250636344151604
HES4,RHD,0.14245180929235865
RUNX3,ST7L,0.14241549966136136
GMEB1,KIAA2013,0.14236286108994625
ZNF691,ACOT7,0.1422940582867252
MTF1,SLC1A7,0.1422812773629831
RUNX3,PPT1,0.14223058068088346
ZNF691,GPR157,0.14218438383948764
NFIA,KDM4A,0.1421630151709998
HES4,CYP2J2,0.1418250749221157
ZNF683,TRIM62,0.1418164943520999
ZNF684,KHDRBS1,0.14181171734166828
ALX3,DRAM2,0.14175826064444555
NFYC,HMGN2,0.14173088681242735
ZNF684,SCMH1,0.14163974693246786
E2F2,PHC2,0.14154371329837137
ID3,PINK1,0.1414724294408517
ZNF684,PUM1,0.14145601850191503
HIVEP3,TENT5B,0.14144783504875386
ZNF683,MYCBP,0.14136242464346266
E2F2,AGTRAP,0.14131693989037467
FOXO6,TARDBP,0.1412971617333914
ZNF684,CCDC18,0.14122905848694992
ZNF683,TRIT1,0.1410910407922605
TP73,C1orf52,0.14108266688067345
FUBP1,SPSB1,0.14107585897515504
HES4,MCOLN2,0.140997435674772
HES4,TEX38,0.14097161515170112
HES4,PRPF38B,0.14096556171738914
MTF1,TSPAN2,0.14090824409099248
NFIA,LEPR,0.14089663291908464
TFAP2E,GSTM2,0.1408420369462685
YBX1,LINC01342,0.14083368173978789
HIVEP3,LINC01708,0.140770818171386
GFI1,HOOK1,0.14071412827851346
NFYC,LINC01676,0.14069798390062743
HIVEP3,FBLIM1,0.14064331411673073
FUBP1,KCNQ4,0.14063019453660158
ZNF683,DPYD,0.1406165690403974
TP73,PPIH,0.14061441052641144
HES4,CASZ1,0.14060307260626717
FOXO6,PIGK,0.14044238600551742
ID3,C1orf52,0.1404342688827096
NFIA,NOL9,0.1403895753794128
TFAP2E,LUZP1,0.14036398016108123
GMEB1,FCN3,0.1403624798058199
PAX7,DNAJC16,0.140351203887586
ZNF684,EXTL2,0.14028709559332567
GLIS1,PKN2,0.140263486605385
NFIA,SNX7,0.13999803991452847
RUNX3,CLCN6,0.13982964069303427
POU3F1,EMC1,0.13981936337626866
PAX7,KCNA3,0.13981709018612096
ZNF683,SCMH1,0.1398042614118579
GFI1,GLMN,0.13975043822944155
MTF1,RHCE,0.13974781948867634
TFAP2E,UBXN10,0.13974100280464766
HES2,MTHFR,0.1397364643406822
ZNF684,TMEM51,0.13970496308219152
ALX3,GNG5,0.13969366086895474
NFIA,SYNC,0.13962725318520727
GMEB1,BMP8A,0.13961116800777995
MTF1,RPF1,0.13957148296297797
GLIS1,ST3GAL3,0.13951261830141065
PAX7,ORC1,0.1395060038878639
GFI1,HMGN2,0.13941465319348065
FOXO6,PHTF1,0.1394095439329444
HES4,VPS13D,0.13940202115154407
FOXO6,RWDD3,0.13929010275120265
RUNX3,EXOSC10,0.1392881351745817
TFAP2E,SLC25A34,0.13925750596842695
PAX7,DNAJC6,0.13915560651951167
RUNX3,BCAS2,0.13912303812814394
YBX1,SRARP,0.13907863481175292
ZNF684,MIIP,0.13907161097798515
TAL1,KCNAB2,0.13893462659211522
ZNF684,OVGP1,0.13883932086500392
FOXJ3,ARHGAP29,0.13876332863207652
ZNF683,LDLRAP1,0.1387469633164031
ZNF683,TNFRSF18,0.13866861881426687
ZNF691,CA6,0.13866181811313383
POU3F1,STX12,0.13864386571889717
MTF1,CAMK2N1,0.13857410719818233
MTF1,PLEKHN1,0.1385297027083612
ZNF691,USP48,0.13847084041959676
FOXO6,SELENOF,0.13842727859223408
TFAP2E,CAPZA1,0.1383968530128162
MTF1,SVBP,0.13831924307560833
GLIS1,TYW3,0.13818344983916045
HES2,SELENOF,0.13810670446369092
MTF1,HDAC1,0.13805148856427246
ZNF691,UTS2,0.13801941412386146
HES4,MRTO4,0.13795883205469636
RUNX3,TTLL7,0.1378717245790903
ZNF683,ZC3H12A,0.13783332941059329
NFIA,COL9A2,0.13779928842012484
ID3,RBMXL1,0.13774475582032336
RUNX3,MIR3659HG,0.1377280410225159
MTF1,EBNA1BP2,0.13769041015382338
TP73,SRRM1,0.13768800462811734
ID3,GNG12-AS1,0.13766987465370684
ID3,SRM,0.13765329275179466
ZNF683,MORN1,0.1376417011062059
NFIA,TRNP1,0.13745831607956574
HIVEP3,ST6GALNAC3,0.1374550648635084
NFYC,PIK3CD-AS2,0.13743400962655083
PRDM16,CTBS,0.1374135028307411
ID3,RAP1A,0.13738955179323417
GMEB1,HDAC1,0.13737448136988661
NFIA,LSM10,0.13736581645073087
NFIA,BSND,0.13734097704032602
NFIA,LRIF1,0.13733637917756894
ZNF684,RNPC3,0.13729753246848184
GMEB1,ZFP69B,0.13729519904622242
POU3F1,TMEM200B,0.13728321782027028
TFAP2E,PEX10,0.13719346471165436
HES2,TMEM69,0.13716819785726586
GFI1,WLS,0.13715445965394407
ALX3,MKNK1-AS1,0.1371188084079833
RUNX3,ESPN,0.1370272832790203
HES4,EXOSC10,0.13694677158745996
HES4,TTF2,0.13693017310036346
MTF1,DIO1,0.13680775401059464
GMEB1,LINC02810,0.13679072573105439
FOXO6,ZNF644,0.13665737989295687
E2F2,AP4B1-AS1,0.13660922963173533
GFI1,DNAJB4,0.1365893261423918
GFI1,SDHB,0.1365335602545539
NFIA,ABCA4,0.13650183089825688
GMEB1,C1QA,0.13646085678030775
TFAP2E,PANK4,0.13645311991268322
POU3F1,PTPN22,0.1362979573829519
ZNF684,RWDD3,0.13625680071372778
ZNF684,PTAFR,0.13616181714084055
ID3,AK4,0.13613495194395955
NFIA,CACHD1,0.1360744303240452
ZNF683,MOV10,0.13603348774036497
ZNF684,PKN2-AS1,0.1358750941349317
ZNF683,SRSF4,0.1358683663579309
GMEB1,DNAJB4,0.13584651432987765
NFIA,FNDC7,0.13572547512885802
FOXJ3,HMGN2,0.13566985223968867
MTF1,MAGOH,0.13565557543296863
GFI1,WDR77,0.1356446697817764
ZNF683,NEXN,0.13559319161004504
POU3F1,CTTNBP2NL,0.1355929657768864
ID3,IFNLR1,0.13544081600853203
NFYC,ZNHIT6,0.1353593037035118
NFIA,TNFRSF18,0.13532477047981073
GMEB1,NFYC,0.13527256076302355
GMEB1,LINC02777,0.13526157347946569
ZNF683,LINC01134,0.13524318057945606
ID3,HIPK1-AS1,0.13523065090241693
TFAP2E,KIF1B,0.13522326882370672
FOXO6,KCNAB2,0.13516879445899782
ID3,C1orf159,0.13499307095682211
NFIA,LINC01355,0.1347571328812309
HES2,CDK11A,0.1347453010029159
ZNF684,KIAA2013,0.1346513395083046
FOXO6,ZBTB48,0.13456319551078633
MTF1,LINC01141,0.1345614475418637
ZNF683,GBP2,0.13450090776420956
ZNF684,RHOC,0.13447791849030286
GMEB1,ISG15,0.13439952873147762
TAL1,MOV10,0.13428235762476584
GLIS1,TAF13,0.13425494706742405
NFIA,ZBTB17,0.13409880726871518
TAL1,ZRANB2,0.13401065523519265
GFI1,WDR47,0.13397453861924113
TFAP2E,C1orf122,0.13397108974827676
GMEB1,LNCTAM34A,0.13396761687123937
ZNF691,SLC1A7,0.13394031208995655
ID3,GNB1,0.13387015896912574
NFIA,DDAH1,0.13378851795154093
TFAP2E,ARMH1,0.13378336467564086
NFIA,HOOK1,0.13376460159974943
GLIS1,KDM1A,0.13369838682228433
MTF1,NOL9,0.13366970000792025
HIVEP3,AK5,0.1336258344625729
ZNF691,DNAJC11,0.13362384256126897
ZNF683,LINC01765,0.1336082268941972
TFAP2E,RHOC,0.13358871733614322
GMEB1,LRRIQ3,0.1335554201558938
TP73,SCMH1,0.13353146057504528
E2F2,GIPC2,0.1335026137988964
HIVEP3,LRIG2-DT,0.1334311810344566
TFAP2E,DHCR24,0.13329786272061012
HES4,RPAP2,0.13329102086908307
HES4,GCLM,0.13328288626812287
ENO1,OLFM3,0.1332681404526938
E2F2,CD101,0.13321222418229936
GFI1,LRRC7,0.13309726377155862
TFAP2E,PGM1,0.13297286929603713
FOXD2,SDF4,0.13294140121070067
GFI1,MKNK1,0.1328636690138767
GFI1,NBL1,0.1328427628155988
ZNF691,ALG6,0.13284130376226627
NFIA,AZIN2,0.13260627696732774
HES4,CDKN2C,0.13257480622094478
GFI1,TNNI3K,0.13254957580658944
ID3,CTNNBIP1,0.13252885959733335
NFIA,BCL10,0.1324979684436827
ZNF691,SLC22A15,0.13247596782601212
FUBP1,LURAP1,0.13241496485496707
FOXO6,SLC16A4,0.13239081425399665
NFIA,PHC2,0.13231910142033843
POU3F1,MYSM1,0.13231412677949492
TAL1,DDI2,0.1323057949306564
NFIA,LINC01756,0.13227027516721201
PAX7,CAMTA1,0.13227006946371608
TFAP2E,LAPTM5,0.13219700585985894
FOXO6,ST7L,0.13218756390341838
RUNX3,SLC2A7,0.13215346594316457
HES4,GSTM4,0.13212652066225614
GFI1,MRPL20,0.13211129303871172
ZNF684,ATPAF1,0.13209379082922684
ZNF684,KDM1A,0.13208080585525167
YBX1,KCNC4,0.13199319875240734
MTF1,EXO5,0.1319504865153081
E2F2,FUCA1,0.13192831392976162
ID3,LINC00466,0.131826153876071
TFAP2E,HP1BP3,0.1317889464220122
TP73,ACOT7,0.1317868858764614
FOXO6,EVI5,0.13174403098810714
FOXO6,HIPK1,0.13167097170128716
ID3,CLCA1,0.1316663182500846
FUBP1,TFAP2E,0.13161887197736577
ZNF684,NSUN4,0.13158453148857757
FOXO6,ELOA-AS1,0.13157314022052014
GFI1,AMPD2,0.1315105044827636
HES4,PDPN,0.13143502663351497
PAX7,GLMN,0.13141311061716265
ZNF684,KLHL21,0.13139685674609256
ZNF684,CTTNBP2NL,0.13139398322253687
YBX1,KCNQ4,0.13138303370999707
ALX3,SLC6A9,0.13133529917928352
TFAP2E,RPS6KA1,0.13130710944078794
PRDM16,RPF1,0.13128466866337946
ZNF683,ERI3,0.13124673954321708
ZNF684,FAM76A,0.13105773735818138
RUNX3,RHD,0.13093819157415548
ID3,FNDC10,0.13093238234378682
POU3F1,NRDC,0.13093058748596773
RUNX3,WASF2,0.13086984179418554
POU3F1,TCEANC2,0.13086086871252878
GFI1,ZDHHC18,0.13085093820919233
GFI1,ZNF362,0.1308294195100881
TFAP2E,PSMB2,0.13075647203002105
ID3,GSTM2,0.130690009276981
FOXO6,RCC1,0.13068538204139638
RUNX3,FGR,0.13063101140151126
HES4,IQCC,0.13062725093006988
E2F2,ADGRL2,0.13060487553338745
FUBP1,TNFRSF4,0.13055438933552302
ZNF684,PGD,0.1304970229098968
TAL1,H6PD,0.13047492059612892
ZNF691,SYF2,0.13043284122396148
ID3,RPF1,0.13041278885122315
NFIA,EVA1B,0.13026890082980078
TFAP2E,LMO4,0.13019176200255114
NFYC,LINC02810,0.13017205371792212
ZNF684,FUBP1,0.1301641297197647
RUNX3,BEND5,0.1300821843619532
ZNF691,FUCA1,0.13005916169790385
GMEB1,ADGRL4,0.12983417637011227
TAL1,SCP2,0.12981588368905797
TP73,ST3GAL3,0.12980714142643576
ALX3,NPHP4,0.1298057007303294
HES4,GLIS1,0.12979799102046846
FOXO6,AHCYL1,0.1297748096194432
GFI1,SNIP1,0.1297441619879597
NFYC,IQCC,0.12971749935892934
TFAP2E,TMED5,0.12970019051943169
TAL1,PRDX1,0.12965953617842935
HIVEP3,GNAT2,0.1296428469398872
FOXO6,GNAI3,0.12955030366076284
MTF1,EPHA2,0.12953315837211685
HES4,ALPL,0.12949154559804443
RUNX3,KCNQ4,0.1293941811416244
GMEB1,LINC01141,0.1293825466126257
RUNX3,TNFRSF1B,0.12933212316663725
E2F2,VAV3,0.12930992370001831
NFIA,LYPLA2,0.1292576026009151
RUNX3,GABRD,0.12924863202162157
ID3,LRRC8C,0.12922239993468299
HES4,TRIM45,0.12914909026011023
HES4,FOXD2,0.1290880026669645
ZNF691,HES4,0.1290611318360944
RUNX3,LINC01140,0.1290521562040617
ID3,E2F2,0.12899828261655893
FOXJ3,SPOCD1,0.1289728691212926
TFAP2E,PPIH,0.12892199831879797
ZNF684,GSTM3,0.12884619287152388
ZNF684,RCC1,0.12869720576441768
ZNF691,INKA2,0.12869587765616883
ZNF683,CTTNBP2NL,0.128662485170783
ZNF691,VANGL1,0.12860715872052064
HES2,LRIG2,0.12859992679116358
HES2,MIGA1,0.12859807207250498
ZNF684,KLHL17,0.1285498513433582
ID3,NADK,0.12853623574975523
FUBP1,ALPL,0.12842427709611526
ZNF691,RNF11,0.12840740477725573
E2F2,CLSTN1,0.12840519024886363
TAL1,CMPK1,0.12838190493250856
ZNF691,LRIG2,0.12832949932551807
ZNF683,LINC01389,0.1283242635053753
ZNF691,PLCH2,0.12827218987582126
ID3,WDTC1,0.12803409085264936
GLIS1,SPEN,0.12802743801258434
ZNF691,PINK1,0.1279901694886949
GLIS1,PLCH2,0.12777963604176523
HES4,DPYD-IT1,0.12775824489042048
TFAP2E,GPSM2,0.12771194961542526
HES4,LZIC,0.127669102192041
RUNX3,PKN2,0.12764345908762964
NFYC,LINC01160,0.12753027095502514
TP73,UTP11,0.1275167999984313
ZNF684,IFFO2,0.12745564401911513
TP73,TMEM39B,0.12727214301179726
ID3,KIF2C,0.1272704390067405
NFYC,MECR,0.1272461875791821
ZNF683,DIO1,0.12716987041170694
E2F2,SLC2A1,0.12716653621832424
TP73,SELENON,0.12713536987482166
ZNF684,PDIK1L,0.12711552710175353
HES2,LRRC8B,0.12708454356227614
NFIA,NEXN-AS1,0.1270691298878165
PAX7,SYF2,0.12706749012325957
NFIA,TTF2,0.12699397926546563
ID3,PRKCZ-AS1,0.12697880194266215
FOXD2,LINC01128,0.1269348932051116
TFAP2E,LEPR,0.1268785935234884
NFIA,KLHL17,0.12679882047655577
E2F2,CNR2,0.12679034330479974
MTF1,TMEM234,0.12677475168856858
ZNF691,LUZP1,0.1267364115929211
HIVEP3,CFAP74,0.12671982158879608
PAX7,ZBTB8A,0.1264873469565987
GLIS1,MTHFR,0.12647200834052547
POU3F1,USP48,0.12644892226419585
GFI1,RAP1A,0.12639535373304392
FOXJ3,RAVER2,0.12638605106773582
MTF1,F3,0.12630950955314715
GMEB1,PALMD,0.12629621747484815
E2F2,SLC25A34,0.12619999016956807
GLIS1,ZMYM4-AS1,0.12599446563987796
GFI1,MOB3C,0.1259477825025566
TAL1,SLC16A4,0.12592145029937066
ZNF691,AGO3,0.12589573294746753
FOXO6,WDTC1,0.125878006483338
ZNF684,CYP2J2,0.12585755631073262
ZNF684,CRYBG2,0.1257943152577351
GFI1,MSH4,0.12551991540474755
ZNF684,DFFB,0.12541039582955543
ZNF691,KCNAB2,0.12533228870374416
TFAP2E,MFSD2A,0.125314546078388
JUN,CDC20,0.125300399770273
TFAP2E,LDLRAP1,0.1252769497545519
HIVEP3,LZIC,0.1252589466377068
GFI1,ST6GALNAC3,0.1252288959866956
NFIA,ZC3H12A,0.1251892914720174
MTF1,C1orf216,0.1251814418481829
HES4,NDC1,0.12513216867247054
HES2,TRIT1,0.12502991662066018
TFAP2E,ZSWIM5,0.12501330167585342
ZNF683,MAGI3,0.1248688783639561
ZNF691,SRSF11,0.12481141155183587
TFAP2E,MIB2,0.12467140477791692
NFIA,PUSL1,0.12463313460856067
TFAP2E,SERBP1,0.12463031309331188
NFIA,GPX7,0.1246281136047147
POU3F1,MUL1,0.12461549097548734
GFI1,TUT4,0.12455642043576239
FOXO6,MAD2L2,0.1245085697494264
ZNF683,KCNC4,0.12449054880395773
GFI1,VWA5B1,0.12444658258540249
TFAP2E,ATAD3A,0.12431130169702702
ZNF684,GPR153,0.12426488173996145
FOXD2,MUL1,0.12426042578435753
ID3,CORT,0.12419879014506602
RUNX3,ARHGAP29,0.12418626195179447
ID3,TMEM51-AS1,0.12417932069697693
ZNF683,ANKRD13C,0.12405581677462474
TFAP2E,UBE2J2,0.12400202103330438
ALX3,WRAP73,0.12392315493985259
MTF1,LINC02780,0.12391964956997709
POU3F1,MIGA1,0.12391696214408188
PAX7,RPF1,0.12391106644575434
HES4,EYA3,0.12389368773146676
FOXD2,SPATA6,0.12386216421429583
ZNF683,FHAD1,0.123818668124686
PAX7,LINC00339,0.12381828074115421
ZNF684,WNT2B,0.12376413816017186
FOXO6,SHISAL2A,0.12368830830981711
ID3,ACOT7,0.12368779554963656
GMEB1,MANEAL,0.12368705529432791
GFI1,STX12,0.12365714416614541
HES2,ERI3,0.12365493385930781
POU3F1,WNT2B,0.12361585540860062
PAX7,SLFNL1,0.1235534836513209
TFAP2E,DDX20,0.1234842977111623
GLIS1,MED8,0.12348335919959232
FOXO6,CD101,0.12345563592972798
TFAP2E,UTS2,0.12339975012978661
FOXJ3,CORT,0.12338815837111478
ENO1,C1orf185,0.12337377897616071
FOXO6,PNRC2,0.12317398882756614
ZNF684,FUCA1,0.12316132104589861
ZNF683,RERE-AS1,0.12313576758378869
TFAP2E,BCL10,0.12295337026936497
E2F2,C1orf162,0.12279271640512564
MTF1,NCMAP,0.1227724523754336
RUNX3,CNN3,0.12264356319249166
E2F2,MORN1,0.12263784414673772
ZNF683,PEF1,0.12252914081041487
HES2,TNFRSF1B,0.12250348628274278
GLIS1,VPS13D,0.12243137748827744
GMEB1,ADGRL2,0.12240317284251134
GMEB1,SLC2A5,0.1224000645427285
GMEB1,TNFRSF14,0.12234633902035845
PAX7,POU3F1,0.12221332831116093
TP73,CCDC28B,0.1221088011651999
FOXD2,PPIE,0.12204507873319059
FOXO6,LDLRAP1,0.12197349987253606
HES2,ZMYM1,0.12196063090398372
TFAP2E,SRRM1,0.12192015292380408
YBX1,ALX3,0.1218968974480734
FOXJ3,PHF13,0.12188730380742373
ZNF691,LRRC39,0.1217514914954072
ALX3,AMPD2,0.12160224598479545
ID3,RTCA,0.1215618183037305
MTF1,NGF-AS1,0.12154126229554175
RUNX3,NFIA-AS2,0.12146962336254737
TFAP2E,ATPAF1,0.12145580612603021
HES2,FGR,0.12138208337223946
FOXD2,PLK3,0.12136299396971793
ID3,LRIG2-DT,0.12134842066821333
GFI1,DCDC2B,0.12131344136215519
ZNF683,GRIK3,0.12123874901006201
ID3,SH3GLB1,0.12121272370800319
NFYC,TXNDC12,0.12118124172648807
NFIA,CD2,0.12117643559848668
RUNX3,VAV3-AS1,0.12108964628828041
FOXO6,MYCBP,0.12104159008185805
GFI1,LEPR,0.12102733635966148
NFIA,PODN,0.12101382893957603
GFI1,PPCS,0.12097753263718197
GMEB1,SLC1A7,0.12092386395453204
MTF1,DRAXIN,0.1209133363095025
TFAP2E,SMIM12,0.12088956514839602
TFAP2E,LINC01135,0.12077048217331238
RUNX3,RERE,0.12073502842122844
GFI1,FAM76A,0.12065082353558056
TFAP2E,TMEM53,0.12059995649781848
ZNF683,LINC01772,0.1205732741682467
TFAP2E,KDM4A-AS1,0.12053725889690303
GMEB1,CD2,0.12052326524426807
ID3,TGFBR3,0.12048854598917143
FOXO6,ZFYVE9,0.12047964359606965
GFI1,LINC00339,0.12043628682456735
NFIA,LINC02607,0.12034588971200015
ZNF684,ZSCAN20,0.12032541289181874
YBX1,LINC01144,0.12026074682140368
ZNF691,DNTTIP2,0.12025153434570074
NFYC,MMP23B,0.12013850441371851
GFI1,LMO4,0.12007086829221973
GMEB1,CLCA4,0.12006577257928663
TP73,PNRC2,0.11988519252909334
TAL1,HMGN2,0.11980335577057108
GFI1,PKN2,0.11978346150948299
GFI1,RBMXL1,0.11977479617094268
HES2,STIL,0.11976726701816653
ZNF683,AKR1A1,0.11972946567861402
ZNF684,C1orf50,0.11967016805209457
FOXO6,VAMP3,0.11959852808333574
HES2,PINK1,0.11957880418345297
HES4,RSBN1,0.1195123567668146
TAL1,NSUN4,0.11950199746861985
NFYC,ST3GAL3,0.11949707116408642
TFAP2E,ZMYM6,0.11942648222693644
ZNF683,CLCC1,0.11936668009635507
ID3,TNFRSF14-AS1,0.11933265632244763
MTF1,SLFNL1,0.11932299816236128
NFIA,AMPD1,0.11932233358731088
FOXJ3,CRYZ,0.11931577504578161
HES2,KDM4A,0.11928950340291042
HES4,CRYBG2,0.11926073917596765
NFIA,WNT2B,0.1192264822929673
FOXO6,C1orf52,0.11920388289372391
HIVEP3,NCMAP,0.11920069137171171
HIVEP3,SPSB1,0.11914429148943047
GFI1,HES2,0.11913855428413342
FOXJ3,RCC1,0.11913666124644401
ID3,THAP3,0.11911675766024846
NFIA,SLC6A9,0.11908272946408134
ENO1,LURAP1,0.1190707195739294
MTF1,PIGK,0.11903568155898808
E2F2,HIPK1-AS1,0.11897949514312446
ZNF683,SDF4,0.11897634690492354
ZNF683,PIGK,0.11896612405688765
TFAP2E,TMEM269,0.1189583242782187
NFIA,MPL,0.11895747276650627
ALX3,FAF1,0.11880208481262824
TFAP2E,SIKE1,0.11879795454265736
RUNX3,CTBS,0.11874351479873135
ZNF683,ZMYM4,0.11867516533309401
ID3,NRAS,0.11865294330998821
NFIA,PABPC4,0.11863007906361177
GMEB1,UROD,0.11860385282105447
PAX7,IPP,0.11857556688882709
ZNF683,PANK4,0.11856656061064377
FOXJ3,TMIGD3,0.11850253401583645
TFAP2E,LINC01709,0.11846213172420222
NFIA,EPHB2,0.11840330910522874
GLIS1,ABCD3,0.1183653660501667
GFI1,AGL,0.11830039053033727
ZNF691,GBP1,0.11829518187376131
ZNF691,ATAD3A,0.11826715364983455
ID3,FHL3,0.11826381546793897
HES4,TNFRSF9,0.11825907233139676
NFIA,MCOLN3,0.11825359881957082
ZNF691,SHISAL2A,0.11822350101189098
FOXO6,STRIP1,0.11820720435070269
HES4,CTRC,0.11819661732257167
E2F2,FBXO2,0.11816471425661933
GFI1,LINC01307,0.11809788439487534
HES2,CDC42-AS1,0.11805617501673936
TAL1,NDC1,0.11805426250159959
ENO1,SAMD13,0.1180459380667298
FOXD2,CDK11A,0.1180315121469569
TFAP2E,SDHB,0.1180272022073586
ID3,HES4,0.11801335086088482
PAX7,SRSF10,0.11801267074754614
NFIA,RNF220,0.11794782557013953
E2F2,CASP9,0.11791145762651707
FOXO6,PRKACB,0.11788434212100532
FOXO6,ZNHIT6,0.1177541714807582
GMEB1,ADORA3,0.11770675605608089
ALX3,LINC01772,0.11764638130438637
ZNF683,CSDE1,0.1175998758020094
GMEB1,GRIK3,0.11751383147153864
ZNF683,AK4,0.11751351274973916
ZNF683,HS2ST1,0.11744219098003986
ZNF684,ERRFI1,0.11743650455734024
E2F2,SRM,0.11742883552718845
HIVEP3,CHD5,0.11742271480461405
ZNF684,SESN2,0.11737902663482574
TFAP2E,KIAA2013,0.1172818623631921
ALX3,EPS15,0.1172744678800446
MTF1,TLCD4,0.11724745622414953
NFIA,LINC01635,0.117245380303315
NFIA,TTC22,0.11724485691214069
YBX1,ELAVL4,0.11723623174555789
TP73,PARK7,0.11720614988433001
ENO1,FCN3,0.11720562718441045
FOXO6,CLSTN1,0.11717355215645929
ZNF683,PPIE,0.11716041638528375
NFIA,BEND5,0.11709037413515241
GFI1,FAAH,0.11708657602436881
ZNF683,CAPZB,0.11708232465565174
ENO1,CSF3R,0.11706428889983418
HES2,CTPS1,0.11706321630357211
TFAP2E,SHISAL2A,0.11703193386144953
E2F2,LRRC47,0.11696911993033607
TFAP2E,AGMAT,0.1169581846767305
POU3F1,HOOK1,0.11691922971260142
HES2,IFI44L,0.11683160133949201
E2F2,KCNC4,0.11681566705358967
TAL1,ZMYM6,0.11675446238722376
HES4,MRPS15,0.11671908546096027
ZNF683,HNRNPR,0.11671241945491755
TP73,KPNA6,0.11665838672218676
RUNX3,PLPPR4,0.11663601510484342
MTF1,NDC1,0.11663256970719985
TFAP2E,CDK11A,0.1166166493626223
E2F2,FPGT,0.11660362962540112
TFAP2E,NFIA,0.11649954218667927
NFIA,FOXD2-AS1,0.1164062541042291
POU3F1,SRRM1,0.1163969718624072
NFYC,RPL11,0.11638119523304997
ZNF684,GPR157,0.11637463809820456
MTF1,KANK4,0.11630782226840607
NFYC,MYCBP,0.11626881717402146
GMEB1,LINC01144,0.11622116941169226
ZNF691,SDHB,0.11617224545755882
TFAP2E,UBR4,0.11591350757063819
ID3,PAFAH2,0.1159109744772929
FOXJ3,SYTL1,0.11587955350959828
FOXO6,TCEA3,0.1158479225022989
FOXJ3,PRDX1,0.11583739547914161
MTF1,GCLM,0.11575886850559017
ZNF684,STK40,0.1157470050957627
FOXO6,MAN1C1,0.11572003277831863
ZNF691,AKR7A3,0.1156897842671611
ZNF683,CASZ1,0.11567860148699327
NFIA,SLC16A1,0.11565651563328619
FOXO6,PPIE,0.11565455780964064
GFI1,BCL2L15,0.11565292451093914
ZNF684,VAMP3,0.11558080445981343
POU3F1,DVL1,0.11556554302230984
GMEB1,GNG12-AS1,0.11550996971967746
ID3,LRRC8B,0.11550354146865151
ALX3,ATG4C,0.11539312303403348
GFI1,SLC66A1,0.11531046697043631
MTF1,SLC6A9,0.1153003574248707
GLIS1,KYAT3,0.115209299495489
ZNF684,DENND2C,0.1151898299455005
TFAP2E,DMAP1,0.11517238202225041
ENO1,AGO4,0.11515599376121415
NFIA,CA6,0.11507586353813551
HES4,DLEU2L,0.11503848153797153
ZNF684,SRSF4,0.1150339746063218
NFIA,GSTM3,0.1150279038455285
MTF1,LINC01562,0.1148665088520622
TFAP2E,AMY2B,0.1148568853160161
ZNF684,DVL1,0.11479754359121946
RUNX3,SH3GLB1,0.11474864172989185
E2F2,LINC01781,0.11471455113903652
TFAP2E,CAMTA1-DT,0.11470377102452751
E2F2,RNPC3,0.11468345029627534
ZNF691,UTP11,0.1146740889539256
FOXO6,GBP2,0.11447149675406161
ZNF691,RUNX3,0.11442008981296736
FOXO6,GBP3,0.1143961834302079
GFI1,EVI5,0.11438607698624653
HES2,DPYD,0.1142795600025544
ID3,CACHD1,0.11426784838033718
ZNF691,AZIN2,0.11426478615886768
HES4,ZBTB8A,0.11421678206328796
GFI1,MAST2,0.11417972730647195
TFAP2E,RTCA,0.11413391989742085
TAL1,STXBP3,0.11410051642056832
GFI1,SLC35D1,0.11404572615149221
ID3,TRIM33,0.11400564730704014
ZNF691,SLC9A1,0.11398934078742892
NFIA,TRMT13,0.1139743501013805
HIVEP3,DEPDC1,0.11396053224557157
E2F2,INPP5B,0.11391083231477109
ZNF683,RHOC,0.113869583630936
NFIA,RIMKLA,0.11381045922479148
ID3,ZSWIM5,0.11376412241021745
TFAP2E,LRRC7,0.11367194110928217
GFI1,FUBP1,0.11365357957847305
GFI1,USP48,0.11364957099812253
TAL1,DMAP1,0.11360879953053245
RUNX3,HOOK1,0.11358966922584343
ZNF691,FAF1,0.11351190176489545
TP73,KYAT3,0.11350545970215786
ID3,LINC01708,0.11346554276992983
ID3,GBP4,0.11344811614718142
TFAP2E,LINC00339,0.1133784187176261
ID3,UQCRH,0.11334131159354108
ZNF684,LRRC39,0.11327747226422524
TAL1,SFPQ,0.11327645083937479
ALX3,PIGK,0.11323597869843124
FOXJ3,DRAXIN,0.11319165890897763
HES4,LINC01355,0.113156240032518
YBX1,DENND2D,0.11302970472675794
POU3F1,AK5,0.11300849015402198
MTF1,LINC01768,0.11300505647398068
TFAP2E,CRYBG2,0.11295264541426958
PAX7,ELOA,0.1129455300386587
FOXD2,PRKCZ,0.11291108833481552
ID3,SDF4,0.11290399731339638
HES4,KCNA2,0.11281049388209073
NFIA,LRIG2-DT,0.11278984292543838
ZNF691,TM2D1,0.11277176230422366
GMEB1,OPRD1,0.11265469293188435
RUNX3,RNF220,0.11263151941045654
NFYC,KCNA3,0.1125213672180656
ID3,RBP7,0.11240721202205162
TAL1,MTHFR,0.11237517471154705
ZNF684,LRIG2,0.11235883586929063
MTF1,LINC01357,0.11234343204010624
ZNF684,DCLRE1B,0.11218668882291563
GFI1,DBT,0.11217756705469883
NFIA,BCAS2,0.11212235518939218
ZNF683,ARID1A,0.1120963797025122
MTF1,CCDC18-AS1,0.11207640563740237
E2F2,BSDC1,0.11207050268192216
TAL1,PEX14,0.11204042344260608
FOXO6,WDR77,0.11202906771130922
ZNF691,NASP,0.11193935386720466
GLIS1,SELENON,0.11190923822231011
ZNF684,SYTL1,0.11190793530409097
FOXO6,ATAD3B,0.11183705596447631
PAX7,DRAXIN,0.11183643285985427
ZNF684,AK2,0.11181105763060542
HES4,PIK3CD-AS1,0.11180707890637592
TFAP2E,AP4B1,0.1117784099538125
TP73,NOC2L,0.11176477864452924
GLIS1,WDTC1,0.1117564939895823
ZNF683,ZMPSTE24,0.1116798012148317
FOXJ3,PANK4,0.11163707309046883
ZNF684,AZIN2,0.11156921777769478
TFAP2E,GSTM4,0.11155979866998628
ZNF683,ZRANB2-AS1,0.1115308313004626
POU3F1,ZMYM4,0.11148681500607106
POU3F1,ZNHIT6,0.11142653001433474
PRDM16,KHDRBS1,0.11138961166551091
ZNF683,LINC01128,0.11129677520023071
HES2,SH3GLB1,0.11127189550265396
MTF1,LINC01226,0.11115559534301209
ENO1,DIO1,0.11114869111726151
TFAP2E,DCDC2B,0.11096248205287593
NFIA,A3GALT2,0.11091620302729603
ZNF683,RTCA-AS1,0.11091202462071845
ID3,IFI6,0.11090106721530653
ID3,FBLIM1,0.11087188503428433
ZNF691,GBP4,0.11085437863946823
MTF1,PLPP3,0.11085408989482465
POU3F1,PIK3CD,0.11084190656151789
ZNF684,SLC25A33,0.11082371380177809
ZNF691,HIPK1-AS1,0.11079800928690642
ZNF683,SLC25A33,0.11075746345444314
ID3,KHDRBS1,0.11056819290191305
TFAP2E,LRRC47,0.11051521316835702
GFI1,SRRM1,0.11048433486524584
NFIA,CRYZ,0.11046915705805116
RUNX3,FAM151A,0.1104522694818195
GMEB1,CELA3B,0.1104459136206415
NFIA,PAX7,0.11040218189510198
NFIA,SCNN1D,0.11033724839290524
ZNF684,TAF12,0.11027930566462255
NFIA,ALPL,0.11025653158259084
GLIS1,GBP3,0.11025197170197996
TFAP2E,NPPA,0.1101659366023091
GFI1,MDS2,0.11015443950107182
NFIA,SERBP1,0.11014832046069147
ZNF683,GPN2,0.11013308888816348
ZNF683,CYB5RL,0.11008889993095962
HES2,SCP2,0.10993477195908065
ID3,MUTYH,0.10990347752223059
TAL1,ZDHHC18,0.10975255597491826
ZNF691,UBR4,0.10971894502498232
ZNF684,PDPN,0.10971535920205167
ZNF691,KLHL21,0.10965813536349561
FOXO6,USP24,0.10965667770298104
ZNF684,EBNA1BP2,0.10959046106507767
MTF1,C1orf141,0.10957283920202035
ZNF691,AGO1,0.10956086238528139
YBX1,C1orf127,0.10943630291711325
NFIA,MED8,0.10943062839443969
ALX3,SPEN,0.10942986727286831
TP73,LAPTM5,0.1093203543234288
MTF1,SYT6,0.10931136747905998
ID3,SELENON,0.10926904470286297
GFI1,HIPK1,0.10923981226827509
ZNF683,MYSM1,0.1092329166954876
ZNF683,TTC39A,0.10922256960476599
MTF1,PALMD,0.10919822108712281
TFAP2E,TAF12,0.10919483975045134
MTF1,MCOLN2,0.10916248100820952
ZNF691,DDOST,0.10914330769564161
RUNX3,UBE4B,0.10903844218417565
ZNF683,DENND2C,0.10896195364719918
FOXO6,MUTYH,0.10894105764145606
TAL1,SPATA1,0.10890389837613551
FUBP1,VAV3-AS1,0.1088351768626854
ZNF683,STX12,0.10875072062223526
ZNF683,EBNA1BP2,0.10867317775129254
TFAP2E,LRRC8C,0.1086502544505089
PAX7,UBR4,0.10862611119517009
ZNF684,RBMXL1,0.10861362531165529
ZNF683,SLFNL1-AS1,0.10858443537044207
HES4,ZNHIT6,0.10852515482394251
ID3,PINK1-AS,0.10848704026019658
ZNF691,LINC01772,0.1084842632700833
PAX7,RSBN1,0.10844472312969508
HES2,PITHD1,0.10837320019415136
FOXD2,MRPL20-AS1,0.10835992131600998
FOXO6,PRPF38B,0.10828760153729526
NFIA,LINC02606,0.10827484880623264
GMEB1,HIPK1-AS1,0.10823610526216929
NFYC,MICOS10,0.10816588521617339
ALX3,LYPLA2,0.10810242904017936
TP73,THRAP3,0.10791078265940027
MTF1,TTLL10,0.10786978437643038
ID3,ST6GALNAC3,0.10783398546561228
YBX1,ZBTB8B,0.10781646608899342
PAX7,NBPF3,0.1077874936459879
ZNF683,DHDDS,0.10765836023046141
ZNF691,DEPDC1,0.10764052382522742
GFI1,CYP2J2,0.10760884701248767
PAX7,DRAM2,0.10757591353021312
YBX1,C1orf146,0.1075428940057717
ID3,SIKE1,0.1073125868642355
ZNF691,LINC01768,0.10728642836779612
HES2,ENO1,0.10724764425258868
ZNF691,EMC1,0.10724548849766913
ZNF684,BCAS2,0.1070934334704775
ZNF683,RER1,0.10701290511836933
PAX7,ZNF684,0.10691646473660425
TFAP2E,ZFP69,0.10684546572758195
HES4,GFI1,0.10680838894744274
HES4,MRPL20-AS1,0.106781585173091
E2F2,NPPA,0.10676574340325315
TP73,EMC1-AS1,0.10670075623731892
GFI1,CCDC30,0.10668301235250857
GFI1,TCEA3,0.10660733364265924
HES2,WDR47,0.10658878602440021
ZNF691,RPS6KA1,0.10650078394535117
FUBP1,BTBD8,0.10644888270512497
PAX7,ECHDC2,0.1064478954315926
ZNF683,NADK,0.106445424344141
FUBP1,RSPO1,0.10643965971868491
ID3,TMCO4,0.10640691552038987
ID3,EVA1B,0.10637351136559119
NFIA,KANK4,0.10623492286111576
GMEB1,LINC01707,0.10623427537775273
NFIA,IL23R,0.10617035403351179
HES4,NBL1,0.10615240779951964
E2F2,GSTM4,0.10611274806416812
FOXO6,TUT4,0.1060718945147511
ZNF684,TTC34,0.10605659895285198
NFIA,ACADM,0.1060143040501562
ZNF684,UROD,0.10600297452355606
GMEB1,TMEM52,0.10597721738116085
ZNF684,KCNC4,0.10588681825616225
ID3,BTBD19,0.10587169815265503
ALX3,ZFP69,0.1058511243994409
GFI1,LINC01709,0.1057810538957483
GFI1,SRSF10,0.10575133807349353
ZNF684,ATAD3A,0.1057322529244097
YBX1,ADGRL4,0.10571700896715812
TFAP2E,HYI,0.10566677101959997
ZNF691,LRRC41,0.10558277675504939
MTF1,TNFRSF9,0.10552489781843065
GMEB1,BCL2L15,0.10551668212794076
TP73,NECAP2,0.1055166390826692
HIVEP3,CLIC4,0.10549911779399777
ZNF691,MED8,0.10541232060132712
GMEB1,SSBP3-AS1,0.10534355421830176
GFI1,IFI44,0.1053078322129761
ZNF683,MTF2,0.10525828995868443
TFAP2E,PRMT6,0.10513275602151452
MTF1,MATN1,0.10512680534722657
PAX7,DFFB,0.10507153024332985
ZNF684,TMCO2,0.10506816393928407
GMEB1,C1QC,0.10501123738356555
HES4,SLC35E2B,0.10495746676051994
HES4,KDF1,0.10495333149071957
ZNF691,AGMAT,0.10494787149424507
ZNF684,CD101,0.10493511785869003
FOXO6,CD58,0.10493484587179162
GMEB1,EPHX4,0.10488929710307864
POU3F1,DIO1,0.1048867083965484
HES4,LINC01786,0.10479791289307155
PAX7,LMO4,0.10475916723657873
GFI1,PADI2,0.10475370897250859
ZNF683,INTS11,0.10473789813437581
GLIS1,ELOVL1,0.10472131445423041
TFAP2E,HDAC1,0.10471835184037205
ZNF691,LINC01135,0.10467890818339938
ZNF683,TMEM69,0.10466540549529696
GFI1,LSM10,0.10464093059126481
ZNF683,EFHD2,0.10462316983174078
GFI1,CD53,0.10462313304710641
FUBP1,LRRC38,0.10461663211884797
ZNF684,CAPZA1,0.10459608975003364
TFAP2E,CLIC4,0.10454634227568511
TFAP2E,ZNF326,0.10453422186274308
ZNF684,AJAP1,0.10452410324282456
ZNF684,RCAN3,0.10447876791250008
ZNF691,IL12RB2,0.10440448715547705
ZNF684,AGO1,0.10438476797830638
ID3,RCC1,0.10434329576687114
GLIS1,AP4B1,0.10431839470401502
ZNF691,MTF1,0.10424069810490565
GMEB1,DHRS3,0.10422014433350962
FOXO6,LRRC7,0.1042166960874012
GFI1,CAMTA1-DT,0.1041617243042216
MTF1,LINC01781,0.10411585253128708
NFYC,S100PBP,0.10411564676571616
ZNF684,SHISAL2A,0.10409545762379814
ZNF691,CROCC,0.10405829527640886
TFAP2E,BMP8A,0.10395182456067499
ZNF684,CDA,0.10383692495891043
GFI1,NPHP4,0.10382514239582062
RUNX3,STXBP3,0.1037728504916196
FOXO6,PPP1R8,0.10375067650051056
E2F2,CDC42-IT1,0.10366508867949752
E2F2,SCMH1,0.10360771145613723
FOXJ3,TAL1,0.1035795697712891
TFAP2E,CTH,0.10357481083755576
ALX3,AP4B1-AS1,0.10349974447725517
ZNF683,PTGER3,0.1034808915987052
HES2,BSDC1,0.10343038950006518
NFIA,ADORA3,0.1034302785377578
POU3F1,TNFRSF1B,0.10335011378713621
ID3,DAB1-AS1,0.10334732817442317
TFAP2E,DDI2,0.10332476643606348
GFI1,TRIT1,0.10329250506246616
ZNF683,LRRC8D,0.10327197240903138
TFAP2E,AKR7A3,0.10324958040229215
TFAP2E,PHC2,0.10324288629233867
RUNX3,GBP6,0.10323146335831583
GFI1,MFSD2A,0.10321384548205495
ID3,TTLL10,0.10320780239916234
YBX1,DPYD,0.103131686312571
ZNF691,PARK7,0.10312316371236999
NFIA,CHD5,0.10304987154902065
FOXJ3,CLSPN,0.10299105405261191
GFI1,EIF4G3,0.10297175832369344
GFI1,SZT2,0.10294306544728449
HIVEP3,LPAR3,0.10289185068642956
NFYC,C1QTNF12,0.10288264070665847
ID3,ZMYM4,0.1028399978791997
E2F2,CCDC18-AS1,0.10282291336824492
TFAP2E,MROH7,0.10279388028952548
TFAP2E,CTBS,0.10278269037304073
FOXJ3,B4GALT2,0.10274923455251718
YBX1,PTAFR,0.10270236683461928
NFIA,FNDC10,0.1026917824758817
FUBP1,OLFML3,0.10261229488809827
GLIS1,STXBP3,0.10255476681988462
ZNF691,RHD,0.10249987590922267
MTF1,SASS6,0.10244065475991329
NFIA,HMGN2,0.10241011748942745
POU3F1,ITGB3BP,0.10239020862065501
ALX3,IFFO2,0.10226602386170745
TFAP2E,SRSF11,0.10214401747535153
NFIA,RAP1GAP,0.10213201979577498
HES4,RCC1,0.10210515185604033
ZNF691,AKNAD1,0.10209567141330815
ID3,MFSD14A,0.10208107183329981
E2F2,GBP2,0.10202885678786025
POU3F1,EFCAB14,0.10201194953951377
GFI1,DNAJC6,0.1016291115245837
E2F2,LINC01135,0.10157369689642627
E2F2,CELA2B,0.10153704953209358
FOXD2,RBBP4,0.10148295384782337
RUNX3,NFYC-AS1,0.10145446648083967
HES2,LINC01725,0.10141815904890908
NFIA,CELSR2,0.10138752333246323
ZNF684,PRXL2B,0.10131784003619183
TP73,DRAM2,0.10129946864032928
MTF1,PRDM16,0.10128958999314053
ALX3,ADGRL4,0.10128508671486018
HES4,WNT2B,0.10127894285503973
TAL1,UBE2J2,0.10126945956252663
HES2,CD2,0.10124573706925288
MTF1,SRM,0.10123741178271099
GMEB1,TNFRSF4,0.10123502372255716
PAX7,GBP3,0.10123217708667939
NFYC,CLSTN1,0.10119487539343723
NFIA,USP48,0.10114824017834252
POU3F1,ECHDC2,0.10114545546903356
ZNF684,VWA5B1,0.10112169948225072
FOXD2,INTS11,0.10107405527601103
TFAP2E,CPLANE2,0.1010298211930233
ID3,EXOSC10,0.10099479913677561
FOXJ3,ALX3,0.10098869476885626
GMEB1,LINC01786,0.10090665515687296
ENO1,CSMD2,0.10088612797351275
ZNF684,SLC16A1,0.10085299406016562
HES4,LEPR,0.10079168845220932
TFAP2E,SORT1,0.10073354396964326
GMEB1,LINC02801,0.10071048384813676
TFAP2E,CD53,0.10070885134579513
ZNF683,SNHG3,0.10069839825705738
POU3F1,ISG15,0.10067654959099048
ZNF683,ZSWIM5,0.10065645995305647
HES4,TGFBR3,0.10065538030806023
HIVEP3,ANKRD65,0.10049391632592203
ZNF683,PADI4,0.10047251810260852
PAX7,SRRM1,0.1003768570009108
FOXD2,CRYZ,0.1002983052627288
PAX7,KYAT3,0.1002850520557472
NFIA,AJAP1,0.10019628477148722
GFI1,DVL1,0.10009974837364534
ZNF683,THEMIS2,0.10009929528956282
ZNF683,PKN2-AS1,0.10009912619552033
E2F2,C1orf50,0.10004283704960579
POU3F1,AGL,0.10002651268030328
HES4,OVGP1,0.10001715079641718
PAX7,GPATCH3,0.0999778373751274
HIVEP3,LINC01141,0.09987479614600858
ALX3,TOE1,0.09982683051099406
ZNF691,CDCA8,0.09980335227380885
TFAP2E,CEP104,0.09963475302709407
NFYC,HES2,0.09957939373234939
TFAP2E,CLCN6,0.09956043497710433
RUNX3,MROH7,0.09955675420029494
GFI1,CAMK2N1,0.09952515638057323
HES4,RAP1GAP,0.09941855343894486
ZNF684,PADI2,0.09936966708742073
NFIA,TEX38,0.0993396103092334
TFAP2E,DLEU2L,0.09931394837425062
FOXJ3,UTP11,0.09924898957435035
FOXD2,AKIRIN1,0.09924674615944798
ZNF691,CCNL2,0.09923510335998463
TP73,MTF2,0.09916878439493555
TP73,CDC42,0.09912436257178045
TAL1,MYCBP,0.09910060797926662
ZNF683,LRRC8C-DT,0.09907080852441709
ID3,TSSK3,0.09901170283433333
TFAP2E,PTAFR,0.09894779516975528
TFAP2E,TRIM62,0.09891872908411672
HES2,GPBP1L1,0.09890824822378567
ZNF684,CDC42-AS1,0.09885476098429583
ZNF684,RPAP2,0.09885075482111755
ALX3,PRKCZ,0.0988159088159474
ZNF683,MICOS10,0.09880483381007614
GMEB1,LRIF1,0.09878415189410716
NFIA,RCC1,0.09872030160243876
HES2,ZBTB48,0.09869652139105349
ZNF683,RPL11,0.09867424817543441
ZNF684,MICOS10,0.0983435017997351
HES2,RSBN1,0.0982720531236431
RUNX3,PTCH2,0.0982410238904581
ZNF691,UQCRH,0.09824064967646878
GFI1,MED8,0.09821316755397977
GFI1,TXLNA,0.09818561398936561
GFI1,SESN2,0.09818044117365204
ID3,MFN2,0.09817762091882688
ZNF684,AGO4,0.09811387340841578
E2F2,MMACHC,0.0980672378587169
E2F2,H6PD,0.09801847428702753
ID3,LINC01134,0.09799128103470485
GFI1,ECE1,0.09799001527905513
FOXO6,DOCK7,0.09796908206851536
RUNX3,PLEKHN1,0.0978454766834005
PAX7,TMEM59,0.09781681691687527
ALX3,DHRS3,0.09781345324115247
FUBP1,EPHX4,0.09779950706170071
ZNF691,LRRC47,0.09777799155460766
POU3F1,MKNK1,0.09772487454549196
HES2,SSBP3,0.09768784399078456
HES4,RBM15,0.09765982645809215
NFIA,CASQ2,0.09765578146737963
MTF1,LINC01765,0.09764201998977391
TFAP2E,ELOVL1,0.09753759663443436
ID3,FOXO6,0.09743410111497482
PAX7,TAF12,0.0974304017553904
TFAP2E,PUSL1,0.09740880037389935
ZNF683,FPGT,0.09736225093528939
TFAP2E,PPT1,0.09734444291156828
ZNF691,SZRD1,0.09727518581293897
ZNF684,BEST4,0.09722006658325874
ZNF691,MAP7D1,0.09717986376946149
ID3,SMIM1,0.09715563583695062
TFAP2E,ATP6V0B,0.09711198813348092
ID3,MYOM3,0.09706935894527507
FOXO6,SLC44A5,0.09702404800250149
NFIA,GADD45A,0.09701831967099454
PAX7,NECAP2,0.09694448578261954
FOXO6,CAPZA1,0.0968751162416823
ID3,WLS,0.09670171184622173
ZNF683,AGMAT,0.09666967033068939
HES4,SASS6,0.09666584320259324
GFI1,ZNF644,0.0965175341595422
NFIA,CLSTN1,0.09651409302942397
FOXJ3,TMEM53,0.0965026140250742
ZNF691,UBE2J2,0.09645257418319629
GFI1,GSTM3,0.09644208459557542
GFI1,TOE1,0.09635316067809094
TP73,ACADM,0.09629221930281451
GLIS1,RNF11,0.09626150957578421
ID3,EBNA1BP2,0.09617085305871537
ZNF691,CRYBG2,0.09613029633294544
E2F2,AGO4,0.09612872458228709
TP73,LRRC41,0.09611642045477431
ZNF683,C1orf162,0.09606234239606123
GFI1,PIK3CD,0.09603636283933248
HES2,TRNAU1AP,0.09602517648424247
E2F2,CCNL2,0.09600210966975344
PRDM16,ODF2L,0.09597455315041635
FOXO6,ATP1A1,0.09594489469443776
TP73,SDHB,0.09591828363223363
ZNF683,NPPA,0.09591229841310057
GFI1,MROH7,0.0959054817538451
ZNF691,RTCA,0.09589949092849252
HIVEP3,LINC01677,0.09588137731668989
ZNF683,CD101,0.09585464291656141
FOXO6,CMPK1,0.09585102887949434
PAX7,SLC25A24,0.09584195458044945
FUBP1,DMAP1,0.09579628692970539
ZNF691,MKNK1,0.09571845702171095
GMEB1,MXRA8,0.09570023116641642
NFIA,LINC01786,0.09569849332037396
ZNF691,LINC01362,0.09567622458764426
HIVEP3,PTAFR,0.0956544391029853
HES2,RLF,0.09563308923969124
GLIS1,DHRS3,0.09561571896898088
FUBP1,ALX3,0.09558943641391392
NFIA,PPCS,0.09557496425990977
ZNF683,CLSPN,0.09552839471745427
HIVEP3,PRDM2,0.09551886747392581
ID3,UBE4B,0.09549064700880042
ZNF683,SORT1,0.0954693935457182
ZNF683,SYDE2,0.09545099765339624
RUNX3,ELAVL4,0.09542467823918951
ID3,CELA2B,0.09537087839033144
FUBP1,HPDL,0.09529416606832954
GLIS1,SMPDL3B,0.0952191286398683
ENO1,LINC02810,0.095207405813513
ID3,MTOR-AS1,0.09519090904653882
FOXO6,KAZN,0.09518329337696137
ZNF691,PTGFR,0.09516933588244493
HES4,KANK4,0.09515922444588759
TFAP2E,RAB3B,0.09502342066119376
HES4,VAV3,0.09485581461317323
GFI1,IFNLR1,0.09484754859655208
FOXJ3,SSX2IP,0.09482821805783188
TFAP2E,UBIAD1,0.0948088327650492
ZNF691,HES2,0.09476409837338307
TFAP2E,GPN2,0.0947227814874309
ZNF691,NFYC-AS1,0.09455757231495536
ZNF683,NOL9,0.09438519969200206
ZNF683,STRIP1,0.09437138188805694
YBX1,BTBD19,0.09436349315607913
ZNF684,TTC39A-AS1,0.09430464611927529
ALX3,GMEB1,0.09430400032853735
HES4,BRDT,0.09429755448758136
E2F2,CDC42-AS1,0.09428444017829475
RUNX3,PSRC1,0.0942668318053304
NFIA,DRAXIN,0.09426469803153925
NFIA,NRAS,0.09421145501715211
TFAP2E,ID3,0.09418578950851944
NFYC,PTPRF,0.09414986915052846
NFYC,TNFRSF18,0.09411513326661944
TFAP2E,PIGK,0.09409302726509967
ZNF683,DPH2,0.0940797730581103
ALX3,RTCA,0.0940635564753662
MTF1,LRRC8C-DT,0.09396260952210178
ZNF683,EFCAB14-AS1,0.09393136853640409
JUN,BEND5,0.09392549217238144
NFIA,AK5,0.09391650693127836
ALX3,SKI,0.09389716561686645
GLIS1,SZRD1,0.0938845263121587
GFI1,LINC01765,0.09386947623664779
ID3,NCDN,0.09380796457899962
HES4,PHF13,0.09375530621704756
TFAP2E,ZNF691,0.09370999326300479
FOXD2,IFFO2,0.09368953285992374
HES4,MROH7,0.09366878993104892
GFI1,KDF1,0.09366745123444349
GFI1,GBP1,0.09361936015792675
TAL1,AMPD2,0.09361862419903379
E2F2,CTTNBP2NL,0.09360736266129825
ZNF691,HPCAL4,0.09358262963880291
ID3,PHTF1,0.09357514356723459
TFAP2E,CMPK1,0.09356018493657066
GFI1,DEPDC1,0.0935181295364908
HES2,EVI5,0.09344099636253969
ZNF683,MYCL,0.09343896111309534
FUBP1,VWA1,0.09340758151258668
ZNF683,ATAD3C,0.09338640112589018
ZNF684,PRDM16,0.09337494300300644
ZNF683,GPX7,0.09336813085808772
ZNF684,ITGB3BP,0.0933511639358198
ZNF683,GNG12,0.0933021315991414
ZNF691,TNFRSF14,0.09327633946757705
ZNF684,TMEM234,0.09322523330217444
HES4,USP1,0.09322214802743757
RUNX3,ALG14,0.09322005752940465
ZNF684,GNB1,0.09321900040816497
PAX7,C1orf52,0.09311445873818643
PAX7,RER1,0.09305681664200283
ALX3,NCMAP-DT,0.09304198772551363
TP73,MECR,0.09299817431288601
GFI1,DNTTIP2,0.0929682507750137
FUBP1,CD2,0.09296197670941164
ID3,CEP85,0.0929157084801634
TAL1,C1orf122,0.09285687963197128
FUBP1,TMEM240,0.09282760463208152
HES2,ZNF326,0.09276713534014265
GMEB1,PLA2G2C,0.09275859458007915
ZNF684,STXBP3,0.0927504133988191
FOXO6,VPS13D,0.09275034507607276
TP73,LEPROT,0.09273851107927565
FOXO6,TMEM51,0.09272493562468605
ZNF684,PIGV,0.09272110604685198
ID3,UTP11,0.09268117368679277
ALX3,TXLNA,0.0926598633099926
ZNF684,ZFP69B,0.09263215341954245
ZNF683,LINC01307,0.09260739417639241
FOXO6,ID3,0.09258076773299798
ZNF684,ATAD3C,0.0925684347195931
HIVEP3,COL8A2,0.09255103537132471
ZNF684,RPS6KA1,0.09254490685548246
FUBP1,MIR34AHG,0.09249041605715538
ALX3,DIPK1A,0.09247653104605572
ZNF683,SLC22A15,0.09246723116127349
ZNF684,COL24A1,0.09242318861849967
HES4,CCDC30,0.09240105348834908
ALX3,WASF2,0.09235900459475388
MTF1,AKR7A2,0.09235889339762737
HIVEP3,ROR1,0.09234277013590865
HIVEP3,SLC2A7,0.09229452088206294
E2F2,SLFNL1,0.09224326638439752
FOXO6,KIAA0319L,0.09218825404201943
ZNF683,RHCE,0.09217374922515911
ID3,INPP5B,0.09208066840946964
NFYC,LINC01685,0.09207772668720912
ZNF684,BCL10,0.09206423607086683
GFI1,AK5,0.09206263647039645
POU3F1,ATP6V0B,0.09195433691175649
ZNF683,RNPC3,0.09186475128036432
FOXD2,S100PBP,0.09185830912407833
NFIA,LZIC,0.09176561977946612
FOXD2,CTNNBIP1,0.09175979482674025
ID3,CLCA4,0.09173356204825989
ID3,COL24A1,0.09165757909475673
ALX3,NOL9,0.09162210970681883
ZNF684,LEPR,0.0916211447972404
ZNF684,COL16A1,0.09161241630158803
MTF1,PADI6,0.09153001571231992
FOXD2,CEP85,0.09152189769125996
TAL1,CSDE1,0.0914919790308744
TP73,DNAJC16,0.09147032124392258
GFI1,CRYZ,0.09146174311948811
ZNF683,CDA,0.09144470478658218
POU3F1,RCAN3AS,0.09143921745375166
ZNF684,FNDC7,0.09140729720346855
ZNF691,WRAP73,0.09133691878973965
GFI1,CELA2A,0.091289738508995
ID3,GALE,0.09128484687427248
HES2,CD58,0.09128262064507289
TAL1,SESN2,0.09127967933737408
HES2,DDOST,0.09122194097197915
ZNF683,SPSB1,0.09121206939152796
HES4,LINC02607,0.09117120348934374
E2F2,AMY2B,0.09111731044381566
TP73,AGTRAP,0.09108642312561556
MTF1,HYI-AS1,0.09104856749053607
ZNF683,TMEM234,0.09103424830422155
NFIA,NBL1,0.09103140757948443
ZNF683,NIPAL3,0.09099868071540655
ZNF684,PRMT6,0.09090868423666752
ZNF683,PAQR7,0.09087618167356502
ID3,TM2D1,0.09084767081123307
ZNF691,TACSTD2,0.09084624593590171
YBX1,TRIM63,0.09079700243588974
GLIS1,MEGF6,0.09075331815193152
FOXO6,SNIP1,0.09070662105662958
ZNF684,YRDC,0.0906961569342244
PAX7,TARDBP,0.09059452739214333
ID3,ANGPTL7,0.09059146547349022
E2F2,CLCC1,0.09051901857196368
PAX7,ROR1,0.09050237355097814
ENO1,NFIA-AS2,0.09049339672151671
HES4,NASP,0.09046527756968811
ID3,RUNX3,0.090435318652999
ZNF691,KCNC4,0.09042017119345003
PAX7,LRRC40,0.09037984747042517
GFI1,GSTM4,0.09035756020196366
ZNF683,DNAJC8,0.09028166494168399
NFYC,SLC6A17,0.0902479408377297
FOXD2,RAP1A,0.09019516049164852
RUNX3,LINC01768,0.09016180463562108
ZNF684,LINC01709,0.09015736250009079
ZNF683,RWDD3,0.09014680665151555
FOXO6,SYTL1,0.09006387854021723
HES2,DOCK7,0.09005430016449538
ZNF683,BCAS2,0.08999666265717933
HES2,ZBTB8OS,0.08999446330211201
MTF1,COA7,0.08997514823114287
ZNF691,SLC25A33,0.0898988583064323
HIVEP3,BSDC1,0.08985362027990206
ZNF683,ITGB3BP,0.08984909271999023
GMEB1,BRDT,0.08980109924358298
MTF1,SLC44A3,0.08979125769428674
GFI1,AKR1A1,0.08978064357857038
TFAP2E,ENO1,0.08977244146902666
TP73,NRDC,0.08975842547507076
FOXD2,TNFRSF18,0.08973077642143192
GFI1,DPH5,0.08972937070265533
POU3F1,ZNF644,0.08972377296982764
MTF1,MAD2L2,0.08968820053460798
HES4,SSBP3,0.08967006026915737
E2F2,FAM229A,0.08947017588733268
FOXD2,ZRANB2,0.08945986835459581
GFI1,PDIK1L,0.08944589261566971
POU3F1,LAPTM5,0.08943332713883928
HIVEP3,RERE-AS1,0.08943321319217065
TAL1,ZMYM4,0.08943051017087371
ID3,ALPL,0.08941005348831506
RUNX3,ATP6V0B,0.0894037035654633
HES2,TPRG1L,0.0893423946909589
TFAP2E,AMIGO1,0.08923765448743265
PAX7,CCDC28B,0.08923483570231219
ZNF691,LEPROT,0.0892286465042701
ZNF684,ECHDC2,0.08920088113640162
YBX1,LINC02785,0.08917229277123553
TP73,MRPL20,0.0891079117490532
HES4,MYOM3,0.08910336838561252
ZNF684,SERBP1,0.08905370205399109
ZNF691,ZYG11B,0.08902153192645408
HES4,SLFNL1-AS1,0.08899254227128836
HES2,C1orf216,0.08888449589028313
GFI1,STPG1,0.08888372636279995
GFI1,LINC01135,0.08883900698928844
TFAP2E,TNFRSF14,0.08881456582392452
ZNF683,ERICH3,0.08878650243328283
NFYC,EPHA10,0.08874577760826802
FOXO6,GBP4,0.08873266802354228
ID3,TXLNA,0.08859219807282116
ZNF691,LRIG2-DT,0.08858991025229339
ZNF691,CFAP57,0.08858385375887334
ID3,PTGFRN,0.08855007276281836
ZNF683,PHC2,0.08854672809776763
ID3,LEPROT,0.08842117720919264
E2F2,IFI44,0.08838454923189766
ID3,FNDC5,0.08837465979267665
ZNF684,SPATA6,0.08835406454609723
ZNF684,PARS2,0.08832654542845078
HIVEP3,AK4,0.08831801599949371
PRDM16,NECAP2,0.08831710541457527
ALX3,RSBN1,0.0882114880446575
RUNX3,BCL10,0.08818149774938974
ENO1,MIR3659HG,0.08817275645963141
ZNF684,LPAR3,0.08815320967478815
FOXO6,PINK1,0.08807911013710207
HES2,PRPF38A,0.08805653728446476
GMEB1,C1orf127,0.08804281494353484
TAL1,GNG5,0.08800978949486774
TP73,TMEM59,0.08799639501560386
GLIS1,USP33,0.08795589918319523
PAX7,MTOR,0.08785288713449056
ZNF684,ZNF593,0.08783590084827947
ENO1,GJA9,0.08781659960280352
ZNF684,GALE,0.08781472109606918
GFI1,CDC42-IT1,0.08779860312786357
ALX3,SZRD1,0.08779566569156265
TFAP2E,CTRC,0.08779550744302625
RUNX3,MOB3C,0.08774796735032599
GMEB1,ABCA4,0.08773346962747212
TAL1,PITHD1,0.08770670533735286
HES4,TRNAU1AP,0.08770512828223989
ZNF691,SMIM1,0.08770114236784315
ZNF691,CD52,0.08768933280493875
ID3,MFSD2A,0.08767125061941557
NFIA,PLEKHG5,0.08765179030161509
ZNF683,GIPC2,0.08760655003822437
HES2,SLC35E2B,0.08757586619672965
TFAP2E,EIF3I,0.08755115948864985
POU3F1,AGO3,0.0875447701393496
POU3F1,CITED4,0.08751524968647288
ZNF683,GBP3,0.08747928810204712
FUBP1,RAP1GAP,0.08746546253517001
TFAP2E,TTC39A-AS1,0.08745229811895783
ZNF683,NBPF3,0.08743850073043266
ZNF683,USP33,0.08743742292500227
MTF1,RAB42,0.08742355633176963
GFI1,MTOR-AS1,0.08735069851787476
ZNF691,PLEKHM2,0.08733848814396057
RUNX3,TLCD4,0.08732498348324859
NFIA,MRPS15,0.08732334929205186
ZNF691,THEMIS2,0.08725707004501798
GMEB1,KANK4,0.08723997678116592
GFI1,RBM15-AS1,0.08719847663681668
FOXO6,TNFRSF25,0.08716361554049201
ZNF691,PLOD1,0.08716098564485229
PRDM16,KDM1A,0.08707163392950085
HES2,STK40,0.08705670994621528
NFIA,GNG5,0.08700894933438416
ZNF683,PPCS,0.08700093334750479
ID3,CAPZB,0.08699370103956623
GFI1,BTF3L4,0.08698904551517826
GMEB1,NEXN-AS1,0.08697725883135418
TAL1,C1orf174,0.08696277171899296
ZNF684,TYW3,0.08695118650349397
ZNF683,AGTRAP,0.08689568021752413
ID3,AKR7A3,0.08687276808702663
ALX3,HP1BP3,0.08687167327168462
ENO1,EXOSC10-AS1,0.08686379305586317
GMEB1,UTS2,0.08683571253116167
GFI1,CLCN6,0.08682792542298165
NFIA,TFAP2E,0.08677572899163227
NFIA,CCDC28B,0.08671069613523785
GFI1,FGR,0.08670739524647192
HES4,NTNG1,0.0867010066288596
YBX1,TNFRSF14-AS1,0.0866817639921055
FOXO6,FUCA1,0.08664662660497398
HES4,KIAA0319L,0.08663087548350822
TFAP2E,SDF4,0.08662761607743123
HES4,AKR7A2,0.08658485915193659
GFI1,PIGV,0.08658387135217015
ZNF683,HMGN2,0.08644489619613645
TFAP2E,MRPL37,0.08641218045013749
POU3F1,TESK2,0.08635003067252503
NFIA,EFHD2,0.08634899802190801
PAX7,TM2D1,0.086327970036995
ZNF691,ATP6V0B,0.08629939486280531
POU3F1,CASZ1,0.08629794799294739
HES4,ANGPTL3,0.08629677841884038
GMEB1,ZMYND12,0.08627122892001554
HES4,MFSD2A,0.08622528599852271
NFIA,NBPF3,0.0861927461946703
NFIA,MIB2,0.08617283495787938
HES2,FRRS1,0.08614349441771105
FOXD2,HS2ST1,0.08612739836747513
TP73,SFPQ,0.08612091180981778
TP73,USP33,0.08611217997546342
NFIA,PLA2G5,0.08610547347265163
E2F2,MIB2,0.08608266882159364
HES4,ST6GALNAC5,0.08607615385189787
POU3F1,LRRC7,0.08603710366436566
ZNF683,SLC35A3,0.08603091214681372
ZNF684,TMED5,0.08601850627942445
POU3F1,RHOC,0.08599076249869367
HES2,WDTC1,0.08598737185450472
HES2,PUM1,0.08598061426631168
GFI1,ZYG11B,0.08596798331786155
TFAP2E,ZMYM1,0.08590629971367778
TAL1,ZNHIT6,0.08588408634387874
GFI1,C1orf50,0.08588292732939777
E2F2,GALE,0.08584425725307697
FOXJ3,ASB17,0.08583849948886567
FOXO6,SNRNP40,0.08578897961384789
TFAP2E,CYP2J2,0.08572155694497002
ZNF691,RNF220,0.08569108846455309
ZNF684,WDTC1,0.08564941315881705
TAL1,SLC35E2A,0.08559530489722224
GFI1,TMEM167B,0.08559004675641957
ENO1,EPHB2,0.08556148085809119
GFI1,YTHDF2,0.08551360933908493
POU3F1,MOV10,0.08544886602684124
HES2,TRIM33,0.08544301993913735
ID3,TMEM51,0.08542661003728601
NFIA,TRNAU1AP,0.08542450636737721
GFI1,FGGY,0.08542078402628393
ZNF684,GNL2,0.0853864105341378
HES4,OSBPL9,0.08535953339370528
POU3F1,CDK11A,0.08533115396899896
HES4,PPIH,0.08530078800538003
NFIA,ORC1,0.08524518497745918
ZNF691,MIB2,0.08521728760604033
GFI1,SPOCD1,0.08518888887514747
E2F2,MOV10,0.08509972612522768
E2F2,HIVEP3,0.08508642617683457
ZNF684,STPG1,0.0850845355648162
FOXO6,SLC25A33,0.08506385362804468
E2F2,ZFYVE9,0.08504462141743083
POU3F1,SH3GLB1,0.0850423867850492
FOXO6,TAF12,0.08503521004226376
ZNF683,TNNI3K,0.08498755591268807
ID3,ZNF326,0.08498300951285315
ALX3,LINC02812,0.08483084791852347
FOXO6,SLC30A7,0.08482111867708013
FOXO6,LRRC47,0.08476893767979383
GFI1,CDCP2,0.08475215354198562
HIVEP3,RPL5,0.08473810358171814
GLIS1,CEP104,0.08461300318004555
TP73,ENO1,0.08458279303754088
GFI1,SPATA1,0.08455913979534467
FOXO6,PUM1,0.08454518861105469
ZNF684,FHAD1,0.08441965157136457
HES4,LRIG2-DT,0.08439853646446117
FOXO6,RHD,0.08437130679241209
NFYC,DAB1-AS1,0.08433609419060596
ZNF684,AGMAT,0.08431191396945839
NFIA,FAM167B,0.08430751876079827
HES4,INPP5B,0.08430305667241636
ID3,BRDT,0.08428507645940872
ZNF683,GBP5,0.08428423594526493
ZNF684,ELOVL1,0.08422515255573298
FOXJ3,TP73,0.08422368790478148
GMEB1,PLA2G5,0.0842035857827067
ID3,CDK11B,0.08418038165045849
HES4,SLC16A1,0.08415335674853787
GFI1,ZCCHC17,0.08407073076739865
HIVEP3,TMEM200B,0.08407049673940238
GMEB1,C1QB,0.08403706701532221
ZNF684,LINC02606,0.08399119968878274
HES4,ZRANB2,0.08398729400738432
YBX1,FOXD3-AS1,0.08397074898030776
ZNF683,YIPF1,0.0839668178209465
TP73,MAP7D1,0.08393881292416261
PAX7,TNFRSF18,0.08393759633729314
POU3F1,VAV3-AS1,0.08390590227113329
TP73,GPN2,0.08389056088571077
FOXD2,CD53,0.08386572542321079
TFAP2E,DRAM2,0.08384865088162534
ALX3,C1orf52,0.08384460838187449
ID3,INKA2-AS1,0.08379896555423046
FUBP1,FOXD2-AS1,0.08378310925762163
GLIS1,B3GALT6,0.08377692783742557
ZNF684,CCDC30,0.08376966290841834
ID3,ARHGAP29,0.08376154856803164
ID3,SRSF4,0.0837465120441057
FOXO6,AP4B1-AS1,0.0837056132891022
FOXO6,MCOLN2,0.0835261361916833
TFAP2E,CD101,0.08350641160128414
ZNF684,MFSD14A,0.08348562043220577
TP73,EFHD2,0.08346622977963042
TP73,ZBTB8OS,0.08345947705067995
TAL1,ITGB3BP,0.08344862316839176
FOXO6,ARHGEF10L,0.0833960973900873
GFI1,AJAP1,0.08336095336370528
ZNF691,RPL11,0.08335187098078377
HES4,MTF2,0.08333290067300636
POU3F1,PUM1,0.08331835032279206
GFI1,LINC02812,0.08328238228174521
HES2,MTF1,0.08328180832411725
MTF1,PAX7,0.08325217983371935
GLIS1,SSU72,0.08313847849591936
E2F2,CPTP,0.08313485577008999
ZNF683,SIKE1,0.08310349468940201
POU3F1,ZYG11B,0.08309307105970411
TFAP2E,SYTL1,0.08300109688691805
ZNF683,ATP1A1,0.08296801456847455
NFYC,KIF17,0.08296588162326086
PAX7,STXBP3,0.08295958890800634
HES4,AP4B1-AS1,0.08295276171534856
FOXO6,ODF2L,0.08295225044297592
GMEB1,SAMD11,0.08294751054353233
FOXJ3,AMPD1,0.08293394145155658
ID3,TCEANC2,0.08280411780921723
FOXJ3,TIE1,0.08279791883053284
FOXD2,SLC35A3,0.08274776764248108
ZNF683,ZNF436,0.08274688722667986
PAX7,DNTTIP2,0.08268720083413873
ZNF684,CASZ1,0.08267522178933037
GFI1,SLC2A5,0.08266961325193353
HES2,SRRM1,0.08263702334718571
RUNX3,PPIE,0.0826275656063553
TFAP2E,ZDHHC18,0.0826189732839841
TFAP2E,INKA2,0.08256912025554394
NFIA,NUDC,0.0825341970476414
PAX7,PAFAH2,0.08252682768496292
PAX7,SLC35E2B,0.08252137664669305
HES4,GSTM1,0.08248647572357787
ZNF683,PSRC1,0.08247933427550815
FOXD2,ZNF683,0.08247082723202091
PAX7,CYB561D1,0.08242385329630889
ID3,SDC3,0.08240281639512591
NFIA,GBP1,0.08237120995354798
ZNF684,EYA3,0.08232495602027758
ALX3,HMGCL,0.08232194679107471
TAL1,HNRNPR,0.08230902387857697
GFI1,PPIE,0.08230534488027283
HES2,CMPK1,0.08229173014379756
TFAP2E,AGO4,0.08226757944914491
TFAP2E,SPATA21,0.08225970153175181
POU3F1,SYNC,0.08224607730350142
HIVEP3,OLFM3,0.08223321008845937
ZNF683,RAP1A,0.08215483013120363
MTF1,PLA2G2D,0.08210373760298698
PAX7,DHRS3,0.082097791129084
FUBP1,CLSPN,0.08207380603084193
HIVEP3,LINC02238,0.08206806669006896
PAX7,CA6,0.082058212101171
ZNF691,ANGPTL7,0.0820088542686918
ZNF683,IL12RB2,0.08200003879469685
ZNF691,AKIRIN1,0.08198521578199333
TFAP2E,TENT5B,0.08190538386490674
GFI1,GNAI3,0.08188645022552732
FOXJ3,LINC00115,0.0818845279849614
MTF1,EPHA10,0.08186231503331626
ZNF684,ZMYM6,0.08181284904421818
ZNF683,PRXL2B,0.08179900950781643
GFI1,SSU72,0.08169667452284728
TFAP2E,CDCP2,0.08166735981635267
GFI1,GBP2,0.08166181955376027
PAX7,ELOVL1,0.08165302041481554
TFAP2E,FGR,0.0815797458137558
GMEB1,IPP,0.08154945529904496
ZNF684,SLC44A5,0.08154313171264195
GMEB1,NGF,0.08153929137917407
ZNF684,C1orf122,0.08153900383146737
TFAP2E,PLEKHM2,0.08152918980690115
ZNF691,P3H1,0.08149406194788518
GFI1,TNFRSF8,0.0814373622505718
ZNF684,HIVEP3,0.08141674130760938
ZNF684,LINC01786,0.08138124619641107
TP73,USP24,0.08133277316411186
TFAP2E,DDOST,0.0813006007195431
TFAP2E,MAGI3,0.08128508070112578
TFAP2E,JAK1,0.08128495146530852
FOXJ3,PODN,0.08121237171247415
ZNF683,GALE,0.08113921800078339
ID3,SLC16A1,0.08111137739592832
GFI1,CLSTN1,0.08110429402843632
GFI1,TXNDC12,0.08109095128466087
ZNF691,ACOT11,0.08108203099371733
ZNF691,ZSWIM5,0.08107763198850615
TFAP2E,LRP8,0.08103855222028004
ZNF684,MACF1,0.08100627980703272
HIVEP3,TLCD4,0.08097939013393905
NFIA,MAD2L2,0.0809504764990329
TFAP2E,THRAP3,0.08093078674920531
HES2,FUBP1,0.08092827223477667
GLIS1,CCDC30,0.08089693073058689
MTF1,LINC02795,0.08086334476505841
FOXO6,MICOS10,0.08086193872054805
ID3,SERINC2,0.0808553390912412
TFAP2E,LINC01725,0.0808505610319559
ALX3,KAZN,0.08082757868464288
YBX1,CLIC4,0.08082733468259472
ZNF691,SNIP1,0.08073022027293794
GFI1,SIKE1,0.08071447722245809
FOXO6,C1orf216,0.08066952822241885
ZNF683,ZMYM4-AS1,0.0806328862723294
NFYC,ALX3,0.08060706466367584
ID3,RHOC,0.08059386052459716
ALX3,NOC2L,0.08050909028496663
ID3,DNAJB4,0.08043962710447122
E2F2,RCAN3AS,0.08040851184661303
ID3,CTH,0.08025665431279155
TFAP2E,SLC35A3,0.0802312099317425
ID3,ATAD3C,0.08020918653162308
ZNF691,MOV10,0.0801627212341315
NFIA,PRKCZ-AS1,0.08012921586019682
FUBP1,C1QC,0.08010316098407319
RUNX3,TAS1R3,0.08007440247856593
TP73,SH3GLB1,0.08003563955145762
ID3,KCNA3,0.0800333025397763
ZNF684,CSDE1,0.07998904101940338
HES2,KCNAB2,0.07979646513870034
FOXO6,DMAP1,0.0797220995140933
HES4,RNF220,0.07968655358768463
POU3F1,TMEM59,0.07960998189934708
ID3,LINC01635,0.07948565022408709
ID3,DPYD-IT1,0.07947814634537241
TFAP2E,LIN28A,0.07946033375012944
POU3F1,PDE4B,0.07944452501247867
GLIS1,PRKACB,0.07942554092876647
ENO1,C1orf167,0.07940241517192831
TAL1,CENPS,0.07938520424132241
ID3,LSM10,0.07938084062275375
ZNF683,TMEM51,0.07936099308050966
HES4,TAL1,0.07930194999098723
ZNF684,LINC01359,0.07929557424574461
RUNX3,ATP1A1,0.07927968046706642
HIVEP3,SYT6,0.07923655498963088
TFAP2E,SRSF4,0.07922253218692049
ALX3,RCAN3,0.07921679792694795
FOXJ3,CELSR2,0.07917145871897992
FOXD2,ACADM,0.07915607304555154
HES4,FBXO44,0.07915137328969399
TFAP2E,FABP3,0.07912051640672904
TFAP2E,MTOR,0.0791015093723789
HES4,EPHB2,0.0790999306285547
ZNF684,ZNF326,0.07907659426411173
ZNF683,KTI12,0.07907018621502315
POU3F1,ZCCHC17,0.07903378158225638
TAL1,CLIC4,0.07899224284857342
RUNX3,RAB42,0.07899214435301576
POU3F1,TRIM62,0.0789670367521075
TAL1,SYNC,0.07894392241314209
FUBP1,CRYBG2,0.07890430094344969
ZNF684,IPP,0.07889884929268816
TFAP2E,FUBP1,0.07886357994597251
E2F2,DPYD-AS1,0.07885866161871592
FOXO6,SFPQ,0.07883509785948868
MTF1,CELA2B,0.07866530108571892
PAX7,NADK,0.07862489997081387
E2F2,NADK,0.07859211729445725
FOXO6,MFSD14A,0.07856214926973451
ZNF683,RPL22,0.07853267715331998
MTF1,SLC30A2,0.07853202821330708
ZNF684,SDHB,0.07852205092139782
HES4,MAGOH,0.0785141517791718
ALX3,RPA2,0.07850952282420895
HES2,MOV10,0.07849493713433722
FOXO6,DVL1,0.07840331160550591
TFAP2E,TTLL7,0.07839322330800451
ZNF691,AK5,0.07836256942864078
MTF1,CYP4B1,0.07835865262400413
POU3F1,LINC01781,0.07835031001124235
E2F2,COL16A1,0.07831461336147347
POU3F1,VPS13D,0.07827742162305941
ZNF684,LINC01781,0.07827037001991881
HES4,MED8,0.07825528176718673
ZNF684,PPIH,0.07819006142195375
ID3,CELA2A,0.07816809290641513
NFIA,POU3F1,0.07810688498793589
ZNF684,RHCE,0.07808874654714579
FOXJ3,SGIP1,0.07807310540876354
ZNF684,RSBN1,0.07804189526544304
ZNF683,SLC25A24,0.07802183638292111
PRDM16,FGGY,0.07802098159072822
PAX7,KAZN,0.07798622687638879
ZNF691,LAPTM5,0.07793435978430349
TAL1,WNT4,0.07793221924737469
HES4,NFYC-AS1,0.07791784716425447
NFIA,TMEM50A,0.07788136441935485
E2F2,TMEM59,0.07786172694392315
E2F2,DHRS3,0.07784601209326505
HES4,PLA2G2C,0.07778801487546359
NFIA,C1orf167,0.07773995514525384
TFAP2E,NBPF3,0.07772992786127052
NFIA,HES2,0.07768750775976667
PAX7,WASF2,0.07768520470481295
GFI1,PALMD,0.07768479156734465
ZNF683,FAF1,0.0776500436174941
GFI1,TTC34,0.07761417342405777
ZNF684,TTC22,0.07759989422936751
HES2,NECAP2,0.07757398535324107
E2F2,TESK2,0.07756225372644271
ID3,EPHB2,0.0775541911851821
ZNF684,SSBP3,0.07754096934361474
NFIA,DAB1-AS1,0.07752544247310487
TFAP2E,CA6,0.07751779541879474
HES4,PSRC1,0.07750750835679328
GMEB1,RAD54L,0.07749812025005919
NFYC,ATP5PB,0.07748232833659639
GFI1,KANK4,0.07746993303118929
POU3F1,RPAP2,0.07746482245769401
GFI1,TMEM51-AS1,0.07743302727428344
HES4,MTOR-AS1,0.07738704891312789
TFAP2E,ZNF593,0.07737588266382184
TP73,DENND2D,0.07730983589099272
GFI1,GBP4,0.0772979232335054
TAL1,LMO4,0.07729302541505549
POU3F1,GBP1,0.0772581225294808
TFAP2E,EPHB2,0.07724688714285917
HES2,AMY2B,0.0772356600435033
ZNF684,PPIE,0.07723320078950104
NFIA,WRAP73,0.07722533657836522
GFI1,SYF2,0.0772006268648959
ZNF691,CEP104,0.07718720383987991
POU3F1,LEPROT,0.07717966520021834
HES4,ATP1A1-AS1,0.07716668046847824
PAX7,CC2D1B,0.07711148612282744
NFIA,LINC01708,0.07709624716579055
HES4,KIAA1522,0.07703807453048683
ZNF691,ZBTB48,0.07703009623985808
NFYC,IGSF21,0.0770207058391287
NFIA,ATP5PB,0.07699856428308012
HES4,TMEM35B,0.07696991696472562
YBX1,FAM151A,0.0769349733843925
PAX7,DNAJC11,0.0769206272873967
NFIA,KIF17,0.07688734800989507
ZNF684,NPHP4,0.0768800587510629
ID3,SNX7,0.07686522440585734
TAL1,ODF2L,0.07683497101772102
NFIA,FHAD1,0.0768132725783707
HIVEP3,C1orf127,0.07678570703803543
E2F2,PLCH2,0.07672234014877227
ZNF691,EIF4G3,0.07664976384888307
ZNF684,PUSL1,0.07664887812856569
ZNF691,COA7,0.07664866002236453
YBX1,LINC02810,0.07662247964728801
GMEB1,LINC01765,0.07660287643311978
ZNF684,TMEM167B,0.07657312165552714
GFI1,ZBTB48,0.07657140685045304
ZNF683,WNT2B,0.07656472898107515
TP73,CCDC18-AS1,0.07656053498037138
ZNF683,HSPG2,0.07653923520589771
TAL1,PSMA5,0.07651978640227594
FOXJ3,NGF,0.07649166120588671
ID3,CLSTN1,0.07647710186999852
GFI1,MMEL1,0.0764731154181645
ZNF683,ZBTB17,0.07636334287154403
TFAP2E,WASF2,0.07630795271093249
ZNF691,LEPR,0.07627628793916123
TFAP2E,PPP1R8,0.07622895032487072
POU3F1,KIAA0319L,0.07622670955848602
ZNF691,MTOR-AS1,0.07619041532032912
FOXO6,DHDDS,0.07617856207660786
GFI1,LRIG2,0.07616121624740561
ZNF684,SPEN,0.0761464890489657
FUBP1,CORT,0.07614021608060173
GLIS1,RWDD3,0.07608622666532307
ZNF691,VPS13D,0.07605298345336327
NFYC,PEF1,0.07602200961835372
TAL1,MED8,0.07600796132737808
ZNF683,MARCKSL1,0.07594877606027425
FOXD2,B3GALT6,0.07593892218768852
ID3,ERICH3,0.07593271644043526
TAL1,EXOSC10,0.07592612989447063
PAX7,MFSD2A,0.07591877964892428
MTF1,NEXN-AS1,0.07591740338178364
E2F2,CAMTA1-DT,0.0758964206177045
ZNF683,COL9A2,0.0758944726238883
HIVEP3,KCND3,0.0758558022848804
E2F2,AK2,0.07582572034764336
PAX7,PPIH,0.07578646273978541
NFIA,PRDM16,0.07576233257938304
FOXO6,HMGN2,0.0756936012472032
E2F2,PPT1,0.0756833153518971
TP73,GTF2B,0.07561749495827884
FOXD2,PIK3CD,0.07559569984698034
TP73,TGFBR3,0.07557599168296755
NFIA,EPS15,0.07556842879382908
HES4,CENPS,0.07546134467619281
GFI1,CAP1,0.07540126512224077
MTF1,RAVER2,0.07537175320493747
FOXO6,FBXO6,0.0753496997392992
POU3F1,CAMTA1,0.07533993221139428
ZNF683,CYP4A22-AS1,0.0753283382513706
ZNF684,ST6GALNAC5,0.07528817037928272
ZNF683,EPHA2,0.07528334238988633
ZNF691,JAK1,0.07520740656810453
GFI1,PUSL1,0.07515656969697497
TFAP2E,RAP1A,0.0751033175204919
HES4,LINC02780,0.07510181110849984
TFAP2E,GNAI3,0.07507949720436922
ZNF684,LAMTOR5,0.0750478091207665
PAX7,ZNF326,0.0750023111774488
ZNF691,SSBP3,0.07494632797161128
ZNF684,ICMT,0.07492293957753557
TP73,RTCA,0.0748539773260929
TP73,CSDE1,0.07475056677153072
TFAP2E,ELAVL4,0.07473864630456467
FOXD2,SKI,0.07471861348030948
NFIA,ERICH3,0.07470437696732518
NFIA,ASB17,0.07465591048800739
ZNF691,TFAP2E,0.07464821329404936
POU3F1,DDOST,0.07460880843218036
ZNF683,NMNAT1,0.07459362694181271
FUBP1,KIF17,0.07458313148196379
ZNF684,RAP1GAP,0.07458123649796351
ID3,USP1,0.07455529031430412
TFAP2E,MECR,0.07453971661564059
ZNF691,LCK,0.07448353256758086
TFAP2E,BCAS2,0.07442138692539237
ZNF683,LAMTOR5,0.07440954500639121
ID3,LINC01739,0.07440439148015304
GFI1,ZFP69B,0.07440206570501973
TFAP2E,CTNNBIP1,0.07430839662815887
TFAP2E,ATAD3B,0.07429491629081002
ZNF691,SLC44A5,0.07427556717944096
ID3,DNAJC11,0.07422689330940375
NFIA,RPS8,0.07414966624334139
RUNX3,SLC6A17,0.07411021836133964
GFI1,DAB1,0.07402915956237668
GFI1,RNF19B,0.07401981583789019
HES4,CPTP,0.07401301635277659
NFIA,DPH2,0.0740094258466158
GFI1,AP4B1-AS1,0.07395274768195105
FOXJ3,VWA1,0.07394583866499939
GMEB1,DRAXIN,0.07387082920180409
PAX7,KCNAB2,0.07386397970217658
NFIA,LINC01685,0.0738508149461385
ID3,COL9A2,0.07380042828120123
GLIS1,EIF2B3,0.07378340402894429
FUBP1,NGF,0.07376003732573846
PAX7,TGFBR3,0.07373051404638388
E2F2,CDA,0.07369718497061378
TP73,TNFRSF18,0.0736786076364388
NFYC,SYTL1,0.07366878035882082
GFI1,FUCA1,0.07365362904176956
FOXO6,EIF2B3,0.07364323114884537
YBX1,DPYD-AS1,0.0736392624635238
E2F2,ATPAF1,0.07363909939402431
GLIS1,BTF3L4,0.07358007657527721
NFIA,GSTM4,0.0735009281897475
TFAP2E,CCDC24,0.07347944549710543
HIVEP3,CYP4A22-AS1,0.07346680547065189
HES4,SPOCD1,0.07343189647689227
TFAP2E,RBM15-AS1,0.0733875344848644
GLIS1,LRRC8D,0.07337682539640522
ID3,EIF3I,0.07333761734827754
ZNF684,CFAP57,0.07332814589998586
FOXO6,STK40,0.07331723175231332
ID3,SSX2IP,0.07327468704775701
PAX7,SKI,0.07325751307187721
TFAP2E,NRAS,0.07324798664335984
MTF1,KDM4A-AS1,0.07324052462602856
PAX7,STIL,0.07323402752096837
TAL1,FAF1,0.07320850965774287
FOXO6,NOC2L,0.07316341121072324
NFIA,TSSK3,0.0731364299463074
FOXJ3,GBP6,0.07309796435139643
POU3F1,ATAD3B,0.0730947961581323
ZNF683,RHBDL2,0.07308810990148207
HES2,TGFBR3,0.07307419916773832
HES4,B3GALT6,0.07306849406776512
ID3,PHF13,0.07304630846885121
NFIA,PLA2G2C,0.07298652063652496
E2F2,LINC01389,0.07287596231924874
ZNF683,AGO3,0.07287232845517723
RUNX3,IL23R,0.07283426061646317
NFYC,NGF-AS1,0.07282868486430726
TFAP2E,STK40,0.07281174247420837
TP73,PTBP2,0.07278762138212037
FOXO6,S1PR1,0.07278475813226132
PAX7,TXLNA,0.07276721919275063
ZNF691,BTBD8,0.07275714076773078
E2F2,CENPS,0.07273760007342965
PAX7,ELOA-AS1,0.0727148653795043
MTF1,TENT5B,0.07260404787936121
E2F2,TMEM51,0.07256550227100003
HES4,TSPAN2,0.07255303227548379
ID3,ZNF436,0.07253637595489297
ZNF683,DFFB,0.0724594270407332
ZNF691,ITGB3BP,0.0724513678210637
PAX7,EXOSC10,0.07242303383638492
PAX7,KIF2C,0.07242121559903834
TFAP2E,USP1,0.07239987837337007
NFIA,MRPL20-AS1,0.07238973411471043
E2F2,SYDE2,0.07238047599077978
TFAP2E,MRPS15,0.07237833162305747
GFI1,RER1,0.07237519054017758
FOXO6,SCMH1,0.07233379242137955
GFI1,RNF207,0.07232795559803414
ALX3,EVI5,0.0723252318614218
GFI1,PEF1,0.0722476258809959
FOXO6,ATP5IF1,0.07222671422649128
TFAP2E,CASZ1,0.07222643916889915
MTF1,MIB2,0.07219119749345716
ZNF683,VAV3,0.0721870040845486
TFAP2E,MACO1,0.07217240356211434
FOXO6,LINC01409,0.0721481732178113
TFAP2E,DNTTIP2,0.07206969164434862
PAX7,UBE4B,0.0720435196066042
ZNF683,DPYD-AS1,0.0720352404119251
FOXD2,GLMN,0.0720265460913895
ZNF683,GNAT2,0.07193481046459405
NFIA,MAGOH,0.07193172952134716
FOXO6,FPGT,0.07189000324084933
HES2,TMEM35B,0.07188648309404215
TFAP2E,WDR47,0.07187109610125236
ZNF691,RCAN3,0.07184660085272894
HES4,DNAJC11,0.07182296326042577
ZNF684,MTOR-AS1,0.071767430185238
POU3F1,SPATA1,0.07175371105490713
HES4,SLC45A1,0.07172116555405139
GFI1,MRPS15,0.07164345100597863
FOXD2,MRPL20,0.07160037315252765
ZNF691,FPGT,0.07157018940622949
ZNF683,ZSCAN20,0.07151724990769688
ZNF684,HNRNPR,0.07149811531342146
GFI1,DNAJC11,0.071454557369678
TFAP2E,RHD,0.07142947036396491
RUNX3,TMIGD3,0.07141503159538298
FOXO6,NOL9,0.07139407295079218
ZNF691,MFSD14A,0.07138164907506693
FOXO6,DRAM2,0.0713508603630747
GLIS1,EPS15,0.07132508762816478
E2F2,IFI44L,0.07131377606654064
ZNF691,PGD,0.07130568337762896
ALX3,DPYD-AS1,0.07127273671852807
ALX3,RWDD3,0.07119657266512915
RUNX3,ZNF436-AS1,0.07118551920273401
PAX7,KHDRBS1,0.07117324339945257
ZNF684,TMEM222,0.07116639805536819
TP73,SZRD1,0.07115275036301161
HIVEP3,GBP6,0.0711149561205335
ZNF691,PRMT6,0.07110969103877161
HES4,COL8A2,0.07108606094941847
TFAP2E,ACOT11,0.07106538572518069
YBX1,OLFM3,0.07105905144142653
ID3,CASP9,0.07098990408672808
ZNF684,LINC01364,0.0709744931073586
NFYC,ALPL,0.07095504753250463
ZNF683,AGL,0.07091042103911947
ZNF684,RNF207,0.0709053128635454
FOXD2,LCK,0.07081965954447757
HES2,UBE4B,0.07070897155406936
FOXO6,IFI6,0.07068138922322798
POU3F1,BCAR3,0.07065754214078936
HES4,FNDC5,0.07053447176891166
TAL1,GPBP1L1,0.07049549641419463
ZNF683,TMCO2,0.07046390227935073
FOXO6,LINC01725,0.07045865862824148
HES2,AGL,0.07045638457287227
E2F2,FAAH,0.07033457751270046
ZNF691,RHOC,0.07032240341190847
ZNF683,SPATA6,0.07031820892283024
HES4,CYB561D1,0.0702969414416081
FOXD2,KIAA0319L,0.0702791233506899
HES4,TTLL10,0.07023547319588583
ZNF683,SMIM1,0.07015097796496977
NFIA,GNAT2,0.07014643346550005
ZNF684,LINC02795,0.0700928483641954
HES2,CRYZ,0.07009146215857368
ZNF683,TNFRSF4,0.0700400472718825
PAX7,B3GALT6,0.07002142456635019
TFAP2E,LINC02795,0.06995278268783978
HIVEP3,MED8,0.06994947822751198
TFAP2E,GBP3,0.06990795301217961
TAL1,YIPF1,0.06987666089717692
POU3F1,DPYD-AS1,0.06986171509379586
ZNF684,LUZP1,0.06981904608410522
NFIA,TSPAN2,0.06981680180104406
POU3F1,DHDDS,0.06976236560482456
HES2,SDF4,0.06975937903622033
TFAP2E,ERI3,0.0697583562585357
GFI1,GSTM1,0.06975136818794522
FOXJ3,USP1,0.06974313243158375
ZNF691,PIGV,0.06974195126581502
NFIA,MANEAL,0.06968923907549246
ID3,BCAS2,0.06965977140145159
E2F2,CRYBG2,0.06965296980114341
E2F2,EVI5,0.06959882500829605
ZNF683,MRPS15,0.06956484347538587
YBX1,C1orf185,0.06950967121971328
GLIS1,CLCN6,0.06944079472661756
ZNF684,ADGRL4,0.06940952035728411
TAL1,FOXJ3,0.06924839411531304
HES4,RPA2,0.06922048292762664
ZNF691,AP4B1-AS1,0.06921405403883785
ID3,RAB3B,0.06917523475069562
POU3F1,RBMXL1,0.06910100467266937
HES2,MRPL37,0.06908483460081175
ZNF683,ATP6V0B,0.06905821083106936
FOXO6,L1TD1,0.06903025351757407
HES4,DNAJC6,0.06899660721659123
ZNF683,SSX2IP,0.06895564513702354
ZNF683,AGBL4,0.06893738323408105
ENO1,MAB21L3,0.06889441107046258
TP73,RAP1A,0.06889211683293166
HIVEP3,PSRC1,0.06885733298071713
FOXD2,ZNHIT6,0.06884081555781016
E2F2,DFFB,0.068741668106314
GFI1,ZSCAN20,0.0687217600714922
ZNF691,LINC02785,0.0686920677741961
TAL1,LYPLA2,0.06864930009591318
PAX7,MIGA1,0.06857762970693915
RUNX3,PODN,0.06854575658920446
ZNF683,FAM41C,0.06851671964653373
FOXO6,JAK1,0.06848849182893116
HES4,ECE1,0.0684129355557486
ZNF684,ALDH4A1,0.06838248224698068
NFIA,LINC01707,0.0683198985186911
ZNF691,TRNP1,0.06824217501154783
GFI1,RHCE,0.068231222418718
E2F2,STPG1,0.06820114289060017
ALX3,PABPC4,0.0681912910674934
NFYC,RPL22,0.06815253784119298
FUBP1,KIF2C,0.06814985485555931
ZNF691,ACAP3,0.06802661948640679
ZNF684,HES4,0.06802178722339196
GFI1,RRAGC,0.06801835532688767
HES4,AMIGO1,0.06801615925675003
ZNF684,ZNF362,0.0679957825013274
ZNF684,CDCP2,0.06798966155065166
FOXO6,GBP5,0.06797387579339303
PAX7,TRIM62,0.06797026770248782
ZNF684,FBXO42,0.0678683372275787
ZNF683,ECHDC2,0.06777678941053644
E2F2,KAZN,0.06777196005399616
ID3,C1orf146,0.06776567971684332
HES4,CLSPN,0.06775461404549557
ZNF683,CFAP74,0.06774986721901197
E2F2,NCDN,0.06774353145997634
GMEB1,DIPK1A,0.06772966158897094
PRDM16,PATJ,0.06763213098911157
GFI1,RAVER2,0.06758240718236745
RUNX3,PADI6,0.06748203150956374
ZNF683,SFPQ,0.06745318777925718
ZNF684,TACSTD2,0.06743855841831381
ID3,PLCH2,0.06743535663557196
NFIA,HP1BP3,0.06741194463300396
FUBP1,LINC01562,0.06740911646832903
FOXD2,MUTYH,0.06740353900113684
GFI1,LINC01359,0.06739972850546319
MTF1,TRNAU1AP,0.06739408050367895
ZNF683,KIF1B,0.0673818706590953
ZNF691,SYDE2,0.06738019358675998
ZNF684,ATP1A1,0.06736120627502386
ZNF684,TNFRSF4,0.06733332869878098
ID3,ENO1,0.06733245195678052
POU3F1,MTHFR,0.06732409208848499
FOXO6,LRRC8C-DT,0.06728963272043369
TFAP2E,KCND3,0.06720667683635215
NFIA,TNFRSF4,0.06720337674018564
ZNF684,PTP4A2,0.06720124914529928
RUNX3,ASAP3,0.06715708938683862
ZNF683,ZNF644,0.06711441795041792
FOXO6,POMGNT1,0.06710934599946473
ALX3,SSBP3-AS1,0.06706302149934966
ZNF691,AGRN,0.06705192115379108
GFI1,ACOT11,0.06704554772309795
ZNF691,SH3GLB1,0.06704353843294444
PAX7,SNIP1,0.06703997237682183
ZNF691,PKN2-AS1,0.06702832784340693
HES2,VAMP3,0.06702832353524844
POU3F1,NGF,0.06702371426272655
ZNF683,FAM229A,0.06702029552232289
NFYC,LINC01709,0.06699015974855108
ZNF691,TRIM62,0.06692613346977733
ALX3,INPP5B,0.06690714686884361
GLIS1,TRAPPC3,0.06689347834492435
PAX7,C1orf122,0.06688609154320527
ZNF691,SNX7,0.0668496981120515
MTF1,SSX2IP,0.06682160503127176
HES2,RNF11,0.06680594988488493
ZNF683,WLS,0.06680020416463119
POU3F1,LAMTOR5-AS1,0.066786379527384
GLIS1,CTH,0.06677866605523936
ZNF691,PHC2,0.06674474397068214
FOXJ3,WNT4,0.06673995930556594
FUBP1,LINC02238,0.06667775626193788
GLIS1,SLC30A7,0.06665040314143106
ZNF684,STX12,0.06662911683568862
GFI1,HES4,0.06656924717375319
HIVEP3,DENND2C,0.06655276793496245
ZNF691,ICMT,0.06651072879472607
FOXO6,MEGF6,0.0664929585551807
MTF1,POU3F1,0.06647998831606286
POU3F1,SELENOF,0.06647401921538379
PAX7,CITED4,0.06646860793843427
GMEB1,COA7,0.06646332790561503
TFAP2E,RNF207,0.06644154685312781
ZNF683,NTNG1,0.06641365876249708
RUNX3,BTBD19,0.06638477561111408
YBX1,RTCA-AS1,0.06638398348249486
POU3F1,HES4,0.06638020715622461
ZNF691,PRDX1,0.06633109230875342
GMEB1,CELA2B,0.06633075842653892
ZNF691,UQCRHL,0.06628252165708115
HES4,GRHL3,0.06626702792097441
ZNF684,SAMD11,0.06620309320975827
POU3F1,SZT2,0.06619882447102783
POU3F1,CD58,0.0661921028148558
ID3,RCC2,0.06618769045779543
FOXO6,PIK3R3,0.06615864109186019
ZNF691,FNDC5,0.06610818162323139
POU3F1,ZMYM6,0.06609974000484109
ZNF691,WASF2,0.06609885098024705
NFIA,TIE1,0.06609424444416932
ZNF691,FGR,0.06605947946595508
FOXJ3,LINC02810,0.06603359042682752
FOXJ3,SLC2A5,0.06602820591939235
ID3,PALMD,0.06601888702488524
HIVEP3,ICMT,0.06598771108703433
POU3F1,IFI44,0.06591673993011256
FOXO6,TMEM50A,0.06590953418262069
GFI1,LINC01772,0.06589210027741924
ZNF691,PABPC4,0.06586425023480215
ZNF691,TMEM234,0.06585770001891594
ZNF683,YRDC,0.06584032031672526
HES2,LRIG2-DT,0.06579051031954859
E2F2,SMIM1,0.06578805768774616
ALX3,STPG1,0.06576719988270055
ZNF691,RBM15-AS1,0.06574235172136336
TP73,ZMYM1,0.06562948096922017
ZNF684,RER1,0.06558747569138658
GMEB1,PAX7,0.06558640231773634
TAL1,ATP5PB,0.06558559131322335
GFI1,LINC01362,0.06557900733494545
ID3,TACSTD2,0.06554275828375379
NFIA,KIF2C,0.06553961083016034
ALX3,STX12,0.06553283002154103
TFAP2E,SRM,0.06547018151069307
ID3,CSMD2-AS1,0.06545340405458255
GMEB1,LINC01685,0.06542048186101226
PAX7,ALG6,0.06541426142453194
PAX7,MIIP,0.06539005262556158
ZNF684,A3GALT2,0.06531765157946468
ID3,CSMD2,0.0653083555714211
ZNF691,RBM15,0.06527861745646436
FOXO6,GPATCH3,0.0652771154133014
GMEB1,LEPR,0.06526837470462997
TAL1,AUNIP,0.06526728402191313
ZNF684,TRIM45,0.06521809604624862
HES2,JUN,0.06520941211516776
GFI1,GBP5,0.06515113523922846
NFIA,PTP4A2,0.06514134105365588
FOXO6,ZDHHC18,0.0651292647414243
PAX7,TNFRSF14,0.06508403554272446
TFAP2E,PRPF38A,0.06503818286788755
ID3,LRRC42,0.06502624534938979
GFI1,ZFP69,0.06500754179656129
ZNF684,AK4,0.06496532968026271
TAL1,DNAJC8,0.0649587626247348
ZNF691,ATP1A1,0.06495274440758668
GLIS1,FUBP1,0.06492065451936133
ID3,TAS1R1,0.06488283186319814
FOXO6,MAP7D1,0.0648447684176245
GFI1,AGO4,0.06479640191503555
FOXD2,GCLM,0.06478020080321972
GLIS1,RCC2,0.06476879440191881
GFI1,SMPDL3B,0.0647664208474833
ZNF683,NFYC,0.0647190760318852
ZNF684,EXOSC10,0.06471476738771198
ZNF683,FHL3,0.06468549129326281
FOXO6,S100PBP,0.06465661121388616
NFIA,RCAN3,0.06465496305056494
ZNF683,ATP5IF1,0.06464836267683924
NFIA,RHOC,0.06463412987461374
ZNF684,SYDE2,0.06455931509688562
ZNF684,GADD45A,0.06454723434025472
RUNX3,MIR34AHG,0.06451541835645651
ZNF683,CSF1,0.06451428467758717
YBX1,GNAT2,0.06450858088343049
FOXD2,MEAF6,0.06449189567651128
TAL1,MEAF6,0.06445249016090082
GFI1,LINC02801,0.06444530961760227
GFI1,OPRD1,0.06441514430102543
ALX3,LUZP1,0.06437813152207371
ZNF683,AURKAIP1,0.06435292186032032
MTF1,WNT2B,0.06434370957831236
ZNF691,IFFO2,0.06434159177053705
ID3,SCMH1,0.06434080296993774
E2F2,THEMIS2,0.06433780877868935
HES2,PRPF38B,0.06427430286099843
ZNF691,ARHGEF10L,0.06426075156051074
RUNX3,LINC01707,0.06425425668445184
GFI1,FBXO2,0.06416554053123985
GFI1,RHOC,0.06416516976391858
ALX3,SLC35D1,0.06409695955619697
ZNF683,PER3,0.06408869872068221
ZNF691,ABCD3,0.06407606336919157
GLIS1,SLC35D1,0.06405703078165713
FOXD2,ECE1,0.06399858739786468
E2F2,VWA5B1,0.06399303439745062
NFIA,LINC01160,0.06398549751540433
ZNF683,EXO5,0.0639755187271056
HIVEP3,PLPPR4,0.06394610090842165
ID3,TFAP2E,0.06391630411463653
ZNF691,TMEM50A,0.06390144507326333
ZNF683,TNFRSF25,0.06386487918893062
ID3,LINC01756,0.06386191478994768
TFAP2E,TPRG1L,0.06385419454914708
GFI1,MRTO4,0.06384613356779215
GFI1,RCAN3,0.06378725627207336
FOXO6,ACADM,0.06376889748281617
GFI1,MMP23B,0.0637590870952002
ZNF683,DVL1,0.06374780554102703
ZNF691,GPR61,0.06374324408313836
MTF1,UTS2,0.0636311298635722
ZNF684,SLC66A1,0.06355238871835137
ZNF684,BCL2L15,0.06355119515703807
FOXO6,ZNF436,0.06355010162775564
GFI1,ANGPTL3,0.06352839844297918
ZNF683,TRNP1,0.0635271850313219
ZNF684,PSMA5,0.06352495892762096
ZNF683,CRYZ,0.0634930587111046
GFI1,CDCA8,0.06349221235283597
E2F2,DLEU2L,0.06340025728605753
ZNF683,VWA5B1,0.06338975976188008
GLIS1,CDK11A,0.06338452262249973
NFYC,SLC2A7,0.06338426953594656
ID3,GIPC2,0.0633814981530729
ZNF684,ATP5PB,0.06337948852924709
ZNF683,BCL10,0.06336757907276167
ZNF683,LRRC47,0.0633637373600155
E2F2,ST6GALNAC5,0.06335751055611369
HES4,NFIA-AS2,0.06334904642235407
NFIA,C1orf146,0.06333130097426057
GFI1,NFYC-AS1,0.06331332230410186
ZNF691,BCAS2,0.06329349102459056
GFI1,TMEM269,0.06328836929814642
TP73,RPA2,0.06326464240022871
ZNF683,PSMB2,0.06325044302387446
FOXO6,AKR1A1,0.06324253745353703
HES2,ITGB3BP,0.06324077975977373
ZNF691,CCDC18-AS1,0.06312779389952668
GFI1,C1orf162,0.06311665294850251
HES4,TP73,0.06310741663765516
TP73,PRPF38B,0.06308706615850357
ID3,TSPAN1,0.06308572332027562
ENO1,IL23R,0.06307745895151075
PRDM16,AGO3,0.06307381298908427
ID3,SLC1A7,0.06307337169475258
ZNF684,SSBP3-AS1,0.06289963515476102
GFI1,LRRC39,0.06287598903738412
ZNF683,SYNC,0.06283936486975189
HES4,AK4,0.0627846360938142
GFI1,TARDBP,0.06277744848628894
HES4,FBXO2,0.06272454878310554
RUNX3,C1orf167,0.06269254634687253
ZNF691,PTAFR,0.06266704084519505
MTF1,NASP,0.06265684428353809
GFI1,SCMH1,0.06260713851352531
ID3,PLPPR5,0.06258447027639825
HES2,HS2ST1,0.06257579969496344
FUBP1,CELSR2,0.06256786697763989
ID3,GPR3,0.06256180802470243
ZNF684,CTBS,0.06255495858914625
TFAP2E,MAP3K6,0.06252694962468294
HIVEP3,CLCA4-AS1,0.06249939397347237
HES4,KLHL17,0.06247949520466622
PAX7,IL12RB2,0.062425066560057065
POU3F1,SMPDL3B,0.06238449473589241
RUNX3,TRNP1,0.062279855643669654
PAX7,NCDN,0.06226723850745282
HES4,ERRFI1,0.062265503352025374
ENO1,CELA3A,0.06223853662940641
PAX7,EIF4G3,0.062203397151372145
ZNF683,HENMT1,0.062200623736728355
ZNF691,CNKSR1,0.0621711162735588
POU3F1,ARHGEF10L,0.062105286447809153
NFIA,SRM,0.062092095843433316
ZNF684,NTNG1,0.06207990437033417
MTF1,PANK4,0.06203783740312142
GFI1,ARHGAP29,0.0620123064552142
PAX7,ARMH1,0.062009581530154005
GMEB1,DNASE2B,0.06196450542330335
PAX7,PUM1,0.0619595395220089
GLIS1,RLF,0.061936899874419825
GFI1,CLCA4,0.061930392092583136
GLIS1,DRAM2,0.06192603771912423
HES4,UQCRHL,0.061907769882621325
ZNF683,LURAP1,0.06186730089246912
FOXO6,DAB1,0.06186547442016466
NFIA,ZFP69,0.06185250789019439
HES2,CLCC1,0.0618325187574859
HIVEP3,LINC01358,0.06178682938333341
ZNF684,RABGGTB,0.06177913276532419
ID3,SCNN1D,0.06177535011540065
ZNF684,TNFRSF18,0.061733131380620435
ENO1,KCNQ4,0.06167386047946058
TFAP2E,RERE,0.06162479254377638
FUBP1,MYBPHL,0.06161478677256471
HES2,BTF3L4,0.061606543951760295
ZNF684,SKI,0.06157265763045137
POU3F1,RNF19B,0.061539962682967256
GLIS1,H6PD,0.061504889741977056
HES4,MXRA8,0.06148045220125104
FOXD2,PTPN22,0.06146236036471124
FOXD2,ATP5IF1,0.06139386509443958
NFYC,NCMAP,0.061391728866137384
GLIS1,FOXJ3,0.06139011387867398
ZNF684,LAPTM5,0.06136609971846177
E2F2,ZSCAN20,0.061356662980566794
ID3,HP1BP3,0.06133782936332334
TP73,GBP4,0.061282089667697014
FOXO6,MAGOH,0.06124450749273298
ZNF691,CITED4,0.06123724669210236
GFI1,LINC01676,0.06122883427832516
HIVEP3,LINC01739,0.06119149547340106
GLIS1,CPT2,0.06113738938117062
ZNF683,XKR8,0.06113458542084732
HIVEP3,TIE1,0.061129486040433334
YBX1,LINC02795,0.06109245086759969
HES2,TUT4,0.061024371194688884
ZNF691,GNB1,0.06101802861598154
TP73,FBXO6,0.061016321284620055
GFI1,CFAP74,0.060999951748902013
ZNF684,RBP7,0.06097397146537868
HES4,GBP7,0.060965981574838714
POU3F1,ARID1A,0.06096465942615881
GFI1,MMACHC,0.06095271523936528
ZNF684,STRIP1,0.06094730172043917
NFIA,VAMP3,0.06091652377303599
MTF1,SPOCD1,0.060887109522426444
TFAP2E,BCL2L15,0.060873557069499026
HES4,MORN1,0.060836681125610186
NFIA,GPR3,0.06082993661664049
NFIA,RTCA,0.060829366017473796
PAX7,ERI3,0.060799954896632515
E2F2,EIF4G3,0.060713347914943754
HES2,TMEM50A,0.06065485833326123
POU3F1,CDC42-AS1,0.06065050141339126
ALX3,TNFRSF18,0.060645926683382125
E2F2,LRRC8D,0.0605993240677056
ZNF683,CMPK1,0.060581277894559485
ZNF684,DDAH1,0.060571678447835973
ALX3,KDM4A,0.060546840832333464
ZNF683,STIL,0.0605351587548688
TFAP2E,AKR7A2,0.06052105507510184
E2F2,PABPC4-AS1,0.06051374422511985
ZNF684,RBM15,0.06047845993548906
PAX7,TMED5,0.060471903474643145
ALX3,CAMTA1,0.06045469254333499
ZNF683,DDOST,0.06043687094926094
GFI1,WASF2,0.06043610223590537
NFYC,LINC02780,0.06040090647123848
NFIA,PIGK,0.06037192784395819
FUBP1,ZBTB8A,0.0603697647935906
E2F2,CASZ1,0.06032437044446136
ID3,COL8A2,0.060314953572738916
ZNF684,PANK4,0.06025828272475197
ZNF683,SLC9A1,0.060254790539548526
TFAP2E,ZNF644,0.06023973884704889
TFAP2E,YRDC,0.0602256178597549
GFI1,PLEKHM2,0.060225151363497105
ZNF683,AJAP1,0.06018327812721385
ZNF683,ENO1,0.06017202713564532
HES4,PINK1-AS,0.060153368012606026
ZNF683,LUZP1,0.060131424112365495
ZNF691,TTC39A,0.06010307117236664
POU3F1,DRAM2,0.06008876117094657
GFI1,UTS2,0.06005974127225726
PAX7,GNAI3,0.06002128826983533
ID3,HYI,0.06000412818615656
ZNF684,ALG14,0.059989803496460506
FOXO6,MTHFR,0.059983638897790965
RUNX3,TMEM200B,0.059958760766392095
GFI1,LINC01708,0.059924031454591874
HES4,YTHDF2,0.05990956440025225
GFI1,LINC02777,0.05987843645890283
E2F2,TMEM51-AS1,0.05987053800726506
FOXJ3,SPSB1,0.05985984377752932
NFIA,AMIGO1,0.05983033789313019
ZNF683,AHCYL1,0.0597913431193888
ZNF683,LINC01781,0.05974552692003226
ZNF691,GPR153,0.05972558582847065
FOXO6,LAPTM5,0.05972489187980732
ZNF684,AKR7A3,0.05972453652941064
FOXO6,LINC01135,0.05971448498218161
HES2,TMEM167B,0.05968082399858955
GFI1,MTFR1L,0.0596799629837711
HES4,CSF1,0.05965344500365025
ZNF684,LINC01762,0.059645769941648344
TFAP2E,DOCK7,0.059629662973921256
GLIS1,STRIP1,0.05961043769295097
ID3,CDC42-IT1,0.05958414456900636
TP73,INPP5B,0.05956016189560742
TAL1,UBR4,0.059534212599947775
E2F2,MIGA1,0.05953355164284106
TP73,DIPK1A,0.05952210869419981
HES4,LINC01635,0.059521608785040356
ZNF684,LINC01307,0.05950063607862774
NFIA,ATP5IF1,0.05946981613205621
NFIA,ALX3,0.0594653444840001
ZNF683,TXLNA,0.05944420182151129
GLIS1,RNF220,0.059420358564945513
GFI1,CROCC,0.05939504990208987
FOXO6,ZSWIM5,0.05938827894202285
FUBP1,ROR1-AS1,0.05930570471315302
GFI1,TSPAN1,0.05928402938673073
E2F2,SLC25A33,0.05925422487719124
FOXO6,DNTTIP2,0.059199444526315544
RUNX3,LINC01677,0.05914270843019982
GFI1,HIPK1-AS1,0.059132069770869336
ALX3,LRIF1,0.05912860740112215
GFI1,MIER1,0.05910441057821311
FOXO6,ST3GAL3,0.05906568747439346
ZNF684,LSM10,0.059063214813546684
ZNF691,NEGR1,0.059060762315232995
FOXO6,PER3,0.05903818380192061
ZNF691,FAM76A,0.059038107318314735
NFIA,ELAVL4,0.05896844160799093
HIVEP3,TMEM240,0.05895445725030222
FOXO6,GCLM,0.05890198961493176
FOXO6,MECR,0.05888404424548585
ZNF684,TMEM50A,0.058835684443576314
ENO1,TAS1R3,0.0588331515443233
FOXO6,RTCA,0.058826328955950136
FOXO6,DENND2D,0.05881837077340244
HIVEP3,CELA3A,0.05880615202504799
GFI1,FBLIM1,0.05880571894501529
PAX7,AGO1,0.058763775421332105
PAX7,BTBD8,0.05870470968748882
FOXO6,TRIT1,0.05868078699853881
POU3F1,PHC2,0.05863896874822336
HES4,LINC01712,0.05863605815298928
GFI1,EPS15,0.0586166383171515
ID3,SASS6,0.05860818353533824
ZNF691,PEX14,0.05858694788223552
ALX3,AHCYL1,0.05854007773559134
FOXD2,AGO1,0.05847901992351461
HES2,INPP5B,0.058474209385828126
GFI1,ATG4C,0.05841714589413692
ZNF684,PRPF38A,0.058413087988859407
TP73,SRSF10,0.05829285363392543
HES2,PANK4,0.05827167313838714
MTF1,WNT4,0.05824800951854383
E2F2,FNDC7,0.05818015489484474
E2F2,PAQR7,0.058177717109525066
GFI1,RERE,0.05816189435108414
HES2,TAF13,0.05815078966367409
GFI1,SLC35A3,0.058064338940815106
E2F2,TMEM269,0.05801438112784596
ZNF684,FBXO2,0.05792461036698834
ZNF683,RNF220,0.05790481463850901
ZNF691,CZIB,0.057896288345014126
HES2,CITED4,0.05787783602023254
POU3F1,CC2D1B,0.057869817110357394
GLIS1,RUNX3,0.057867481610031746
NFIA,LINC02810,0.057856460762962414
NFIA,CCDC27,0.05784779678509557
NFYC,GBP7,0.05784050266698513
TFAP2E,SF3A3,0.057818175809618066
ZNF683,SRARP,0.05775079865868393
PAX7,STX12,0.057716979278283786
TFAP2E,KCNQ4,0.05771193026374139
MTF1,MAB21L3,0.05770639488376213
POU3F1,ATPAF1,0.057693926307047776
ZNF691,EIF3I,0.05768168993805121
TP73,ZNF644,0.05765720723743861
ZNF684,COL8A2,0.05764166283049049
TFAP2E,LINC01359,0.05763831239077866
FOXD2,LRRC47,0.05763779147524624
ZNF691,DPYD-AS2,0.05762638625832373
ID3,LINC01748,0.057606906935289415
ID3,LIN28A,0.057603196979116617
ID3,TMIGD3,0.05759565553960939
GMEB1,TMEM35B,0.05759079407591936
GFI1,RNF11,0.057578656284284616
HES2,EFHD2,0.05755038609520569
ALX3,DFFB,0.05754098028151491
ZNF691,DVL1,0.05753534586667359
ALX3,ZMYM1,0.057532217514647196
PAX7,JUN,0.05752970192909399
TFAP2E,FAM76A,0.05752693492049529
HES4,RHCE,0.05741813063270189
POU3F1,PPP1R8,0.05737870347223398
ZNF691,USP24,0.05736171991903041
ZNF683,CTBS,0.057318367212922466
TFAP2E,PIGV,0.05729551109994183
TFAP2E,PTCH2,0.057266934216120516
HES4,ADGRB2,0.057261678301812544
FOXD2,CTPS1,0.05725094866866503
MTF1,GFI1,0.05723441421344461
ZNF684,MORN1,0.057225360002006155
NFIA,LINC01358,0.05719933226166637
E2F2,EFCAB7,0.057144173661693304
TFAP2E,ROR1,0.05712330617643632
TAL1,KPNA6,0.05706068440703102
ID3,ZYG11A,0.05704480951563664
ALX3,SSBP3,0.05704466808948495
ZNF683,RCC2,0.057005179265696114
ID3,WDR77,0.05699988877908889
MTF1,LZIC,0.056984669847032196
HES2,DNAJC11,0.05698120818376094
FOXD2,DBT,0.05693114866652249
YBX1,PADI6,0.05692351048911919
HIVEP3,SGIP1,0.056917513744123384
GFI1,LINC00466,0.056891954097040245
ZNF691,ZNF362,0.05687645016093269
FOXD2,CCDC18,0.05684374262945555
ZNF684,TFAP2E,0.05683014980158331
TFAP2E,RPAP2,0.05682976595158241
E2F2,FABP3,0.05682166764405427
FOXO6,AGTRAP,0.056772800060525194
RUNX3,LINC01358,0.056706724750146244
ZNF684,SERINC2,0.05670219036084225
HES4,PRDM16,0.05666798669949246
ZNF691,LINC01364,0.05663136428509756
ALX3,CDC14A,0.05663084620020097
ZNF683,CDC42-IT1,0.056570753230791804
FOXJ3,STMN1,0.05655354900551093
ZNF684,FABP3,0.05653968774496461
GMEB1,DENND2C,0.05651209149705667
GFI1,BTBD19,0.056440017361991744
PAX7,VAV3,0.05643404394189136
FOXJ3,KCND3,0.05641137462632711
ZNF691,TXLNA,0.05637533025305764
ZNF691,MTOR,0.05637017409061372
FOXO6,UTP11,0.05630621160620457
ID3,ZNF691,0.056300738542205506
HES2,EMC1,0.056296598994210176
ID3,MAGI3,0.05628947482114796
RUNX3,OLFML3,0.056272640990123995
POU3F1,LMO4,0.056267200467160466
HES4,MAN1C1,0.0562227204599897
ID3,GRHL3,0.05621095607059852
ZNF691,EXO5,0.056192058618381814
ZNF691,ATP5IF1,0.056176487321215024
HES4,SAMD13,0.056168836288889704
TP73,CC2D1B,0.056148147135697435
FOXO6,IFNLR1,0.056147938480655094
FOXD2,CC2D1B,0.0561146068860341
E2F2,SNHG12,0.05609710024147621
TFAP2E,ISG15,0.05607549851164357
ENO1,GBP6,0.05603092538025696
POU3F1,LDLRAP1,0.0560286754726086
ZNF684,CHI3L2,0.056024536482281846
ZNF683,RBM15,0.05601649382193833
TFAP2E,TYW3,0.055984022415152775
ID3,ZRANB2,0.05598274317133074
ZNF683,SMPDL3B,0.055982529957030215
GFI1,CLSPN,0.05597223438624946
ALX3,ZMYM6,0.05596645994210022
GLIS1,MKNK1,0.05592737817566976
PAX7,YIPF1,0.055912203979927445
HES4,BSND,0.0559031838176176
YBX1,CSMD2,0.05589128324091895
GFI1,SRSF4,0.05588300562734036
ID3,HFM1,0.055864987870263075
POU3F1,RNF220,0.0558603643713252
ID3,SAMD13,0.055853983432000064
TFAP2E,EIF2B3,0.055828656840444586
FOXO6,CTNNBIP1,0.05582286999907906
MTF1,LINC01358,0.05581168049297583
TFAP2E,MUTYH,0.05580077254592261
GFI1,SAMD11,0.055769576916336154
TFAP2E,RER1,0.05574667227493501
GFI1,ALDH4A1,0.05573194708106511
TFAP2E,AK4,0.05571681383473128
ALX3,JUN,0.055697763196146076
GFI1,CDA,0.05567846080426882
RUNX3,MAB21L3,0.0556665301096431
GFI1,CCDC24,0.055578185338936825
NFIA,THRAP3,0.05557798521883267
FOXD2,SHISAL2A,0.055542436027515366
ID3,FAM41C,0.05551930169064857
ZNF683,SLC25A34,0.05550564358546008
POU3F1,ARHGEF19,0.05550367097343374
TAL1,EPS15,0.05547094346262513
FOXO6,CD2,0.0554672245890983
POU3F1,ZBTB48,0.055452510806358934
HES4,LINC01709,0.055443050513604486
POU3F1,VANGL1,0.0554386570012757
TAL1,SRM,0.05541717686868523
ZNF684,SNX7,0.05537452931171275
ZNF684,EVI5,0.0553527798837469
TP73,PLEKHM2,0.05530568704961865
POU3F1,NEXN,0.05511967891754736
NFIA,LINC01739,0.05511041759216995
GFI1,GNB1,0.05506513753997208
NFIA,SLC16A1-AS1,0.05505019238324115
MTF1,E2F2,0.055048986854796395
ZNF691,CLCC1,0.05502548531398192
ID3,SLC6A9,0.055023308321253864
NFIA,FOXD3-AS1,0.05498190957572124
TFAP2E,PDE4B,0.054943854638406876
HES4,SLFNL1,0.05492156314086082
ALX3,RRAGC,0.05490271461119152
RUNX3,ZYG11A,0.054901821568774226
FOXO6,CC2D1B,0.054882150846552596
NFIA,SLC16A4,0.05487344344270884
ZNF691,ZDHHC18,0.05483151944700573
HES4,SH3D21,0.05479203467003321
ID3,FOXD2,0.0547856175071546
GFI1,LINC01635,0.05475847561223284
FOXD2,MIER1,0.0547584442848462
ZNF691,SLC35A3,0.05473339923481121
HES2,PRKACB,0.05469469712885489
ZNF691,ZNF593,0.05469265438219831
TP73,LINC01141,0.054688982390847476
HES4,PLEKHG5,0.05467326732843089
FOXO6,MOV10,0.05465899752850822
ID3,BSND,0.05465487397831667
GFI1,AGO1,0.05465261226233415
MTF1,ESPN,0.05464494539211048
FOXO6,RNF19B,0.054616409353501046
HES4,LRIF1,0.05454893764528831
GFI1,ANGPTL7,0.054499835613136045
MTF1,OVGP1,0.05448864027791711
E2F2,EXTL2,0.05448150307916677
MTF1,HYI,0.054336905834764325
MTF1,LINC01677,0.0543230147926845
ZNF684,EPHB2,0.0543198490033457
POU3F1,HENMT1,0.054227780814029805
ZNF684,CDC14A,0.05422212527333855
FOXO6,TESK2,0.05420949093419674
TFAP2E,SAMD11,0.05417925316621915
TFAP2E,ST3GAL3,0.05412332646110783
ID3,EYA3,0.05399481749176252
ZNF691,TP73,0.05399174203929977
ZNF691,TMEM53,0.053988397006919785
GFI1,KPNA6,0.0539875349279189
FOXJ3,ARHGAP29-AS1,0.05394209134228183
ZNF691,TSSK3,0.053929967997545375
ZNF684,ACOT7,0.053912040261884654
MTF1,GBP6,0.05390088392108921
GFI1,HSPG2,0.05388343185273825
HES2,SVBP,0.053873377657234205
FUBP1,CDC20,0.053869447425624876
PAX7,NFYC,0.05385098849072793
GFI1,ICMT,0.05383925361477197
TFAP2E,THAP3,0.053833629704351633
TFAP2E,SLC35D1,0.05379235115988616
GLIS1,UQCRH,0.053784259790443795
POU3F1,CTBS,0.053767974483682354
MTF1,A3GALT2,0.05376736314500238
NFIA,SYTL1,0.05372641794942999
POU3F1,HIPK1,0.053719559110997114
ZNF684,CLCA4,0.053699209488956734
ZNF691,EBNA1BP2,0.05368997944952156
ID3,RAP1GAP,0.053671859555973235
TFAP2E,CSMD2-AS1,0.05364589443131372
HES4,SRSF11,0.05363935872890413
FOXO6,ZMYM4,0.05361328679299043
TP73,MIER1,0.05360175188789483
POU3F1,PRKCZ,0.05357809400556053
ID3,PAX7,0.05357082397466048
ZNF683,TNFRSF1B,0.05354905222955447
MTF1,EXTL2,0.05353007541651916
HES2,MAN1C1,0.05352626924054265
TFAP2E,GSTM1,0.05351740751836534
GFI1,IL23R,0.05349796347421289
ZNF684,LRRC42,0.053495014005712396
E2F2,CTNNBIP1,0.05349242640073314
HES4,KPNA6,0.05345765312211536
GLIS1,CLCC1,0.05345407379560692
ZNF684,FOXO6,0.05345125138586868
MTF1,LNCTAM34A,0.05339715526753192
ID3,FAM167B,0.05338124010245232
ZNF683,CD58,0.053356367643443904
E2F2,ATXN7L2,0.05333301164629377
ZNF683,SAMD11,0.05331425253339796
ZNF691,ST6GALNAC5,0.05330975751997084
ZNF691,STPG1,0.05330139081543788
E2F2,PGM1,0.053298647281666535
HIVEP3,PIK3CD-AS1,0.05328423283983346
GFI1,ZNF326,0.05321444098728048
GFI1,NEXN-AS1,0.05316084350867311
ZNF683,NDUFS5,0.05313285963734796
FOXD2,CAPZA1,0.05312980904298108
NFIA,HPDL,0.05311603737362628
PAX7,NDC1,0.05305728573158148
ALX3,MICOS10,0.05304607299292081
HES2,YBX1,0.053035387736029074
ALX3,CLCC1,0.05300406027187556
NFYC,BEND5,0.05297806066070349
ALX3,SERINC2,0.05297067777582824
PAX7,FBXO42,0.052945478577002734
TFAP2E,RSBN1,0.052937126789041354
E2F2,MATN1-AS1,0.05293195256763129
MTF1,LINC01144,0.05291716095910382
GFI1,ACAP3,0.05291281007710589
ZNF684,TSSK3,0.052891588879989335
ID3,PAQR7,0.05287174654229156
POU3F1,STK40,0.05286833406260371
PAX7,STRIP1,0.052857198196673776
TFAP2E,ERRFI1,0.052855568739080386
ENO1,ARHGEF19,0.05285085987365339
ID3,FAM87B,0.05281665807805869
MTF1,SCNN1D,0.05280092517797436
NFIA,ISG15,0.052781338762697534
PAX7,SCP2,0.05271092036758192
MTF1,C1orf185,0.05270401489456141
GFI1,MECR,0.05267758277856789
ID3,KIAA1522,0.052670033018773973
POU3F1,C1orf127,0.052644691700186805
ZNF684,MMEL1,0.05264264935704827
ZNF691,MTHFR,0.052641149221718746
E2F2,ZC3H12A,0.052633089415178906
HES4,LINC01356,0.052593608436847517
NFYC,CCDC27,0.05259250967066365
ZNF691,KDM4A-AS1,0.05254369632224636
GFI1,USP33,0.05242374537951974
ZNF691,NADK,0.05241863872252449
POU3F1,SYTL1,0.05241790761972563
ALX3,CCDC18,0.052369009990930776
TFAP2E,ZSCAN20,0.05235288171037816
ZNF691,MYCL,0.052349524125064544
GFI1,NEXN,0.05228069727739344
POU3F1,WDR77,0.052250493851297354
HIVEP3,CSF3R,0.05222573910009231
FOXO6,SMPDL3B,0.052225339984223816
PAX7,MTHFR,0.05221867466516552
HIVEP3,OLFML3,0.05220792572072905
ID3,HS2ST1,0.05219623527868518
TP73,HNRNPR,0.052127416768652915
TFAP2E,MIIP,0.05212263854646748
GMEB1,ERI3,0.05212239492993879
GFI1,LINC01781,0.05209975976120775
ZNF684,GNAI3,0.05208919367166888
HES2,PAX7,0.05201594971141072
FOXD2,SLC30A7,0.052004680233084695
ZNF684,SLC1A7,0.05199947891040635
ZNF684,RTCA,0.051995165262766936
ALX3,KTI12,0.05199201861775582
FOXO6,CAMTA1-DT,0.05198496758881932
ID3,OSCP1,0.0519822349067212
POU3F1,AP4B1-AS1,0.05197480963197179
E2F2,MTOR-AS1,0.051970282180847455
ID3,YBX1,0.051947439316851425
ZNF683,FGR,0.05192363428987139
ZNF684,PINK1,0.05191611205352101
E2F2,ARID1A,0.051911865313426155
ZNF684,TMEM69,0.05189466203601798
ZNF691,CMPK1,0.0518760748497703
ZNF683,CDC7,0.05186588161841667
NFYC,F3,0.05185597731659034
E2F2,STK40,0.05184526107404336
TFAP2E,LINC01307,0.051829334660068234
PAX7,MACF1,0.05176290537538708
GMEB1,PLEKHG5,0.05172179750373774
FOXO6,SASS6,0.05168789196242012
ZNF683,LZIC,0.05168558198165087
NFYC,C1orf167,0.05168109214944598
POU3F1,CCDC18,0.05167549660012674
ZNF691,FAAH,0.051663193034573826
NFIA,AK4,0.051657359143913624
ID3,PLEKHN1,0.05165099098151459
TAL1,BSDC1,0.051641350945435906
E2F2,DRAM2,0.051631106544584776
NFIA,DDOST,0.051544416939253296
PAX7,PRPF38B,0.0515386929999465
HES2,RBBP4,0.05153794376945203
POU3F1,ZNF436,0.05152205974134275
GFI1,PINK1-AS,0.051516674481699776
POU3F1,TRIM33,0.05151533371711341
HES4,COL24A1,0.05151022006102078
ID3,SYCP1,0.05149884410582538
FOXO6,YRDC,0.05140086162173815
POU3F1,ACAP3,0.051365108107588084
ZNF691,RER1,0.05136026405751275
NFYC,TGFBR3,0.05134861926927249
GMEB1,MCOLN3,0.051322715017712475
TP73,IFI6,0.05128152814028776
TP73,AKIRIN1,0.0512672274577759
MTF1,PPM1J,0.051238962760966796
TFAP2E,EPB41,0.0512327813715532
FOXO6,PANK4,0.05116873570032035
ID3,DIO1,0.051162821430040736
ZNF691,CDC42,0.05115353026017223
ZNF683,PABPC4-AS1,0.0511470964471467
NFYC,CLCA4,0.05113177852934402
HES4,CDCP2,0.05111399202151752
ZNF684,SRARP,0.05111142884915564
NFIA,MRPL37,0.05110803093938414
ID3,PRKAA2,0.051101493223121804
HIVEP3,ALPL,0.051080370529807295
PAX7,DNAJC8,0.05107290458660643
ZNF684,C1orf174,0.051024978218343495
HES4,EIF4G3,0.05101438142789413
GFI1,ALG14,0.051001834182553746
TP73,LNCTAM34A,0.050968673388571924
NFIA,UTP11,0.050943019751857194
HES4,TSSK3,0.05086859636784252
ID3,LINC01672,0.05080834010476821
HIVEP3,ARHGAP29-AS1,0.050776875123073904
POU3F1,ZNF362,0.05073829070498759
TP73,PTP4A2,0.05073787540071589
POU3F1,DOCK7,0.05073409603365974
TP73,PIK3CD,0.05071214963349896
ZNF683,SPATA1,0.05071019287504748
GFI1,FAM41C,0.05069505973685749
GLIS1,USP48,0.05068878506113155
MTF1,ASB17,0.0506831144527133
ZNF684,TTF2,0.05059528120873101
POU3F1,SLC30A7,0.05059470661878475
TFAP2E,PKN2,0.050590088251760285
ALX3,ZCCHC17,0.05058510823574214
ZNF691,LRRC8B,0.050545225712068514
ZNF683,ATAD3A,0.05050184888969182
ALX3,HECTD3,0.05046803155617363
MTF1,LPAR3,0.05044728371225032
FOXO6,KCNA3,0.05040201652169679
ID3,FYB2,0.050361358799482565
HIVEP3,TRIM63,0.0503262450133775
ZNF684,JAK1,0.05031943476349714
E2F2,OSCP1,0.05031842708101219
TP73,RCC2,0.050290816541645536
TP73,LMO4,0.05026944926764807
PAX7,MKNK1-AS1,0.05026553082893859
HES4,MKNK1-AS1,0.05025565412245113
E2F2,AGBL4,0.050233583498277105
ZNF691,MYCBP,0.05021500386776134
ID3,ZNF593,0.05020518426833256
NFYC,LINC02609,0.0501913224693845
HES4,PEX14,0.05018451034372994
HES2,PDE4B,0.05017904922093499
TAL1,MFN2,0.05013655888561016
ALX3,BCL2L15,0.05012210203395753
FOXD2,IL12RB2,0.05010203930287452
TAL1,RCC1,0.05009108768559101
GFI1,EFCAB7,0.050073545147226846
PAX7,SLC35E2A,0.050070758459566926
PAX7,MFSD14A,0.050054559698592675
HES2,RCC2,0.05000537426886697
ZNF691,PADI4,0.04995677102239733
ZNF691,LRRC7,0.04993384690669016
ZNF683,FBXO42,0.04991409088069519
POU3F1,TNFRSF8,0.04987115670568979
ID3,NGF,0.04983124823999481
TFAP2E,HIPK1,0.049818109001438286
FOXO6,ZC3H12A,0.04981450138133844
POU3F1,MTFR1L,0.04980255663969534
ID3,DCDC2B,0.04979048784852601
ZNF683,CAMTA1,0.0497832958955258
FOXD2,WDTC1,0.04974033221465383
ZNF691,ASB17,0.04972803872531609
GLIS1,RTCA,0.049720347015521776
GFI1,BRDT,0.04971855469747888
FOXO6,SMAP2,0.04971085346515967
PAX7,ZMYM1,0.04966401850663595
TFAP2E,CEP85,0.0496493913851556
E2F2,NEGR1,0.04963545607378591
ZNF683,TMEM167B,0.04960279330633788
ZNF691,FOXJ3,0.04959693588440362
HES4,TAS1R1,0.04955874978326445
ID3,ZSCAN20,0.049549289964932124
MTF1,CASQ2,0.04954751291909818
TFAP2E,BTF3L4,0.04954641077320303
HES4,SLC2A5,0.04953490132659372
ZNF683,PABPC4,0.049526920815260556
FOXO6,SZRD1,0.04951610799559982
TFAP2E,TACSTD2,0.04951121076538069
E2F2,ZBTB8OS,0.049485622476532196
TFAP2E,ERICH3,0.04947081353579225
PAX7,TMEM167B,0.04946272337856529
TP73,AMPD2,0.0494244427922804
GFI1,LINC01748,0.04941720483796899
POU3F1,PTCH2,0.04941496760219938
NFYC,OLFML3,0.049413604433754324
NFYC,MED8,0.04940684990651245
ZNF683,MASP2,0.0494001601081758
GLIS1,PLK3,0.04938348830414302
TFAP2E,MDS2,0.04937575513046082
RUNX3,NGF-AS1,0.04936874708854409
POU3F1,GPN2,0.04936144289720691
ALX3,PHACTR4,0.04933927680895884
TP73,SRSF4,0.04933263700133865
TFAP2E,ZFP69B,0.049328088003882296
GFI1,LINC01712,0.04931142725018282
GMEB1,SYPL2,0.04922470632239886
GLIS1,MECR,0.04921311918430817
FOXO6,SPATA21,0.04919936872020726
ZNF691,SLFNL1-AS1,0.04916596478218924
PAX7,GPBP1L1,0.049164137460624556
FOXO6,MACO1,0.04916129130877031
HES4,TIE1,0.04914965081003309
ZNF683,MKNK1,0.04912776472184167
GLIS1,ATG4C,0.04912119801010112
TP73,MRPL37,0.04909229235124252
ZNF691,ECE1,0.04907299345301535
NFIA,IQCC,0.049069909662608796
POU3F1,XKR8,0.049067625520786695
ZNF691,RAP1A,0.04904219673922269
ZNF691,DFFB,0.04904166679525696
HES4,TEX46,0.04901326927151006
TFAP2E,KCNA2,0.04898461764432345
E2F2,TCEA3,0.048981268719804925
FOXO6,RNF11,0.04897746158812934
MTF1,CELSR2,0.04897746054026093
TFAP2E,GLIS1,0.04897467557001067
ZNF684,MRPL20,0.04897094416460361
ZNF691,PTBP2,0.04896539838355197
GFI1,CYB561D1,0.048959127119979726
ZNF683,LINC01226,0.04892211469176909
NFIA,SLC5A9,0.048920180297121404
ZNF684,IPO13,0.048885279806167165
HES2,TMEM39B,0.04887097292839544
TFAP2E,XKR8,0.04883029037543876
GFI1,WNT2B,0.04881886037989549
NFIA,WNT4,0.04881387784521575
ZNF683,HES4,0.04878302601638037
ZNF691,FBLIM1,0.048755089283513436
E2F2,CTH,0.048751400450889
FOXJ3,CDC20,0.04875136674552636
MTF1,MRPS15,0.04874325442493786
TFAP2E,CDKN2C,0.04873314945712257
GFI1,AGRN,0.048721526523901576
TFAP2E,LINC01765,0.048713208390170945
GFI1,TRIM33,0.04870970942413442
NFIA,MASP2,0.048690005910550976
HES4,LINC02609,0.04866961036973037
PAX7,MYCL,0.04861279185026017
PAX7,SLC9A1,0.048558163120879586
TFAP2E,CLSTN1,0.04851971558370771
PAX7,TFAP2E,0.04850832784934176
FOXO6,KPNA6,0.048469853178234136
GFI1,PARS2,0.04846006313667988
FOXO6,TXNDC12,0.04841917041191653
GFI1,OSCP1,0.04840748565184346
ZNF683,TRIM33,0.048337488020215015
FOXO6,ATP6V0B,0.0483202361197998
ZNF683,CDK11A,0.04828353618459516
ALX3,SCMH1,0.04824354914483378
ZNF683,CD53,0.048187934449774324
TFAP2E,AJAP1,0.04814432225192656
PAX7,CAPZB,0.04812951042662409
ZNF684,SYCP1,0.04810573650725784
TFAP2E,KAZN,0.04809765233292261
TAL1,ZNF644,0.0480891331043284
ZNF684,LINC01356,0.04808340967195259
TFAP2E,IPP,0.04807111765486146
TFAP2E,SLC2A1,0.048049902341543056
ZNF684,EPB41,0.04802557889858194
GFI1,LINC02606,0.04801845075261524
GFI1,CTRC,0.04800829293976468
TFAP2E,CDC42-IT1,0.04797487915490867
TP73,CD53,0.04796844985685549
ZNF684,KIF2C,0.04794693939979025
FOXD2,PLEKHM2,0.047918630347851085
ZNF684,LINC01635,0.04791148501659266
HES2,ARHGEF10L,0.04784405296942141
TP73,ZBTB40,0.04782370686532133
ZNF684,DPH5,0.047805547338485264
RUNX3,LINC01356,0.04779382922484023
GFI1,DIPK1A,0.04778408670865703
POU3F1,SLC44A5,0.047775019320999576
E2F2,KDF1,0.0477420923191603
ZNF684,EMC1,0.047705686979890985
ZNF691,PEX10,0.047664208229548005
ZNF691,GBP2,0.04765129121613214
ZNF683,TMEM269,0.047648820578104344
PRDM16,DDI2,0.04764465972440914
YBX1,CNN3,0.04760213025597818
TAL1,LRRC8C,0.04759922040385837
ZNF691,DPYD,0.04758232866226701
ZNF691,MOB3C,0.0475679093949805
GFI1,NCMAP-DT,0.04756701769734892
HES4,SYT6,0.047560436635791854
ZNF683,PARK7,0.04754322043034083
NFIA,SMIM1,0.04753478398087981
ZNF683,COA7,0.04750033743781581
HES4,ACADM,0.04749372495363497
PAX7,ID3,0.04748048175353689
GFI1,PLEKHG5,0.04747743818671102
FOXO6,KTI12,0.047463783071378225
TP73,UBR4,0.047426635262115956
YBX1,PALMD,0.04742362367460945
FOXO6,DBT,0.04740442493970796
ZNF683,TMED5,0.04738431845547786
ZNF691,ATP5PB,0.04735869506864494
FOXO6,STPG1,0.047319051256011234
ZNF684,PTCH2,0.04730978092690389
FOXO6,KIF1B,0.04730184343324293
HES4,DDAH1,0.047252867293772004
E2F2,SMPDL3B,0.04724712433494115
GFI1,XKR8,0.04721589391269155
ID3,NPPA,0.0472053320898886
ZNF684,C1orf162,0.04716401118156352
ZNF691,LINC01389,0.04715549211688682
TFAP2E,RIMS3,0.04713574810391669
ZNF691,ZNF326,0.04712913038349467
FOXJ3,LINC01677,0.04712433952280357
PAX7,LDLRAP1,0.0471155343358326
PRDM16,SCP2,0.04710113770253626
POU3F1,AKR1A1,0.047054801115843155
GFI1,TTC39A-AS1,0.04700305438986047
GFI1,TNFRSF25,0.04700150647175013
NFYC,EXTL2,0.04699678415218897
FOXO6,EPHB2,0.04697752581128246
GFI1,PATJ,0.04696747528973347
GFI1,AK4,0.04696406362203846
NFIA,PARK7,0.046957489893220114
GFI1,MXRA8,0.046940772917516596
TFAP2E,KPNA6,0.04693721934419179
FOXO6,GPBP1L1,0.04693569650606594
ENO1,ARHGAP29-AS1,0.046920594891089254
ALX3,PKN2-AS1,0.04691648207677048
ID3,HPDL,0.04689712618186102
TFAP2E,COA7,0.046885799837753456
HES4,LINC02812,0.0468096161140664
ID3,ASB17,0.046788976039245866
ZNF683,NFYC-AS1,0.04678177125316502
ZNF684,ARHGAP29,0.046779093964831854
ID3,STMN1,0.046774480515126234
FOXD2,ATAD3B,0.046758689041209126
NFIA,CSMD2,0.04674837211876111
TFAP2E,SH3BGRL3,0.04674379831229712
NFIA,GJA9,0.04672241611818549
TP73,NFYC,0.04670809445633599
TP73,LINC01714,0.04670503441505235
TFAP2E,ZBTB17,0.046703906091485524
PRDM16,CD53,0.04670006815755666
POU3F1,PLEKHM2,0.04669177167664355
FOXD2,NUDC,0.04666973604107439
ZNF691,HIVEP3,0.04664932560411081
TFAP2E,MRPL20-AS1,0.04660516993310987
TFAP2E,CELA3B,0.04659037806452526
GFI1,TFAP2E,0.04658603971835622
ZNF683,EVA1B,0.04654311894744697
FOXO6,PTPN22,0.04653289319851918
ALX3,GBP1,0.046501291431916475
TAL1,PIK3CD,0.046490062479490155
ZNF691,SLC35E2A,0.046487620651259894
PAX7,CAPZA1,0.046475120413355664
ZNF684,PLK3,0.04646826549155041
TFAP2E,ZBTB8A,0.04638201841143798
TFAP2E,SESN2,0.04636961287408985
ZNF691,ALPL,0.04633749888681724
TFAP2E,TTC39A,0.04633619466788294
GFI1,EYA3,0.046317804325078815
POU3F1,TCEA3,0.04631100563168414
HES4,ATAD3A,0.0462707810537288
TP73,MUTYH,0.0462596780447876
GFI1,MKNK1-AS1,0.046237652977600435
HIVEP3,C1QC,0.046235802149634964
ZNF691,TGFBR3,0.04621994369981281
ZNF691,CTBS,0.046213402173422485
ID3,TOE1,0.046193407554932876
ZNF684,AKR7A2,0.04616814480078868
ZNF683,ALDH4A1,0.04612308930487514
FUBP1,MKNK1-AS1,0.04611018020932099
FOXD2,RNF19B,0.04606859902748012
TFAP2E,SLC1A7,0.04604535055900594
ZNF683,HIPK1,0.04600103930282743
ZNF683,COL8A2,0.045986350103476986
PAX7,KPNA6,0.04597907763632816
ZNF691,SERINC2,0.045972262995718584
ZNF691,KPNA6,0.045958428590195104
ZNF691,RAP1GAP,0.04594753959562446
ZNF691,SLC2A5,0.04594220843604932
PRDM16,ARMH1,0.04593511904519973
ZNF684,ALG6,0.04591502071595665
ZNF683,MIER1,0.04591140354063779
TFAP2E,LSM10,0.04589487151222422
ZNF691,LINC01756,0.04586759957321688
ZNF683,USP48,0.04583719498785082
NFIA,GBP4,0.04583636536131851
TFAP2E,CASQ2,0.04582729522666465
TFAP2E,PKN2-AS1,0.045819386891930707
ZNF684,DMAP1,0.045818108596125035
ID3,FAM151A,0.045813455113952864
ZNF684,ANGPTL7,0.04581202548542731
ZNF691,KIAA0319L,0.04579325242226795
HES4,KDM4A-AS1,0.04577607729702897
ZNF691,VAV3,0.045727427669593236
MTF1,ELAVL4,0.04571720501809589
TFAP2E,TMEM201,0.04571094284295331
ZNF691,LRRC8C,0.04570737328781837
FOXD2,ECHDC2,0.04569747979912244
GFI1,SSBP3-AS1,0.04567393323997824
ZNF683,CTH,0.045594217726450274
FOXO6,LINC01362,0.045590877319480735
YBX1,TMIGD3,0.04558038796670361
GFI1,P3H1,0.04557060303705885
TFAP2E,ANGPTL3,0.04557024458896345
ID3,PSMB2,0.04554538380030145
NFIA,CDC7,0.045516716083816376
ZNF683,GBP1,0.04551033753840754
TFAP2E,MAGOH,0.04549277978881791
PAX7,PHTF1,0.04547294331184787
HES2,CNR2,0.04545234576343153
ALX3,HNRNPR,0.04542034264035402
E2F2,SH3D21,0.04540861309337092
ZNF684,LINC02777,0.04538581381877109
ID3,TRAPPC3,0.04538254925054809
ALX3,RUNX3,0.0453584475910204
TP73,CD52,0.04535685282521194
ZNF684,OLFM3,0.045342850312383234
PAX7,RCC1,0.04532094130971365
ZNF683,EPB41,0.04529562621239597
MTF1,ZNF436-AS1,0.045287626524567984
HES4,DMAP1,0.045283694748898894
FOXO6,RPL11,0.045277487490905495
ZNF691,SLC16A4,0.04526270401374963
ID3,ASAP3,0.045255495875973155
PAX7,TMEM50A,0.0452298045109057
TP73,PGM1,0.045189408585566845
ALX3,PEX10,0.04516890487469464
FOXO6,HNRNPR,0.045137720673592924
TFAP2E,IFI6,0.045133390612607044
PAX7,LRRC8D,0.04510192524225211
FOXD2,MACO1,0.04507920496756272
HIVEP3,STIL,0.04506788427513153
ZNF683,NBPF1,0.045051429333521284
FOXO6,HIVEP3,0.04505021110536694
ZNF691,STXBP3,0.045033153880400696
HES4,NEGR1,0.04501541708795678
ZNF684,SRM,0.04501376013856227
HES2,JAK1,0.045010479864879875
E2F2,MIR4422HG,0.045008085365367254
GLIS1,PIK3CD-AS2,0.045000902185536186
HES2,INKA2,0.04494852083828441
HES2,USP48,0.04492181405939399
POU3F1,CLCN6,0.04488236903389839
GMEB1,AMPD1,0.04487335373379639
E2F2,EFCAB14,0.04485240320692031
HIVEP3,ROR1-AS1,0.04485180529674124
TFAP2E,SNX7,0.04484887988109805
HES2,RNF220,0.044846194551060654
HES4,EXTL2,0.04483466323235423
GFI1,DPH2,0.04464780450060374
GFI1,TEX38,0.04459894589445639
ZNF691,SFPQ,0.04458310496152444
ID3,CCDC17,0.04455081812212871
GFI1,CSMD2-AS1,0.04448255300830752
ZNF691,PARS2,0.04447938323432041
ZNF691,CDA,0.04446222070799449
ZNF683,LINC01756,0.04443483290029176
ID3,DVL1,0.04442882244816775
FOXO6,MTOR,0.04435874253711858
ZNF684,CITED4,0.04432330370978118
MTF1,FAM151A,0.044316869483802444
ID3,ZDHHC18,0.044308916969113696
ZNF683,DNAJB4,0.044285350671342344
ZNF684,TMEM39B,0.04427352445201916
FOXO6,TPRG1L,0.04426643707408102
ALX3,LINC01364,0.04425723328909568
ZNF691,EMC1-AS1,0.04425506016891481
GFI1,PTGFRN,0.04424302382000345
FOXD2,RNPC3,0.04421955233145067
PAX7,AKNAD1,0.04417023921559155
ZNF683,AKR7A2,0.04416607877158929
TFAP2E,EFCAB7,0.04415775136593957
ZNF684,COL11A1,0.04413184637293737
GFI1,ISG15,0.04412827938929176
ALX3,TNFRSF14,0.04409733178358627
ZNF684,AURKAIP1,0.044065586282456916
HES2,KHDRBS1,0.044053878177604935
GFI1,CAMTA1,0.04404504448628453
HES2,HIPK1,0.044034558439091785
PAX7,AK2,0.0440143419698556
HES4,ANGPTL7,0.0439901554499553
HES4,SPSB1,0.043930133213676274
ALX3,PNRC2,0.043921501761391424
TFAP2E,IL12RB2,0.0438634683451227
FOXO6,CZIB,0.04380750242751726
GLIS1,MYSM1,0.04378950738202464
ZNF691,NDUFS5,0.04376211841466202
NFIA,HSPG2,0.043718647456921986
ID3,HTR6,0.04371365428351878
HES4,HYI-AS1,0.04370951171484243
HES4,STMN1,0.043689136264352245
GFI1,TACSTD2,0.04363530020963611
NFYC,DENND2C,0.043625303321584166
ZNF684,PLEKHN1,0.0436116235029911
YBX1,MYBPHL,0.043593711439550126
ID3,MRPL37,0.04352780915230614
ZNF683,SLC35E2B,0.04350070869225428
ZNF684,LRRC8C,0.04349446187048187
E2F2,HYI,0.04346196209515856
TFAP2E,ZBTB40,0.0434120030560263
ZNF684,LINC01772,0.04339718193099393
PAX7,SH3BGRL3,0.04338368106456358
TFAP2E,SYCP1,0.04334190647849186
ZNF684,BMP8B,0.04333961474764511
ZNF691,ELOA-AS1,0.043336886803067166
TFAP2E,SNHG3,0.043324003547016404
GFI1,SPEN,0.04326507158651573
ZNF684,PAX7,0.04325842190597318
PAX7,USP24,0.04324704137547591
ID3,RNPC3,0.04324688994536526
FOXO6,DDOST,0.04323288941964163
E2F2,AHDC1,0.0432097084741793
TAL1,SMAP2,0.04317106992842193
HES4,GNG12-AS1,0.04315079452470418
ZNF691,SLC25A34,0.04315037446847566
ZNF684,CELA3B,0.04313132720102151
PAX7,RAP1A,0.04312279084951951
GMEB1,SLC30A2,0.043086648332200196
TFAP2E,LRIF1,0.04305427447088932
FOXD2,ATPAF1,0.04302650444595
NFIA,ANKRD65,0.04297782883641932
ALX3,TMEM35B,0.042944007906644405
ZNF684,HPCAL4,0.04291889603931819
FOXO6,NFYC,0.042900539386804985
RUNX3,LINC02609,0.042879275306308175
TFAP2E,KCNA3,0.04287625113893887
TFAP2E,PRDM2,0.04285606133986469
TFAP2E,FBLIM1,0.04283887930736675
FOXO6,CACHD1,0.04283354779351247
ALX3,RNPC3,0.04281776572199651
ZNF683,LINC02811,0.0428149246957855
GFI1,ZNF593,0.04277755141933313
ZNF684,NEXN-AS1,0.042748396207575194
GFI1,EIF2B3,0.042740318739569516
ZNF684,LINC01748,0.04271169682557124
TFAP2E,LRRC40,0.042704235432273266
FOXO6,ZMPSTE24,0.04268864533958305
GFI1,SLFNL1,0.042673620867106084
ZNF691,PPT1,0.042667991019515905
ZNF684,DPH2,0.0426497042309576
GLIS1,RCAN3AS,0.042637929966186656
TFAP2E,MAD2L2,0.042630863621574915
ID3,PADI2,0.04261321482715673
GFI1,PAQR7,0.04260986016163527
FOXO6,CLCN6,0.04258927111560258
ZNF684,SF3A3,0.04258598715054423
HES4,SERBP1,0.04258366961973981
GLIS1,LUZP1,0.042541207848140805
ZNF684,LRIG2-DT,0.04250802338846841
PAX7,CZIB,0.04249506644083984
GFI1,DOCK7,0.042464100156499034
ID3,CDKN2C,0.04245094166656295
GFI1,SLC25A33,0.042445320865595694
POU3F1,FOXD2,0.042408192837882386
ZNF691,HP1BP3,0.04240425728263712
ID3,TAF13,0.042381039505347884
ZNF691,PRKCZ,0.042354380434862886
HIVEP3,SFN,0.04235026764599382
FOXO6,TRIM62,0.042343252473115114
ZNF683,MIIP,0.04230715312091928
FOXO6,UBE4B,0.04228014808923278
FOXO6,RPA2,0.0422770848603035
ZNF684,TXLNA,0.04226825563982177
TAL1,ZBTB8OS,0.04226575158418445
ZNF691,C1orf174,0.04226349537623976
TP73,GNB1,0.04224592466042917
HES4,RPL22,0.04219762226985466
HES2,CC2D1B,0.04218023792966152
ALX3,ATPAF1,0.04217314013759633
ID3,TRIM45,0.04215350075271762
ALX3,CCDC28B,0.04215340532158926
ZNF683,RAB3B,0.042152755762570555
NFIA,S100PBP,0.04207647149862959
TAL1,LRRC41,0.04207138730546481
TP73,SLC2A1,0.042032607206401645
GFI1,EXO5,0.04198815636511816
HIVEP3,GRIK3,0.04198514336955428
PAX7,MRPL20,0.041975937647404066
ZNF683,LINC01355,0.04197091440481804
NFIA,LINC01140,0.04195357668464564
ZNF684,WDR47,0.04194306776702752
E2F2,CDCP2,0.04192545189659077
PAX7,ZBTB40,0.04192474075633252
POU3F1,P3H1,0.041921345021462074
TP73,RNPC3,0.04191538598918768
GFI1,SAMD13,0.0418965635904716
GLIS1,MUTYH,0.04189485099472468
NFIA,LINC01141,0.041894192419095165
ZNF683,WRAP73,0.04186558666238769
ZNF684,LYPLA2,0.04185368377832165
HES2,EIF2B3,0.04182664178064681
MTF1,CCDC163,0.04181206796997506
NFIA,OMA1,0.04180687600517618
ZNF684,NOL9,0.041800606317134406
FOXO6,CCDC18-AS1,0.04176577527019702
FOXO6,SPATA1,0.04175429292086667
ALX3,DBT,0.04175233424903444
ZNF684,YBX1,0.04174818638311524
E2F2,DNAJC6,0.04173390128753202
ZNF691,GIPC2,0.04171794525935317
ID3,SH3BGRL3,0.04171296848335932
ZNF684,FBLIM1,0.04166600549987786
FOXD2,DNAJC16,0.041663410119545816
TAL1,SLC9A1,0.04164890522202036
GFI1,DIO1,0.04164171585808526
GFI1,VPS13D,0.041612939050795245
POU3F1,NFYC-AS1,0.041609446196434564
ZNF683,IL23R,0.041589619841468826
PAX7,HECTD3,0.041573699791877444
FOXO6,CD52,0.04155970753800242
E2F2,ENO1-AS1,0.04155431474516881
ID3,LINC01226,0.041553508690249194
ALX3,DNAJC16,0.04154366254030011
ID3,MACF1,0.04153347858167142
HES4,DISP3,0.04146923268070978
PAX7,MYCBP,0.04146069625482016
HES2,AK5,0.04143429999518959
HES2,DNAJC8,0.04142371418105777
ZNF684,MYCBP,0.04142059421740785
E2F2,LINC01709,0.041417608383749666
GMEB1,C1orf146,0.0414157335332761
TP73,VAV3,0.041368890773277656
POU3F1,NSUN4,0.041367434093768606
GFI1,ATAD3C,0.041358039651162845
ZNF684,HP1BP3,0.04135409571337594
ID3,LINC01562,0.04134611697944696
ID3,TTLL7,0.04133063844822399
PAX7,PSMB2,0.041330364389798674
HES4,NPPA,0.04131624722894643
ID3,PRDM16,0.041305506573710106
ID3,SESN2,0.04130027923182266
FOXO6,RPL22,0.0412768633527131
ZNF684,BRDT,0.041272361345559644
ZNF683,CELA2A,0.041262911835637225
E2F2,IL12RB2,0.04126086504191412
POU3F1,GBP2,0.04124518892829867
ZNF684,LINC01685,0.04123817975969964
GFI1,ADGRL4,0.041228694967087684
NFYC,C1QA,0.04122373591333455
ID3,C1orf50,0.041219258333660365
HES2,ATG4C,0.04120550035028582
ZNF691,CD53,0.04120129785975439
FOXD2,RER1,0.0411973068803563
ID3,TIE1,0.04118113387604943
ZNF691,CYB561D1,0.041172002505668714
TFAP2E,TTC22,0.04115423206721909
PAX7,NEXN,0.0411232355149899
ZNF684,TEX46,0.041119733275571196
HES4,GLMN,0.04110631294027539
HES4,DLGAP3,0.04110550666995661
NFIA,CMPK1,0.04108179206702477
NFIA,C1QTNF12,0.041073943366500935
POU3F1,CD101,0.04106063177283109
PAX7,GSTM2,0.04102221262991567
GFI1,LINC01342,0.04101288965791127
FOXO6,COA7,0.04099389285804099
ALX3,HDAC1,0.040980158514809704
NFIA,USP1,0.040957991646331376
ENO1,LRRC38,0.040921416025293735
ID3,HENMT1,0.04091091997664506
ZNF683,ISG15,0.0409000628475803
NFIA,DNASE2B,0.04089111261050057
FOXO6,EFCAB7,0.04087325170118297
ZNF691,LAMTOR5-AS1,0.040814346755091206
HES2,RABGGTB,0.04077986069461628
GFI1,ERRFI1,0.04075002699579708
TFAP2E,HFM1,0.04073418778428021
ALX3,CDK11A,0.040706946950788206
GFI1,DDAH1,0.040706656244828034
FUBP1,LINC01355,0.04067255695765519
TFAP2E,EMC1,0.040671914281518166
TFAP2E,KIF2C,0.04065671219700868
TFAP2E,SSBP3-AS1,0.040630306246746795
TFAP2E,NDC1,0.040626837745892666
ZNF684,DLEU2L,0.04062243586050433
MTF1,CCDC27,0.04061235496524273
HES4,LINC01781,0.04061066276638709
HES4,HTR6,0.04060730790852091
PAX7,ANKRD13C,0.04058224943361612
TAL1,DLEU2L,0.040545259241612744
ID3,EPS15,0.04053558172749551
HES2,ZMYM4,0.0405185163056213
TAL1,RNPC3,0.04049963782753698
GFI1,SRARP,0.04049792880681897
GFI1,ZNHIT6,0.040492618274682
ZNF691,WLS,0.0404645846002494
TFAP2E,PATJ,0.04045918833795006
PAX7,FAM167B,0.04045872760712104
GFI1,LINC01685,0.040417690996503816
ZNF683,USP24,0.04039063454846785
MTF1,LINC02574,0.04037045096547915
POU3F1,AHDC1,0.0403595448631556
HES2,SNIP1,0.040333919251129655
PAX7,UBIAD1,0.04033189013954622
RUNX3,SLC2A5,0.04030295652649215
ZNF691,MMACHC,0.040245026449002415
GFI1,TSSK3,0.04019758457035298
ZNF684,PLCH2,0.04017898717429073
TP73,FPGT,0.04014697775852206
POU3F1,ODF2L,0.04014658752778754
ID3,KANK4,0.04013511726879944
GFI1,PLA2G5,0.04011257603350392
TAL1,ELOA-AS1,0.040070164729703935
E2F2,CFAP57,0.04006542872375725
RUNX3,FRRS1,0.04005921188306378
GFI1,MATN1,0.04005863145240345
HES2,TNFRSF8,0.04004719725229342
ZNF684,SRSF10,0.040041296002937245
ID3,PARK7,0.04000060139912486
ID3,TTC34,0.039997866086277666
GFI1,SLC44A5,0.03992574554149377
NFIA,TP73,0.03990731756880787
GMEB1,LPAR3,0.039870610337933925
TP73,S1PR1,0.039852520446139926
NFIA,ZNF593,0.03984429305599842
TAL1,SSU72,0.039837932133526266
E2F2,PLPPR5,0.03980379291562367
FOXO6,PEX10,0.03978172906266686
FOXO6,BTBD19,0.03977267417962713
FOXO6,LUZP1,0.03976229298671124
HES2,TMEM59,0.03975759272236142
TAL1,PTP4A2,0.039727485674313175
ZNF684,TEX38,0.039716285620516004
FOXD2,CYB561D1,0.03971408087254837
NFIA,MFSD2A,0.039683502552047896
PAX7,LINC01772,0.03968267186066992
ZNF684,RNF11,0.039667135552702903
GFI1,TPRG1L,0.03965776627346249
NFYC,IFNLR1,0.03964960414378607
PAX7,SSX2IP,0.039635397570149555
ID3,GLMN,0.039616545433024786
FOXD2,PINK1,0.039564394604745805
POU3F1,LINC02785,0.039557241278101514
PAX7,SHISAL2A,0.039541370250932475
TFAP2E,ANGPTL7,0.03952671631751615
ZNF684,CENPS,0.03951361375581422
FOXO6,PKN2-AS1,0.03949830065091308
MTF1,UBE2U,0.0394966636434117
FOXO6,RRAGC,0.03944662279562899
MTF1,C1QTNF12,0.039439536162360504
FOXD2,FOXJ3,0.03941763264516643
FOXD2,RSBN1,0.039412546314390506
GFI1,TRMT13,0.039397265179808585
ZNF684,SSU72,0.03939681968297457
TFAP2E,ATG4C,0.03934512520838233
PAX7,PHACTR4,0.039329543482531246
FOXO6,LINC01765,0.03932889472791484
ID3,BMP8B,0.03931692646775902
ZNF684,LINC02607,0.03931242229842225
RUNX3,GNAT2,0.03930336085211797
GFI1,DNASE2B,0.03929771117939926
TFAP2E,ADGRL2,0.039289458609520204
ZNF683,ALG14,0.039263397912256554
ZNF684,TNFRSF8,0.039260403983554154
E2F2,KLHL17,0.03923345551384025
ZNF684,LINC01342,0.03921273733573593
TFAP2E,GALE,0.03918928150668315
ZNF691,TTF2,0.03918214983030664
HES4,SLC1A7,0.03913230192200751
POU3F1,ZMYM4-AS1,0.039090439003948166
HES4,BEST4,0.03905773383409428
TP73,DNAJC11,0.03904231292940452
FOXD2,ZBTB40,0.039026291456170537
ALX3,MUL1,0.03902267043578675
NFIA,RPL5,0.039000793891849996
FOXO6,CCDC30,0.03898786281822341
FOXO6,PIK3CD-AS2,0.03898574590992667
TFAP2E,GNL2,0.03896434496833253
HES4,PAX7,0.03895998378241907
ZNF691,DPH5,0.038940043939203244
ID3,C1orf162,0.03891667975565835
ZNF684,UBXN11,0.03888181634574906
E2F2,ZNF691,0.03888016737960852
ZNF691,KAZN,0.03886131303277733
ALX3,MIB2,0.03884679407492402
ZNF684,PTPN22,0.038825510361837394
PAX7,HDAC1,0.03881549170119517
GFI1,TM2D1,0.03881527284018526
FOXO6,CASZ1,0.03881400176490783
GLIS1,BTBD19,0.03880882145367478
HES4,SRARP,0.03879498474625879
POU3F1,WDTC1,0.03877824254596213
ALX3,TMEM59,0.03870933380671358
ZNF684,CDK11B,0.03869502499863258
TAL1,ATP1A1,0.038663580990148785
ALX3,ATAD3B,0.03865398334907852
ZNF691,SPATA6,0.03864992880130536
E2F2,TTC39A-AS1,0.0386242877898408
TP73,FAF1,0.03860184006621275
HES4,PIGV,0.03859769764865319
GFI1,ENO1-AS1,0.03859001200988266
HES4,FUCA1,0.03857972720128937
ZNF684,TNFRSF9,0.03855175993155387
POU3F1,BTBD19,0.0385346888577643
TP73,NSUN4,0.03852256855564549
TP73,PDE4B,0.038492274604389934
HES4,ABCA4,0.038489077093620476
FOXO6,ALG14,0.038488367209827686
GFI1,DMAP1,0.038481387865189065
FOXO6,CDC42-AS1,0.038475810017095685
ZNF691,AGO4,0.03847116441546302
E2F2,KCNA2,0.03843059063585061
FOXO6,NCMAP-DT,0.038424003937856686
FOXO6,INTS11,0.03840867403038102
HES2,USP1,0.03838434873752113
ZNF691,LINC02811,0.03836441639683075
FOXO6,CAPZB,0.038349250642312975
MTF1,ATP1A1-AS1,0.03834447300534851
GFI1,NFYC,0.038325364462587275
ID3,CNN3,0.03829675261822748
ZNF683,TMEM39B,0.038295736098796974
ZNF691,AHCYL1,0.03829496253667633
TFAP2E,OSBPL9,0.038278066560720796
TFAP2E,TEX38,0.0382722768758885
TFAP2E,HPCAL4,0.03827025749382236
ZNF691,SPSB1,0.038229079912336324
ZNF691,ST6GALNAC3,0.03814266946859235
GFI1,S100PBP,0.0381352601336339
HES2,RHOC,0.03813158389517338
FOXO6,MUL1,0.03809803585032446
GFI1,PDE4B,0.03808851285660578
PRDM16,TMEM50A,0.03808849754897889
POU3F1,SZRD1,0.03807465137650606
ZNF684,SLC44A3,0.038064874494048766
FOXD2,EFCAB14,0.03806467498219722
ID3,GTF2B,0.03800630043646604
ZNF691,LINC01409,0.03797752523556764
TFAP2E,MTF2,0.03794643393994631
ZNF691,RNF19B,0.03794476058683663
ZNF683,NUDC,0.03794431485921668
NFIA,SASS6,0.03792820339219831
TFAP2E,PABPC4,0.037925581667055765
TAL1,TMEM50A,0.03791663241918002
ZNF684,DISP3,0.03791520755272246
PRDM16,SRSF11,0.03790770550899972
PAX7,EPS15,0.03789649080753684
ALX3,ICMT,0.037895605431704206
HES2,PER3,0.03788790479219839
TFAP2E,LINC01748,0.0378755616598286
TFAP2E,SCP2,0.03783428531045653
E2F2,ABCD3,0.03781904195042256
FOXD2,TPRG1L,0.037807363544379434
FOXO6,RBP7,0.03779829544788388
FOXD2,CD58,0.037796208372869323
GFI1,SVBP,0.037784552102459804
TFAP2E,BEST4,0.03778127062441736
FOXD2,GNB1,0.03775217631771273
ZNF691,TAS1R1,0.03774905715858162
ZNF691,PRPF38A,0.037700236555365196
ZNF684,ST3GAL3,0.03769403874275815
RUNX3,NGF,0.03767447953806902
PAX7,ZMYM6,0.03765960798479225
GMEB1,RIMKLA,0.03765407877316258
TFAP2E,CHI3L2,0.037617463567014606
ZNF684,SIKE1,0.03761448553732967
TFAP2E,GBP2,0.03761415179849561
ZNF691,EFCAB14-AS1,0.03752951664718418
ZNF683,CFAP57,0.03752435713068231
FOXD2,DFFB,0.03751576230567348
TFAP2E,ZRANB2-AS1,0.03750796350215561
ID3,MRPL20,0.03750390161246744
ALX3,LINC00339,0.03750072908015185
ID3,RSRP1,0.03747034847455415
TP73,BCAS2,0.037463515289878374
ZNF691,TNFRSF18,0.03745424444166977
ZNF683,PHF13,0.03744872897185445
MTF1,OLFML3,0.037419304485412086
FOXD2,YBX1,0.037381647792079926
ID3,PIK3R3,0.03734530070162276
GFI1,PADI4,0.037325225444058745
ZNF684,DHDDS,0.037302525530549295
POU3F1,LINC01708,0.03729327480102664
ID3,TMEM69,0.03725633680067028
FOXO6,CHI3L2,0.03724704670934931
GFI1,KYAT3,0.03723426640382777
ZNF684,LINC01712,0.037221978639331625
HES2,CASZ1,0.03721489636280556
FOXO6,RPF1,0.03718803651478498
GLIS1,FAF1,0.037177011514862135
TFAP2E,LINC00466,0.03717217050376064
TAL1,NIPAL3,0.037163122013445904
TAL1,SMIM12,0.037151663364891306
TFAP2E,GNB1,0.037148239668684566
ZNF684,PLEKHG5,0.03714680138482701
ID3,MECR,0.037130929446129675
TP73,SPATA1,0.03711117912486143
YBX1,HYI-AS1,0.037110882095582796
HES2,CTBS,0.037109257696653256
HIVEP3,CDC20,0.03710610911889699
ZNF684,TNFRSF1B,0.03709049460436902
RUNX3,NKAIN1,0.037083881188703795
POU3F1,IFNLR1,0.037072637163890414
E2F2,GTF2B,0.037053906211255844
ID3,SLC5A9,0.03705234114871401
ID3,ALDH4A1,0.03703626415214706
HES4,GPR153,0.03703094217094526
TFAP2E,LAMTOR5,0.03701930480022523
HIVEP3,PLA2G2D,0.0370131361681811
PAX7,NBPF1,0.03701051472887938
GFI1,GBP7,0.036991631327924185
ZNF684,LINC01677,0.03696491278778379
TFAP2E,LINC01712,0.036949224426860286
ZNF683,PADI2,0.03694236826834064
MTF1,SLC6A17,0.03692641797486083
ZNF683,TTC34,0.036910149819315737
ZNF684,CAPZB,0.03690509077930958
ID3,CPLANE2,0.0368973858349022
POU3F1,PTAFR,0.036866062411135686
ZNF683,L1TD1,0.036811089852277636
NFYC,ADGRB2,0.03680948443942973
ZNF683,OTUD3,0.036799664467130566
HIVEP3,SLC16A4,0.03679747018840117
E2F2,LINC01307,0.03678369588097146
ID3,SRSF11,0.03677743367979322
TFAP2E,SRARP,0.03675645669677835
ALX3,GBP2,0.036747847503791335
FOXO6,KIAA2013,0.036747646114762125
ZNF684,LDLRAP1,0.03672683632959568
GFI1,CEPT1,0.03672469238905284
ALX3,UBR4,0.03671265740676233
ZNF691,CYP2J2,0.03670996258689819
GLIS1,CDK11B,0.03669596990690815
ZNF684,TPRG1L,0.036672486991472304
FOXD2,EPB41,0.03667216299829183
ALX3,ABCD3,0.03662783393905726
ZNF691,EFHD2,0.036606257813167065
ZNF684,ZSWIM5,0.03658667684841977
RUNX3,ROR1-AS1,0.03658411427517236
FOXO6,EXOSC10,0.03657565125308536
E2F2,LRRC42,0.03651255784371792
POU3F1,SORT1,0.03650817357300757
TFAP2E,MEGF6,0.036483476892148176
GFI1,SNX7,0.036475863602163525
ID3,ZNF436-AS1,0.03646703673124945
ZNF691,CLCN6,0.0364662406114267
E2F2,AMIGO1,0.036463647531159354
ZNF684,ABCA4,0.03645991369845685
TP73,PPT1,0.03642652012223135
TFAP2E,CD2,0.036406750543852624
TFAP2E,MMACHC,0.03640666415099849
GFI1,MARCKSL1,0.036392865627848055
TFAP2E,TTC4,0.03637116545172029
ZNF683,ST7L,0.03635079538280485
GFI1,GNG12-AS1,0.03629192942241534
FOXO6,PIGV,0.036265731295309314
GFI1,PSRC1,0.03626062683973178
HES4,TMIGD3,0.03616272576316611
ALX3,SLC35A3,0.0361590871392682
ZNF684,GBP7,0.036158854539247796
FOXO6,ALG6,0.0361202897216807
HES4,LINC01756,0.036112762511252665
PAX7,TMEM222,0.03610741319715991
TFAP2E,LINC02777,0.03610502219709603
POU3F1,IFI6,0.0361040285559885
ZNF683,HPCAL4,0.036075015298428215
E2F2,HPCAL4,0.03605376422247031
TAL1,TESK2,0.03604700016358296
PAX7,SPEN,0.03603443253706746
TFAP2E,LINC01635,0.03599684188826534
ID3,CASQ2,0.03599633033891833
ZNF691,LMO4,0.035991093759914425
E2F2,LINC02795,0.035983216622117745
FOXO6,CPTP,0.03597770690020806
ZNF683,PEX10,0.0359763441337077
MTF1,VANGL1,0.03594448512348114
TFAP2E,AURKAIP1,0.03592027927769544
TFAP2E,EVI5,0.03590583542420697
ZNF684,CELA2A,0.035872583732997544
TFAP2E,NSUN4,0.03584723092355813
HES2,SPATA6,0.03584718143107013
TFAP2E,NRDC,0.03582792828963943
ID3,MICOS10,0.03577067956262722
POU3F1,MAST2,0.0357648476854023
TAL1,USP48,0.03576183908443256
PAX7,LINC01781,0.03575415545316683
NFIA,TLCD4,0.03573525743564262
GFI1,CSF1,0.03571625809765854
ZNF684,MATN1,0.0357155701799196
ZNF691,MRPL20,0.035712917000014346
TP73,GBP3,0.03570211058760277
TFAP2E,ZNHIT6,0.035698856044530075
TFAP2E,MRPL20,0.03566702411066212
HES4,TACSTD2,0.03564151761227605
GFI1,FAM167B,0.03563201812123641
FOXD2,TMCO4,0.03562231993740132
TFAP2E,MCOLN2,0.03562188186612897
GFI1,BMP8A,0.035611208881882156
ID3,DOCK7,0.03558253212938934
FOXO6,YIPF1,0.03557126837019974
FOXD2,TXNDC12,0.03554525711262157
NFYC,KCNQ4,0.035543843428720606
ZNF684,LINC01134,0.03553301756226332
PAX7,PGD,0.035507571633280395
POU3F1,AGO4,0.035499665710873235
GMEB1,CRYBG2,0.03549376775087253
ZNF691,EYA3,0.035487098048104876
HES4,EXOSC10-AS1,0.03547234138294494
GFI1,TAF12,0.03544454847642134
PAX7,MEAF6,0.03543748956353949
TP73,CCNL2,0.03541832780121573
FOXO6,OTUD3,0.03539772807530037
TP73,DNTTIP2,0.03539409294908326
FOXD2,STK40,0.03539303909145439
NFIA,CLSPN,0.03537904583699829
PAX7,CD2,0.03536767516080943
POU3F1,TMEM39B,0.035359949293865794
HES4,LRRIQ3,0.03532046736357169
TFAP2E,NUDC,0.03531419328511681
POU3F1,DHRS3,0.03529675388596952
ZNF691,PABPC4-AS1,0.03523794953215938
ZNF684,SRSF11,0.035224119918892356
ZNF684,LINC02812,0.035212829006514366
TP73,GNAI3,0.03519572343171015
FOXO6,LAMTOR5-AS1,0.03516454280802831
ZNF684,CLCA1,0.03516336375399887
TAL1,CD53,0.03515512835210705
NFYC,MPL,0.03514911190726342
GLIS1,TMCO4,0.03514334756390079
TP73,RHOC,0.035040721077102405
E2F2,KIAA0319L,0.035038758867085046
TP73,RPS6KA1,0.03503856479920313
ID3,PDIK1L,0.03502689871454776
TP73,TRIM33,0.03502176282338369
MTF1,ROR1-AS1,0.035011851856343756
TP73,SPATA6,0.03500760887962483
HES2,ECE1,0.03499486910878958
E2F2,ELOA,0.03498583140702349
POU3F1,PER3,0.034947669016337043
HES4,CLCA4-AS1,0.03493258751357113
PAX7,EYA3,0.03492054399948349
FOXD2,PIK3CD-AS2,0.03491723879958704
E2F2,CYP2J2,0.034867575496028494
GFI1,IFI6,0.03486004753395506
TFAP2E,EXOSC10,0.03484423281735323
ID3,A3GALT2,0.03484008963373834
ID3,VAMP3,0.03481666475128024
GLIS1,EIF4G3,0.034801934707288734
HES2,WRAP73,0.03479794709892096
FOXD2,CA6,0.03478541837198084
ZNF691,NECAP2,0.0347709672013433
TFAP2E,KCNAB2,0.03475228050681462
ID3,DISP3,0.03472102117358785
GMEB1,TLCD4,0.034697906280645306
TAL1,HIVEP3,0.03469221743036963
TFAP2E,AGRN,0.03467824770477921
ZNF691,DPYD-AS1,0.034670464101098544
GLIS1,CSF3R,0.03466423569992831
MTF1,IGSF21,0.034642679628694446
POU3F1,C1orf50,0.03463920317724517
ZNF691,SIKE1,0.034630486018975455
ZNF684,ZBTB17,0.034618990863188676
TFAP2E,VAV3-AS1,0.034615129697541686
ZNF691,GNAT2,0.03460215339632953
ZNF691,MMEL1,0.034589629230236674
ID3,CDC42,0.0345825883276149
ID3,PODN,0.03456642887505102
FOXO6,C1orf50,0.034562164329079756
ALX3,CDK11B,0.034546329878518814
PAX7,SMIM12,0.0345448180248945
ZNF691,BSDC1,0.03452905583440356
FOXD2,SLC16A1-AS1,0.03452462162731157
ZNF684,FOXD2-AS1,0.03451823984103165
TFAP2E,MFN2,0.03450835974967316
ID3,SERBP1,0.03450789760147093
GFI1,TRIM45,0.03450658118447289
TFAP2E,DLGAP3,0.03449165359595737
GFI1,ABCA4,0.03447171354815726
FOXD2,MYSM1,0.034465342632888876
ZNF683,CPLANE2,0.034431075853103815
ZNF691,FOXD3-AS1,0.03441086712364014
FOXO6,TXLNA,0.03440606253980945
NFYC,VWA1,0.034403765209606044
NFYC,UTS2,0.034381032972072074
GFI1,CTH,0.034370537866748985
TP73,NFIA,0.03436999378907395
GFI1,PRDX1,0.034363439532607266
ZNF691,PTCH2,0.034345308882597333
TAL1,TPRG1L,0.034345079619576536
FOXO6,DNAJC11,0.03432554443171124
PAX7,SLC2A1,0.03431718327371645
FOXO6,MIB2,0.03430038909484785
YBX1,A3GALT2,0.03429537895841902
PAX7,EPHA10,0.03425548994364424
MTF1,LINC01788,0.03424853397496516
ID3,GNAT2,0.03422709040700043
TFAP2E,TNFRSF25,0.034226556659576995
TAL1,RCAN3,0.034205858487225974
ZNF684,PTGFRN,0.03417727079392094
ZNF691,PRXL2B,0.03417273780540981
ID3,RHBDL2,0.034163324278583936
ZNF684,EIF3I,0.034157295318478526
FOXO6,NEXN,0.03413128309099176
PAX7,PHC2,0.03411482516546875
ID3,PPP1R8,0.0341140024629789
TP73,IPP,0.034113536862275376
TFAP2E,NBL1,0.03410443458236317
FOXO6,KLHL21,0.03408923365126708
ID3,LMO4,0.03404915189847631
ZNF691,LRRC8D,0.03400880039850835
TFAP2E,LINC02785,0.03393989024610389
FOXD2,TMED5,0.03392006279568198
POU3F1,AMPD2,0.03391054152292967
FOXO6,LRIG2-DT,0.033906797612548764
PAX7,TCEANC2,0.03390593765184198
ZNF684,MFSD2A,0.03389895705574257
GMEB1,C1orf216,0.033799705903289734
ALX3,EIF3I,0.033772209344196474
ZNF684,MXRA8,0.033746127583801674
ZNF684,FGR,0.033740442586244285
ZNF684,DHCR24,0.033735701003315695
ALX3,SCP2,0.033734706293902704
YBX1,CSF3R,0.03371482896224641
TFAP2E,ADGRL4,0.03371326571343281
ZNF691,TNFRSF25,0.03370515955573946
GLIS1,PGM1,0.033697053642848494
HES2,TESK2,0.033650248547070855
FOXD2,MFSD14A,0.03363891965842611
TFAP2E,CAPZB,0.03363110007309323
TP73,RPL11,0.033614654483855276
PAX7,HP1BP3,0.033599948803954095
ZNF691,KIAA2013,0.03359331783461676
PAX7,LUZP1,0.03353698253896568
ZNF691,WDR77,0.03351853243016019
TFAP2E,PIK3CD-AS1,0.033484225016003455
PAX7,PNRC2,0.033402792961288084
TFAP2E,UQCRH,0.03339707194042139
ZNF691,DRAM2,0.03338993864976213
ID3,CNKSR1,0.033387596579924156
FOXO6,RTCA-AS1,0.03338623964709877
ZNF691,EVI5,0.03337633942044101
ID3,BMP8A,0.03336086964803411
HES4,LINC01707,0.033348330775348295
PAX7,SCMH1,0.03333643127533
ZNF684,NDUFS5,0.03326048217666308
E2F2,CTRC,0.0332481443886232
ZNF683,PUSL1,0.033233945989765874
ALX3,ECE1,0.03322865111039042
POU3F1,AP4B1,0.03321738778628255
ALX3,NRAS,0.033207192191097586
ID3,B4GALT2,0.033199342187902
TFAP2E,CDC14A,0.03318551895751066
HES2,ASB17,0.033180151443056846
TFAP2E,GFI1,0.0331746127913461
ID3,DLGAP3,0.03314822418446144
ZNF683,KCNA2,0.033139546781653366
ALX3,RAP1A,0.03313136502695428
GMEB1,ASB17,0.033130338645379474
NFYC,AKR7A2,0.03312770620569015
ID3,LINC02780,0.033115923840442235
ZNF691,LINC01356,0.033074253166029494
TFAP2E,PINK1,0.03307362528109098
E2F2,CACHD1,0.033055482771343896
FOXO6,SKI,0.033054616425141355
ZNF684,ELOA,0.03304349238164981
FOXO6,TNFRSF14-AS1,0.03303057760667348
ZNF683,SH3GLB1,0.0330268839903705
TFAP2E,CDCA8,0.03302592885848015
TFAP2E,LRRIQ3,0.0329859761595719
FOXD2,SZT2,0.032912681426096234
GLIS1,CD2,0.03288241700558793
ZNF691,SMPDL3B,0.032875036446458256
ALX3,TARDBP,0.032869236153952604
GFI1,TEX46,0.032846760813883734
TAL1,RTCA-AS1,0.0327588346021095
ID3,PLA2G2C,0.0327276114144696
YBX1,COL16A1,0.03269945928011866
E2F2,EFCAB14-AS1,0.03265997994879644
ZNF691,DHRS3,0.032648202201207545
FOXO6,HDAC1,0.03264590772840463
YBX1,C1QB,0.0326255668798849
TFAP2E,GNG5,0.03262398472070971
E2F2,LINC02606,0.032619701883140506
GFI1,LINC02607,0.032608718522050106
GLIS1,MTOR,0.03257467016121987
E2F2,ANGPTL7,0.03256325929233708
ZNF691,MDS2,0.03254059469760353
GFI1,NUDC,0.032526771673214806
HES4,FOXD2-AS1,0.03251437398484786
GLIS1,PRDM2,0.032512897787669054
TP73,RRAGC,0.03250575546071396
HES2,LRRC47,0.03249360980545947
TAL1,YBX1,0.032467031926424986
ZNF684,CNKSR1,0.032434823346056504
ZNF691,CHI3L2,0.03241314254356773
FOXD2,SELENOF,0.03239122816052447
TAL1,STMN1,0.03235259055907906
HES2,TM2D1,0.03233582443556543
TAL1,CASZ1,0.03233035768718598
GFI1,VAV3-AS1,0.032321125730019995
FOXO6,SMIM1,0.03231923246984237
GFI1,CYB5RL,0.032318866120252455
MTF1,OLFM3,0.032303736337319956
TFAP2E,SASS6,0.03229783423884928
ZNF684,LINC00466,0.03226646006008745
FOXO6,DPH2,0.032197274718408816
ZNF691,SLC30A7,0.0321952931760129
POU3F1,TMCO4,0.03218957906389767
HES2,XKR8,0.03218865587886722
ZNF684,SSX2IP,0.03218660650434867
HIVEP3,CCDC163,0.032168853235981835
TFAP2E,FAM229A,0.032150910421871445
TFAP2E,PRKACB,0.032139611129099
HES4,KLHL21,0.032139400875067975
ZNF691,OSBPL9,0.032138051435651634
ID3,STXBP3,0.03209452210461644
TFAP2E,CD52,0.03208667546804091
TFAP2E,FOXD2,0.032058284493994005
NFIA,HNRNPR,0.03204881331393218
TFAP2E,PRKCZ-AS1,0.03204239108028045
GMEB1,PTPRU,0.03198575126354002
ID3,CCNL2,0.03194400166264003
PAX7,THRAP3,0.03189390933119183
FOXO6,PEX14,0.03188540684550505
PAX7,GBP7,0.031884364471108
ALX3,GPBP1L1,0.031862893784415695
E2F2,MMEL1,0.03185038923592208
TFAP2E,SERINC2,0.03183282780208429
FOXO6,BTBD8,0.03182743157311539
PAX7,RBMXL1,0.03182706343225735
GLIS1,MRPL20,0.03181389447694923
HES2,SDHB,0.03180723841743607
NFIA,NCMAP,0.03180438688034492
HES2,KPNA6,0.0318021682111122
ZNF684,LRRC47,0.03173586888627928
TP73,PPCS,0.03169725252524056
FOXD2,AURKAIP1,0.03167167216122458
FOXD2,ODF2L,0.031671447302759614
ID3,ISG15,0.03166778515195891
GMEB1,CCDC27,0.03165781079927748
PAX7,FAM229A,0.03165524532523233
ID3,PTPRF,0.031643346319179276
YBX1,MAB21L3,0.03163721666456042
TFAP2E,HENMT1,0.03163527870068814
TP73,AK2,0.031623295318526534
HES2,RSRP1,0.03162109729051322
NFYC,VAV3-AS1,0.03161594617153554
NFIA,NFIA-AS2,0.03160189559543344
HES2,SF3A3,0.03159189415569209
HES2,VAV3,0.031586487825967444
ZNF691,UBE4B,0.03158103729612608
FOXD2,DDI2,0.031573210835186424
GFI1,LRP8,0.031565245010423
ALX3,PGM1,0.03154631960976958
HES4,PLA2G5,0.03154042426133962
FOXD2,ACAP3,0.03151558175626709
FOXO6,SSBP3,0.03151527859286086
TAL1,ECE1,0.031477560860443655
POU3F1,SPATA6,0.031459658734223496
NFYC,CELSR2,0.03143720819186495
ZNF691,TMEM269,0.0314094050517257
GMEB1,MYBPHL,0.031377402552484564
HES4,MECR,0.03136221289748328
PRDM16,PPT1,0.031344348053271444
HES2,HENMT1,0.03132052482422407
PAX7,MTF1,0.03126374037406331
RUNX3,MCOLN3,0.03126113882681784
FOXD2,CTBS,0.031248254466783375
HES2,DHRS3,0.03124388860886713
FOXO6,CFAP57,0.031235461247231665
FUBP1,LINC01677,0.031213054644615143
MTF1,PSRC1,0.031201060016306296
GFI1,PABPC4,0.031169792442470985
HIVEP3,LINC01140,0.031169135738122303
TFAP2E,GPX7,0.03116818620872468
ZNF683,HOOK1,0.031147363019207924
POU3F1,DFFB,0.031124545052750384
TP73,AK5,0.031124033380437646
ZNF691,STX12,0.031104736797682674
HES4,SCNN1D,0.031067627543479723
HES2,MTFR1L,0.031037001563800053
FOXD2,PPIH,0.030986685222896306
GLIS1,HIVEP3,0.03096599460346757
ZNF683,SELENOF,0.030903522975946226
E2F2,SNX7,0.03087746824364759
HES2,CLIC4,0.030858401158996927
HES4,PRKCZ-AS1,0.030852938907833524
ZNF684,TTC39A,0.03083977932361537
NFIA,PPM1J,0.03083333958706064
ALX3,RNF11,0.030829934051068354
FOXO6,AGBL4,0.0308296449470898
HES4,PALMD,0.030828733746741374
ZNF691,CSF1,0.030806074874943544
ALX3,EPHA2,0.030793327108828067
HES2,SSX2IP,0.03077638181838792
FOXJ3,LINC02238,0.030772142186318702
ID3,GABRD,0.030767799488832258
GFI1,SERINC2,0.030759527274380482
GFI1,UBIAD1,0.030758219722667252
FUBP1,LINC02574,0.03075545777717367
MTF1,C1orf159,0.030754865000294545
GFI1,VAV3,0.030726788377425648
GFI1,TNFRSF14,0.030719648440681098
TFAP2E,FAF1,0.03071927231337489
ZNF691,IFI44L,0.030671815330866044
RUNX3,PTGER3,0.030666446661648698
HES2,GNAI3,0.030657735515176997
ZNF684,HENMT1,0.030641567647058297
POU3F1,CCDC30,0.03063831126613425
HES2,CA6,0.03063830842117718
ZNF683,FBLIM1,0.030611749500580005
HES4,CLCA1,0.030606867856265513
ZNF683,NFIA-AS2,0.03060288403036419
FOXO6,ZMYM1,0.030602643588520842
PAX7,CCDC18,0.030589555004105946
FOXO6,LRP8,0.03058254084475787
GFI1,SLC16A1-AS1,0.030579171888466747
ALX3,CRYZ,0.03057483977067774
TP73,STXBP3,0.03056291311521383
E2F2,FHAD1,0.03055601431543505
POU3F1,RAVER2,0.03055521181907811
TAL1,PDE4B,0.03054337163923542
ZNF691,GMEB1,0.030543196019513004
GFI1,PDPN,0.03052943992616737
HES4,LDLRAD2,0.030518527914310825
MTF1,SERBP1,0.030516883837281843
PAX7,OMA1,0.030515405641802388
NFIA,BMP8A,0.030509399296148824
GFI1,FNDC7,0.030474580639283516
TFAP2E,DDAH1,0.03046717086297517
GFI1,CLCA1,0.03045662470308634
MTF1,FNDC7,0.030447048284772068
TP73,RPAP2,0.030436615308013573
ID3,EPHA10,0.030405408444838345
ZNF684,FOXD2,0.03039298618568069
ZNF691,LRRC42,0.030372120887605714
E2F2,ZFP69B,0.030356360260906753
ZNF684,PARK7,0.03032688249182073
ZNF684,NDC1,0.030300014221627824
ALX3,LRRC39,0.03029883860788145
TFAP2E,GNG12-AS1,0.030290448728850675
FOXO6,LINC01708,0.030275511268137278
FOXO6,AGMAT,0.03027240845849856
ZNF683,CLIC4,0.030253421426844795
ZNF684,ISG15,0.030244870769176226
GLIS1,AK5,0.030234206730352414
ID3,NKAIN1,0.030212869230955668
POU3F1,NMNAT1,0.030209488395353173
HES4,MAD2L2,0.030184915337011644
TFAP2E,B3GALT6,0.030173406532735154
ID3,TNFRSF9,0.03016691964935067
TP73,ATP6V0B,0.03013960062859634
TFAP2E,TESK2,0.03012596797876512
TFAP2E,LINC01342,0.030117988446770327
POU3F1,BSDC1,0.030107700931625556
TAL1,SRSF10,0.030091678021907715
GMEB1,IGSF21,0.03006256038378942
GMEB1,ZBTB8B,0.030026068348532477
E2F2,NTNG1,0.030015019327096017
ID3,MIER1,0.03000994962917019
FOXO6,RUNX3,0.02999706932463681
TP73,CAMTA1,0.029970072316044354
TAL1,GBP4,0.02996414838383498
ZNF684,SLC6A9,0.02994349710708321
GFI1,TMEM51,0.02994261074945394
MTF1,TRIM63,0.02990236983699078
FOXO6,AZIN2,0.029892522432495933
TFAP2E,L1TD1,0.029888655490093802
GFI1,CNKSR1,0.02985419086645122
PAX7,RPA2,0.02984504527698789
ID3,MED18,0.02979175149865958
ZNF684,PRKCZ-AS1,0.029786309062269412
ZNF691,DDAH1,0.029776272652471462
POU3F1,PKN2,0.029746002859324758
TFAP2E,UQCRHL,0.02973207669840322
TFAP2E,TMEM51-AS1,0.029719378510777193
ZNF683,TNFRSF8,0.029712479169723756
TFAP2E,TARDBP,0.029664213976542602
ALX3,EPB41,0.029648460389416147
HES2,CAP1,0.029620294128068044
TFAP2E,TAS1R3,0.02961701763933117
PAX7,RWDD3,0.02959396612966852
HES2,LRRC8D,0.029583140943076316
PAX7,SZRD1,0.02957496009176861
GLIS1,CCDC18,0.029569678733869936
GLIS1,GPSM2,0.02956667056721356
NFIA,VWA1,0.029559487417753716
ID3,LNCTAM34A,0.029551273607439837
GFI1,LRRC42,0.02953786261241341
FOXO6,HENMT1,0.029528910376032592
ZNF691,EXOSC10,0.029527357174416936
TAL1,KDM4A,0.029507844672792213
TP73,TMEM50A,0.029475692564102787
ZNF691,FBXO44,0.02946995744541467
PAX7,ACAP3,0.029462822979285964
ZNF691,AJAP1,0.029460680184151596
HES2,TMEM222,0.02945767141942015
ZNF683,CAP1,0.02945194404546681
TAL1,CEPT1,0.029443875495195615
GLIS1,ECHDC2,0.029442562610251723
POU3F1,MIIP,0.029426830272826512
FOXJ3,CCDC163,0.029419325507696794
ZNF683,SZRD1,0.029395539374557064
POU3F1,CSF3R,0.029383804975136346
ZNF691,STK40,0.029381177302151402
FOXO6,TMEM234,0.029342840616863805
ZNF691,KDM1A,0.0293407118454214
FUBP1,MIR3659HG,0.02933288548925048
FOXD2,NDUFS5,0.02932849446430995
GLIS1,CD53,0.029310594261022754
FOXO6,LINC02811,0.02931043293452225
GLIS1,EMC1-AS1,0.02929947603059814
HES2,TCEA3,0.02927437366953653
POU3F1,ATG4C,0.029267460154649757
GFI1,PLPP3,0.029263474216657946
GFI1,ATP1A1,0.029208029693777126
PAX7,CSF1,0.029200740637128065
ID3,NUDC,0.029195792194900018
GLIS1,KIF1B,0.029149436695778776
TFAP2E,CTPS1,0.0291493206357638
PAX7,TPRG1L,0.029126250991499195
TAL1,BCAS2,0.029124000335622367
GFI1,PLA2G2C,0.029114836244576503
FOXO6,AURKAIP1,0.029111331458868288
FOXO6,ATG4C,0.029083042046692344
FOXD2,ID3,0.029076124387323442
TFAP2E,MYOM3,0.029057791759706054
ALX3,RER1,0.029036059734651152
ALX3,VPS13D,0.02902929103548245
FOXO6,SLC25A34,0.02902598359278015
POU3F1,PPT1,0.029022646423957323
NFIA,RPL22,0.02898824847652912
ZNF691,DNAJC16,0.028986216639215655
FOXD2,NFIA,0.028978337612247995
TFAP2E,DAB1-AS1,0.028976176071239833
ZNF683,LRRC39,0.028967442233709832
ZNF683,GBP4,0.02889364396717313
ZNF683,AGRN,0.028858268313132793
FOXO6,CRYBG2,0.028846772934362577
GFI1,CASP9,0.028842937146320847
TAL1,CAMK2N1,0.028837394376809274
FOXO6,SLC9A1,0.028821639274051822
GFI1,LINC01128,0.02880962375240217
ZNF691,GALE,0.02880651350142764
TP73,TNFRSF1B,0.028806062435455724
GFI1,COL16A1,0.02874928852050234
TP73,MIGA1,0.02873995719712321
HES4,PPM1J,0.028722259397446794
ALX3,VAV3,0.028717263946541
ZNF691,TNFRSF4,0.02870025092722411
TAL1,YTHDF2,0.02867900469664374
GFI1,L1TD1,0.028677368246600783
TP73,KHDRBS1,0.028667163212084863
ZNF684,SPATA1,0.028662191453503096
HES2,THRAP3,0.028646806811448385
GFI1,SLC6A9,0.028639190061822077
HES2,TCEANC2,0.02859520848161519
ZNF684,DDOST,0.028583689745104904
ALX3,EMC1-AS1,0.02858185663751
FOXO6,HP1BP3,0.028572587123560998
FOXD2,AK2,0.028555985129967047
FOXD2,PPCS,0.028549191149578122
HES2,MARCKSL1,0.028538405714872296
ZNF684,ZDHHC18,0.028516435308645765
FOXD2,C1orf52,0.028507238568105844
ZNF691,ADGRL2,0.02849772000525553
GFI1,SH3D21,0.02849706223987196
PAX7,MTF2,0.028477884513772048
TP73,CTBS,0.028442014514127974
TFAP2E,PARK7,0.028433634907737284
E2F2,FOXO6,0.028431050995737055
PAX7,UBXN11,0.02839944033740724
HES4,NKAIN1,0.02836249277902495
FOXO6,ELOVL1,0.02831880272537388
ALX3,NFYC,0.028318320138926083
TAL1,CSF3R,0.02831816094041584
HES2,SLC44A5,0.02831364665012002
ENO1,MYBPHL,0.02831171368646444
FOXO6,SYF2,0.02830438888426825
TFAP2E,NASP,0.028300497057757806
FOXD2,PRDM2,0.028288114178510203
POU3F1,IFI44L,0.02828461710415985
PRDM16,ANKRD13C,0.028283397285092347
ZNF683,ATP13A2,0.028275417222960484
E2F2,ROR1,0.028275284119863422
GMEB1,LINC01714,0.028272191129304285
ALX3,SNIP1,0.02826786533474551
ZNF691,HYI-AS1,0.028264714308438334
ALX3,TAF12,0.028262062625148066
NFYC,ARHGAP29-AS1,0.02826086802305194
TFAP2E,RPL5,0.028251925886629982
HES4,RSPO1,0.02824407330370879
GFI1,CD101,0.028238023312501838
TFAP2E,TTF2,0.028229194322894516
ID3,LINC01676,0.028227634291461204
FOXO6,AGO1,0.02822745830401526
TFAP2E,TTLL10,0.028192518520112987
TAL1,ZNF593,0.028171108699206894
POU3F1,LRRC47,0.028141522524585977
PAX7,LEPROT,0.02814117624342237
GFI1,MYOM3,0.028137749217316852
GFI1,NADK,0.028106253153339558
HES2,KIAA2013,0.028104822172471698
ID3,MPL,0.02805249041083787
PAX7,CD58,0.028052079516051803
FOXD2,OSBPL9,0.028051570954873237
FOXO6,LRIG2,0.02805148859048285
FOXO6,PLK3,0.02805102436882294
ZNF684,INTS11,0.028046223193447618
GLIS1,AHDC1,0.028041667333067927
PAX7,EMC1,0.02803967511854699
ZNF683,DLEU2L,0.028039242275953075
FOXO6,LINC01128,0.028037436926536957
GLIS1,SNIP1,0.028003534952331346
ZNF691,TMEM222,0.027981303521536497
HES2,C1QA,0.027979207339439375
HES4,LINC01748,0.02795744092472724
HES2,ZBTB17,0.02794376358422274
FOXO6,LINC01762,0.027941076023075696
GFI1,SYDE2,0.027940098681965855
TP73,AGO1,0.027936456391759457
HES2,ZMYM4-AS1,0.027932907668886526
GFI1,COL11A1,0.027920556337921953
GFI1,PHC2,0.027901803665088976
ID3,MYCL,0.027897013135664613
GMEB1,EPHA10,0.02786089905120301
PAX7,USP48,0.027858834947005716
FOXD2,THEMIS2,0.027853550844160857
FOXD2,SPEN,0.027852415654449406
ID3,LZIC,0.02783550170968687
GFI1,LINC01144,0.0278077985270463
TFAP2E,OMA1,0.027786264851414524
ZNF691,GTF2B,0.027784081583607973
PAX7,SELENON,0.027745660737273997
FOXD2,SLC44A5,0.027745542340338946
E2F2,GSTM1,0.02773522231419484
E2F2,ID3,0.02772835420017231
HES2,MAST2,0.027705191239177883
GFI1,DPYD-IT1,0.027652521176578876
HES4,C1orf185,0.02764806397468518
TAL1,LRRC40,0.027646858643730572
PAX7,UBE2J2,0.027625093937974087
GMEB1,PLEKHN1,0.027623513642394466
E2F2,BEST4,0.027618422699256608
PAX7,AKR7A2,0.02761575620522344
GFI1,MFN2,0.02758716040469568
HES4,TMCO2,0.02756061181957818
ZNF691,CSF3R,0.027557810912675628
POU3F1,LEPR,0.027553610680650785
GFI1,MFSD14A,0.027538241017481258
GLIS1,ANKRD13C,0.02752959265343141
POU3F1,SMAP2,0.027511834181795078
FOXD2,MIIP,0.027497712270476846
TFAP2E,PRDM16,0.027476391463001244
FOXD2,ANKRD13C,0.02743728475364804
ALX3,ZNF326,0.027432429726572637
TP73,ATP1A1,0.027424289330477337
FOXO6,BCAR3,0.027414647073819
FOXO6,CAMTA1,0.02740865331387141
GFI1,UROD,0.027406211572213006
FOXO6,MAST2,0.027403850044842214
GFI1,NRDC,0.02740345073991586
E2F2,DPYD,0.02740318784035748
FOXO6,NPPA,0.02740298301021004
ZNF683,HDAC1,0.02739508732823618
GFI1,EVA1B,0.027392699982740056
TFAP2E,POU3F1,0.027391027733407226
ZNF684,LRRC40,0.027381274426402053
FOXD2,TMEM222,0.027375485533211
HES2,MEGF6,0.02735224145136745
GFI1,OVGP1,0.02734807211586422
PAX7,PITHD1,0.02732324266424801
FOXO6,ITGB3BP,0.02732021654834897
ZNF684,ANGPTL3,0.027300065598059052
ID3,ANKRD65,0.027293919312231612
ALX3,ACADM,0.02729298977733494
HES2,SLC25A24,0.027283829493377425
ID3,C1orf141,0.027250544969344474
ZNF684,DNAJC8,0.027243053076139608
E2F2,GBP3,0.027239120306027848
ZNF683,POU3F1,0.02723684845260189
TFAP2E,BRDT,0.027235630075605807
TFAP2E,SDC3,0.02718867270216123
ALX3,LAMTOR5-AS1,0.02718426643191367
E2F2,BCL2L15,0.027176097805748062
ID3,DPYD-AS2,0.02717370353599133
ZNF691,NFIA,0.02716607346661445
ID3,GPR153,0.0271500987602828
ZNF684,TRMT13,0.02714713087247473
FOXO6,CD53,0.027114999462131004
TFAP2E,LINC01786,0.027107566777901708
GLIS1,RER1,0.027098513690770695
GFI1,FOXD2,0.02709208406173324
POU3F1,ST6GALNAC3,0.02707512581222374
TP73,SMAP2,0.0270668271201927
ZNF691,MFSD2A,0.027059565884121617
GFI1,GNG12,0.027058670086013165
ZNF691,TTC22,0.02705063777876781
TP73,AHCYL1,0.02703227126262183
GFI1,IFFO2,0.027026002502481286
NFIA,OLFML3,0.02699839268841754
ZNF683,DENND2D,0.026997236216114714
YBX1,PLEKHG5,0.026976605751991563
HES2,RNPC3,0.026969467334775718
ALX3,ENO1,0.02695592409178439
PAX7,SLC30A7,0.02693068935951288
GFI1,SYCP1,0.026910789417975322
HES2,TMCO4,0.02689839707335146
ZNF683,RBM15-AS1,0.0268864245309949
FOXD2,YRDC,0.026857985310243724
PAX7,RBBP4,0.026849934280912348
POU3F1,TOE1,0.026849624485843396
PAX7,CRYZ,0.0268424849155692
HES4,IPO13,0.026836632698477046
POU3F1,AMY2B,0.026830396628792694
ZNF683,PLOD1,0.026825047111998585
E2F2,LINC00115,0.026804269726944663
ID3,DRAXIN,0.026773206249968668
ZNF691,VWA5B1,0.026736826852350782
FOXO6,KDM4A-AS1,0.026727664975003455
E2F2,TACSTD2,0.02672578256620797
PAX7,AHDC1,0.026719977182600923
FOXO6,HMGCL,0.026717979157612523
GFI1,KIAA1522,0.02671304612045812
NFIA,SLC2A5,0.02670532544319911
ALX3,MRTO4,0.026704874433253967
ID3,LINC01707,0.026667093166252084
TFAP2E,DFFA,0.02666597281316593
GFI1,DISP3,0.02666289760056225
TFAP2E,EXTL2,0.02665431437403875
FOXO6,LINC01389,0.0266484752251109
ZNF684,RBBP4,0.026647879633710722
POU3F1,FNBP1L,0.02662200196180037
HES2,AGO4,0.026619326368246824
HES2,LDLRAP1,0.026603886666893877
HES2,SIKE1,0.02658777682838682
TP73,TMEM222,0.026552301629715593
HES4,CELA2A,0.026550271646428796
POU3F1,MKNK1-AS1,0.02654397068504015
TP73,TNFRSF8,0.026516216665590658
ZNF684,HES2,0.02651284688602967
ALX3,SLC2A1,0.026500971743011793
TAL1,PARS2,0.02649950031789789
TFAP2E,LNCTAM34A,0.02647412797159366
HES4,LINC01307,0.026443635674354267
TFAP2E,MOB3C,0.026435018795985313
ZNF684,FAM167B,0.026424627208975184
TFAP2E,CLCA1,0.026408710038932103
FOXO6,PRDM2,0.026387443762435063
TP73,PER3,0.02637767561822181
FOXO6,CTBS,0.026371331984871543
HES4,LINC01685,0.02636777296605649
ZNF684,SAMD13,0.026365868766403223
RUNX3,VWA1,0.02636540687593149
FOXO6,EXO5,0.026363358536743244
HES4,RHBDL2,0.026360626333280558
FOXD2,PSMB2,0.0263527533571058
PRDM16,FOXJ3,0.026312397833146317
POU3F1,LRRC8D,0.026299397531064105
GFI1,DAB1-AS1,0.026261786867117023
TFAP2E,NTNG1,0.026261245256918076
ALX3,CHI3L2,0.026259072213648513
FOXD2,RBMXL1,0.026237978858143374
GFI1,SCNN1D,0.026225562539417394
E2F2,ANGPTL3,0.02622347643496561
HES2,RPA2,0.026218617134512394
FOXO6,TMEM53,0.026158231762314337
PAX7,ZRANB2,0.02613533521930444
ZNF691,LINC02795,0.026130520457617858
ZNF684,LINC01409,0.02612663316855857
FOXO6,TAF13,0.026121913802735736
PAX7,PGM1,0.02611152843992084
HES2,TRAPPC3,0.026087560298303787
PAX7,WDR77,0.02608440792983384
ID3,UTS2,0.026079859455548696
RUNX3,COL8A2,0.026057324154115904
MTF1,VWA1,0.02602149050113479
E2F2,SSBP3-AS1,0.026021111570158184
FOXO6,NBPF1,0.026007998175346828
FOXO6,EFCAB14,0.025996287535675747
FOXO6,CCDC28B,0.02599600501830556
ZNF683,PRDX1,0.025987413808655244
TP73,TAF12,0.025955648975909323
ZNF691,ZMPSTE24,0.025949286357120585
TFAP2E,TNFRSF1B,0.025924432134116847
ZNF691,NIPAL3,0.02591581489188427
HES2,WDR77,0.02591506397737315
POU3F1,NFIA,0.025908254360445956
PAX7,FAF1,0.025890888708695117
E2F2,MKNK1-AS1,0.02588474699169547
ZNF691,TMEM167B,0.025880290864821676
ZNF683,PLPP3,0.025880201733010054
ALX3,UBE2J2,0.025863847934530736
HES4,TNFRSF4,0.025829327462084363
GFI1,AKR7A3,0.025823828861351074
ZNF684,LINC00339,0.0258097747420028
TFAP2E,SLC16A1-AS1,0.025798231557532844
HES2,SMIM12,0.025798069236084003
FOXO6,LAMTOR5,0.025787716836058877
HES2,LINC00339,0.02578706888207334
TP73,PKN2,0.025772610760110108
POU3F1,GSTM3,0.025751365758207086
PAX7,TTC4,0.025749395451641677
ZNF691,PNRC2,0.025740475287401244
E2F2,LINC01635,0.025740095301207053
ZNF683,ORC1,0.025714705754261654
GFI1,LINC01134,0.025700016696435686
TP73,PIK3CD-AS2,0.025698494827086495
ID3,FAM229A,0.02567352450115728
MTF1,CDCA8,0.025654448281034217
GFI1,CSMD2,0.02565311420382951
TFAP2E,LRRC41,0.02565211275673931
FOXD2,GPSM2,0.025641941219345363
PAX7,CLSPN,0.025576397203921512
FOXD2,NFYC,0.025548993074835498
TP73,DBT,0.025536755685040734
FOXD2,LAMTOR5-AS1,0.025534115766863236
POU3F1,FGR,0.025533257597509428
GFI1,AGO3,0.025532103453550028
E2F2,TNFRSF9,0.025528446136224365
TFAP2E,CELA2A,0.025525991219513898
FOXD2,SLC25A33,0.025520767641175175
MTF1,PIK3CD-AS1,0.025514148196531777
FOXO6,DLEU2L,0.02550387775353065
HES4,TMEM201,0.025500492590155095
PAX7,PATJ,0.02549602303078539
ZNF683,ENO1-AS1,0.025483048607428532
E2F2,LINC01712,0.02547186088646807
GFI1,PLCH2,0.025466321999901245
FOXO6,GIPC2,0.025435007394152467
GLIS1,EFCAB14,0.025398243479548267
FOXO6,CCNL2,0.0253815081035887
FUBP1,TMEM200B,0.025380507969423944
ZNF684,FAM41C,0.025373251531683752
ZNF691,LINC02801,0.025370711086758754
ID3,MROH7,0.025349773348158015
ALX3,SELENON,0.025313671235685054
FOXO6,SYDE2,0.025308607473220883
RUNX3,TNFRSF8,0.025295154309281347
POU3F1,SLC35E2B,0.025294751243652606
ID3,EPHA2,0.025277820525087105
HES2,ZFYVE9,0.025241320549763947
NFIA,ATP1A1-AS1,0.025238234274591754
POU3F1,THEMIS2,0.02523381041858444
HES4,CDC20,0.025231510506721403
FOXO6,CAP1,0.02522886005065635
FOXD2,CASZ1,0.025213972014294563
PAX7,C1orf174,0.02519928447535232
MTF1,BEND5,0.025198426687286134
TFAP2E,DCLRE1B,0.025195075452315713
ZNF683,PRMT6,0.025189882066936703
TAL1,UBXN11,0.025182476988878513
FOXO6,NSUN4,0.02517443618471258
ID3,RBBP4,0.025156674069663276
ZNF683,MMEL1,0.025149070020601086
GLIS1,NPHP4,0.02514853735415582
GLIS1,ATPAF1,0.02514464051022847
GMEB1,MIR34AHG,0.025136554193484012
TFAP2E,USP24,0.025132183065749564
ZNF691,YBX1,0.025115312152231867
GFI1,HCRTR1,0.025070636384613532
TFAP2E,CSF1,0.025047499600787424
TP73,ELOA,0.025017478443170572
HES2,SAMD11,0.02500430317248587
POU3F1,SPATA21,0.02499222834453794
TFAP2E,CAP1,0.024945042410015925
ZNF684,MACO1,0.024941589894471934
TP73,GBP1,0.02491622519873768
HES2,SLC30A7,0.024904772347751472
HES4,SYCP1,0.02487342167523617
E2F2,LINC00339,0.02484009029816736
GFI1,LRRC40,0.02483920003635456
TAL1,SH3GLB1,0.024838513244463876
GFI1,GNAT2,0.024830933976606705
TFAP2E,SZT2,0.024797328851104077
TFAP2E,PARS2,0.02477923488248004
E2F2,LINC02607,0.02475246005996043
HES4,ZRANB2-AS1,0.024747114752990584
TAL1,ATAD3C,0.024739542816594098
ID3,PLPPR4,0.024713606028073234
FOXO6,GSTM4,0.024692371069044216
NFIA,CYP4B1,0.02469033995098604
ZNF684,ATG4C,0.02468932680770644
PAX7,DBT,0.02468488212569315
TP73,FHL3,0.024681970690503496
FUBP1,PADI6,0.024671526952057415
GLIS1,SYF2,0.02465630101005398
TP73,CEP104,0.024640094166553713
FOXD2,UBE2J2,0.02462981702910692
POU3F1,DDX20,0.024607805016721915
ZNF691,LINC01762,0.02458705343885143
PAX7,ZNF644,0.02457440225418494
E2F2,SRARP,0.0245704327692492
RUNX3,LURAP1,0.024569534825499714
ZNF691,FYB2,0.024553729948999046
FOXO6,RCAN3,0.024548902034750318
FOXO6,CA6,0.02454072026985273
ZNF683,ACAP3,0.024526901819956766
ZNF684,HFM1,0.024459588966551152
TP73,FBXO42,0.02445087935768529
TFAP2E,ST7L,0.024428699907741606
TFAP2E,LINC02574,0.02440101773775903
ID3,RAD54L,0.024386540249073815
ZNF691,HIPK1,0.024385971255076598
FOXO6,USP33,0.02436815519839183
PAX7,ADORA3,0.024358444812940142
ID3,KCNQ4,0.024354790447660188
HES4,PLPPR5,0.024313654595917607
TAL1,LEPROT,0.024281993759478152
PAX7,USP33,0.02426189079757758
ID3,CFAP74,0.02425472297092213
NFIA,CAP1,0.024253660570174668
TFAP2E,ATP5PB,0.02424380457040586
TFAP2E,TSSK3,0.02418112487332433
RUNX3,LINC01714,0.024177807172129438
TAL1,EFCAB14,0.024177321535441033
GFI1,KDM4A-AS1,0.0241456657424179
HES4,LRRC40,0.024145538141959518
ALX3,PLEKHM2,0.024135856794355485
TFAP2E,MXRA8,0.024134060916070666
ZNF691,AGTRAP,0.024106138748522566
ZNF684,LINC01756,0.024041646105828856
PAX7,CLCC1,0.024029948490090616
FOXO6,GSTM1,0.0240292908811732
TFAP2E,FNBP1L,0.02402066103059625
TFAP2E,NMNAT1,0.024013005286042464
ZNF684,THRAP3,0.02401205864971078
HES2,LCK,0.023978762838321538
GLIS1,ERMAP,0.023974393518274996
POU3F1,ASB17,0.023964345156840917
HES4,FAAH,0.02395262962109819
E2F2,PRKCZ-AS1,0.02394487496916976
ZNF683,ARHGAP29,0.02393535682909775
ENO1,DPYD,0.023931387510982706
TAL1,WDR47,0.023905384015011345
TFAP2E,FNDC7,0.023872474502604345
TAL1,KIAA0319L,0.023863021801960364
YBX1,LINC02574,0.02384143541432058
ZNF691,MEGF6,0.023828192731043696
FOXO6,PSMA5,0.023803678793851684
ZNF691,ATG4C,0.023779678110855948
HES2,DR1,0.023761909384881475
FOXD2,LSM10,0.023761570708630032
TFAP2E,WLS,0.023756313773686904
HES2,PGD,0.0237553196400079
TFAP2E,MUL1,0.023753615518474058
GFI1,FNBP1L,0.02371599447564164
FOXD2,MTFR1L,0.02369593319586637
PAX7,MRPL37,0.023686836190744305
NFIA,SLC6A17,0.023676769044554093
GFI1,RBP7,0.023670727674801797
TP73,MAGOH,0.023656337180210197
E2F2,MYCL,0.023636425042809373
GFI1,AZIN2,0.023608027781791257
GFI1,PLPPR5,0.02360799388295617
FOXD2,PRPF38B,0.023594008136767895
TP73,GBP5,0.023591945740511145
TAL1,FUBP1,0.02355659777054377
ALX3,SDF4,0.0235374162539775
ZNF684,MYBPHL,0.023525990482036702
ID3,LINC01141,0.023520650879119597
HES4,HCRTR1,0.023514828301086865
ZNF691,HOOK1,0.02350667670870616
HES2,CAMTA1-DT,0.023500034175452916
ZNF683,FYB2,0.02348367439477951
TP73,ZSWIM5,0.023482929548830155
FOXO6,SH3BGRL3,0.023475930070127455
TFAP2E,IFI44,0.023475323369659556
ZNF691,SKI,0.02347474241404051
ZNF691,PLK3,0.023469838848805193
GFI1,COL8A2,0.023454394721870383
TFAP2E,AGO1,0.02344114865258485
FOXO6,CEP85,0.02343447884883013
TP73,SSX2IP,0.02341036209939991
GMEB1,NKAIN1,0.02340072148395317
E2F2,PARS2,0.023400156012460628
E2F2,ATAD3C,0.023395616737951118
GLIS1,S100PBP,0.023376867309381655
HES2,PRDM2,0.023372803164342038
ALX3,PRPF38B,0.02337022848077508
ALX3,MEAF6,0.023356130815834836
GFI1,CELA2B,0.02334628414555493
PAX7,SLC16A1-AS1,0.023337035071995704
ZNF684,LINC01676,0.023332177742083977
E2F2,KIF2C,0.023313524370242925
GFI1,PRPF38B,0.023260918801764004
POU3F1,DPYD,0.023259202454464938
TAL1,MTF1,0.023243365778662716
TP73,SLC35A3,0.02324230388920985
ID3,TPRG1L,0.023238664066514567
YBX1,LRRC38,0.023236362398504344
FOXO6,MATN1-AS1,0.023229898233443437
E2F2,HSPG2,0.02321546242405729
ALX3,RPS6KA1,0.023193166807823472
FOXO6,H6PD,0.02318783743476075
ZNF683,LINC02812,0.023176310021719868
FOXO6,SLC25A24,0.023176174952532887
TP73,SASS6,0.023149306524028246
TAL1,IFI6,0.023147970938039053
ID3,AUNIP,0.023129828573325732
POU3F1,ALG14,0.023128398904251276
ID3,DNASE2B,0.02310941582639374
NFYC,MIR3659HG,0.02310833193143318
E2F2,LINC02777,0.023104730513389272
HES2,SRM,0.023098817678706404
TFAP2E,POMGNT1,0.023089426952052138
HES2,CCNL2,0.023083195733671714
ZNF684,LIN28A,0.023073668866921446
TP73,PEF1,0.02306344168456738
TP73,MFN2,0.023061700766501245
HES4,LINC01357,0.02305308245987663
GFI1,TMIGD3,0.023032879407763787
E2F2,P3H1,0.023017594680322953
FOXO6,GBP1,0.02299154799787459
GFI1,LINC01756,0.022963617810620087
ZNF691,PDPN,0.022960464265311894
GLIS1,STX12,0.022957763768241612
TP73,GNG5,0.022953221197286405
NFIA,EIF3I,0.022948568533913485
ZNF691,CDK11B,0.02293792065449613
ZNF684,PEF1,0.022932430452894306
FOXD2,ST3GAL3,0.02293086629724711
HES2,HECTD3,0.022884213520459218
HIVEP3,SCNN1D,0.02286365092351264
TP73,CDK11A,0.02286038948828994
HES4,PRPF38A,0.022847238070435663
FOXO6,EVA1B,0.022845544777197756
ID3,PADI4,0.022840738590978456
HES2,GPN2,0.022835932141035034
GFI1,HFM1,0.02283421945127886
HES2,NFYC,0.022806997572146718
HES4,RAB42,0.022801728664813635
HES2,PRDX1,0.022796494988043866
POU3F1,SAMD11,0.022766261889601652
E2F2,GNG12-AS1,0.022746077431632858
GMEB1,CYP4B1,0.022715393157871192
PRDM16,CLSTN1,0.022702630687642313
ZNF683,CELSR2,0.022692222540757402
TAL1,PABPC4,0.02265471668644802
FOXD2,RLF,0.022642759866420503
TP73,INTS11,0.02263398265178229
E2F2,RNF207,0.02262564314033404
GFI1,ELOA-AS1,0.02262244345592539
FOXD2,UTP11,0.022614738267449752
ALX3,PDE4B,0.022608743402351274
HES4,GNG12,0.022605593984943544
ALX3,STXBP3,0.02260384047693749
FOXD2,AK5,0.022579737473691415
PAX7,USP1,0.022572363694234068
FOXO6,SLC66A1,0.022562542413322947
NFIA,C1QA,0.02255618738474953
TP73,DLEU2L,0.022535608770445373
TFAP2E,ASB17,0.022518251362785475
E2F2,LINC01786,0.022505747941592383
ZNF683,LINC01359,0.022489646572067815
GFI1,SDC3,0.022488766753771004
TFAP2E,FAM167B,0.02245460161724631
ZNF684,TSPAN1,0.022453247094658527
GFI1,AK2,0.022418803407853117
GLIS1,NSUN4,0.022401192069315984
ZNF683,CAPZA1,0.022397530174516143
POU3F1,PADI4,0.022377834922300034
NFIA,LMO4,0.02237059271876788
GFI1,KLHL17,0.02236131035763072
PAX7,GMEB1,0.02236100280104982
FOXD2,ARID1A,0.022351409724841852
FOXO6,RPS8,0.022346727040283555
TFAP2E,HSPG2,0.022320110140414268
GLIS1,SCMH1,0.022318948758689238
GFI1,STK40,0.022311411284945494
HES2,RTCA,0.02230259906145785
TFAP2E,HOOK1,0.022272629128879225
ZNF683,ZMYND12,0.02227033652672319
E2F2,SMAP2,0.022267201751163195
ZNF691,DIO1,0.022241444229424447
GFI1,RSPO1,0.022232749031660202
FOXO6,RLF,0.022230908147882613
TP73,PHACTR4,0.02222539716686934
HES2,ZNF593,0.0222073282899371
ID3,NASP,0.022196422697961914
HES2,ABCA4,0.022180578932899785
PAX7,CDC42,0.022176111831888643
FOXD2,AKNAD1,0.0221568152823482
HES2,PHACTR4,0.022128254642677495
ALX3,SERBP1,0.022126345540386356
ZNF684,SNHG3,0.02212308011100207
ZNF691,LINC01359,0.02208954354076117
HES4,S100PBP,0.022089351667403823
FOXO6,TCEANC2,0.02207006311565456
FOXO6,C1orf159,0.02206435149425966
FOXD2,CZIB,0.02205755126933482
PAX7,MTFR1L,0.022054774516470154
ZNF684,TMEM52,0.022050166724417303
ZNF683,PRKCZ-AS1,0.022046297339887878
POU3F1,SLC25A33,0.022034606958093436
FOXD2,MTOR,0.022028732373424266
GFI1,ERI3,0.022006542157217257
NFIA,ELOVL1,0.02200190255807083
FOXD2,ATG4C,0.021989811880327226
FOXD2,MTF1,0.021989299975369626
GFI1,RHBDL2,0.021979987563443472
ID3,LINC02609,0.02197787021440451
ID3,PRDX1,0.02196310729473635
TFAP2E,HES4,0.02194500653954971
ZNF691,LINC00115,0.021941259913700155
TFAP2E,FNDC5,0.02192930965003725
ZNF684,MROH7,0.02192654657348329
GFI1,TMEM234,0.021925089577696306
E2F2,EPHB2,0.0219171566274013
TFAP2E,IGSF21,0.021916352741380124
FOXD2,ZFP69,0.021914364878239702
ZNF691,MUL1,0.021861518806167445
ALX3,ZYG11B,0.021841483960615513
ZNF691,SORT1,0.021831056088312015
FOXO6,DNAJB4,0.021823857990849904
E2F2,PINK1-AS,0.021770980821403853
ID3,GPBP1L1,0.021764939492935904
ZNF684,SLC25A34,0.0217614190171265
GFI1,TENT5B,0.021745686723076012
GFI1,MRPL20-AS1,0.0217238244196039
TFAP2E,GPR3,0.021722044327424733
FOXO6,CDK11B,0.021710607966631813
HES2,GRHL3,0.021676862513959925
ZNF683,FOXO6,0.021654298999619324
TFAP2E,PRXL2B,0.021639762650726837
HES2,NGF,0.02163823078454338
E2F2,FNDC10,0.021632176521413717
ZNF684,DR1,0.02162624881267398
E2F2,GLIS1,0.02162550890970329
GFI1,KDM4A,0.021625002978917802
ZNF691,SLC16A1-AS1,0.02161016213568038
FOXD2,ZMYM4-AS1,0.021599878538079025
FOXO6,RPL5,0.021596167889115492
TAL1,MAST2,0.02159131536177808
PAX7,TRAPPC3,0.02157534727603342
E2F2,PIK3R3,0.021571859850666446
E2F2,TEX38,0.02154917955257308
ZNF691,PKN2,0.021539585018414284
TP73,RLF,0.021536061766226557
ZNF684,FNDC5,0.021521734666523493
HES4,CNN3,0.02152122748445975
ZNF691,LRRIQ3,0.021508572620112337
FOXD2,TCEA3,0.021502381876455822
ZNF684,PAFAH2,0.021493505531325265
MTF1,FOXD2-AS1,0.021489352121457632
GLIS1,BCAS2,0.02147690627806961
GLIS1,TESK2,0.02147603027129682
TAL1,CDC14A,0.021457707988280218
HES2,RCAN3AS,0.02145645666242864
ZNF691,TNFRSF8,0.02145201894940976
E2F2,NFYC-AS1,0.021431850448427176
FUBP1,NFIA-AS2,0.021428770036234127
HES2,LRRC8C-DT,0.021418205597945807
ZNF684,MRPL20-AS1,0.021391114957127637
ALX3,FGGY,0.02139059096409147
E2F2,FBLIM1,0.021372514749995783
ID3,C1QTNF12,0.02135534157544821
GFI1,FOXO6,0.02134911094857727
ZNF684,LINC02801,0.02133763065723452
FOXO6,ERMAP,0.02133000960228964
PAX7,TYW3,0.02131302663001237
PAX7,MRPL20-AS1,0.02130333879814788
FOXO6,PLCH2,0.021295733875889542
PAX7,ECE1,0.021288793752702744
TP73,MACF1,0.02125705806537304
HES4,STIL,0.021239290944127492
ZNF684,BEND5,0.021225558526531865
FOXD2,NADK,0.021220634490681334
PAX7,HNRNPR,0.02121856295617414
HES2,AP4B1-AS1,0.021201259084727125
ALX3,NRDC,0.02118399512850313
GFI1,PTP4A2,0.021166559091606356
HES4,EPHA10,0.02116291230516634
HES4,DIO1,0.02113237672553802
FOXD2,PGM1,0.021129035608615728
ZNF684,INKA2-AS1,0.02112489229798738
ZNF684,SLFNL1-AS1,0.02112237835923095
NFIA,COA7,0.021098762049411846
ZNF684,ZC3H12A,0.021095516862557565
HES4,ESPN,0.021093854279282176
ZNF691,FBXO42,0.021087921710019605
ZNF684,GRHL3,0.021062895896660095
TP73,C1orf162,0.021058341298145464
TFAP2E,LINC01772,0.02104460320777237
TP73,PGD,0.021038998510563598
TP73,RSRP1,0.02103062824684835
GLIS1,BSDC1,0.020991432507757018
ZNF684,MIR34AHG,0.020979226903035726
GFI1,LINC01562,0.02097459546453401
MTF1,PRPF38A,0.020961710176493786
FOXO6,GPR157,0.020955161690667738
ZNF691,RBP7,0.020940500570553005
MTF1,SLC45A1,0.020939649000824574
HES2,E2F2,0.0209327347008809
FOXO6,ERI3,0.02091133669678154
NFIA,VANGL1,0.020902217395786387
FOXO6,BEST4,0.02090020916575273
FOXD2,PTBP2,0.020900112786448617
HES2,PPP1R8,0.02088817359505789
FOXD2,CITED4,0.020886921458524433
ZNF684,GSTM1,0.02087647213151331
ALX3,NEXN-AS1,0.020875963238475487
TAL1,CDK11B,0.020870562009629716
PAX7,SESN2,0.020848150194063
ID3,RLF,0.020825086714925136
FOXO6,SERBP1,0.02081594154655373
FOXO6,ACOT7,0.020811939343878805
PAX7,SPATA6,0.02080431785840431
FOXD2,TNFRSF14-AS1,0.020804140587084123
GLIS1,MIER1,0.02080074927843103
ID3,LINC01772,0.020799213115202504
E2F2,ADGRL4,0.020784272717484783
TFAP2E,ZC3H12A,0.02076031531686693
HES4,LINC01708,0.020754248718113804
HES2,GMEB1,0.020753592152877656
NFIA,RCAN3AS,0.020752893783437035
HES2,SNRNP40,0.020748555310486486
TFAP2E,DISP3,0.02074749891565289
FOXD2,TTF2,0.02071579471477613
E2F2,SERINC2,0.020693528664986922
TFAP2E,GNAT2,0.020681146496768218
ENO1,ERICH3,0.020679891358999752
FOXD2,ELOVL1,0.020678436394463342
GLIS1,NECAP2,0.02067474692751544
RUNX3,TMEM240,0.02067340638008433
E2F2,LINC00466,0.020663315455681508
E2F2,MAP7D1,0.02066108095550343
ZNF683,CENPS,0.020652575316177715
ZNF684,RPL22,0.020636303228144127
FOXD2,TAF13,0.020625762201027166
FOXO6,BTF3L4,0.020597023529784212
TFAP2E,RCC2,0.020594429593697693
GLIS1,UBE2J2,0.020580461930863516
TP73,PABPC4-AS1,0.02056766748721654
POU3F1,ZBTB8OS,0.020566155296035844
ID3,ATXN7L2,0.020555926311979906
ZNF684,DAB1-AS1,0.020517761933751235
ZNF684,TAS1R1,0.02051634670536839
POU3F1,NPHP4,0.020494215331138384
FOXO6,TSPAN2,0.020485928146653728
MTF1,HPDL,0.02048228046193793
POU3F1,OSBPL9,0.02047687692358567
E2F2,DDAH1,0.020465287219295806
ID3,LINC02801,0.020454488581000043
PAX7,PLOD1,0.020446087130156575
PAX7,TNFRSF1B,0.02044122890687196
HES4,COL16A1,0.020438798419784326
ZNF691,RNF207,0.020437442547336863
TFAP2E,C1orf216,0.020411206217502517
E2F2,PRKCZ,0.02040469255298319
RUNX3,TMCO2,0.020382563543940583
E2F2,AMPD2,0.02034889522278081
TAL1,CLSTN1,0.020345158140130323
E2F2,COL24A1,0.020342331355955656
ZNF684,GNG12,0.020334369006394397
FOXD2,RPF1,0.020332781994017637
HES2,FAM76A,0.02033033592070304
ZNF691,ARHGAP29,0.020327165347175883
E2F2,TTLL10,0.020291469268343906
HES2,BTBD19,0.020287550827236857
FOXD2,AKR7A2,0.020259206469718325
FOXD2,FUCA1,0.02024841628321507
HES2,DIO1,0.020240515167622836
MTF1,KIF2C,0.02024042864748179
TP73,IFI44L,0.02023300179497756
PAX7,MUTYH,0.020221732595550268
HES2,RTCA-AS1,0.02020934023372671
PAX7,NPHP4,0.020208598113101297
GFI1,ANKRD65,0.02019812317647429
TP73,MEAF6,0.020193070476768875
ALX3,AURKAIP1,0.020191853865776856
MTF1,UBXN10,0.020190461699523085
PAX7,SMPDL3B,0.02018396757340581
ZNF684,FHL3,0.020183208604956135
ZNF684,FOXJ3,0.020174873127770172
HES2,NEGR1,0.020155186459648682
ZNF691,RIMS3,0.020145223342739955
GFI1,MICOS10,0.020137770339931915
POU3F1,GSTM1,0.020127071635599663
TFAP2E,ABCA4,0.02012557868054132
TFAP2E,GBP7,0.020118784603359512
TFAP2E,LINC01762,0.020098933049503897
ALX3,GPSM2,0.02009564803046894
GFI1,LEPROT,0.02009399137727773
TFAP2E,MICOS10,0.0200796441645928
E2F2,EPS15,0.020067954594423554
FOXO6,LINC01709,0.02005995506369798
FOXD2,NRAS,0.0200468000389401
ZNF684,PSMB2,0.02003546491608172
FOXO6,CSF1,0.02002407144401871
ALX3,YTHDF2,0.020021905688294612
FOXO6,FAF1,0.020016587295841694
ALX3,TMEM269,0.020011692206049033
GFI1,C1orf216,0.02001119889406459
FOXD2,AGL,0.0200097477235072
FOXO6,PDE4B,0.02000888850966099
GLIS1,ARID1A,0.020006543803571905
FOXO6,SELENON,0.019998413798546857
E2F2,OTUD3,0.019985892577168183
ALX3,CENPS,0.01996207147453513
HES2,AURKAIP1,0.019959962891777615
TP73,UBXN11,0.019959495362059848
HES2,LRRC8C,0.019958212314306226
HES2,PTPN22,0.019954373324426032
ZNF684,RERE-AS1,0.019947765213423462
ZNF691,CTH,0.019945876410237397
HES2,LEPR,0.01993955569297147
FOXD2,RHOC,0.019934282151435476
PAX7,GBP5,0.019933777415211087
HES2,AK2,0.01992657728270365
GFI1,INKA2-AS1,0.019911685641577533
FOXO6,PABPC4-AS1,0.01987470225074935
ID3,AKR7A2,0.019873203447834834
MTF1,EXOSC10-AS1,0.01985551666170298
FOXD2,ELOA,0.019854145289922107
PRDM16,LRRC8D,0.019826602484791338
FOXO6,NCDN,0.019805181936600857
GLIS1,DBT,0.01978525912807483
ZNF683,SH3D21,0.019782684175353192
RUNX3,VTCN1,0.01976411257245697
NFYC,C1QC,0.019757998821555166
POU3F1,CAMTA1-DT,0.0197542672784677
FUBP1,BEND5,0.019751827980077987
TFAP2E,PPM1J,0.019741910634430523
ZNF691,LINC02777,0.019738838069506805
FUBP1,ARHGAP29-AS1,0.01972095295402729
ZNF691,FHL3,0.019697807886354165
ZNF691,LINC01677,0.019686590116397035
FOXD2,OMA1,0.01968416595475649
POU3F1,COA7,0.019683592002008612
ZNF691,CAPZA1,0.019669232364063708
HES2,C1orf50,0.019657712531743594
ZNF683,GLIS1,0.019649294967856064
ZNF684,HCRTR1,0.019637039278494143
E2F2,CPLANE2,0.019632972037565238
RUNX3,EPHA2,0.019618285044071575
ALX3,GBP3,0.019600003424260805
E2F2,MFSD2A,0.019595337473268925
PAX7,THEMIS2,0.01958083301505389
GFI1,PPP1R8,0.01957349513112682
MTF1,SPSB1,0.01956791622723862
ALX3,PTPN22,0.019566206716736336
HES4,CELSR2,0.019563943339075664
TFAP2E,PPCS,0.01956311464091115
MTF1,STMN1,0.019560297319115627
GLIS1,PHTF1,0.019556801101507124
PAX7,TNFRSF9,0.01954399500724851
FOXO6,RABGGTB,0.019539537277602194
ZNF684,CCDC27,0.01952177487892244
GLIS1,UTP11,0.01951176887357508
POU3F1,ASAP3,0.019485526409069
PAX7,MIER1,0.01948020776435107
FOXO6,FAAH,0.019478510966441664
ID3,LINC01364,0.019478381650739042
ZNF684,LNCTAM34A,0.01947067271076626
GFI1,LAPTM5,0.019470415173639892
TP73,LRRC8C-DT,0.019467371068012287
TFAP2E,OLFM3,0.019456969038319234
E2F2,LINC01342,0.019442913361461648
ID3,CAPZA1,0.019437781201431713
FOXD2,JAK1,0.01942108422504398
ZNF691,COL16A1,0.019420679195280986
TP73,IFI44,0.019416265383430196
MTF1,CDKN2C,0.019392311619935272
GFI1,KCNA2,0.01938176137019621
GMEB1,VTCN1,0.01936991384069035
HES2,ATP1A1-AS1,0.019363786006752527
PAX7,PPT1,0.019359136399097945
ZNF683,TMEM201,0.01932659175319753
E2F2,WNT2B,0.019314591679449225
FOXO6,VWA5B1,0.019285837253101113
ZNF691,MROH7,0.019285118539506825
FOXO6,SF3A3,0.019250477219128904
GFI1,NOL9,0.019239766681574882
ZNF691,HS2ST1,0.01923206702644994
HES2,PRKCZ,0.019204940380175353
TFAP2E,EVA1B,0.019203952953166493
GLIS1,TMEM35B,0.01919469317053656
POU3F1,WLS,0.01918332642657097
ZNF691,PDE4B,0.019180427903877462
ID3,HYI-AS1,0.01916056037935876
ID3,GPATCH3,0.01915473295814471
NFIA,SF3A3,0.01915077009092067
ZNF684,TMIGD3,0.019132248120337616
E2F2,MTHFR,0.01913098449702917
HES4,FNDC7,0.019130413103431082
GFI1,YBX1,0.019123340112838998
ZNF691,FAAP20,0.019121137015865344
GLIS1,PUM1,0.019105341591881854
ZNF683,STMN1,0.019097584130920626
PAX7,GSTM4,0.019088823243870637
FOXD2,GMEB1,0.019082713023615295
ZNF683,COL24A1,0.019069856353339472
FOXO6,MOB3C,0.01906826278508083
ALX3,SSU72,0.019067572581320545
NFIA,SH3BGRL3,0.019064684224620043
ZNF691,SRSF4,0.01906439804138838
PAX7,MICOS10,0.019063195737864115
ZNF684,PEX10,0.019061880398542175
FOXO6,LINC00339,0.019061809426312238
ID3,PARS2,0.019043625901727243
TFAP2E,GNG12,0.019012537158169765
PAX7,AKIRIN1,0.01900533548705942
HES2,GSTM3,0.018994419008849604
E2F2,ERRFI1,0.018993174625812556
ID3,EPHX4,0.01898934897775913
ZNF684,C1orf167,0.018982244144149365
E2F2,MYOM3,0.018972769339256085
FOXD2,TRIM33,0.018971284283545276
ZNF691,IL23R,0.01895875126051573
ZNF683,BRDT,0.018946758182401244
ZNF683,PDPN,0.018940147427712037
ZNF684,LINC01708,0.01893858207392914
POU3F1,SLC16A4,0.018897868809365923
ALX3,INKA2,0.018892248289314656
ZNF691,FBXO2,0.018853790906113884
E2F2,LRRIQ3,0.018851054331931804
ZNF691,TNFRSF1B,0.01885104726408057
ALX3,DNTTIP2,0.018843181052799713
E2F2,MATN1,0.018835042985496618
HES4,LINC02810,0.01879206610816013
FOXD2,LRRC8C-DT,0.018786629916968
HES2,CTNNBIP1,0.018768835761565284
ID3,PLPP3,0.018768825899508994
PAX7,AGO4,0.01876708228191487
ZNF684,PIK3CD-AS1,0.018751529906564007
ID3,MMP23B,0.01870686273057765
TAL1,CEP104,0.01869127302141246
FOXO6,NASP,0.018688463908245672
FOXO6,SLC2A1,0.018688328608801142
GLIS1,PRKCZ,0.018687307291858687
POU3F1,CACHD1,0.018680588199784753
FOXO6,SPEN,0.01868012404921709
PAX7,INTS11,0.018670519554767742
TP73,GBP2,0.01862690108749932
PAX7,LRRC47,0.018595623870234355
TFAP2E,TNFRSF9,0.01856952422037894
HES2,EIF4G3,0.018567794048717876
HES4,VANGL1,0.01856024374263434
ZNF683,LMO4,0.018558057281501204
TP73,LRIG2,0.018549156941963987
TFAP2E,LINC01226,0.018538402444929318
FOXD2,IFI44,0.018530152498214953
E2F2,TFAP2E,0.018525147308194975
FOXO6,CYB5RL,0.018524801171889416
TFAP2E,INKA2-AS1,0.01852438399196345
TFAP2E,YBX1,0.018513039357438983
FOXD2,PUM1,0.018512898600654526
HES2,LINC01359,0.018512871796356547
FOXO6,ICMT,0.018509427419404548
ZNF684,DNASE2B,0.01850417094448359
E2F2,CSMD2-AS1,0.018480093633478273
FOXO6,TGFBR3,0.018468895177290008
PRDM16,ATP1A1,0.018442990519435418
FOXO6,UQCRH,0.018441016690127154
PAX7,ISG15,0.01844050864734429
FOXO6,LRIF1,0.01843884390016483
ZNF691,PEF1,0.01842774004674124
GLIS1,CD58,0.018417588450793585
HES4,TAS1R3,0.01836757670728463
ZNF683,ANGPTL3,0.018364687726894362
ID3,COL11A1,0.018345242718095806
HES4,MIR4422HG,0.018345072262011014
FOXO6,GMEB1,0.018333783517678514
E2F2,CLCA1,0.018332213598318
ALX3,SLC16A1-AS1,0.018330345177409814
FOXD2,TTC4,0.018314337344019882
TAL1,AGTRAP,0.018303677800681827
POU3F1,EVA1B,0.018286921231319322
ID3,LINC01788,0.01828508326170609
TP73,EIF2B3,0.018283825078200526
TAL1,MAN1C1,0.018274731949638974
FOXO6,PUSL1,0.018250783177050405
ZNF691,NPPA,0.018239490087151852
E2F2,ZNF684,0.018230071195124698
E2F2,L1TD1,0.018230014877479023
ZNF683,KDF1,0.018198864489225076
ZNF691,GLIS1,0.018187443364411863
GFI1,CDC20,0.01818628480789384
ZNF683,PTPRF,0.018180361650280863
FOXO6,SRSF11,0.01817028539564077
POU3F1,CDA,0.01816526793515747
ID3,WNT4,0.018149499145004407
E2F2,GFI1,0.01814757582888005
TFAP2E,FOXO6,0.01812587527916409
PAX7,LRRC8C,0.018106200959695493
PAX7,ZYG11B,0.018087932172351637
GLIS1,RAP1A,0.018069268821713478
E2F2,CNKSR1,0.01806795480936608
FOXD2,GNL2,0.018036906389134688
PAX7,PTPN22,0.018029163329116728
YBX1,ZMYND12,0.01802686322761711
PAX7,RPS6KA1,0.018021457359993963
POU3F1,EVI5,0.018005623303755984
ALX3,EYA3,0.017973919777693775
FOXO6,ZNF684,0.017971662132395337
HES2,IFFO2,0.017965603664615158
TFAP2E,LAMTOR5-AS1,0.017963531607398293
FOXO6,ACAP3,0.01794107203169448
MTF1,TP73,0.017939307347345654
FOXO6,DPH5,0.017931250982908226
TP73,TTF2,0.017922817669839643
POU3F1,PGD,0.017914540410015372
HES4,PADI6,0.017904302484986714
ZNF684,CD52,0.017895731084296557
ZNF691,AGBL4,0.017891086217219465
TAL1,DNAJC16,0.017879865222497182
ZNF691,GNG5,0.0178750573454274
ZNF691,TMEM201,0.01787237654174782
GFI1,PPT1,0.017870186794786042
PAX7,IFNLR1,0.017869990819070532
TAL1,INPP5B,0.01783910827077191
HES2,LAMTOR5-AS1,0.017787258553442584
ALX3,TTC4,0.017781902696556336
ID3,GBP7,0.017781354353070763
HES2,RAP1A,0.017764714316820022
GLIS1,KPNA6,0.017762249495167474
TFAP2E,LINC02607,0.0177617746683713
MTF1,LURAP1,0.017758893348852306
HES4,KIF17,0.01775514778288382
ID3,DHCR24,0.017750856048357418
HES2,LEPROT,0.01774555329083709
GFI1,KIF1B,0.017739331513899538
ZNF683,EIF2B3,0.017737293528480417
FOXO6,HIPK1-AS1,0.017734643742065345
GFI1,ASAP3,0.017730956730706016
HES2,LINC01409,0.017728340591114795
ZNF691,BCL10,0.017726636576850887
PAX7,SNRNP40,0.01772544331151493
GLIS1,CYB561D1,0.01772273503288998
ZNF683,CYP2J2,0.01772103797160478
ZNF683,LINC01356,0.017706326575746945
POU3F1,KAZN,0.01769664877321804
FOXO6,SDF4,0.01769475870240362
ALX3,DAB1,0.017678726905845845
HES2,KCNA3,0.017678460227639116
TFAP2E,TRIM45,0.017667168346711924
HES2,GSTM2,0.01765485576347871
ZNF691,CDC20,0.017634376893866408
ALX3,SZT2,0.017633528072594117
TFAP2E,MIR4422HG,0.01762979010195197
E2F2,LINC01677,0.017623823925072633
FOXO6,SCP2,0.017621356103500428
TP73,STX12,0.01762086942567411
ALX3,PSMB2,0.01761538953148687
ZNF684,EFHD2,0.01760442121017569
PAX7,INKA2,0.017592175404530314
ZNF691,CD101,0.017582572321616283
PAX7,TSPAN1,0.01758169503433905
NFIA,ST6GALNAC5,0.0175792737424078
FOXO6,VAV3,0.017576381410526542
GFI1,RSRP1,0.017575051561293666
NFIA,CDC14A,0.017558858908313445
PAX7,MIR4422HG,0.017549354181653386
FOXO6,SSX2IP,0.017540805423290385
FOXD2,DR1,0.017528285354859396
ZNF683,ERMAP,0.017523326134317122
HIVEP3,NGF,0.01752316409237933
FOXD2,SNIP1,0.01752225675731571
ZNF683,SSBP3-AS1,0.01751057252541244
ALX3,LRRC8C-DT,0.017486751147682954
ZNF683,SRM,0.017485979026719844
FOXO6,LINC01772,0.017411073558621672
ZNF683,LRRIQ3,0.01741010049171083
PAX7,MAST2,0.017393101192390834
YBX1,EPHA10,0.017387121245135546
NFYC,MYBPHL,0.01736880129979892
TFAP2E,VAMP3,0.017367982989911154
GFI1,NMNAT1,0.017365213082089125
ID3,TMEM201,0.017357858885835672
HES2,RCC1,0.01732830149903467
MTF1,FBXO2,0.01730940769323467
FOXO6,TMEM269,0.017307904970177857
FOXD2,PER3,0.01729741438921545
ZNF683,RIMS3,0.017288486015985486
ZNF683,CCDC24,0.017266539610928246
ZNF683,MSH4,0.01726265473498182
HES2,ADGRL4,0.017247675438709215
FOXO6,AKR7A2,0.01723531247527465
TFAP2E,WNT2B,0.017234438141552344
PAX7,RNPC3,0.01722039412197748
FOXO6,EMC1,0.017213116251453883
ALX3,TNFRSF4,0.017200095250023043
HES4,ASB17,0.017192651716414632
ZNF691,CD58,0.0171851454474081
HES2,GIPC2,0.017181567277085787
ZNF691,TMED5,0.01717813651063082
TFAP2E,SPSB1,0.01716892543910391
GLIS1,MFSD14A,0.01714864213475799
GFI1,ARMH1,0.017133735611475152
POU3F1,TEX38,0.017124184630144146
TFAP2E,CLCC1,0.01711751994687227
FOXO6,RBM15-AS1,0.017101932829832286
E2F2,MMP23B,0.017100708604004592
PAX7,LZIC,0.0170958647411073
TFAP2E,LINC02606,0.01708987089015185
POU3F1,ERMAP,0.01707079781698942
ZNF684,HECTD3,0.01705039268569701
FOXO6,SORT1,0.017049046674704683
POU3F1,NBPF1,0.01704542037225138
ZNF691,MAP3K6,0.01703514222297167
ZNF691,TTC34,0.017030071115848405
E2F2,DENND2C,0.01702904740261938
POU3F1,AGTRAP,0.01702764490298975
PRDM16,PTPN22,0.01700899461715308
FOXO6,EBNA1BP2,0.017007559453162534
FOXD2,FBXO6,0.017004613792815516
FOXD2,HMGCL,0.016996723752038242
POU3F1,CELA3B,0.016991621729715488
PAX7,IFFO2,0.016975476048037026
ZNF683,ACOT11,0.01696313057649267
TP73,SNRNP40,0.016959385503857016
PRDM16,LRRC8B,0.016957128942632203
FOXO6,TMEM69,0.016954176207458847
TAL1,CAPZB,0.016934827902486703
ALX3,MMACHC,0.016930154544268557
ZNF684,AHCYL1,0.01692942807901617
HES2,ARMH1,0.016920292843763708
YBX1,MANEAL,0.016919063308393448
ID3,LINC01768,0.016909488838680597
HES2,C1orf159,0.016905982238001046
E2F2,TNFRSF18,0.016895382959253295
E2F2,GNAT2,0.016892177259637754
TFAP2E,CNKSR1,0.01688014006042023
ZNF691,NTNG1,0.01685597725750844
ZNF683,FRRS1,0.016853031225361872
HES2,CD53,0.016852243521859503
POU3F1,TTLL7,0.016839748188166748
E2F2,CELA2A,0.016823963197279683
POU3F1,GPR157,0.016819110533178513
TFAP2E,ASAP3,0.016813178103140355
GFI1,ATP6V0B,0.0168002450561252
FOXO6,SRM,0.016799032969655018
FOXO6,ANGPTL7,0.01679542922019528
GFI1,ENO1,0.01678880163127789
TFAP2E,TAS1R1,0.01677754448322705
PAX7,TMEM52,0.01677625740898181
FOXD2,ZFYVE9,0.016775097606213433
ID3,NDUFS5,0.016765712855579318
FOXD2,CASP9,0.016764709077534943
GFI1,SELENOF,0.01676091690292738
HES2,LINC02785,0.01675091500419288
TAL1,MYSM1,0.01675045134648022
HES2,NOC2L,0.016749339423150014
E2F2,CAMK2N1,0.016743808871935734
ZNF683,LINC01762,0.016743726539014573
ZNF684,ENO1,0.016724169870198473
TFAP2E,TSPAN1,0.016723622157948686
HES2,TXLNA,0.01671135262407525
ZNF684,C1orf146,0.016708867819883996
ZNF691,MYSM1,0.016704170772922376
POU3F1,SLC35A3,0.016698059958780383
TAL1,GNB1,0.016693420418947814
TP73,TRIT1,0.016687598785697588
ZNF691,SLC35D1,0.016686730444650306
FUBP1,PLA2G2F,0.01667869245171765
HES4,IGSF3,0.016672013134638793
ZNF691,LINC00466,0.016666908995899447
GLIS1,PTBP2,0.01666479084235378
GMEB1,TMEM200B,0.016655778611778683
FOXO6,SLFNL1-AS1,0.016652962431943173
ZNF683,KIAA1522,0.016639433200972935
ID3,ZBTB48,0.016632187849611797
POU3F1,NEGR1,0.016621762539428278
ZNF683,BCL2L15,0.016605647304087583
ALX3,CD52,0.016602270732804195
FOXO6,TRNAU1AP,0.016578133480956967
ZNF691,CYB5RL,0.016576135390489827
GFI1,ADORA3,0.016571453307053303
E2F2,PUM1,0.016527957436125514
FOXD2,KPNA6,0.01652650813144838
MTF1,PTPRF,0.016524515446506648
ZNF684,RPL11,0.016521707516602074
ZNF691,PLA2G2D,0.01651323197298666
GLIS1,CAMTA1,0.016511487327036573
FOXD2,UROD,0.016492409441396707
HES2,CLCN6,0.016487894222142262
TFAP2E,CLCA4,0.016478079498936555
TFAP2E,SAMD13,0.016460277409027564
GFI1,HS2ST1,0.016445666984470787
ALX3,SYNC,0.01643321415401828
GFI1,LINC02780,0.016432355974697027
HES2,ZNF436,0.016422799834493344
FOXO6,CYP2J2,0.01639988583244634
HES2,IFI6,0.016375293473023134
ZNF683,TTC39A-AS1,0.016369582414549066
TP73,NEXN,0.01636318005255244
NFYC,CNN3,0.01635442253390585
NFYC,C1QB,0.01635017719612012
POU3F1,ZC3H12A,0.016347088048890554
GFI1,FRRS1,0.016344687663332812
HES4,B4GALT2,0.01633943256318145
TFAP2E,SCNN1D,0.016323201212655004
TAL1,LCK,0.01630753968469677
GMEB1,EXOSC10-AS1,0.016298002674967133
TP73,SNIP1,0.016273042079463135
E2F2,UQCRHL,0.01625758834710669
RUNX3,PLA2G2F,0.016247356418001145
GFI1,LINC01672,0.016245976842719292
HES2,OMA1,0.016242521233841213
ZNF683,ADGRL4,0.01620284887484849
FOXO6,RHCE,0.01619644341044813
FOXO6,TTC39A,0.01619141832824818
TFAP2E,LINC01708,0.016188271773855664
NFIA,PRPF38A,0.016182809791563425
FOXD2,DAB1,0.016172267562543044
FOXO6,MORN1,0.01615907406406523
ZNF691,ANGPTL3,0.016149030183440008
GLIS1,PATJ,0.01614354517863734
FOXO6,MIIP,0.016097147485025012
ZNF691,DHCR24,0.01607816798149545
PAX7,LINC01676,0.01605947524556075
FOXD2,CLCN6,0.016056654673719747
HES4,ZYG11A,0.016031299365027066
ZNF684,NRDC,0.01603062304443483
ZNF683,LINC01342,0.0160027216020798
FOXO6,GNG5,0.016002590523019593
ZNF684,PLPPR5,0.015987819647694034
ZNF684,GPR3,0.01598115459264869
GFI1,ATXN7L2,0.01597366251659463
HES2,ST6GALNAC3,0.01597013871700169
PAX7,SDHB,0.015969122494104235
NFIA,ZNF436-AS1,0.015963332512131456
ALX3,TRAPPC3,0.015962916608835746
FOXO6,TM2D1,0.015955325817768946
E2F2,TSSK3,0.01594723526061291
MTF1,LDLRAD2,0.01593012397994584
ID3,SLC6A17,0.01592926353862132
E2F2,PADI2,0.015916827583114735
TP73,MKNK1,0.015901584607391318
MTF1,B4GALT2,0.015888412266729147
TP73,LRRC8C,0.01587688961487596
FOXO6,RPS6KA1,0.015875927006529247
ALX3,B3GALT6,0.015874680783034074
GLIS1,MIGA1,0.015874101629067355
ZNF683,ATP1A1-AS1,0.015872128418001792
RUNX3,ROR1,0.015850548030675517
PAX7,CPT2,0.015842559352954217
GFI1,BMP8B,0.01583241200996311
ZNF683,OSCP1,0.015830787749934187
GFI1,CELA3B,0.0158113952993292
ALX3,MIGA1,0.015803660903703592
HES2,AGO3,0.01579395040839463
ZNF691,E2F2,0.015775494370756024
PAX7,ACOT7,0.01577030212026215
GFI1,C1orf146,0.015763389582596318
TP73,FBXO44,0.015760418901047978
TP73,ELOA-AS1,0.01574581064627032
E2F2,BMP8A,0.01573749935355291
ID3,TAS1R3,0.015720131256628342
TFAP2E,CELA2B,0.015683598764638165
ZNF691,LINC01685,0.015674245994902667
ZNF691,VAV3-AS1,0.01566732323780239
HES4,CSF3R,0.01566283202632187
TAL1,TNFRSF14,0.015651109251298513
ZNF691,SRRM1,0.015641400855312213
E2F2,PHTF1,0.01563075451687507
TP73,TYW3,0.01562982551833001
E2F2,TEX46,0.01562982418506331
POU3F1,RPA2,0.015607180196383528
TP73,CLCC1,0.015604432302442791
TP73,SLC25A33,0.015598936912434027
GFI1,SZRD1,0.015575708804081715
PAX7,MRTO4,0.015560534266140588
HES4,LINC01672,0.015545929220300717
GFI1,SLC35E2A,0.01554215678381822
GFI1,LINC01141,0.015538657938986549
HES4,DAB1-AS1,0.015532497635059364
TP73,VAMP3,0.015531849768356061
TAL1,LRRC8D,0.015528468072837262
FOXD2,EMC1,0.015525897442425092
POU3F1,LRIF1,0.015524667643654446
PAX7,BCL10,0.015517635938307676
HES4,HPDL,0.015502594447313856
E2F2,AGL,0.015499855286854786
FOXD2,MIB2,0.015497827895829108
MTF1,DENND2C,0.015493429451030036
FOXD2,NIPAL3,0.015479190980249202
TP73,KDM1A,0.015472954001345149
FOXO6,FAAP20,0.015451755026841985
POU3F1,GTF2B,0.01542997176799395
HES2,SLC9A1,0.015414799370967729
ZNF691,CEPT1,0.015413315449971427
ZNF684,PRDX1,0.0153872987840681
ZNF684,LINC01768,0.015385543671307489
ALX3,ODF2L,0.01538536222688546
GFI1,LINC01725,0.015349508459377159
FOXO6,SPATA6,0.015339582469342953
ALX3,LRRC8C,0.015338169314161711
MTF1,SNHG3,0.015331570194468644
ID3,INTS11,0.01531953883917528
TP73,AGL,0.015314561193644011
FOXO6,PITHD1,0.01529717293582317
GFI1,CCDC17,0.015280238035371919
FOXO6,MTOR-AS1,0.015262763069394888
GMEB1,GPR153,0.015248806165053988
TFAP2E,CCDC17,0.015225869072455005
GLIS1,AK2,0.015223651661557262
HES2,DFFB,0.01522310966552163
HES2,ALG6,0.015209632962696574
ALX3,MEGF6,0.015203275415846571
TAL1,DPYD-AS1,0.015194691951958045
POU3F1,NADK,0.015194511937022023
FOXO6,TTC34,0.01518534445041406
HES2,FGGY,0.015169139612416241
E2F2,CASQ2,0.015168873542228513
TFAP2E,C1orf146,0.015158297788946484
FOXO6,FAM76A,0.015135147427765122
E2F2,BRDT,0.015116566964608783
GMEB1,SYT6,0.01511364312773802
TFAP2E,GBP1,0.015111039407526417
POU3F1,CCDC28B,0.015086606923230559
FOXD2,IFNLR1,0.015076654573761656
GLIS1,TCEANC2,0.01506494956609865
GLIS1,CROCC,0.015056911995350307
HES2,DPH5,0.015055868141216955
GFI1,LIN28A,0.015054647321923395
GFI1,AURKAIP1,0.015050172285789663
TAL1,DRAM2,0.015031117505377752
GFI1,BCAR3,0.015019080922342368
FOXD2,ISG15,0.015016610537753777
GLIS1,CLSTN1,0.015014766639722031
MTF1,SH3D21,0.014986423440795753
NFYC,EPHA2,0.01498612559388212
ZNF691,LINC01307,0.01498504043950532
TFAP2E,PLPPR5,0.01497216837136674
TFAP2E,TNNI3K,0.014966007149517919
NFIA,TMEM59,0.014954288483385925
ZNF691,SF3A3,0.014950490353824512
TP73,MIIP,0.01494440939589822
HES2,TTC34,0.014935334880557087
ID3,FBXO2,0.01493417231643285
TAL1,TUT4,0.014924820811405469
ZNF691,RSPO1,0.014923763436054898
TAL1,GTF2B,0.014917225033003783
FOXD2,SFPQ,0.014912014256959392
GFI1,TRIM62,0.014906371518784621
PAX7,GNB1,0.014892467603497108
TP73,SVBP,0.014888916202953406
ALX3,KCNA3,0.014887058158324393
PAX7,RNF11,0.014885194704361343
ZNF691,PSRC1,0.014882911376162305
FOXD2,ERMAP,0.014870355736800995
ZNF691,PTP4A2,0.014858010814235512
NFYC,UBE2U,0.01485240692338058
RUNX3,EXOSC10-AS1,0.014848800815368844
ZNF691,C1orf162,0.014839807541377205
GLIS1,DENND2D,0.014838733387762164
GLIS1,MRTO4,0.0148316488616121
PAX7,HOOK1,0.014824619720578414
TFAP2E,PRKAA2,0.014803401628099488
HES2,CCDC18,0.014797454950074927
FOXD2,PAFAH2,0.01478280818829766
ZNF684,KAZN,0.014757367607172497
MTF1,TIE1,0.014756629898033861
ID3,KCND3,0.014750961819879584
NFIA,PIK3CD-AS1,0.014750777412526792
GLIS1,CCNL2,0.014730239413932866
ID3,KIF17,0.014728602823542953
ALX3,YBX1,0.01472277769117341
GLIS1,NIPAL3,0.014721973016574479
POU3F1,LINC01359,0.014718952425356719
TP73,DOCK7,0.01471599190705038
TFAP2E,BSND,0.014712526344925207
PAX7,CTPS1,0.014694363611370713
FOXO6,GPR3,0.01467901071907421
ZNF684,RHD,0.014675091883942722
GLIS1,KIAA0319L,0.014667319578081948
HES2,AHDC1,0.014659200587600283
HES4,NGF-AS1,0.014642305411533744
ID3,RIMS3,0.014637262007468942
ZNF684,KANK4,0.014636173761258033
ID3,SLC44A3,0.014632613710426842
POU3F1,POMGNT1,0.014629720592519276
GFI1,LINC01358,0.01462185002233377
GLIS1,PHC2,0.014618868116672769
POU3F1,ZRANB2-AS1,0.01461664398118093
TAL1,ECHDC2,0.014606881758250095
GFI1,PAFAH2,0.014605228308931512
GFI1,FHL3,0.014597955772673437
ALX3,GBP4,0.014596356991732184
YBX1,ARHGAP29-AS1,0.01458258959506028
ALX3,TNFRSF25,0.014579812783589155
E2F2,LINC01708,0.014578362188730015
TAL1,SZRD1,0.01457063610910828
GFI1,SPSB1,0.014564568609458333
ZNF684,PPM1J,0.01455856011523872
FOXO6,ACOT11,0.014557462527671271
HES2,THAP3,0.01455695476487409
FOXO6,IPO13,0.014546592676427014
PAX7,CSDE1,0.014543664815049791
FOXD2,DPYD-AS1,0.014531629748881046
ZNF691,SSBP3-AS1,0.014511647887389373
FOXO6,RNF207,0.0145084189458982
MTF1,IL12RB2,0.014503732491843205
FOXD2,DHDDS,0.01450075994716718
FOXO6,PAQR7,0.014497359431577256
POU3F1,CNR2,0.014493358336869003
TFAP2E,B4GALT2,0.014483131791527883
ZNF683,MAD2L2,0.014476859490910956
GFI1,ESPN,0.014474850518061248
HES2,TRIM62,0.014445930355002181
PAX7,SLC25A33,0.014417421070455391
E2F2,AKR7A3,0.014415716980034394
TFAP2E,PAQR7,0.014412064220078338
TFAP2E,LINC01562,0.01441059691848151
PAX7,ATP1A1-AS1,0.014403134904301867
FOXD2,LINC01362,0.014396576632969473
PAX7,TRNAU1AP,0.01439536807794828
HES2,RBM15,0.014393713860302757
FOXD2,LINC01135,0.014372438487228514
FOXD2,EIF3I,0.01437191421770894
FOXD2,LRRC8B,0.014370825446282834
ID3,PSRC1,0.014364951550658957
TAL1,TMEM51,0.014353085911359916
GLIS1,SDF4,0.014331179941904379
PAX7,SYTL1,0.014325772807199167
GFI1,GPBP1L1,0.014311937891556839
TP73,PATJ,0.014308201759857893
ZNF683,ANGPTL7,0.014307335832472044
E2F2,SLC6A9,0.014303590186272442
ZNF684,LINC02810,0.01430200441400814
TAL1,BCL10,0.014298496027315963
GFI1,TTLL7,0.01429409401580849
ALX3,GNB1,0.014292871636677881
TP73,HES4,0.014291120642116057
FOXD2,MEGF6,0.014290627773765559
HES4,LINC01562,0.014283505655195103
GLIS1,STK40,0.01428272691174338
TP73,FOXO6,0.01428000384153907
ZNF691,AMIGO1,0.014272393714727907
POU3F1,LINC01362,0.01427141075231417
TFAP2E,PINK1-AS,0.014267556734569477
ZNF683,PINK1-AS,0.014267226223935035
NFYC,SFN,0.014246983090742987
GLIS1,AGTRAP,0.014241871637550564
PRDM16,CD2,0.014219493597320528
GFI1,ZBTB8A,0.014209223636308343
FOXD2,ST6GALNAC3,0.014191862436094176
HES2,TOE1,0.014191683119963225
FOXD2,GPBP1L1,0.014153337656624094
ID3,KLHL17,0.014148591706016855
GFI1,BSND,0.014118403871897195
TP73,EYA3,0.014112605396831375
E2F2,DPYD-IT1,0.014102153785881906
FOXO6,BCL2L15,0.01410123598457619
TFAP2E,LINC01676,0.014093311561158759
ALX3,TPRG1L,0.014093231225337484
ZNF691,CELA3B,0.014076957882278964
FOXO6,ARHGAP29,0.014076526380064099
ZNF684,SCNN1D,0.014054712032054975
ZNF684,AGBL4,0.014052510264084649
ZNF691,DLGAP3,0.014038560979732781
TAL1,USP1,0.014031016807440212
PRDM16,STXBP3,0.014029501610485705
TAL1,GBP5,0.014025109031009711
HIVEP3,CYP4B1,0.014021183536211932
GFI1,EPHB2,0.01400868282968808
FOXD2,AP4B1,0.013995708262411942
ZNF691,CCDC24,0.01399369083220393
GFI1,PIK3CD-AS1,0.013986202326428662
FOXD2,LINC01725,0.013982778831116238
TAL1,SNRNP40,0.013971220121496573
PAX7,TUT4,0.013957415669106611
NFIA,TMEM52,0.013939052974573813
HES2,LINC01362,0.013932498824670183
POU3F1,CLSTN1,0.013930137151770997
ZNF691,GNG12-AS1,0.013922274545222593
ZNF691,ATXN7L2,0.01391105842201976
ALX3,MDS2,0.013902315665228959
GMEB1,SRM,0.013895445788513736
PAX7,WDTC1,0.01388958399338182
POU3F1,SLC22A15,0.013882132537849257
HES2,LRRC41,0.013871324911267377
ZNF684,CELSR2,0.013867741411112421
NFIA,CELA3A,0.013866858364029087
ZNF691,TTLL7,0.013859741073342377
FOXO6,LINC00115,0.0138592434919337
ZNF691,FNDC10,0.013856062619590458
GFI1,HTR6,0.013844208892965339
ID3,SLC30A2,0.013843903521500214
FOXO6,ZCCHC17,0.013843089960126346
POU3F1,TMEM234,0.01382644067683669
ZNF684,CDC20,0.013805634961064399
ZNF684,C1orf141,0.01379713321747101
FOXO6,AK5,0.013792334241415733
GFI1,GADD45A,0.01379143894058099
ZNF683,CDC42,0.013784205873623107
ZNF691,ZFP69B,0.013777351922108326
FOXO6,PRXL2B,0.013767982633632814
FOXD2,LRRC7,0.01373652336775385
ZNF683,BEST4,0.013735954129654188
FOXD2,TMEM167B,0.013723398927172175
HES2,PTAFR,0.013721395042399009
FOXD2,DDX20,0.013721168709197087
ZNF691,CCDC163,0.013718800383862069
ZNF691,ADGRB2,0.013705263216935675
MTF1,PITHD1,0.013698077783311186
FOXD2,SRSF10,0.013695020093962385
E2F2,FOXD2,0.013673112309475497
TAL1,PATJ,0.013661876932506829
POU3F1,ATP1A1,0.013661128116444581
GMEB1,A3GALT2,0.013657880991090223
PAX7,PRDM2,0.013647461254727182
TFAP2E,AKR1A1,0.01364375524458163
ZNF691,MIER1,0.013642870710784077
ID3,LINC01160,0.013641946759803755
TFAP2E,CDC20,0.013641023548825473
TP73,SH3BGRL3,0.013633109738145353
PAX7,CLCN6,0.013630973776592907
HES2,PPCS,0.013625082965155163
GFI1,GRHL3,0.013610021190920375
HES2,EPS15,0.013608107860317801
GLIS1,KCNAB2,0.01358392239725848
E2F2,TNNI3K,0.013581661785034855
ZNF683,LINC02607,0.013579984954252694
ZNF684,GFI1,0.013578758628058279
TFAP2E,LINC02812,0.01356665695025539
ID3,TRNP1,0.013553668606417565
ID3,UBE2U,0.013542460406038433
TAL1,AK2,0.01353368431748178
HES2,MTF2,0.013526404942302454
TP73,HIVEP3,0.01351577448168545
POU3F1,TTC34,0.013499799828822968
FOXD2,ATP5PB,0.01348148733809539
TAL1,TNFRSF1B,0.013481130587555493
ID3,PABPC4,0.013452939113966028
FOXO6,ADGRL4,0.013450796606484872
PAX7,RCC2,0.013439387956577393
TFAP2E,KANK4,0.013436019592969143
ID3,IGSF21,0.013416559014574265
ZNF691,CTTNBP2NL,0.013411772253672311
FOXD2,KIAA2013,0.013404688213729561
PAX7,ZMPSTE24,0.013403915819136102
FOXO6,LINC01359,0.013391818706160961
FOXD2,RBM15,0.013385578043529606
GLIS1,AGO1,0.013379693956009183
TP73,CEPT1,0.013372682672009226
POU3F1,SNHG12,0.013368979314258712
ZNF691,EPHB2,0.013367585076468227
TAL1,ALG14,0.013366971447672314
NFYC,STMN1,0.013358790170607777
TP73,TRIM62,0.01335780364817567
GFI1,MTF2,0.01335741931744357
TAL1,WDR77,0.013356473018385046
GLIS1,CASZ1,0.013342133687841868
ZNF683,ABCA4,0.013339714761254834
FOXO6,MAP3K6,0.013333525050704434
PRDM16,GNB1,0.01332436058382065
TAL1,PLEKHM2,0.013320638207489861
FOXD2,GTF2B,0.013295501071359796
HES2,EXO5,0.013278680133289195
PAX7,PTP4A2,0.013275765511444078
GFI1,TNFRSF1B,0.013262421151060771
ID3,NEXN-AS1,0.013260097496576018
POU3F1,WASF2,0.013253217247705238
ZNF684,GIPC2,0.013249848629597187
POU3F1,PHACTR4,0.013245065108326204
GFI1,ZYG11A,0.013230630434925044
ALX3,PPCS,0.01320490156040768
GFI1,PRDM2,0.013204123213333646
RUNX3,SGIP1,0.013199991860037499
GFI1,CDC7,0.013194809751414531
POU3F1,TMEM51,0.013188119575389918
FOXD2,KTI12,0.013172021959592916
RUNX3,ARHGAP29-AS1,0.013168167049817894
HES2,FPGT,0.013162692224677629
GFI1,LRRC47,0.01316031978152573
POU3F1,GSTM2,0.0131492114291601
GFI1,GPR3,0.013135554504726928
ALX3,SRSF11,0.013132150712455297
TP73,INKA2,0.013128205683335682
GFI1,ST3GAL3,0.01311243855378436
PAX7,CD53,0.013109075329207598
TP73,FAM76A,0.013095569107113453
ZNF683,KIF17,0.013088327272579144
PAX7,ZFP69,0.013086424879334195
TP73,MOV10,0.013076629045966128
TFAP2E,LINC01756,0.013075297932679128
ZNF691,GPBP1L1,0.013061139253735848
TAL1,PGM1,0.01305871060740412
POU3F1,SLC25A34,0.013056848765907547
HES4,GJA9,0.013049239647455886
MTF1,STIL,0.013036015717744846
TP73,KIF1B,0.013034453446723247
PAX7,LYPLA2,0.013010281091852375
GFI1,STXBP3,0.013010022444090314
ZNF684,LINC01141,0.01300367817938527
TP73,DDX20,0.012962160206939475
HES2,IFNLR1,0.012939611568385185
ZNF684,ASB17,0.012938104061941529
ID3,F3,0.01293194347487495
ALX3,CC2D1B,0.012929325959758087
ZNF684,PLA2G2C,0.01292044906808472
ID3,ORC1,0.012916307342977119
TP73,CD101,0.012912284102696151
ZNF691,TTC39A-AS1,0.012881062297365664
TP73,BTF3L4,0.012880956799919067
TAL1,HDAC1,0.01287280117880663
FOXO6,SMIM12,0.012864851874493238
TP73,ZYG11B,0.012860071300196485
ID3,HECTD3,0.01285316862703472
ID3,PTP4A2,0.012836758865487165
ZNF683,NASP,0.01283008694340446
HES2,LINC01762,0.012829516076796534
ZNF691,MCOLN2,0.012814521496780194
FOXO6,AMIGO1,0.012812139702920937
ZNF683,DCLRE1B,0.012806556854815751
FOXD2,PEF1,0.012802332403107998
PAX7,TRIM45,0.01279735576711316
GLIS1,FGGY,0.012771813705211838
ALX3,ID3,0.01276149998757275
PAX7,MAD2L2,0.0127402237182491
GLIS1,PPIH,0.012731233570800035
ID3,SLC2A7,0.01273044377106801
TFAP2E,ZBTB8OS,0.012729200980393648
TAL1,EMC1-AS1,0.012723233117385994
FOXO6,MIR4422HG,0.012717667775687383
POU3F1,PRKAA2,0.012716446097619235
GFI1,KIAA2013,0.01270685011455783
FOXO6,RSPO1,0.012682268177795558
GFI1,RNF220,0.012679351958507433
ZNF684,LINC02609,0.012676800171153623
ZNF691,RHCE,0.01267395050729879
POU3F1,RERE-AS1,0.012671313118652286
PAX7,PINK1,0.01266734489074873
TFAP2E,MYCBP,0.01266559815851548
FOXD2,STPG1,0.01266553376280608
ZNF683,E2F2,0.01265014206552615
FOXO6,CELA3B,0.012647949999434733
HES2,HFM1,0.012630247323523835
POU3F1,LINC01762,0.01261076009977307
TAL1,RCAN3AS,0.01259647767871448
ZNF691,SMAP2,0.0125941403467433
PAX7,MKNK1,0.012589042398361885
TP73,PINK1,0.012586675624248726
TFAP2E,PTGFRN,0.012583660432116292
POU3F1,L1TD1,0.012575827647837422
NFYC,GABRD,0.012575348146459357
FOXO6,ZYG11B,0.012573861336410252
E2F2,DAB1-AS1,0.012572690802889879
ZNF683,GPR3,0.01257058093364042
FOXO6,HOOK1,0.012564820632240343
GLIS1,LINC01725,0.01256158789418512
E2F2,SYCP1,0.012559640350594804
TAL1,TRIM33,0.012554173479531163
ALX3,CMPK1,0.012551326988169603
ID3,HMGN2,0.012546969350310074
FOXO6,CDCP2,0.012529485083377537
GFI1,NEGR1,0.012528162526714742
TFAP2E,ZNF683,0.012527946539792683
GFI1,MYBPHL,0.01252559477641585
PAX7,SNHG12,0.012523325172780571
FOXD2,EXO5,0.012506387389362822
ID3,TSPAN2,0.012504764187504716
MTF1,KCND3,0.012498851825885605
POU3F1,ANGPTL7,0.012498438953147941
GFI1,GNL2,0.012476058850685581
GLIS1,SDHB,0.01246957851863236
GFI1,CD58,0.012469046047126448
FOXD2,MRPL37,0.01246855508301951
PAX7,NCMAP-DT,0.01246762707333009
GFI1,SYT6,0.012456150949024766
FOXD2,FGR,0.012448126577616682
HES4,SLC44A3,0.012446603781704237
ZNF691,MATN1,0.012418302824208423
GMEB1,LRRC38,0.012413428924496489
PAX7,HES4,0.0124061153089592
RUNX3,MYBPHL,0.012397704336179038
ZNF684,SPSB1,0.012396220166407379
HES2,WLS,0.012395051513143239
FOXD2,MDS2,0.01238821458844001
GFI1,ZNF436-AS1,0.01238394569731955
ZNF691,CDCP2,0.012382519938080589
HES2,CEP85,0.012379975341494709
GFI1,DCLRE1B,0.01237211953511208
ID3,LINC01714,0.012363482225398357
GLIS1,SLC25A33,0.012359794452314029
ALX3,DCDC2B,0.012358716426812284
FOXO6,NPHP4,0.012352835776650885
FOXD2,FGGY,0.012351042340091536
ZNF691,PADI2,0.012348135848857874
ALX3,TRIM33,0.01234556617074096
PAX7,AURKAIP1,0.012316128721959698
ID3,C1orf185,0.01230632018751671
PAX7,CELA2A,0.012299818118786754
GFI1,EBNA1BP2,0.01229499595512055
FOXO6,MKNK1-AS1,0.012287717814345832
GLIS1,RPA2,0.01228522468233306
POU3F1,SYDE2,0.012276424598436654
TFAP2E,PAFAH2,0.01227628166094168
FOXD2,RPS6KA1,0.01226920636857368
GFI1,TLCD4,0.012261785758736966
TAL1,RER1,0.012248218165364472
TFAP2E,BMP8B,0.012247923774283595
TFAP2E,ZNF684,0.012244154609898254
TFAP2E,AKNAD1,0.012217062644685849
TFAP2E,COL16A1,0.012210679795789837
PAX7,NDUFS5,0.012204634503138504
TP73,CLSTN1,0.012204395768329051
GMEB1,C1QTNF12,0.012199288287249777
ID3,PLA2G2D,0.012197649254683602
E2F2,COL8A2,0.012193576099389267
GLIS1,MAN1C1,0.012185871731405527
PAX7,SVBP,0.01218554617946443
NFYC,HFM1,0.012160887556610621
PAX7,COA7,0.012159341226256577
GLIS1,OSBPL9,0.012150839071544408
E2F2,RTCA-AS1,0.012132517739020656
FOXO6,HYI,0.012128255815727618
HES4,LPAR3,0.012126152122806436
GFI1,LINC01160,0.012124705854363689
ZNF691,OVGP1,0.01212011343434244
FOXD2,RCC1,0.012117672413737417
HES4,NOL9,0.012112439737823203
POU3F1,GPR3,0.012104793835097414
FOXD2,ACOT7,0.012101546466129298
HES4,GPR3,0.012100535294804047
TP73,TPRG1L,0.012091524676867577
ALX3,DFFA,0.012081135821164974
FOXD2,STRIP1,0.012073105396065516
FOXD2,TOE1,0.012067497554003648
HES4,CFAP74,0.012061730318931
TP73,PHC2,0.012018618460432
ZNF684,S100PBP,0.012010989171738203
FOXO6,TEX38,0.012002694124374954
ZNF691,MMP23B,0.012001644565199697
ZNF684,LINC01707,0.011983701864579432
E2F2,SCNN1D,0.011982571000052348
PAX7,OTUD3,0.011978599679222055
TFAP2E,HCRTR1,0.011974930732004868
E2F2,ARHGEF10L,0.011969195676726482
E2F2,LINC01356,0.011960602104500862
TP73,GPSM2,0.011959151263148414
ZNF691,CAPZB,0.011956031607790098
E2F2,SPATA6,0.011954294262437356
HES4,C1orf141,0.011948376142343559
NFIA,SNHG3,0.011945758707745075
HES4,KIF2C,0.011944946822632155
E2F2,LINC01756,0.011944371434016008
GLIS1,GBP1,0.011936923066384804
ID3,GBP6,0.011936829182710518
ALX3,TNFRSF9,0.011914119677507225
HES4,PLPP3,0.011912135126974196
ZNF684,PIK3CD-AS2,0.011911537758059159
ZNF684,KCNQ4,0.011906584399799464
GLIS1,SMIM1,0.011891973269826482
POU3F1,TMEM53,0.011889805935437628
ZNF683,ST6GALNAC5,0.011887366732240832
FOXO6,ZFP69,0.011854817254115088
PAX7,CTBS,0.011839354569833956
E2F2,LINC01134,0.011838650051016331
GFI1,TTF2,0.011821916137458244
GLIS1,CA6,0.011814801061614089
TP73,EVI5,0.011808933760328752
FOXO6,TACSTD2,0.011788278277426865
ZNF691,ZSCAN20,0.011787686793523771
TAL1,DENND2D,0.011786951653248206
POU3F1,CTH,0.011772985618143267
GLIS1,SH3GLB1,0.011772097111849084
ZNF691,SAMD11,0.011765386598884379
TP73,AMY2B,0.011762130567527082
FOXO6,PLOD1,0.011754521134552396
NFIA,SPOCD1,0.011753752295764714
ID3,CAMK2N1,0.011753568511347675
PAX7,RERE,0.01174354043493673
GFI1,LPAR3,0.011742728972172701
ID3,MIR34AHG,0.011742211415101565
FOXD2,ZNF362,0.01174054344460189
FOXO6,THRAP3,0.011730445407233735
FOXD2,GSTM2,0.01172633735844681
TFAP2E,SSX2IP,0.011721160900246894
HES2,ZRANB2-AS1,0.011717978089415002
ZNF691,LINC02607,0.01171272353004638
E2F2,FAM41C,0.011704045651166064
E2F2,TMIGD3,0.011699677554421632
POU3F1,CRYBG2,0.011693673954119096
FOXD2,GPN2,0.011693013464312675
FOXD2,GNAI3,0.011690197471204639
GFI1,PLEKHN1,0.011683694517002921
FOXO6,KDF1,0.011682338933896246
PRDM16,PSMA5,0.011682205778001522
ZNF684,LZIC,0.011663906601451158
HES2,RERE-AS1,0.011662202865412627
FOXD2,USP33,0.011661577213171136
HES2,UBR4,0.01164850292268939
ALX3,PITHD1,0.011640293431232778
ID3,IQCC,0.011635675247694979
POU3F1,SAMD13,0.011632369397506212
ZNF683,EXTL2,0.011630872433278167
PAX7,ZFYVE9,0.011611379833113836
FOXD2,HIVEP3,0.011600990840806501
ID3,TP73,0.011600962462751165
ID3,ADGRB2,0.011600619510721083
E2F2,C1orf141,0.011597793723102998
FOXD2,FAM76A,0.011593744517579874
POU3F1,ZNF683,0.01158535246801102
TFAP2E,GRHL3,0.011574618741692461
TFAP2E,HYI-AS1,0.011572014708528594
TAL1,KIF1B,0.011569603601222396
ZNF683,MAST2,0.011548463877696128
TP73,ERMAP,0.011546542209289275
ALX3,AKNAD1,0.011544499510784335
E2F2,PLEKHG5,0.011539349540842453
TP73,DR1,0.011532567732230622
ZNF691,BCL2L15,0.011527819195017143
FOXO6,SAMD13,0.011525583325115362
TFAP2E,EIF4G3,0.011512721363508513
GFI1,LINC01677,0.011512681861413875
ZNF684,NCMAP,0.011509389958036728
TP73,ATAD3B,0.01147701960735733
ZNF683,DDAH1,0.011473167690195175
HES2,PRKAA2,0.011471020110477879
POU3F1,ADGRL4,0.011468000390097939
HES2,KIAA0319L,0.01145879043905989
ID3,EXOSC10-AS1,0.011453877341437674
TP73,AURKAIP1,0.011452640049866517
ZNF684,MFN2,0.011432649209896934
GFI1,CAPZA1,0.011424201197054206
TP73,TAF13,0.011419023201084275
TAL1,MROH7,0.011417871269407236
POU3F1,C1orf216,0.011411770827073491
ZNF684,STIL,0.011410425399003818
HES2,FBXO6,0.011393054374531846
POU3F1,SSBP3,0.01139299203875569
HES2,DNTTIP2,0.011391789228423564
FOXD2,EFHD2,0.011380843702807193
ID3,ALX3,0.01137242386147785
GFI1,TRNP1,0.011359230526025865
E2F2,CLCN6,0.011351857000384914
GFI1,CTTNBP2NL,0.011344677451855037
FOXD2,ZNF684,0.011343970794779543
TP73,C1orf174,0.011336157137806196
ALX3,KDM4A-AS1,0.01132744925382918
ZNF683,YBX1,0.011323252181065144
PAX7,PSMA5,0.011323207196165455
FOXD2,SVBP,0.01132048973136883
POU3F1,CDCP2,0.011294105986375865
ALX3,RBBP4,0.011292121801962237
TP73,SHISAL2A,0.01129032353811212
ZNF684,CRYZ,0.011283605423152328
ZNF683,DPYD-AS2,0.011277754147802731
POU3F1,LRRC39,0.011275190034841596
ALX3,EFCAB7,0.011260768244545917
POU3F1,CTRC,0.011248891780138978
FOXO6,C1orf162,0.011233121532020785
HES2,PAFAH2,0.011229321768662584
E2F2,BEND5,0.011222094925101749
HES2,ANGPTL3,0.011221313093876459
ZNF684,OPRD1,0.011217034687616962
PAX7,EPB41,0.01121473919457576
TFAP2E,CNN3,0.011213599605439847
PRDM16,ZMYM4,0.011208904108934778
FOXO6,KCNA2,0.011207823613095483
PAX7,ARHGEF10L,0.0112016974855901
E2F2,ARHGEF19,0.011200855901022828
ZNF683,LINC01676,0.01119592451380202
RUNX3,AMPD1,0.011190433534359907
FOXO6,AKNAD1,0.011188640416463343
ALX3,UTP11,0.011187979783983178
HES2,SH3BGRL3,0.0111762869120325
HES2,ZC3H12A,0.011173325821432921
HES4,IL12RB2,0.011163967299054204
TP73,H6PD,0.011158500792847692
GFI1,DPYD-AS2,0.011155898606705905
GFI1,A3GALT2,0.011155026672086808
HES4,LINC01676,0.011151544129572708
ZNF684,C1QTNF12,0.011148731962771946
GFI1,MYCL,0.01114495925518895
TP73,TESK2,0.011144587896930784
E2F2,GNG12,0.011134281949059877
GLIS1,EPB41,0.011130991014027434
ZNF683,TMEM51-AS1,0.011130373098434367
FOXO6,STX12,0.011129684112236386
FOXD2,SLC22A15,0.0111254645998832
TAL1,HMGCL,0.01111552155301111
FOXO6,SNHG3,0.011093450066936218
E2F2,LIN28A,0.011092138384093335
FOXO6,DIPK1A,0.01108632763911234
PAX7,SDF4,0.011079264445109956
GFI1,LINC02574,0.01107385111864037
PAX7,RPAP2,0.011067706073714432
HES2,EMC1-AS1,0.011063712042632316
ZNF684,CCDC24,0.011061061339202862
TP73,NRAS,0.01106042182984393
FOXO6,NDC1,0.011058591539135184
FOXD2,NEXN,0.011057916744294348
POU3F1,BEST4,0.011050531483803326
HES2,CTRC,0.01104117769991195
YBX1,RIMKLA,0.011030746990761956
GLIS1,MAP7D1,0.011026000956881832
TFAP2E,LINC01672,0.011021809655238165
PRDM16,TMEM59,0.011017168531510801
E2F2,SAMD13,0.011017031069081567
PAX7,GNL2,0.01101316922358295
PAX7,SPATA21,0.01100923597571481
ALX3,LRRC47,0.011006384973520857
FOXD2,MOB3C,0.01100509356190628
TAL1,RHD,0.011002921178405454
FOXD2,ALG6,0.010973151203047172
E2F2,HCRTR1,0.010971389638989146
FOXO6,MEAF6,0.010971015301945013
ALX3,FAM76A,0.010966877578594686
FOXD2,BCL10,0.010964928326009229
TP73,CD2,0.010957192786339892
ZNF691,HCRTR1,0.010952311845715648
GLIS1,MEAF6,0.010948056639457098
ALX3,ZSWIM5,0.010946526771590075
POU3F1,SRM,0.010943244899861853
HES2,LRIF1,0.010926473793678082
HES4,ROR1,0.01092546899916876
FOXO6,ECE1,0.010923317332369595
TFAP2E,CRYZ,0.010909429208618262
NFIA,PTPRU,0.010906874288824357
HES2,MKNK1,0.010904306106301189
ZNF691,OSCP1,0.01089471295811175
TP73,MUL1,0.010889028732863952
TP73,IFFO2,0.010885623761348875
PAX7,HCRTR1,0.010880094554044756
TP73,PRKACB,0.010878084752021868
POU3F1,GLIS1,0.010870264958743492
TFAP2E,KIAA1522,0.01086203426769883
POU3F1,LINC01772,0.010861018020232788
ZNF683,UQCRHL,0.010857181578544057
ZNF691,KCNA2,0.010857010055418857
TFAP2E,KLHL21,0.010853922733018174
ZNF691,NBPF1,0.010849040085232391
ZNF684,CDC42,0.010841749054849106
ZNF691,PUSL1,0.010840580319368383
HES2,LRRC39,0.010832132353679401
PAX7,FOXJ3,0.010828336921934174
ID3,TRIM63,0.01082737171516487
GMEB1,ARHGAP29-AS1,0.010821124450132993
FOXO6,OMA1,0.01080073211013015
HES2,NFIA,0.010785767304693715
POU3F1,DLEU2L,0.010785098677498155
TP73,TCEA3,0.010783983688291117
HES4,MOB3C,0.010783055875181347
ID3,IGSF3,0.010782149374754621
TP73,WASF2,0.010777546008329916
HES4,LINC02801,0.010771729323337495
HES4,FYB2,0.010766760235240034
PAX7,SH3GLB1,0.010764947827397313
FOXD2,GPR157,0.010759182794311905
TP73,KIAA1522,0.01074650991507633
TP73,MARCKSL1,0.010746255620439736
HES2,TTC39A,0.010734606281043054
POU3F1,ELOVL1,0.010734163267303188
ID3,WDR47,0.010730786226795469
HES2,TTLL10,0.010700542607958718
FOXD2,LRIG2-DT,0.01069563261015679
TFAP2E,HTR6,0.010667824063315219
TP73,SLC9A1,0.010663673833639113
PAX7,AP4B1,0.01065594251701762
FOXO6,FBXO2,0.010647927714760225
ZNF691,FOXD2,0.010645408035626368
GLIS1,VAMP3,0.010640762426353383
TP73,LRIF1,0.010613679476641658
FOXO6,FOXD2,0.010604071292702029
POU3F1,CSF1,0.010602193496197924
FOXD2,EFCAB14-AS1,0.010595453178307183
ZNF684,TLCD4,0.010591053527280377
TP73,CITED4,0.010584307240284875
PAX7,PRKACB,0.010569614646785944
ZNF691,ST3GAL3,0.010565331510889883
HES2,ZNF684,0.010557418269974778
ZNF683,TAL1,0.010556494144506212
TP73,KIAA0319L,0.010541489880704422
FOXO6,RBBP4,0.010536398150008269
HES2,DENND2D,0.010530532508580019
NFIA,UBXN10,0.010519796674133301
TFAP2E,CLCA4-AS1,0.010517246714321806
TAL1,WDTC1,0.010516187132509505
E2F2,PADI4,0.01050082623934041
E2F2,CLCA4,0.010492924021408659
E2F2,ALPL,0.010491923998759974
GFI1,FAM151A,0.01049158427825249
FOXD2,LAPTM5,0.010491307774483491
TAL1,AGO1,0.01048285996357925
GLIS1,USP24,0.010477039699021262
POU3F1,A3GALT2,0.01047349954316806
ID3,RNF220,0.010458833604484843
FOXO6,MTF2,0.01045268033792426
HES4,ZBTB8B,0.010450771042133959
POU3F1,TTC22,0.01044215055923753
ALX3,SVBP,0.010433343547231532
ZNF691,DNAJB4,0.010432531155997501
E2F2,CNN3,0.01041770364284373
ZNF691,LINC01712,0.010416739833246268
HES2,MACO1,0.010406349373135015
ID3,MAB21L3,0.010405424513407384
TFAP2E,LINC01141,0.010395995679686765
FOXO6,RBM15,0.010395160505517372
HES2,TMEM53,0.010380037440715207
GLIS1,RABGGTB,0.010371328805338541
NFIA,SGIP1,0.010356630271661128
ZNF691,CPT2,0.01035132298768087
FOXO6,PRKAA2,0.010341958659984732
GFI1,TMEM39B,0.010340685396066541
ALX3,RNF220,0.01033738836009101
ZNF684,AUNIP,0.01033545823424377
TP73,MTHFR,0.010334790409672247
PAX7,TMCO4,0.010330574219129408
HES2,CACHD1,0.010326978848693212
TP73,TARDBP,0.01032356150499651
HES4,ANKRD65,0.010321199907427291
ZNF683,UQCRH,0.01031824183567532
FOXD2,SELENON,0.010317267617525208
POU3F1,MORN1,0.01031721432393607
POU3F1,ZFYVE9,0.010315470818163934
POU3F1,LINC02812,0.010312570532619202
ZNF684,CHD5,0.010312108776587517
NFIA,DEPDC1,0.010309887187413281
ZNF683,PAX7,0.010309372569650614
GLIS1,NCMAP-DT,0.010305898569059186
ID3,DNTTIP2,0.010303448770057668
FOXJ3,MYBPHL,0.01028643507969135
E2F2,UTS2,0.010282850594846269
TFAP2E,LINC02801,0.010281920161594203
POU3F1,PRMT6,0.01027173314264
ZNF683,GNG12-AS1,0.010264776909559988
ALX3,GTF2B,0.01026029265391253
TP73,CLCN6,0.010256392258757963
POU3F1,ATP1A1-AS1,0.010254747031163317
E2F2,GRHL3,0.010254560421570672
ALX3,HMGN2,0.010247599232862704
GFI1,FYB2,0.01024372544406594
FOXD2,RBP7,0.01023864110798365
GFI1,DRAXIN,0.010238385107380324
TFAP2E,IQCC,0.01023317927826643
FOXD2,SH3BGRL3,0.010232838052783149
TFAP2E,OVGP1,0.010232036022159557
GFI1,NKAIN1,0.01021707608860105
GMEB1,ALX3,0.010201198702669818
FOXO6,GPN2,0.010201056535512424
HES2,PADI2,0.010187142198459266
PRDM16,VPS13D,0.010175356637086075
E2F2,CSMD2,0.010171202422386762
GLIS1,ARHGEF10L,0.010161899642250283
PAX7,ODF2L,0.010159920072686202
POU3F1,PINK1,0.010153186807322944
GLIS1,LYPLA2,0.010152127064095802
FOXO6,MMEL1,0.0101439650275214
POU3F1,RSPO1,0.010143478062965122
ZNF691,PITHD1,0.01013132433131594
FOXD2,PANK4,0.010130829917690135
FOXD2,SF3A3,0.010124415452138935
E2F2,LINC01672,0.010121887822511976
TP73,NEGR1,0.010116930860296003
RUNX3,FOXD3-AS1,0.010116491232261457
ALX3,SSX2IP,0.010114260446145351
POU3F1,ANKRD65,0.01008032779616844
GLIS1,LINC01762,0.010059417734356228
ALX3,PTAFR,0.010056765389233205
ALX3,MED8,0.010051938904116499
GMEB1,LINC01357,0.010045956018832899
HES4,PTPRF,0.010043910321214471
ZNF683,FAM167B,0.010038357312727926
ALX3,CYB561D1,0.010009123556396483
GFI1,NRAS,0.01000816597870814
PRDM16,ZRANB2,0.00999867432480387
POU3F1,CYB5RL,0.00999718840361457
POU3F1,PLPPR4,0.009971358404384774
ALX3,FUBP1,0.009969913959328731
ID3,RAVER2,0.009969521687766946
FOXD2,DOCK7,0.00995979174193052
ZNF691,PALMD,0.009945379054588978
HES2,CTH,0.009932166107222048
ZNF684,PALMD,0.009931770263430555
GLIS1,LDLRAP1,0.009931521435665044
FOXD2,RSRP1,0.009929906091358128
ID3,PLA2G2F,0.009926977710664047
TP73,MAST2,0.00992548174307173
FOXD2,DMAP1,0.009899935018221898
NFIA,MROH7,0.009868041874707396
TAL1,GNAI3,0.009857639134177833
FOXD2,P3H1,0.009854198570296213
FOXD2,MFN2,0.009842423904193879
ZNF683,FABP3,0.009828937901333837
ALX3,DMAP1,0.009826393558592118
HES4,OLFML3,0.00982629873849223
FOXD2,PPT1,0.009812164295018246
FOXD2,ZNF436,0.00980114817691239
ALX3,VAMP3,0.009796414080349342
GLIS1,LRRC41,0.0097754894984555
ID3,FNDC7,0.009768605559359135
GLIS1,RSRP1,0.00976208760744487
FOXD2,FBXO42,0.009758855334241883
HES2,AZIN2,0.009757240486498413
ZNF684,SASS6,0.009753937904403641
FOXD2,WRAP73,0.009751690590263859
E2F2,LINC01226,0.009750567752926842
ZNF684,LINC01357,0.009748538900833699
GLIS1,GPX7,0.009742649472895944
GFI1,MEGF6,0.009736686746911302
GFI1,GABRD,0.009733519593220835
ZNF691,MATN1-AS1,0.009727987667101173
PAX7,SORT1,0.009727642507240631
E2F2,PRDM16,0.009723714917391366
FOXD2,ZSWIM5,0.009707009523215722
TP73,PALMD,0.009699915596447402
TP73,RER1,0.009692556438113167
ALX3,HES4,0.009689693754706996
FOXO6,CCDC24,0.009684284650132609
PRDM16,SELENOF,0.009681370042633825
FOXO6,GPSM2,0.009673839465117854
FOXD2,LINC01409,0.009667890782619362
FOXD2,PLCH2,0.009666615100373834
GFI1,RAD54L,0.00966616277018436
POU3F1,IPP,0.009659958757520147
HES2,CELA2A,0.009658639799433063
FOXO6,GNL2,0.009656554938299351
HES4,TLCD4,0.009655859197155423
PAX7,PLEKHM2,0.009654643451900771
TP73,SLC35E2B,0.009645617346107126
GLIS1,DR1,0.009637954916249303
TP73,MYCBP,0.009637222801997782
GLIS1,CASP9,0.009626966861122811
FOXO6,NTNG1,0.00961857966083818
FOXD2,VPS13D,0.009617810263534825
GLIS1,MAGOH,0.009608589793151956
FOXD2,ZNF593,0.009600814601360117
ZNF684,LINC01358,0.00958580386535722
ID3,FOXD2-AS1,0.009583472227636761
TP73,MTOR,0.009578130986511198
TFAP2E,RPL22,0.009554504993947931
ALX3,LINC01135,0.009554218784965023
ZNF683,ANKRD65,0.00955181788830486
ZNF691,LINC01635,0.009550067784065388
HES2,LINC00466,0.009542834745260518
GLIS1,PDE4B,0.009536191899556967
GLIS1,DFFB,0.009531971158100748
FOXD2,FAAP20,0.00952077192182297
ZNF684,HPDL,0.009514992476027054
PAX7,AMIGO1,0.009503735158367605
TFAP2E,SYNC,0.009482695505817573
FOXO6,TTC22,0.00948222123892964
ALX3,NDUFS5,0.009479819436496038
HES4,NCMAP,0.00947873414023508
FOXD2,NOL9,0.009478479425059713
FOXO6,LINC02777,0.009471451350430036
TFAP2E,ZNF436-AS1,0.009469108291888625
FOXD2,GBP1,0.009460936840683574
ZNF691,NBPF3,0.009452158734528794
GLIS1,LCK,0.009450549897416604
TFAP2E,ZYG11A,0.009439551353244337
GLIS1,RNPC3,0.009431400405019545
POU3F1,CCDC24,0.009429092317220548
POU3F1,ARHGAP29,0.009429064910156403
FOXO6,ANGPTL3,0.00942273006629841
ZNF691,SLFNL1,0.009415574324033518
ZNF691,ERRFI1,0.009410864501615454
FOXD2,GSTM3,0.00940155868942785
PAX7,UTP11,0.009396227537481486
FOXD2,MIGA1,0.00939387921833975
HES2,NBPF1,0.009385307131004359
YBX1,SGIP1,0.009359667927342339
MTF1,GRIK3,0.009349600134523042
FOXD2,CHI3L2,0.009347023021058023
ZNF691,TEX46,0.009327762512317178
TAL1,RSBN1,0.009322529419422665
POU3F1,EFCAB14-AS1,0.009316208400106388
TAL1,MIER1,0.009314369022027487
TFAP2E,PALMD,0.009304188616782453
PAX7,SRSF11,0.00929918853266306
ID3,L1TD1,0.009298259673095605
ZNF691,CNN3,0.00929737640751968
ZNF684,TNFRSF25,0.009289139479084897
ZNF684,BSND,0.009281576088901301
FOXD2,C1orf162,0.009273765291203205
ZNF691,ZNF644,0.009258736681576648
FOXD2,CNR2,0.009249532368487976
HES2,TMEM240,0.009249131226560863
GLIS1,MTF1,0.009246138736148334
TP73,L1TD1,0.009243130368817014
PRDM16,PUM1,0.009237417726544614
TFAP2E,KIF17,0.009203868356640058
FOXD2,CD52,0.009202593200434449
HES2,CPTP,0.009200430669118225
HES2,C1QB,0.009179966119257412
POU3F1,LRRC42,0.009161952378210473
GLIS1,DOCK7,0.009152955379361429
FOXD2,ZYG11B,0.009151511850671512
E2F2,PDPN,0.009148800547156076
GLIS1,ZSWIM5,0.009148692546542853
ZNF691,CTRC,0.009145019505229815
GFI1,LINC01707,0.00914438226445474
TP73,RNF11,0.009141888130692739
HES2,DDX20,0.009137445162177984
ALX3,SFPQ,0.009127505532728933
HES4,IL23R,0.009125436009495677
ALX3,FBXO6,0.009124187155734277
FOXD2,MRTO4,0.009122562522002312
FOXO6,KYAT3,0.009118935956439832
FOXO6,SSBP3-AS1,0.009115638071363556
ENO1,SGIP1,0.009114986589116011
TP73,FGR,0.009106845823099417
POU3F1,TNFRSF14-AS1,0.009098059586877788
POU3F1,CFAP57,0.009097282185437532
E2F2,PLK3,0.009095445858181653
GLIS1,TTF2,0.009094716176654827
PAX7,ZSWIM5,0.009090466711510045
HES2,FNBP1L,0.009088983114217216
HES2,SNHG3,0.009080517610234672
FOXO6,CDC42,0.009068962858312253
GLIS1,DPYD-AS1,0.009068043856207204
GFI1,BEND5,0.009065520425200842
FOXO6,CDC7,0.009061570680098848
ZNF684,ANKRD65,0.009050707935470397
ALX3,AKR7A2,0.009050004741687982
ID3,ELAVL4,0.009046298088201244
FOXD2,PIK3R3,0.009045065449692968
HES2,ATP1A1,0.009038337531811677
MTF1,FOXJ3,0.00903564989868295
ALX3,CDC42-IT1,0.009031418446531641
E2F2,TAS1R1,0.009024086485681265
FOXO6,LINC00466,0.009021608480879973
TFAP2E,OPRD1,0.00901630453060488
TP73,CA6,0.009014996277931585
FOXO6,ZFP69B,0.009006794805776312
TFAP2E,DNASE2B,0.009003625783387927
TFAP2E,LINC01160,0.009003428270139467
ALX3,CCNL2,0.008998227784353255
FOXO6,TTC39A-AS1,0.008997782230014462
FOXO6,USP1,0.008994280453259118
PAX7,THAP3,0.00898453322734151
FOXD2,VAMP3,0.008973367914986397
TP73,LINC01635,0.00895962791256818
HES2,CROCC,0.008955590161539594
FOXO6,MXRA8,0.008944809166423389
GFI1,CLCA4-AS1,0.008942601351083332
NFIA,CORT,0.008933745577352476
FOXO6,FUBP1,0.008929616067266066
E2F2,DISP3,0.008921454459220414
PRDM16,SH3GLB1,0.008916627809214333
FOXO6,HCRTR1,0.008916387912361592
TFAP2E,ADGRB2,0.008905168458853089
HES2,BTBD8,0.008902747415333494
ZNF691,MXRA8,0.008895205184013958
FOXD2,ZMPSTE24,0.00888794676903081
FOXD2,MTHFR,0.008884530335344082
GFI1,CDKN2C,0.008884074331713997
FOXO6,ST6GALNAC5,0.008882138795682459
TFAP2E,GABRD,0.008879179843357303
ZNF691,B3GALT6,0.008875615105212113
GLIS1,NDC1,0.00887547694427366
FOXO6,MRPL37,0.008871362193249428
TP73,ERI3,0.008870379667421406
GFI1,SELENON,0.008867816726652348
FOXD2,EVI5,0.008866399142423336
NFIA,PITHD1,0.008864669697434274
ZNF684,PTPRU,0.008863775675012906
HES4,OLFM3,0.0088631249501013
HES2,PLEKHM2,0.00886109531069858
E2F2,TAS1R3,0.008859167879676836
TFAP2E,PTP4A2,0.008847615139971558
TAL1,STK40,0.00884627199109431
GMEB1,PTGFR,0.008842976306436722
PRDM16,CCDC18-AS1,0.008842483504681217
ID3,FCN3,0.008826189503956205
FOXO6,OSCP1,0.008806231212770863
HES2,INKA2-AS1,0.008799276682757732
GFI1,LINC00115,0.00879926916335715
GLIS1,GNL2,0.008773456138433309
ZNF683,HES2,0.008770620609121163
ZNF684,CLSPN,0.008763896482611649
GFI1,RBM15,0.008761948774542833
ALX3,TMEM234,0.008761860324326538
GFI1,EPHA2,0.008761301206624578
HES2,IFI44,0.00875357098721484
POU3F1,TTC4,0.008747248588455542
GFI1,CASQ2,0.008745575992950104
FOXO6,GLMN,0.008738363034410277
ZNF684,PIGK,0.008736806057736819
PAX7,GBP1,0.008735077448992008
TP73,FAAP20,0.008731326526154297
FOXO6,ASAP3,0.008727654770503307
ALX3,PSMA5,0.008724351367025599
ZNF683,AKR7A3,0.008720145632405347
ZNF684,SH3BGRL3,0.00871885782297269
ZNF684,EPHA10,0.008713297966203473
FOXD2,CEPT1,0.008703679065201855
HES2,CPT2,0.008703224531107326
E2F2,WDR77,0.008700994368543456
ZNF691,CAP1,0.008697842165657999
FOXO6,COL9A2,0.008696926024383066
ALX3,AGO3,0.008687646405489587
ZNF683,GSTM1,0.008679200813168409
FOXO6,LINC01712,0.008667381134857625
ZNF684,MPL,0.0086644334918366
ZNF691,ELAVL4,0.008660867212452706
E2F2,BSND,0.00865924691729198
NFYC,DNASE2B,0.008633788744918347
TAL1,CROCC,0.00862432805883941
ALX3,SPATA6,0.008613113058556112
GFI1,PRKAA2,0.008612952472539508
FOXD2,SYDE2,0.008612911468394338
TFAP2E,ADORA3,0.008609308228243302
ALX3,GBP5,0.008604905967234353
FUBP1,DEPDC1,0.00859915546617938
GFI1,ZNF684,0.008598513870667639
ZNF691,KIF17,0.008595181112654615
FOXO6,EXTL2,0.008593343103461928
TFAP2E,YTHDF2,0.008590343025805858
FOXO6,DLGAP3,0.008589022540423232
FOXD2,NMNAT1,0.008583307812362795
GFI1,LINC02609,0.008581663683859053
TP73,ZRANB2,0.008581489550970954
ZNF691,PODN,0.008556607639989285
ZNF684,FYB2,0.00855356586297844
ALX3,ZBTB17,0.008551744283624313
POU3F1,KDF1,0.00855142008159174
TAL1,SLC30A7,0.008546391516636378
FOXO6,CTRC,0.00854545460594262
ID3,GJA9,0.0085115301518408
HES2,RPS8,0.008498884458362055
ALX3,ZDHHC18,0.008492923141048632
POU3F1,PLA2G5,0.008492111058045745
FOXO6,MED8,0.008490220988858245
PAX7,CDC7,0.008489051041118603
HES2,BCL2L15,0.008487993338350189
ID3,IL12RB2,0.008483340200959094
ZNF683,DPYD-IT1,0.008481350256960974
ZNF684,CAP1,0.008480957388545063
ZNF684,LINC01672,0.00847570799109136
ID3,ENO1-AS1,0.008475658874781966
TAL1,IFI44L,0.008463953768137045
PAX7,PRKCZ,0.008462578171029739
TAL1,PPT1,0.008459939905722304
FOXO6,TFAP2E,0.008458482470565664
ZNF684,PIK3R3,0.008457431170971972
TP73,MFSD14A,0.008456324620570782
FOXD2,MAP7D1,0.008451262093990447
TP73,TMEM234,0.008450505567182007
NFIA,PANK4,0.008450161008083872
FOXO6,AJAP1,0.008446690991992105
PAX7,TRIT1,0.008443700055243608
TAL1,GIPC2,0.008439035964609648
FOXD2,HENMT1,0.008423883924891842
TP73,PPIE,0.008421712726136699
ZNF683,PITHD1,0.008419772942310125
FOXO6,LINC01635,0.008419554934452534
FOXD2,FBXO44,0.00841523569422728
ID3,IL23R,0.008409684247253354
PRDM16,SRRM1,0.00840928923473769
GLIS1,LRRC39,0.008402187731144987
POU3F1,LINC01160,0.008398498643647815
TP73,MTFR1L,0.008391852812909415
FOXD2,PHC2,0.008389823185992632
TAL1,CYB561D1,0.008375945553400913
ZNF684,FAM151A,0.008363176042332453
ID3,SFN,0.00835844530902428
GLIS1,PTCH2,0.008358332546915677
ZNF691,ESPN,0.008355223521807804
E2F2,TCEANC2,0.0083475362501531
NFYC,FOXD2-AS1,0.008346499707218616
PRDM16,CDC14A,0.008346213230130482
FOXO6,DIO1,0.00834009344861817
NFIA,IL12RB2,0.008326503125839858
FOXO6,SLC16A1,0.008325217693880524
ALX3,ZMYM4-AS1,0.008321643274155716
TAL1,CD2,0.008320463851942697
TFAP2E,ECHDC2,0.00831224540958251
PAX7,IQCC,0.008302221565727573
GLIS1,PABPC4,0.008301096395545857
HES2,LAPTM5,0.00828737979712476
NFYC,PPM1J,0.008273659192332685
TFAP2E,CLSPN,0.008270903513424752
GLIS1,AGO3,0.008267853656002905
TAL1,UBIAD1,0.008266176166086976
E2F2,TMEM52,0.008258606246938425
FOXO6,LINC01342,0.00822677183095101
FOXD2,PTAFR,0.008224823190456528
ALX3,FNDC7,0.008222941681745609
HES2,NCDN,0.008211893698416146
HES2,AKNAD1,0.008210493249789976
ZNF683,TACSTD2,0.008203699858415561
HIVEP3,PLA2G2F,0.008201012094170004
TP73,OMA1,0.00820044949896023
TP73,NUDC,0.008194603423444613
ZNF684,NASP,0.008194169588984182
FOXO6,CRYZ,0.008193281015170042
GLIS1,LINC01409,0.008188462538888799
TFAP2E,NKAIN1,0.00818806741253448
POU3F1,HCRTR1,0.0081852743560574
ID3,ZCCHC17,0.00818470866124768
PRDM16,RUNX3,0.008182667419446845
E2F2,RSPO1,0.008181009243289381
ZNF683,COL16A1,0.008177827786082144
TAL1,ELOVL1,0.008172331956872956
ZNF684,RHBDL2,0.008167663402588085
GMEB1,IL23R,0.008165887545653491
ALX3,TRIM62,0.008163821947607036
GLIS1,MAST2,0.008154119762057889
ZNF691,NUDC,0.008148269988608394
HES4,PRKAA2,0.00814383665581382
TFAP2E,LINC01364,0.008131176092453443
ZNF683,SNX7,0.008126641266924178
FOXD2,USP1,0.008116973724498754
ZNF691,SRM,0.008113077984961322
FOXO6,AKIRIN1,0.008112628617706273
ZNF684,CORT,0.008109009503157972
FOXO6,YTHDF2,0.008103480744757315
GLIS1,LSM10,0.008101345205171369
ALX3,NDC1,0.008095891683076156
ID3,BEND5,0.008095556198242333
POU3F1,RBM15-AS1,0.00809416310843944
HES2,CDC42-IT1,0.008089812174014168
TP73,TTC39A-AS1,0.00808977403631554
HES4,FAM167B,0.008085748263668951
ID3,CCDC163,0.008084900267770024
FOXO6,CAMK2N1,0.008083763029064365
GLIS1,PDIK1L,0.008082042225631376
TAL1,DR1,0.008081624476839723
ZNF691,MSH4,0.008071351213234034
TFAP2E,DRAXIN,0.008064852752769918
ALX3,PIGV,0.008062298237075136
HES2,AGO1,0.008056402894277863
HES2,ASAP3,0.008048967817508457
GLIS1,DNAJC16,0.00804859445191157
ID3,C1QA,0.008037790211612387
TP73,SPATA21,0.008020333674155573
E2F2,PALMD,0.008009076042521723
HES2,MAD2L2,0.008000293730768037
E2F2,C1QA,0.007999723449055373
FOXD2,ARHGEF10L,0.007999507791008047
HES2,AJAP1,0.007984655079917857
GLIS1,FBXO44,0.007984237519425109
E2F2,GPSM2,0.007972498264482302
FOXO6,TNFRSF9,0.007965985138802537
FOXO6,PARK7,0.007963902526993753
GFI1,CASZ1,0.007963713710358011
ALX3,P3H1,0.007960191821104566
TAL1,LUZP1,0.007953510786074687
E2F2,NMNAT1,0.007952888546453032
TP73,TMEM201,0.00793902411136576
FOXD2,PRPF38A,0.00793881312768232
ID3,SLC2A5,0.007938043922348589
ALX3,MFSD14A,0.007937973862344771
GFI1,TMEM52,0.007936639285529873
HES2,CEPT1,0.007934112745133337
E2F2,CLIC4,0.007931164785936187
FOXD2,DPYD,0.007916352417957271
HES2,STX12,0.007915006135859964
FOXO6,RHOC,0.007911959824749232
FOXD2,KCNC4,0.00790064439919851
ZNF684,PTPRF,0.007898913965018161
TAL1,AURKAIP1,0.00789565891426519
HES2,COA7,0.007895154663216847
FOXD2,PTCH2,0.007894324423109455
FOXO6,CENPS,0.00787559748386823
ENO1,LINC02238,0.007875324624937572
HES2,CDA,0.007872818153088918
FOXD2,OTUD3,0.007857963661926558
GLIS1,IFI44,0.007854213974417714
HES2,LINC01342,0.007848932279902968
ZNF683,PALMD,0.00784278778442494
FOXO6,TMEM201,0.007841168910068957
TFAP2E,FYB2,0.007838318881261675
PRDM16,CD58,0.007827772597462689
HES4,PODN,0.00782148069585498
PAX7,CROCC,0.007820514048039167
TFAP2E,RBBP4,0.00782046073936877
ALX3,C1orf122,0.007814401079476988
HES4,WNT4,0.007804973629606806
ZNF683,MFSD2A,0.007802814212084411
FOXO6,HPCAL4,0.0077973087074431945
MTF1,TMCO2,0.007794147839144136
ZNF684,RIMKLA,0.0077918966011965565
ID3,OLFML3,0.007779061998492077
ZNF691,MIIP,0.007772348073235691
TP73,LINC02811,0.007770559231099601
E2F2,GPR3,0.0077674935210615605
FOXO6,SNX7,0.007764207499404071
NFYC,CORT,0.007756913823606574
ZNF691,CRYZ,0.007754539668697125
TFAP2E,TRNP1,0.007750402277814109
ZNF691,HFM1,0.007747823777189837
PAX7,LINC01307,0.007744790499545993
PRDM16,SFPQ,0.007739743702843613
E2F2,CCDC17,0.007738932268737674
FOXO6,CPLANE2,0.007738414757715661
FOXO6,INKA2,0.00772664928599085
HES2,LINC01685,0.007717331812834223
E2F2,FAM167B,0.007717244807029743
ALX3,ATP1A1,0.007712723199492189
PAX7,SF3A3,0.007709928834641367
PAX7,CTNNBIP1,0.0077097704011925795
ZNF691,CSDE1,0.00770657602785557
FOXO6,MATN1,0.0077053944527973005
ZNF684,WNT4,0.007701161299178083
ZNF691,TMEM51-AS1,0.00769963480419862
ID3,ZBTB8A,0.007686784019754511
PAX7,PKN2-AS1,0.007681120589567673
FOXO6,DDAH1,0.007675673394771749
TFAP2E,FAM151A,0.007674219653826871
GLIS1,SLC35A3,0.007671671797366158
TP73,STK40,0.007664115839178303
GLIS1,FUCA1,0.007663785648551558
E2F2,TRIM45,0.0076637066276662134
TFAP2E,KHDRBS1,0.007661186431619639
TAL1,SLC35A3,0.00765727450055839
FOXD2,SLC25A34,0.007651574108695299
FOXO6,CYB561D1,0.007645747288503374
GFI1,TIE1,0.007631700417891128
ZNF683,SERINC2,0.007629729024338147
TP73,RBMXL1,0.007629440079746401
TAL1,LSM10,0.007618171974546336
TFAP2E,RRAGC,0.007614832407159217
E2F2,DPYD-AS2,0.0076105763321981
FOXO6,ATXN7L2,0.007604161019352194
GLIS1,LINC02785,0.007600076566658259
TAL1,RPS6KA1,0.0075971428760285425
PRDM16,CROCC,0.007595105378346635
POU3F1,FOXO6,0.007594207959617861
ZNF683,BMP8A,0.007591255949616789
FOXD2,MAGI3,0.007575601174328379
FOXD2,EFCAB7,0.0075710069800546675
GLIS1,SSBP3,0.007569533481368963
ZNF683,LINC01364,0.007568340906563529
GFI1,CDC42,0.007564966545515119
TP73,SFN,0.007563296423515473
ALX3,ZMYND12,0.0075612731278733285
TP73,IFNLR1,0.007557579832210748
HES2,FOXO6,0.007550555766769688
ZNF691,MYBPHL,0.007547836054453333
TP73,FNDC5,0.007542498021328944
PAX7,PEF1,0.007540009571625166
FOXO6,ANKRD65,0.007534281116596876
GLIS1,EBNA1BP2,0.007532885967464039
FOXO6,LIN28A,0.0075316435324347016
TFAP2E,HMGN2,0.00752899143101701
FOXO6,WASF2,0.00752865835857473
ZNF691,ENO1-AS1,0.007528242558785817
ZNF691,LINC01709,0.007526522623277342
HES4,PLEKHN1,0.0075262540366378555
POU3F1,FABP3,0.007524486892249658
ID3,ROR1-AS1,0.007520298769126805
HES4,C1QTNF12,0.0075100686442970375
FOXD2,SMPDL3B,0.007508239105236056
ZNF691,IFI6,0.007507358302147034
E2F2,PLA2G5,0.007499696842352034
MTF1,ROR1,0.007496448895443095
POU3F1,AGBL4,0.007494218133468114
E2F2,ATAD3B,0.007493917289262709
E2F2,ESPN,0.007483631803376461
GFI1,RAB3B,0.007478759996470002
FOXD2,BTBD8,0.007463575349419108
ZNF684,ZNF691,0.007458080514011598
FOXO6,ZSCAN20,0.007456984187875412
TAL1,ISG15,0.00745465233857711
E2F2,VAV3-AS1,0.007452353604121509
ZNF683,LINC01714,0.007444176512236449
GFI1,MASP2,0.00743963241973918
GLIS1,P3H1,0.0074270664025514795
FOXD2,IPP,0.007423758402370831
FOXO6,SLC35E2B,0.007420431429817467
TAL1,ZYG11B,0.007420335601694935
MTF1,LINC01140,0.007418399452924428
ZNF684,PODN,0.007414516586903956
ZNF683,TAS1R1,0.007405622647688172
FOXO6,TNFRSF8,0.007392018770122007
GFI1,C1QTNF12,0.00738983049182498
POU3F1,PADI2,0.007388965619113841
TFAP2E,ANKRD65,0.007386488028029622
TAL1,PARK7,0.007375983762688066
FOXD2,FUBP1,0.007371648380474121
ZNF683,TEX38,0.007368819481431789
ZNF684,FAM87B,0.007365891719205554
ID3,IPP,0.007353993322898046
HES2,C1orf162,0.0073506177923218854
GLIS1,DNAJC11,0.0073436120500038095
FOXO6,ZRANB2-AS1,0.007338585908320912
ZNF684,EPHA2,0.0073373873157723925
FOXO6,UROD,0.007328483422795745
ALX3,CDCA8,0.007325529275444277
POU3F1,KCNA3,0.0073227146516789245
ALX3,SDHB,0.007318616790951986
FOXD2,KDM4A-AS1,0.007318362388678346
FOXO6,GLIS1,0.007315623782416768
FOXD2,TGFBR3,0.0073084971044929
FOXO6,LRRIQ3,0.007306824778167254
TAL1,TAF13,0.007304173053767941
TFAP2E,SLC6A17,0.007303035920635596
ZNF684,TMEM200B,0.007300446111872173
TP73,ACOT11,0.007298579312251437
ZNF691,TEX38,0.007294914448965717
POU3F1,GIPC2,0.007288048845970606
ZNF691,PTGFRN,0.007283876709403159
POU3F1,LINC01707,0.007274758693839912
ZNF691,SLC6A9,0.007264963207026385
PAX7,GTF2B,0.0072635256630524375
ALX3,PAFAH2,0.007263182102951727
ZNF683,MAP3K6,0.007260453120923053
PAX7,NASP,0.007253786985417488
MTF1,AMPD1,0.007249462271170901
FOXD2,HIPK1-AS1,0.007245677798750444
ZNF683,TEX46,0.007242651372603515
TFAP2E,PDPN,0.007241329562751727
FOXO6,LINC02606,0.0072400117124871875
HES2,PATJ,0.007238813259911304
HES2,RPL5,0.007235947165627742
ID3,RAB42,0.007232175318758799
ALX3,TUT4,0.0072317342524858075
E2F2,OPRD1,0.007225193947620362
ZNF691,RLF,0.007219244675785615
GLIS1,TXLNA,0.007217305241148493
FOXO6,CSMD2,0.007216173641320488
E2F2,TLCD4,0.007207789994728472
ZNF683,LINC02801,0.0072030047923848355
FOXD2,CCDC30,0.007199502073513607
ZNF683,PLPPR5,0.007188062754490802
ZNF683,FNDC5,0.007188013045436956
GLIS1,MPL,0.007184123371533488
ZNF691,BTBD19,0.0071761715625197914
FOXD2,FHL3,0.007166173186002941
GLIS1,TMEM59,0.007158228668066285
FOXO6,PTP4A2,0.007156047904631807
ZNF683,LINC00466,0.00714927131003709
ZNF683,CCDC17,0.007141044365932961
ZNF691,MKNK1-AS1,0.00712560658568699
HES2,LINC01635,0.007120382539409304
FOXO6,ERRFI1,0.007103208909554219
PAX7,MATN1-AS1,0.0071027833116283174
GLIS1,ST6GALNAC3,0.007098057641845488
TP73,PHTF1,0.007092438893805392
HES2,TTLL7,0.007092052926616508
ZNF691,EPHX4,0.007086345749377047
GFI1,ZBTB8B,0.007072573072403325
TFAP2E,NCMAP,0.007068960994672845
FOXO6,TNFRSF1B,0.007057736401621394
FOXD2,HDAC1,0.007056390071391838
FOXD2,C1orf122,0.007046368732335135
ID3,LINC02810,0.007044582626189935
PRDM16,TRIM33,0.007036261541072689
ZNF683,DISP3,0.0070357113450459415
FOXO6,LRRC8B,0.00702697196662544
POU3F1,HYI,0.007025561032638426
FOXO6,MSH4,0.00702182614083325
ZNF691,CAMTA1-DT,0.007020855609066407
GLIS1,LINC01128,0.007012927015287629
NFYC,UQCRHL,0.006997952241112837
TAL1,DPH5,0.006994181827969441
ALX3,GCLM,0.006993970743021474
HES2,SPATA21,0.0069910194968444235
TAL1,SLC25A24,0.006986536206894925
TFAP2E,PTPRU,0.006983804447477059
HES2,MORN1,0.006974953107720515
GFI1,ALPL,0.006972691305610667
ALX3,ZNF683,0.006970778153316962
FOXD2,SH3GLB1,0.006967242612070292
FOXO6,ADGRL2,0.006963014835703615
FOXD2,CD101,0.006962496738621031
FOXO6,MYOM3,0.006961249626182796
FOXD2,SLC16A1,0.00695950997755395
TFAP2E,PLPP3,0.006948694351749915
FOXD2,SORT1,0.006947264342050359
ZNF683,ADGRL2,0.006940796346746608
E2F2,LINC02801,0.0069294151040078834
HES2,LINC01389,0.006924880664042439
ZNF691,CLSTN1,0.006917042007123769
POU3F1,GNAT2,0.006910308236679599
ZNF683,LINC02606,0.006909107168340613
FOXO6,ANKRD13C,0.006907943554887632
ZNF683,OVGP1,0.006899549350584378
GFI1,CELSR2,0.006889861752921636
E2F2,C1orf146,0.006879630065276348
GLIS1,DHDDS,0.006876746063857179
E2F2,LINC02780,0.006872005078411726
PAX7,L1TD1,0.006871291185150498
TP73,PITHD1,0.006870046008220998
ZNF691,LINC01342,0.0068563261260508
FOXD2,AGBL4,0.006855531937132552
E2F2,PKN2,0.006851536994533405
POU3F1,FBXO2,0.006845947833085999
ID3,TENT5B,0.006843443325018301
ALX3,STRIP1,0.006836659064939706
ALX3,LSM10,0.006835763025702664
FOXD2,KCNA3,0.0068326488541931105
GLIS1,HIPK1-AS1,0.00683177314220397
FOXD2,AGO4,0.006829781126751579
FOXD2,HOOK1,0.006829686402079099
HES2,LIN28A,0.006812749185635941
FOXD2,HECTD3,0.006806576370591023
POU3F1,NIPAL3,0.00680517909773207
ALX3,KPNA6,0.006797460713006408
TP73,MED18,0.006789721075754018
FOXO6,CELA2A,0.006785809455566294
GFI1,UBE2U,0.006769497882090915
TFAP2E,RSPO1,0.006753017883413579
ALX3,THAP3,0.0067449561328781615
HES2,SLC2A1,0.006742806631109991
FOXO6,MIER1,0.0067407408394820146
FOXD2,ATAD3A,0.006738460162540762
TAL1,DNTTIP2,0.0067354452678575335
TFAP2E,LINC02780,0.006730428897006864
GFI1,CHD5,0.006729362605532568
E2F2,KANK4,0.006727243478059528
MTF1,TMEM240,0.006726574081699324
PRDM16,USP24,0.006723152596975583
PAX7,IFI44L,0.006722740605847851
ZNF691,ZCCHC17,0.006715608128562523
ZNF691,LINC01748,0.00671449928211797
PAX7,NUDC,0.006713912143516923
TFAP2E,MPL,0.006712031634276729
ZNF684,C1orf185,0.0066932595095753914
TP73,CTPS1,0.006691020635277951
PAX7,TNFRSF8,0.0066671952727547
POU3F1,SMIM1,0.006653913513399724
TAL1,C1orf162,0.006650043716569471
PAX7,ZNF691,0.006644203194152351
FOXD2,CDCP2,0.006638515067047069
GFI1,PTGER3,0.006638079965869341
ZNF691,PLEKHG5,0.006628625416785356
E2F2,PRKAA2,0.006624779051832891
E2F2,PIK3CD-AS1,0.00661800236963866
TP73,LINC01708,0.006613274457857356
HES2,CAMTA1,0.006608471874657303
ZNF691,CELA2A,0.006605172412063575
ZNF691,GNG12,0.006596978697508914
HES2,PHTF1,0.006593524884476538
FOXD2,NBPF3,0.006591491194320937
FOXO6,SRARP,0.006585980010870276
ALX3,LCK,0.006579994886042603
POU3F1,FRRS1,0.006576325182626972
ID3,SH3D21,0.00656730284526263
TP73,LRRC47,0.006560734296510619
GFI1,AUNIP,0.006557048802338321
ZNF691,ADGRL4,0.006555589403295049
POU3F1,MED18,0.006555362618166683
POU3F1,DDAH1,0.006551051189303056
ZNF691,CLCA1,0.006546321211022453
FOXD2,SIKE1,0.006544433488340323
E2F2,ZNF436-AS1,0.006539512613547295
PRDM16,ARID1A,0.006533014403915366
PRDM16,SRSF10,0.006531835464982865
MTF1,TAL1,0.006531135588423275
FOXD2,DPH2,0.0065309345325776065
FOXO6,EYA3,0.006525335982047453
FOXO6,RNF220,0.0065215968994410765
GFI1,TAS1R3,0.006518222058605917
GLIS1,SHISAL2A,0.006518091281424769
PAX7,LAMTOR5,0.006513310822548455
ZNF683,DDI2,0.006503155677378183
ZNF691,L1TD1,0.006497183392424938
ZNF683,GJA9,0.006484355866667374
HES2,GPR157,0.00648368140738153
FOXO6,CPT2,0.006476638906158964
POU3F1,DNAJC6,0.00647660496115153
TP73,CROCC,0.0064707646066287615
E2F2,BMP8B,0.00645845832892853
GLIS1,PKN2-AS1,0.00645535136238142
PAX7,EVI5,0.006450023558134306
FOXO6,PLA2G5,0.006436812756642483
ZNF683,PARS2,0.0064346464949056326
GFI1,KCNQ4,0.0064342769992903615
FOXO6,CSMD2-AS1,0.006432186284543353
ZNF684,RIMS3,0.006431445092898541
TFAP2E,RNF220,0.006421576345636503
FOXO6,HECTD3,0.006421373923967734
TP73,C1orf146,0.0064031151089481405
TP73,EXOSC10,0.0063993303508497095
PAX7,LRRC8B,0.00639854994504614
HES2,RNF19B,0.006395719633957783
NFIA,CNKSR1,0.006394760256450104
POU3F1,LINC00115,0.006394617218298975
ZNF691,TUT4,0.006387016539105951
E2F2,FAM151A,0.00638606624392516
PAX7,LSM10,0.006385917783546243
GFI1,ODF2L,0.006384812917599655
TFAP2E,CELSR2,0.006384258928978729
ZNF691,PAX7,0.006383165290319995
NFIA,LINC01357,0.00637993575233541
FOXO6,MACF1,0.006373639779287659
HES4,DNASE2B,0.0063714494137754605
ZNF684,GNG5,0.006371062128413768
GLIS1,SRRM1,0.006371046879673985
PAX7,LEPR,0.006370878611212451
PAX7,DNAJB4,0.006369924987389271
PAX7,LINC01135,0.006368952678387825
PAX7,EFHD2,0.006359670773766612
TP73,DPYD-AS1,0.006359094408092124
E2F2,UBXN11,0.006358020905665785
GLIS1,CAPZB,0.006356717337297117
GLIS1,LRP8,0.006356473863662974
HES2,MTOR-AS1,0.00635124665576429
GLIS1,ZDHHC18,0.006350887952489049
E2F2,ANKRD65,0.006347748715414903
TFAP2E,PTPRF,0.006346488250721535
TAL1,TNFRSF25,0.006346196144191827
PRDM16,CAPZB,0.006343743153470733
FOXO6,PRKCZ-AS1,0.006341836479106816
FOXO6,CCDC17,0.006335261837871509
TP73,CNR2,0.006331747898612158
FOXO6,GNG12-AS1,0.006314387329892505
FOXO6,TAS1R1,0.006309517359451645
ID3,PPM1J,0.0063004945746490204
ZNF691,PUM1,0.006298056127787181
GFI1,FAM87B,0.006296135214966256
FOXD2,TMEM39B,0.006296074496531918
PAX7,PLEKHG5,0.006296050877984549
POU3F1,TACSTD2,0.006295516279248551
GFI1,SLC45A1,0.006291233198495886
GLIS1,RPS6KA1,0.0062901349961625545
HES2,SLFNL1-AS1,0.006283357300983813
FOXO6,UBXN11,0.006281842424845596
GLIS1,SPATA21,0.006270989328521969
E2F2,FNDC5,0.006269735758004472
TP73,JAK1,0.006253330216917177
HES4,UBXN10,0.006250190552541934
FOXD2,CPT2,0.00624039533825488
FOXO6,AGRN,0.006239694857965891
PAX7,TMEM35B,0.006238059992986058
ZNF691,TMEM52,0.006234580525434927
TFAP2E,LINC01739,0.006231669550647895
PAX7,DHDDS,0.006231516840709616
FOXD2,SLC16A4,0.006228229525404326
TFAP2E,ORC1,0.006221468269394392
ZNF683,LINC01685,0.006218862903416681
TFAP2E,SLC2A7,0.006217376994543352
ZNF683,LINC01672,0.006213281582052026
ID3,PTGFR,0.006212237983398821
ALX3,UBIAD1,0.006212109474199895
FOXO6,DNAJC6,0.006200361036574403
FOXO6,CDKN2C,0.006199370772763637
HES2,FHL3,0.006195737227100599
GLIS1,SESN2,0.006195506008110651
ZNF684,MMP23B,0.0061915173963056035
ZNF683,LINC01788,0.006181125375644787
ALX3,TMEM50A,0.006175366441825909
PRDM16,HIVEP3,0.006170703461352756
FOXD2,LINC02785,0.006169152756639077
E2F2,PLPP3,0.0061664387518780995
ALX3,FAAP20,0.006152960944143109
E2F2,COL11A1,0.006140677014279013
POU3F1,BCL2L15,0.006139979055587161
PAX7,GLIS1,0.00613908828064329
HES2,CYB5RL,0.006133495204839047
TP73,ANKRD65,0.0061298533788280525
POU3F1,LINC01709,0.0061290529190615286
GFI1,LINC01739,0.0061252458404290775
FOXO6,DCLRE1B,0.006123269110915058
NFIA,PLPPR4,0.006123214761867338
ALX3,MRPS15,0.0061207798673706265
GLIS1,GLMN,0.006119055012374616
FOXD2,LRP8,0.006109262844689814
FOXO6,ARHGEF19,0.006103251394483615
PAX7,LINC00115,0.006100785908183163
GFI1,CCDC163,0.006097619672917239
ZNF683,SLC6A9,0.00609034369761336
ID3,NBL1,0.0060902238795594935
POU3F1,RTCA-AS1,0.006088640528925766
PRDM16,GNAI3,0.00608198038478981
ZNF691,DENND2D,0.006080229399648024
ALX3,TMEM39B,0.006079756157914757
TP73,PTCH2,0.006078516099682256
ALX3,ZC3H12A,0.00607724499784226
TP73,LRRC8D,0.00607171585851153
FOXO6,ZRANB2,0.006068396117037557
PAX7,EIF2B3,0.006061395435096897
ZNF691,MUTYH,0.006059806131896049
TP73,UBIAD1,0.0060579232012417964
FOXO6,LINC01685,0.006055261420008918
ZNF684,CELA3A,0.006054745295383367
ALX3,EXO5,0.006054613146002875
FOXD2,FAAH,0.006052910562824727
ZNF684,TAS1R3,0.0060527012097199885
TAL1,CDC42,0.006051157697902488
ZNF684,PSRC1,0.006036212185204352
FOXO6,TNFRSF18,0.006032670812364912
FOXO6,MRPL20-AS1,0.006026938089930356
HES2,MOB3C,0.006021445166074003
GFI1,WNT4,0.006014123601940554
TP73,XKR8,0.006013589575540585
ID3,MCOLN3,0.006011146945462971
PRDM16,C1orf162,0.0060109035887670895
ZNF683,CTRC,0.005997362463563045
FOXD2,GPX7,0.005990176870031022
GLIS1,GPR157,0.005987631087948273
E2F2,SDC3,0.0059792730011819836
FOXO6,TTLL10,0.005979166415050136
TP73,TMEM167B,0.005969048744760131
FOXO6,LINC02795,0.00596849100610344
ZNF691,SAMD13,0.005967482231833313
GLIS1,AKIRIN1,0.005965893999459231
ZNF683,GBP7,0.005957958212771961
ZNF684,VWA1,0.00594349412850175
TFAP2E,SYF2,0.005943492972709251
HES2,ARHGAP29,0.005942685749056885
PAX7,SRM,0.005938615520355714
ID3,CYP4B1,0.00593707733819621
HES2,EFCAB14-AS1,0.0059333506319194425
GFI1,ROR1,0.005928994415039972
NFIA,SYPL2,0.0059269115162564
FOXO6,PSMB2,0.005925959277155471
GLIS1,SRSF11,0.005922377884086776
POU3F1,ANGPTL3,0.005921173076588715
GLIS1,ZC3H12A,0.005920712158525994
FOXO6,LINC01786,0.005917580790829523
TFAP2E,NEGR1,0.005908679481394586
HES2,ZFP69B,0.005908407332699874
FOXO6,HFM1,0.005907828175257911
TP73,UBE4B,0.005904036331513627
GLIS1,ZBTB17,0.005895397161298154
HES2,PDIK1L,0.005894199108173642
GLIS1,C1orf52,0.005893625919720011
E2F2,FYB2,0.005891966304046522
TAL1,TMEM222,0.005884656386407413
ALX3,ORC1,0.005884370667368298
GLIS1,POMGNT1,0.005875316254649476
GLIS1,LEPR,0.005873854990897858
GLIS1,WDR77,0.005873401706954517
ZNF683,ZBTB8A,0.0058681945163945775
POU3F1,CLIC4,0.005863991334660457
TFAP2E,F3,0.0058567646509638995
ALX3,EBNA1BP2,0.005854048183308926
PAX7,LRIF1,0.0058466396936943926
PAX7,DOCK7,0.005846022561556756
TFAP2E,VWA1,0.005845783774206949
FOXD2,FNBP1L,0.005844117118022467
ALX3,ZNF436,0.005833160258022868
GLIS1,CDC42-AS1,0.005829684626687049
FOXO6,KLHL17,0.005826558632783466
FOXO6,TNFRSF4,0.005826491578495211
TP73,BCAR3,0.005820465170996277
E2F2,GPR157,0.005817335700423139
FOXD2,NPHP4,0.0058170582224119595
GLIS1,MTF2,0.005816598369160921
ID3,SYT6,0.0058108592145530566
ZNF684,PRKAA2,0.0058069503081622665
ZNF684,ALPL,0.005802272445593849
E2F2,TRNP1,0.005792929106769721
POU3F1,MOB3C,0.00579197842358386
POU3F1,CPTP,0.00579037138530843
GLIS1,PSMB2,0.005790163004448645
ZNF691,LPAR3,0.005780729157848538
TFAP2E,LCK,0.005772614470827921
PRDM16,ZBTB40,0.005768294426645821
PAX7,FAAH,0.005762995826965065
FOXD2,EIF2B3,0.005761581065779984
GLIS1,UBXN11,0.00575476339448686
ZNF683,PRDM16,0.005754390174906234
E2F2,LINC01748,0.005753803740566035
TP73,LINC01409,0.005748480344575783
ID3,ADORA3,0.005744451624937217
GLIS1,CEPT1,0.00574223816857937
TFAP2E,ARHGEF19,0.005741470567625365
FOXO6,COL16A1,0.005736472937449101
FOXO6,LINC01356,0.0057329344506362075
PAX7,CLSTN1,0.005731259568249546
FOXD2,ZC3H12A,0.005730021857831184
FOXD2,PEX10,0.005725767947408792
ZNF684,PLPPR4,0.005724827349851299
ZNF683,LINC02777,0.005724791747313785
PRDM16,HP1BP3,0.005722378339190894
HES2,SNX7,0.005718649899442811
ZNF683,MYOM3,0.005717684226537392
POU3F1,MATN1-AS1,0.005716409181331598
NFIA,CCDC163,0.005713670598102686
FOXD2,RBM15-AS1,0.005713219014003701
FOXO6,GFI1,0.005705729657319919
FOXO6,OPRD1,0.005701331682444085
TP73,CAPZA1,0.005700205808085236
POU3F1,LINC01685,0.005699732333994687
MTF1,CLSPN,0.005694655869063884
TP73,ZNF436,0.005693172635581576
PAX7,CTH,0.00568338588144857
ZNF684,LDLRAD2,0.0056817308376031425
TP73,LRRC42,0.005680839951536326
FOXD2,THAP3,0.005679918458940599
ZNF691,ABCA4,0.005679303419798127
PAX7,PRPF38A,0.005674183758300861
ZNF684,SYT6,0.005673426272147307
POU3F1,DCDC2B,0.005668455426350472
ALX3,COA7,0.005667621025048673
ID3,LRRC38,0.005665469806494261
TP73,LDLRAP1,0.0056637982721088964
MTF1,SLC2A5,0.005652803399729411
GFI1,MAB21L3,0.005648847495765677
ZNF691,MYOM3,0.00564689673708298
POU3F1,SLC35D1,0.005643251038484737
HES2,EFCAB7,0.005633063404260685
FOXD2,CDC42-AS1,0.005632423774009613
TFAP2E,WNT4,0.005628896530246382
FOXD2,CAMTA1-DT,0.005625702199629463
TAL1,JAK1,0.005622819496278327
E2F2,CFAP74,0.005622001564844343
FOXO6,CDK11A,0.005615706933654181
HES2,SAMD13,0.005612358620382481
GFI1,SLC2A7,0.005603096552187101
HES2,CCDC24,0.005600741515530251
TP73,EFCAB7,0.005594990636765445
FOXO6,LINC01781,0.005581161497628002
TAL1,GNL2,0.005580732862292924
TFAP2E,TLCD4,0.005576244726858226
GMEB1,PLA2G2F,0.005574493499122091
PRDM16,MFSD14A,0.005568281814890323
ALX3,TRNAU1AP,0.005566063224236677
POU3F1,LPAR3,0.00556132566734084
ZNF683,HFM1,0.0055543158706729346
GLIS1,PTAFR,0.005552368331611867
HES4,LINC01677,0.005545727202089993
HES2,CTTNBP2NL,0.005539325184459043
ALX3,ZNF593,0.005534266437111738
FOXD2,CAMTA1,0.00553253225927959
ZNF691,RSRP1,0.005520192074354102
ZNF684,GBP6,0.005501104136051777
ZNF683,LINC01635,0.005497895589088608
E2F2,CCDC27,0.0054928561062212045
E2F2,NKAIN1,0.0054823076887644834
FOXD2,RHD,0.005480686399591633
GFI1,SLC44A3,0.005476595414306046
PRDM16,SPEN,0.005475463591871365
FOXO6,TEX46,0.0054741355656915125
GLIS1,CFAP57,0.005472762687958222
ALX3,HOOK1,0.00546734345680115
TAL1,NADK,0.005465280018099841
ZNF684,LURAP1,0.005460415876904683
GLIS1,DPYD,0.005458711696239312
FOXD2,LINC02811,0.005453917283710001
HES2,HPDL,0.005446539755518143
TP73,ST7L,0.005443337762365931
TAL1,FGR,0.005442604288749814
GFI1,KCND3,0.005434359849749901
GFI1,KIF17,0.005434056521188005
E2F2,RAP1GAP,0.005433368599862988
POU3F1,PABPC4-AS1,0.0054262059536120824
HES2,CDC42,0.005425463707650861
FOXD2,CDA,0.005424335022237841
ZNF691,SDC3,0.005420596547844872
TP73,RIMKLA,0.005418139286708923
HES2,CFAP57,0.005413379483398024
TFAP2E,PADI6,0.005413180914461265
ID3,ZBTB8B,0.005411306577492437
FOXD2,RERE-AS1,0.005405953687646598
GLIS1,AGO4,0.005393189614049531
ZNF691,TTLL10,0.005392159530747038
FOXD2,CFAP57,0.005389256223734903
ZNF684,CDCA8,0.0053868226123821115
ZNF691,SASS6,0.005385349215691241
HES2,SMIM1,0.005383454786873343
HES2,ANGPTL7,0.005376317673569693
TAL1,TRNAU1AP,0.005374822552946598
FOXD2,PADI4,0.00537478852673375
ZNF683,CNKSR1,0.005372989941909412
TP73,CASZ1,0.00537159878744249
HES2,SLFNL1,0.005369556187562689
GLIS1,SMAP2,0.005368409579559836
ZNF684,KIF17,0.005366897110214445
FOXO6,SLFNL1,0.005365647803134731
POU3F1,MFSD2A,0.005349976365916349
TFAP2E,HNRNPR,0.005347805760464395
ZNF691,LINC02812,0.005334977866328774
GFI1,TAF13,0.005331783257606646
TAL1,SMPDL3B,0.005331301777402763
FOXD2,SMAP2,0.005325106535430114
GLIS1,CHI3L2,0.0053248780230542156
PAX7,LINC01708,0.005323914572552377
ID3,CAP1,0.005318548966063471
TP73,OSBPL9,0.005317287427156618
PRDM16,NRDC,0.005312547988072087
FOXO6,LINC01562,0.005311907401988522
FOXD2,HP1BP3,0.005305684017720613
PAX7,HYI,0.005298341213733728
ALX3,NCDN,0.005294939903625735
ZNF683,TRIM45,0.005293725093633096
TP73,GMEB1,0.00529016577985018
GLIS1,KTI12,0.005288921182722731
ALX3,SH3BGRL3,0.005283938313613602
FOXD2,MYCBP,0.005275935160050616
FOXO6,ABCA4,0.00527457323658418
FOXD2,ZNF644,0.005271124127836036
GFI1,F3,0.005269152418187354
GLIS1,KCNA3,0.005262915369459244
ZNF691,LINC01672,0.0052579451354400316
TFAP2E,C1orf127,0.0052548919483709705
TP73,CTNNBIP1,0.005246965473219244
ALX3,TCEANC2,0.005245088289174054
GFI1,RIMKLA,0.005238365358869022
TP73,SLC25A24,0.005230827030677132
TAL1,MOB3C,0.00522344104163931
TP73,DMAP1,0.0052229791438262035
E2F2,ZYG11A,0.005219933851706701
ZNF683,CCDC27,0.005218952612978869
FOXO6,SDC3,0.005215729378981562
HES2,TXNDC12,0.005212071027698843
ALX3,MACF1,0.005210594634507105
NFYC,CYP4A22-AS1,0.005210478805194622
ZNF691,FAM167B,0.0052065641645647545
ID3,KCNAB2,0.005205863436301621
PAX7,MSH4,0.00519746450240814
POU3F1,CCDC17,0.005197426004305446
FOXD2,CTH,0.005175437803631947
FOXD2,RCAN3,0.0051738038644315
ZNF691,SLC66A1,0.005166938211785172
PAX7,UQCRH,0.005159868512813873
E2F2,HTR6,0.005157526424016594
ZNF691,DISP3,0.005146604021531866
HES4,SLC2A7,0.005139916136666438
POU3F1,EMC1-AS1,0.005139689470626302
E2F2,SLC22A15,0.005138644470907327
ZNF684,SLC2A7,0.005134634926188778
POU3F1,CHD5,0.005127483882513376
GLIS1,NMNAT1,0.005123775749720312
ZNF691,EPHA2,0.005121959082009351
GFI1,MANEAL,0.005121616287133821
POU3F1,HTR6,0.005120206534663755
GFI1,TMCO2,0.005118870869426147
TFAP2E,CSDE1,0.005115640591641939
TP73,SYTL1,0.005114756436471955
ZNF684,LCK,0.005114220241667366
POU3F1,TMEM51-AS1,0.0051114040314377916
POU3F1,GRHL3,0.005110989070438202
E2F2,LINC01141,0.005110464012635185
HES4,C1QC,0.005103518233148797
HIVEP3,SLC2A5,0.0050895813180455735
GLIS1,CDA,0.005088127495646085
PAX7,LRP8,0.0050832596183408
GLIS1,WLS,0.005081739367601295
ZNF691,ZNF684,0.0050815061191378475
ALX3,MTF1,0.00507600304944658
E2F2,LINC01676,0.005069844540644696
HES2,AKR7A3,0.00506577861975052
PAX7,EXO5,0.005053723670969641
ZNF683,PLA2G2C,0.0050514396518261265
ZNF691,LIN28A,0.00505059522196362
FOXD2,EBNA1BP2,0.005045749073154822
HES2,SLC16A4,0.005045357737457742
PRDM16,SSU72,0.005044159621346513
POU3F1,OPRD1,0.0050430198476396956
E2F2,PTPRF,0.005041376276423305
GLIS1,WASF2,0.005030369777955938
HES2,SPSB1,0.005025681014862613
GLIS1,PTP4A2,0.005023707529588714
HES2,LINC01141,0.005021507305853552
TP73,PLK3,0.005019769703611853
NFIA,C1QB,0.005019149450647437
PAX7,FNBP1L,0.00501742843607415
ZNF684,LINC01739,0.005017235416202757
GLIS1,NPPA,0.005016612760500592
E2F2,F3,0.005014730308875579
ZNF684,IGSF21,0.005001766718451554
TFAP2E,RAP1GAP,0.004998555634398005
POU3F1,LINC01389,0.004993256770794521
GFI1,ARHGEF19,0.004990921827922182
PAX7,LRRC41,0.00498989158769596
FOXD2,MED18,0.004989226345751638
FOXD2,AHDC1,0.004981646312084642
HES2,B3GALT6,0.004981513199637482
PAX7,TOE1,0.004974908599369277
HES2,LINC01562,0.004974764682959315
TAL1,C1orf159,0.004967086425771377
HES2,CSF1,0.0049637858557621565
TP73,CLCA1,0.004963329446884342
MTF1,CORT,0.004944287737700421
GFI1,PLA2G2D,0.00494214690364014
TAL1,ZCCHC17,0.0049388713061843306
TAL1,UROD,0.004936752160325121
TP73,ZDHHC18,0.004934238495012625
TFAP2E,LINC01768,0.0049272264529484616
FOXO6,UQCRHL,0.004923742067919919
TAL1,GBP2,0.004916310765247122
ZNF691,DCLRE1B,0.004913080829074702
POU3F1,ABCD3,0.00490574646777962
GLIS1,HIPK1,0.004890386773549389
ALX3,MYCBP,0.004890083312122266
FOXO6,CLCA1,0.0048864528304570784
GFI1,PADI6,0.004884195612926434
FOXO6,PPIH,0.004883898124907576
PAX7,SRSF4,0.004881396762928681
TFAP2E,NGF-AS1,0.00487007324638664
GFI1,EFCAB14-AS1,0.004867732425116948
PRDM16,S100PBP,0.004864667410226803
TAL1,DDOST,0.004860992694431147
PAX7,SLC44A3,0.004860712709671968
TP73,DPYD,0.004859781086116635
HES4,MYBPHL,0.00485958499656304
HES2,ATP6V0B,0.004858276791468545
ZNF683,CLCA4-AS1,0.004855114356706069
PAX7,ZSCAN20,0.00485440765285842
HES2,TMEM269,0.004853452886290393
E2F2,PTGER3,0.0048463090476766595
GLIS1,RHD,0.0048438952934228025
PRDM16,GPBP1L1,0.004839373246855491
E2F2,PODN,0.004836991063163534
TFAP2E,IGSF3,0.004825265615093388
E2F2,AUNIP,0.004823619690083077
ALX3,FAAH,0.004818032107453319
TP73,ACAP3,0.0048155599415777295
TFAP2E,MASP2,0.004815142285210062
PAX7,RNF220,0.004812793816958384
POU3F1,SLC66A1,0.004810964270695159
E2F2,MPL,0.0048089740846996385
FOXO6,SERINC2,0.004806238085344521
TAL1,THRAP3,0.004791252152330753
TP73,ZNF593,0.00479124086822026
E2F2,EPHA10,0.004782381675283334
PAX7,BCL2L15,0.00477246089901706
ZNF691,ASAP3,0.004769926848188631
HES4,ROR1-AS1,0.0047687796480439994
E2F2,LINC01140,0.004765164760506905
PAX7,KIAA2013,0.004764672400679521
ZNF691,LINC01134,0.004764258344013791
FOXD2,TTC34,0.0047571572495284
TP73,JUN,0.004757033598892575
ZNF691,LINC01562,0.0047523739056544514
ZNF684,CYP4A22-AS1,0.004746165636227587
NFIA,STIL,0.004741259815274236
FOXD2,ZMYM4,0.004739323591606974
GFI1,PAX7,0.0047391711033147755
FOXO6,ESPN,0.004729139563531858
FOXD2,TMEM269,0.004728260716089718
ALX3,ATP6V0B,0.00472651463400683
FOXO6,TNNI3K,0.004719520663539682
ALX3,LINC01762,0.004718588194785801
ZNF691,INKA2-AS1,0.004718102823896781
ALX3,PDIK1L,0.004711693711033228
HES4,C1orf127,0.004704886585812836
GLIS1,ZYG11B,0.004697576475201112
FOXO6,LINC01160,0.004696293546835421
HES2,LINC01772,0.004693596186647339
POU3F1,LINC01562,0.0046862913874586975
POU3F1,CDC7,0.0046836079610316755
E2F2,TSPAN1,0.004682011870756896
HES2,MXRA8,0.004671375500074834
ZNF684,FNDC10,0.004668696549761056
FOXO6,HTR6,0.004665368329584549
ALX3,HENMT1,0.0046615499852444295
TAL1,EVI5,0.00465703949284625
E2F2,WNT4,0.0046497930435573966
HES2,FAAH,0.004648398049120525
FOXD2,GSTM4,0.004648100314402957
POU3F1,EPHB2,0.004642475333981999
ZNF691,C1QTNF12,0.004641436108159225
TAL1,LZIC,0.004640354210518995
PAX7,FGGY,0.004635128396787679
FOXO6,SLC6A9,0.004631276234708241
FOXD2,SLC2A1,0.004628578007836374
TP73,ZMYM4-AS1,0.004626090921893909
POU3F1,FYB2,0.0046235582229791254
TFAP2E,AUNIP,0.004616208048683893
HES4,MAB21L3,0.004609515812193525
PAX7,CLIC4,0.004603131827845358
GLIS1,TRIT1,0.004595299991274783
TP73,AGO4,0.004589314914009341
PRDM16,THRAP3,0.004572586018440214
ID3,NGF-AS1,0.004560350447615288
POU3F1,LINC01635,0.004559710371712721
GFI1,GJA9,0.004557959302851843
ALX3,ZMPSTE24,0.004550225706859329
ZNF683,ZNF436-AS1,0.0045469379103411185
FOXO6,KIF2C,0.004546111414203363
ZNF683,CLCA1,0.004541695599615429
POU3F1,PLEKHN1,0.004537881575502431
FOXD2,SDHB,0.0045346204618371515
GFI1,LDLRAD2,0.0045324043596504365
ZNF683,BEND5,0.00451719084308002
ALX3,GNL2,0.004512922075812403
HES2,CLCA1,0.004510377106627616
FOXO6,OVGP1,0.004509145621539955
TFAP2E,RPL11,0.004507942652485128
ALX3,PINK1-AS,0.004499199226965825
TFAP2E,GJA9,0.004498355425742136
FOXO6,EMC1-AS1,0.00449384564996407
TFAP2E,NEXN-AS1,0.004485755543245136
GFI1,MIR34AHG,0.004485158626122529
TP73,KDF1,0.004483388731306765
GFI1,TMEM200B,0.004478452032049854
FOXO6,MMP23B,0.004465318881076542
ZNF691,KDM4A,0.004459802532336138
TP73,RNF19B,0.004457146922176301
FOXO6,PHF13,0.004456620811850871
TFAP2E,SLC2A5,0.004456403614395502
GFI1,LNCTAM34A,0.0044506579928236065
HES2,TNFRSF14-AS1,0.004449004194106551
HES2,OSCP1,0.004437169300316347
ALX3,LINC01739,0.0044328590846654855
GFI1,GBP6,0.004430396153930229
HES2,FAM229A,0.0044265359502218965
ID3,POU3F1,0.004422904061089546
ZNF691,SLC25A24,0.004416813437140252
GLIS1,NFYC,0.004405250822643767
GLIS1,HES4,0.004402085920500745
PAX7,FHL3,0.004391374910741578
ZNF684,E2F2,0.004390288165919223
ID3,ARHGAP29-AS1,0.004386594891693432
HES2,DCDC2B,0.004382150903001709
PAX7,TMEM51,0.004381934051425371
HES4,SLC30A2,0.004379620834385584
PRDM16,ZMYM6,0.00437877542257875
E2F2,GABRD,0.004378395328047617
POU3F1,MSH4,0.004375275616863004
PAX7,TESK2,0.0043694903179618775
GLIS1,CTBS,0.004368677425051277
PAX7,CELA3A,0.004363021597568569
FOXO6,PABPC4,0.0043623632364608875
FOXD2,BTBD19,0.004356201804884808
HES2,FUCA1,0.004355682913907779
ZNF684,CYP4B1,0.004351436606913672
FOXO6,DHCR24,0.004348822056648378
POU3F1,FBLIM1,0.004347513066443695
PAX7,WRAP73,0.0043401628656308125
FOXO6,KCNC4,0.0043393461530310765
POU3F1,PAQR7,0.00433933993257172
FOXO6,YBX1,0.004338130802342112
TP73,PRPF38A,0.00433516105471996
POU3F1,MMACHC,0.004334559942771932
FOXO6,LINC01134,0.0043339646551617626
POU3F1,GALE,0.004332806909376223
TFAP2E,COL9A2,0.004329755385887162
HES2,CZIB,0.004329017231869957
FOXO6,RAVER2,0.00432646305213889
E2F2,CELSR2,0.004320981615981157
FOXO6,PLEKHG5,0.00432011528983625
FOXD2,LINC01762,0.004317873021578902
ALX3,SIKE1,0.004314974717308361
HES4,BEND5,0.004313554825541785
TP73,GALE,0.004311450464684397
PAX7,PLCH2,0.004308793605008523
TP73,TTLL7,0.00430518719563864
TP73,CHI3L2,0.004299178574480173
FOXO6,NBL1,0.0042969484403393874
FOXO6,ENO1-AS1,0.004295175721918519
TFAP2E,FAM87B,0.004278123235754997
E2F2,PLA2G2C,0.00427556179355166
TAL1,TNFRSF9,0.004275364534332514
POU3F1,PLOD1,0.004273901506045746
ZNF683,DNASE2B,0.0042727513910661395
ZNF684,ADORA3,0.004268198190924807
PRDM16,GTF2B,0.004258074505041868
POU3F1,PIK3R3,0.004251956416996304
FOXD2,TMEM234,0.004242489437081927
POU3F1,KIF2C,0.004240059487222736
ZNF691,TMCO2,0.0042273607985924095
E2F2,LINC01707,0.004227347091222766
GFI1,BTBD8,0.004225559916904882
FOXO6,PTGFRN,0.004225372107943704
FOXD2,LINC01389,0.0042161221146929185
FOXO6,WNT2B,0.004208868765796215
TAL1,SPATA6,0.0042048245322136215
ALX3,TMEM167B,0.004202128321668263
ID3,OLFM3,0.00419793278832145
ZNF683,PLEKHG5,0.004195972633587509
TP73,LINC02777,0.004189954876392596
FOXO6,BSND,0.004189803617244164
ZNF691,PLA2G5,0.004181103576777371
HES2,PPM1J,0.004175759386436859
ZNF683,LNCTAM34A,0.004175255162457497
ALX3,PHC2,0.004174238108748744
FOXO6,LINC01307,0.004172688578220836
POU3F1,MYBPHL,0.004171313105497114
TP73,KCNA3,0.004169871692581674
TP73,MMEL1,0.004167421565602463
FOXO6,LINC01707,0.004161113937893685
TP73,SESN2,0.004160974987068493
TFAP2E,HES2,0.004154755567284876
ZNF691,GADD45A,0.004154025359137151
ZNF683,RSPO1,0.004134976901323353
ZNF683,RAD54L,0.004129096037611775
GLIS1,TXNDC12,0.0041276951983960485
FOXO6,TMEM51-AS1,0.004120784315920439
TP73,BTBD19,0.0041201628513348595
PAX7,MED8,0.004117417994602185
ZNF691,COL8A2,0.004116876853648106
POU3F1,VWA5B1,0.0041159072851139275
GLIS1,SLC25A24,0.004112634900485525
HES2,DLEU2L,0.004112222750616387
ZNF691,LINC01739,0.004106950993211107
POU3F1,COL16A1,0.004106749520435472
ALX3,JAK1,0.004105734804754752
HES2,DLGAP3,0.00410284484613351
GFI1,CEP85,0.004100450212047786
ZNF684,SLC30A2,0.004099304590907757
ZNF691,CHD5,0.004098734358461267
HES2,LINC01709,0.00409547442066173
GLIS1,EFCAB7,0.0040944053542827695
FOXO6,FAM41C,0.004092033087271185
HES2,A3GALT2,0.004082091407650006
PRDM16,HIPK1,0.004080525267417761
PRDM16,MICOS10,0.004079068275940873
FOXO6,FAM167B,0.004077632648118157
PAX7,MMP23B,0.004077259438030253
ZNF691,PLPPR5,0.004077184614933515
FOXO6,FYB2,0.004070396652372429
TP73,DLGAP3,0.004068223577145429
FOXD2,LRRC39,0.004061960232530488
FOXD2,LRRC41,0.004057603008914448
ALX3,LINC01128,0.004055910746424577
TFAP2E,RAD54L,0.004055522508982601
ZNF691,SYCP1,0.004049689973730668
GLIS1,TMEM167B,0.004046710503527606
ZNF684,ZBTB8B,0.004044889077354466
HES2,RHCE,0.004043075644106282
FOXO6,LINC02607,0.00404239154192861
E2F2,LINC01772,0.004038043490993796
GLIS1,FGR,0.004034537985144194
GFI1,TMEM50A,0.004031496165542411
E2F2,CSF3R,0.004030670863842366
E2F2,LNCTAM34A,0.004028761824337052
FOXD2,TTC22,0.00402488706670626
FOXO6,ZYG11A,0.00402456456484987
E2F2,LINC01739,0.00402313326980842
POU3F1,ABCA4,0.0040211070961789115
TP73,NIPAL3,0.004020575451413763
NFIA,MORN1,0.0040190240713794114
PAX7,PLK3,0.004018919516281706
GFI1,LINC01788,0.0040185585965287025
TFAP2E,RPS8,0.004015786951812107
PAX7,YRDC,0.004008501119319817
GLIS1,SLC44A5,0.00400534882500188
ZNF684,TP73,0.004004829971042211
FOXO6,COL8A2,0.004002126931770306
TFAP2E,SH3D21,0.0039921491018176615
E2F2,HYI-AS1,0.0039896696939564795
PRDM16,MAP7D1,0.003989439394536288
TP73,CENPS,0.0039829554970845496
FOXO6,HSPG2,0.003980136557890335
FOXD2,LEPR,0.003979508465754319
TFAP2E,MAB21L3,0.003972606323937521
ZNF684,PLA2G5,0.0039703594036946165
ZNF684,CCDC163,0.0039678074179240325
POU3F1,OVGP1,0.003964328922614466
TFAP2E,E2F2,0.0039621499090527175
ALX3,FGR,0.00395611971505117
E2F2,PAX7,0.003955923906701438
TFAP2E,PLA2G2D,0.0039539821254130905
E2F2,SLC44A3,0.0039467049332565654
GLIS1,BCL10,0.0039454328297195635
ZNF684,KCND3,0.00394201595195577
TP73,FOXD3-AS1,0.00393393563677915
POU3F1,TTLL10,0.003933476736530657
ZNF683,ZYG11A,0.0039317526894294755
FOXO6,AKR7A3,0.003930641883076527
PAX7,RERE-AS1,0.00392796136218219
ALX3,USP24,0.003917870192220838
POU3F1,MYOM3,0.0039161578242254864
FOXO6,DISP3,0.003915765563778031
POU3F1,SNX7,0.003913040481604043
TFAP2E,ALPL,0.003911556960708049
FOXD2,AGMAT,0.003909263921159113
TP73,PDPN,0.0039069569087965125
HES2,AGBL4,0.003906872579461671
E2F2,NBL1,0.0039059792777240408
FOXD2,LINC01765,0.0039056795012524115
TFAP2E,HPDL,0.0039046114901950184
PAX7,ZNF362,0.0038936958136490214
HES2,SLC66A1,0.0038862985994897975
HES2,SLC5A9,0.003883254960896306
TFAP2E,ARHGAP29,0.0038706313091942963
ALX3,CASP9,0.0038698266958665643
ZNF691,DAB1-AS1,0.0038651904458407854
TFAP2E,EPHA2,0.0038640034770014123
FOXD2,MCOLN2,0.003860700288032097
TP73,RPL22,0.003858928559361593
HES2,OVGP1,0.0038520069124701795
POU3F1,AJAP1,0.0038493977629637903
FOXD2,RUNX3,0.0038490079505459824
POU3F1,AGRN,0.0038461287773578225
PRDM16,EMC1-AS1,0.0038457634123782837
FOXD2,LINC01307,0.00384401107989463
E2F2,CELA3B,0.003842814827794018
FOXO6,RHBDL2,0.0038410886805138322
HES2,CSF3R,0.003840774081165799
E2F2,OLFML3,0.003840347763612288
ZNF684,LINC01788,0.0038380162583700975
GLIS1,CITED4,0.003836043514945911
FOXD2,PLOD1,0.003833122336977453
ZNF683,HCRTR1,0.0038328535327352936
GLIS1,TTC4,0.003831741644301208
PAX7,GFI1,0.003828354528549513
PRDM16,CEPT1,0.003824945649385311
ALX3,DOCK7,0.003824061372334086
ZNF691,LINC01708,0.003823884381383625
E2F2,KIF17,0.0038223156086628
ID3,SGIP1,0.003807363910474627
FOXO6,CLIC4,0.0038058810817065184
ID3,TNNI3K,0.0038012679726316914
HIVEP3,AMPD1,0.0038001339559933568
E2F2,GJA9,0.0037946834896779367
TFAP2E,SLC45A1,0.0037935245482457886
E2F2,LINC01364,0.0037932782230603234
TP73,LIN28A,0.0037924048074702023
ZNF691,AMPD1,0.0037912220831415842
ZNF683,LDLRAD2,0.0037907373922776194
E2F2,TENT5B,0.003789209093589511
ZNF691,GRHL3,0.003788285859022109
FOXO6,GADD45A,0.0037853508053685846
TP73,LINC01772,0.0037736785439948534
FOXD2,CRYBG2,0.003773460416389269
HES2,IGSF21,0.003767403676674805
GLIS1,SLC9A1,0.0037614711736867717
ALX3,UBXN10,0.003756446073000389
E2F2,NCMAP,0.003755618865945701
TP73,NPPA,0.0037475007317703006
ID3,DCLRE1B,0.0037452054254146624
E2F2,LINC02609,0.003739935861308705
GLIS1,NADK,0.0037390473164575695
ZNF691,CSMD2-AS1,0.0037338657245895674
FOXD2,CAP1,0.003733361290919386
TFAP2E,EPHX4,0.003729432067273693
FOXD2,RPL22,0.0037232247463035674
ZNF684,MRPS15,0.003715997822512663
TAL1,SRRM1,0.003706975823063492
ZNF691,PPCS,0.003706142584388484
TFAP2E,GBP6,0.0037039975514680037
PRDM16,EYA3,0.003702645729790571
GFI1,MYCBP,0.00370217510512233
FOXO6,DPYD-IT1,0.0037021058395543633
FOXO6,SAMD11,0.0036943894384309315
E2F2,EPHX4,0.003692991017201771
GLIS1,RCAN3,0.0036923961745399534
FOXO6,TMIGD3,0.0036856628071064374
HES2,AKR7A2,0.0036852298762739336
TP73,KDM4A-AS1,0.003678226296144102
PAX7,VPS13D,0.003677894364412775
PAX7,TEX46,0.0036736457144749173
ZNF684,RPS8,0.0036675204605555274
ZNF683,LINC01739,0.003664509934490074
TAL1,SIKE1,0.0036632718805623596
ID3,SPOCD1,0.0036627583958877136
HES2,PLEKHN1,0.0036613372476344483
TFAP2E,GBP4,0.0036593043735430346
PAX7,NSUN4,0.0036587713216789343
E2F2,UBE2U,0.0036522526148421585
ALX3,TMEM53,0.003652234824355454
TP73,CHD5,0.0036507390057796785
ZNF684,OLFML3,0.0036497750804875906
FOXD2,STX12,0.003649125799268921
ZNF691,CELA2B,0.003644862599537031
ZNF683,TSPAN1,0.0036441870418537745
PAX7,TNNI3K,0.0036275618362061664
PAX7,FAM76A,0.0036256587449680524
TAL1,MATN1-AS1,0.0036225466630362435
GLIS1,CYB5RL,0.0036207097179994856
HES4,GBP6,0.0036194283952262654
E2F2,NEXN-AS1,0.0036186942221484416
PAX7,TNFRSF14-AS1,0.0036087195733826073
ZNF684,ELAVL4,0.003601402112209244
ZNF683,CDCA8,0.003600768332468834
GLIS1,EFCAB14-AS1,0.003598709430665763
HES2,EPHB2,0.0035964973899466754
MTF1,PLA2G2F,0.003589626655001201
ZNF691,HMGCL,0.003589138437569182
PAX7,ST6GALNAC3,0.003586774173540059
TP73,BCL10,0.003585253732640879
TP73,LINC02801,0.003581472977665232
PAX7,EBNA1BP2,0.0035783270591714083
ID3,GNG5,0.003577363870055181
FOXO6,MFN2,0.0035761720173824382
PAX7,DMAP1,0.0035745559567088706
TP73,TTC39A,0.003564690180263921
PAX7,SASS6,0.0035615893678458918
FOXO6,KHDRBS1,0.0035550063672762115
ALX3,KCNC4,0.0035532868619842506
PAX7,LINC01409,0.003549800297108232
TFAP2E,ZBTB8B,0.0035490371890043284
ZNF684,UBE2U,0.003544401375818213
GLIS1,TNFRSF14-AS1,0.0035404910690297717
POU3F1,LINC01226,0.0035394679786989918
TAL1,OSBPL9,0.003537828066790006
FOXO6,LINC01672,0.0035357442761284664
POU3F1,OSCP1,0.003534540392341779
HES2,HYI,0.0035123134717475694
TFAP2E,PLA2G5,0.0035073955134044443
E2F2,KCNA3,0.0035066360271529587
E2F2,KCND3,0.003502506489283777
ZNF683,CNN3,0.0034946069607960117
GFI1,MRPL37,0.0034937293839976398
HES4,LRRC38,0.003491003902288753
ZNF683,FAM151A,0.0034905458340430415
FOXD2,TMEM53,0.0034890450452836697
GFI1,FCN3,0.003487064497225029
FOXO6,CHD5,0.0034868364507019624
POU3F1,LINC00466,0.003483352861689083
FOXD2,WLS,0.003482439821508607
HES2,SERINC2,0.0034771565713741085
ZNF691,PADI6,0.0034743825566659783
ZNF683,LINC01709,0.003471667230574873
TFAP2E,SYPL2,0.0034702714152785993
HES4,LURAP1,0.0034683995789639285
ZNF691,CSMD2,0.003466304695543035
ZNF691,PRDM16,0.003462402380814533
GFI1,ALX3,0.0034599873630224566
TFAP2E,PLPPR4,0.003459577679639528
ZNF683,LINC01562,0.003454038681060614
HES2,ACOT7,0.003453408129681615
TP73,PIK3R3,0.0034489384504063606
PAX7,RBM15,0.0034381195519283003
FOXO6,PDPN,0.0034377926616775854
POU3F1,ZNF691,0.0034317880345671936
ZNF691,BRDT,0.003430928021952673
PAX7,SYT6,0.003430385123880141
PAX7,TIE1,0.0034288598013274465
HES2,BCAR3,0.003428586045278551
POU3F1,HSPG2,0.0034276286041195064
HES2,CYP2J2,0.0034272034936113057
PAX7,NTNG1,0.003409893355973158
TP73,NOL9,0.0034045890363625735
FOXO6,LINC01748,0.0034035733255388355
FOXD2,AHCYL1,0.003403052284800513
ID3,LINC01140,0.003401994245637338
TAL1,PNRC2,0.003400895257510683
POU3F1,ST6GALNAC5,0.003398116721885833
FOXO6,KIAA1522,0.0033953380436909522
FOXO6,PSRC1,0.003391266291691887
FOXO6,CNKSR1,0.0033898569753748058
TFAP2E,C1QTNF12,0.0033871388341576037
ZNF684,SFN,0.003386989401490411
GFI1,MCOLN3,0.0033820788543614654
TP73,LRRC39,0.0033767380808507113
POU3F1,PARS2,0.003376237057879958
FOXO6,GNG12,0.0033742738127539957
TP73,LINC00339,0.0033688477330679214
E2F2,TNFRSF14-AS1,0.0033680451927421817
POU3F1,DNAJB4,0.0033672712144351773
ZNF691,GFI1,0.0033664728726529166
TP73,ADORA3,0.003365528245374732
E2F2,LINC01714,0.003364547295487264
PAX7,LINC01128,0.0033642416677098054
ZNF691,C1orf216,0.0033564268005861577
ZNF683,TTLL7,0.003355927799587232
FOXO6,SLC1A7,0.0033550736591491256
PAX7,ACADM,0.0033540532662834585
FOXD2,NPPA,0.003348937235272334
GFI1,ELAVL4,0.0033488782424767917
GLIS1,NEXN,0.0033453879318174782
ZNF684,TMEM240,0.003341662108838054
FOXD2,PRMT6,0.003340923262809436
HES2,PABPC4-AS1,0.0033332457024408835
TP73,PEX10,0.003328828995051464
FOXD2,SLC1A7,0.00332597652663521
E2F2,C1orf167,0.0033239302719722556
ZNF683,MATN1,0.003319572874083169
TFAP2E,PTGER3,0.003313678501115008
ZNF683,HYI-AS1,0.0033056383558922754
POU3F1,CPLANE2,0.0033021188458036703
GLIS1,CAPZA1,0.0032995527950437685
FOXO6,BRDT,0.003297284619802134
POU3F1,SERINC2,0.0032967989763796695
ZNF691,ZYG11A,0.003291343606892017
HES2,HES4,0.003286647207125321
HES2,LINC01356,0.003282688454950249
GFI1,SLC30A2,0.0032821604213230673
TP73,NMNAT1,0.003280923243767949
TFAP2E,MIR34AHG,0.0032808674249284906
FOXO6,SYCP1,0.0032797549725625736
POU3F1,ZFP69,0.00327845896741207
GLIS1,MARCKSL1,0.0032746495410235733
ZNF683,LINC01707,0.003268372063133159
FOXD2,TNFRSF8,0.0032653828808603693
ZNF691,MICOS10,0.00326532549455778
GLIS1,CTRC,0.003264075805867552
ZNF684,FAAP20,0.0032623380616911284
ZNF691,CELSR2,0.003261296549342151
GLIS1,DIPK1A,0.003260766682066978
GLIS1,AZIN2,0.0032587334486622087
GFI1,LRIG2-DT,0.003258662102142414
PAX7,GBP2,0.0032566517540332358
POU3F1,CNKSR1,0.0032565040652811537
E2F2,SLC2A7,0.003249610077286482
PAX7,RBM15-AS1,0.0032457729467851625
GLIS1,EVI5,0.0032420218737316975
ZNF683,PPM1J,0.0032414224343476866
GFI1,LINC01714,0.003235721321539539
FOXD2,HES4,0.0032239114096664534
ZNF691,SLC30A2,0.0032160871440563518
ZNF684,MAB21L3,0.00321366707815913
ZNF691,RHBDL2,0.003211695272858588
HES2,GSTM1,0.0032108001081883916
ZNF691,COL11A1,0.0032086539842103587
FOXD2,LRRC42,0.0032044892346384107
FOXO6,LINC01355,0.003197870059845534
ID3,LINC01144,0.003197489913680469
PAX7,AMPD2,0.0031960668866886466
ALX3,RBM15,0.0031941656566129664
TP73,COA7,0.0031896397071587107
FOXD2,CSDE1,0.0031831400498050924
FOXO6,CNN3,0.003180421705918764
POU3F1,GFI1,0.003178916062628112
TP73,CTRC,0.003177582106068863
ZNF683,C1orf141,0.0031760436999263594
GFI1,SLC6A17,0.0031753894227971083
GFI1,C1orf185,0.0031731507353201962
PAX7,AP4B1-AS1,0.003172965424965484
PAX7,MMACHC,0.003162092988716381
POU3F1,TNFRSF9,0.003155542008428333
GLIS1,EFHD2,0.0031539305661498194
FOXO6,MROH7,0.0031504836388941545
E2F2,GBP7,0.0031489937971411835
POU3F1,GNG12-AS1,0.0031366585007876068
HES2,TEX46,0.0031354518231605615
TFAP2E,CDC7,0.0031328921895991445
TP73,TTC22,0.0031312609626544747
ALX3,CD2,0.003129559737276686
POU3F1,LINC01307,0.003129456900783716
ALX3,ATP5PB,0.0031228620578935542
TP73,PTAFR,0.0031190581715565286
TFAP2E,CHD5,0.003118116250321408
POU3F1,GPR153,0.003117440997108141
ID3,MIR4422HG,0.00311591914833084
PAX7,PDE4B,0.003109609014324886
FOXD2,TMEM51,0.0031072606322805185
ZNF691,CELA3A,0.003107012692945716
POU3F1,MTOR-AS1,0.003102907238213041
FOXO6,FNDC5,0.0030978349676277026
FOXO6,ISG15,0.003097652132937932
POU3F1,COL8A2,0.003097126549622002
GFI1,GPR61,0.0030926427124373743
HES2,MYBPHL,0.0030912826945836535
ID3,PTPRU,0.003090431160783138
GFI1,OLFM3,0.0030898906759506757
FOXD2,SMIM1,0.003089184446854555
TP73,MOB3C,0.0030878811303604197
FOXO6,LINC01739,0.0030851364736039547
ZNF684,SYPL2,0.003085016901731024
TP73,PUSL1,0.0030768864629117016
POU3F1,SLFNL1,0.003071021563539954
FOXO6,AGO4,0.003070207088244559
POU3F1,FNDC10,0.003069446060925533
PRDM16,ZYG11B,0.003065654422754224
NFIA,PLA2G2F,0.0030606713149846617
GFI1,SFN,0.003059546277514152
GFI1,ROR1-AS1,0.0030576306517860015
ALX3,CLCN6,0.0030573377399498625
PRDM16,TTF2,0.00305217272666038
GFI1,PODN,0.0030503483684029067
FOXD2,SLFNL1,0.0030483177648322896
TAL1,AGO4,0.0030441167621740707
POU3F1,EIF4G3,0.0030370040934297876
PRDM16,MRPL20,0.0030369527581166874
PRDM16,DBT,0.0030302525540925884
HES2,EPHA2,0.003029795774122969
PAX7,ATAD3B,0.003024859345409852
TFAP2E,MCOLN3,0.0030228841733250726
GLIS1,FAM76A,0.0030223488710319508
GLIS1,ODF2L,0.00301885881659468
GFI1,ZMYM4,0.003016585466482347
FOXD2,ARHGAP29,0.0030143527493512777
FOXD2,MYCL,0.00301377590605844
FOXD2,LINC01712,0.0030128026923194533
POU3F1,KIAA1522,0.003012383091697668
PRDM16,EIF4G3,0.0030044057296050183
HES2,CELA2B,0.003001583695602119
MTF1,MIR3659HG,0.0029989402561417587
GLIS1,BCAR3,0.002988695694870429
GFI1,LURAP1,0.0029881391027766695
PRDM16,UBE2J2,0.0029880730464217427
HES4,PTGER3,0.0029699191064130486
PRDM16,STMN1,0.0029638376575875326
E2F2,LINC01160,0.0029633736954813123
HES4,LINC01788,0.002955512866233498
ZNF691,ROR1,0.0029548953188339323
FOXD2,NFYC-AS1,0.002952608055256776
FOXD2,POMGNT1,0.0029464228960097297
ALX3,LINC01356,0.002944235553194248
FOXD2,TFAP2E,0.002940525395048065
FOXO6,GPR153,0.0029374425373481284
HES4,UBE2U,0.002937014569863275
ZNF691,GPR3,0.002935581452832398
HES2,FHAD1,0.0029205281932091092
FOXO6,GRHL3,0.002919991357867675
PRDM16,STK40,0.002919612747754041
TP73,HSPG2,0.002917214812504429
GFI1,OLFML3,0.0029153105526097353
PAX7,LINC01756,0.0029150822836934284
FOXD2,CDC42-IT1,0.002912972557715155
TFAP2E,ALX3,0.002911181899647039
HES2,LINC01307,0.0029098369439562715
FOXO6,EPS15,0.0029074035158611574
PAX7,NRDC,0.002899195440845548
TFAP2E,LINC01677,0.0028983146663454085
MTF1,IL23R,0.0028935925492540233
FOXO6,ENO1,0.0028893713871835243
GLIS1,FYB2,0.002880197591405583
ZNF691,NKAIN1,0.0028787395571892834
ALX3,FOXJ3,0.0028738141681758653
GLIS1,RBMXL1,0.0028735195869620846
FOXO6,SCNN1D,0.002872337275724279
TFAP2E,ROR1-AS1,0.002872149522378185
FOXD2,WASF2,0.0028674111871995725
TAL1,CCDC18-AS1,0.002864941920474988
ZNF691,RERE,0.002864831973212888
TP73,TMEM53,0.0028639952448293485
TFAP2E,SLC30A2,0.0028618204845661105
ZNF691,BMP8B,0.0028605351789470525
TP73,SSBP3-AS1,0.002858337126939133
TFAP2E,RIMKLA,0.002855893975746039
ID3,LINC02574,0.0028536844034117975
ALX3,TNFRSF1B,0.0028531969241532636
HES2,CHD5,0.0028509506496588338
POU3F1,CTPS1,0.002850945457232553
HES2,LRRC7,0.002850684968885297
GLIS1,ITGB3BP,0.002841749978993622
E2F2,ELAVL4,0.0028284645588436052
HES2,MMACHC,0.002827989298184667
ZNF683,COL11A1,0.002823574630889703
ZNF691,ISG15,0.0028210724085705433
ZNF691,RIMKLA,0.002817624519550231
FOXO6,DENND2C,0.002816718589541631
HES2,ZSWIM5,0.0028138218898128013
GLIS1,C1orf162,0.0028129231621227078
FOXO6,C1orf146,0.0028117971233465526
ALX3,HIPK1-AS1,0.0028043652503859685
PAX7,CEP85,0.0028035830761108673
ZNF691,C1orf146,0.0027985298790076767
GLIS1,EPHA10,0.002796340454422946
HES4,LINC01358,0.0027951447441546436
FOXD2,PABPC4,0.002786126618905158
ZNF684,TENT5B,0.0027858947865228413
TP73,LINC01307,0.0027839781845586187
ALX3,ACOT7,0.002782658666999278
E2F2,SLC30A2,0.002778063407766182
FOXD2,IFI6,0.002774845923586876
TAL1,MTOR,0.002772905257690743
GFI1,VWA1,0.0027702519123370367
PAX7,ZC3H12A,0.0027692036662116067
ZNF691,LINC01358,0.0027679119313283726
GLIS1,DPH5,0.0027643555287138405
POU3F1,C1QTNF12,0.0027604956529320773
GLIS1,RBP7,0.0027595514791782004
ZNF691,LINC01676,0.0027574195618990465
FOXD2,RHCE,0.0027516447895579964
TFAP2E,LINC02810,0.002751138440140999
PRDM16,ZCCHC17,0.002750116503726254
HES2,SLC1A7,0.002749119687557918
POU3F1,DISP3,0.002746666091174624
GFI1,IGSF21,0.00274602505521498
ZNF683,LINC01141,0.0027459480880047725
HES2,C1QTNF12,0.0027458172244971537
ZNF684,TRIM63,0.002743885472192571
E2F2,KCNQ4,0.0027403761989557036
TP73,LINC01707,0.0027388567770182354
FOXD2,DNAJB4,0.0027357236846061524
ZNF683,INKA2-AS1,0.0027332435854441413
ZNF691,ATAD3C,0.002732482891962379
HES2,MUTYH,0.0027290584127214737
TFAP2E,LINC01144,0.002726021386155397
ZNF684,LINC01714,0.0027241031712508332
GFI1,C1orf127,0.0027239018038813356
HES2,LINC02795,0.002722618224162896
FOXO6,ZNF326,0.0027224882410470577
FOXO6,SLC2A7,0.0027095678570896765
FOXD2,KAZN,0.002704186529705122
E2F2,VWA1,0.0026989271711987026
FOXD2,GALE,0.0026966820489969993
HES2,SFPQ,0.0026953454998835755
POU3F1,PLPPR5,0.0026941032236839097
POU3F1,NTNG1,0.00269382000393736
FOXO6,TRIM45,0.0026931069249129373
PRDM16,NFIA,0.0026904355866710764
E2F2,FAM87B,0.0026866408272690533
GLIS1,ZMYM1,0.0026844698356922304
YBX1,LINC02238,0.0026836019621377947
TP73,RNF207,0.0026798419500881367
TAL1,CD52,0.0026797057357867537
GFI1,PTGFR,0.0026791439744079416
TP73,THAP3,0.0026786242006275086
FOXD2,MAP3K6,0.0026785099836170506
E2F2,PADI6,0.002676425493438951
ZNF691,KTI12,0.002675796902883947
FOXO6,PRDX1,0.0026675512282360496
ID3,CLSPN,0.0026639275328003546
GLIS1,SSX2IP,0.002663858261969898
HES2,MMEL1,0.002662800105216709
E2F2,SLC6A17,0.002661740936585747
HES2,CELA3B,0.0026616440648265915
FOXO6,MRPS15,0.0026517685398848717
POU3F1,NKAIN1,0.002650772100212337
TP73,WDR77,0.0026487720845699073
PRDM16,TMED5,0.002647470340018294
FOXO6,CROCC,0.002642844877718262
ALX3,MFN2,0.0026366010688556466
TP73,AGBL4,0.002636349639768295
ZNF684,FCN3,0.002634366961556522
POU3F1,CELA2B,0.0026296767578649657
POU3F1,LINC02801,0.0026280020398525483
PAX7,IFI6,0.0026261259248364734
FOXD2,CMPK1,0.002625459663951537
POU3F1,AUNIP,0.002624147351187995
POU3F1,LINC02238,0.0026216208272117625
PAX7,CAP1,0.0026209032004276605
E2F2,RAB3B,0.002619596998298523
PAX7,FABP3,0.002619339089224145
ZNF691,SCNN1D,0.0026188206248792868
GLIS1,GPN2,0.0026187560015365915
ID3,CTTNBP2NL,0.0026149749242401457
HES4,ARHGAP29-AS1,0.002614342317749788
TP73,ZMPSTE24,0.0026131170751407242
TAL1,SRSF4,0.0026095105906684415
FOXO6,INKA2-AS1,0.002609158342555954
HES2,PINK1-AS,0.0026085230922732487
ZNF691,YTHDF2,0.002606950077684754
ID3,DENND2C,0.0026065400228376502
POU3F1,CLCA1,0.0026055095471568274
FOXD2,PUSL1,0.002605154556207622
GFI1,TRIM63,0.00260009346800043
ZNF691,TAS1R3,0.002594757475576382
ZNF691,CASQ2,0.002591309508360783
ZNF684,MANEAL,0.0025816314137525557
FOXD2,VWA5B1,0.002576347842398042
ZNF691,GJA9,0.0025760033453687907
TP73,WRAP73,0.0025758603417170437
TFAP2E,STIL,0.0025757620282855455
TFAP2E,FOXD3-AS1,0.0025687164584495825
ZNF691,OPRD1,0.0025686374934623217
ZNF691,GBP7,0.0025667580047909026
TP73,CAMK2N1,0.0025650620132087907
TP73,LINC00115,0.0025604348191802895
TP73,HES2,0.0025597638230281275
POU3F1,LINC02795,0.002553007940346741
E2F2,TIE1,0.0025494630217544763
ZNF691,TSPAN1,0.002547478775863698
HES2,KIAA1522,0.0025442814923463085
PAX7,LINC01748,0.0025406263199923766
POU3F1,ZYG11A,0.002537790472821489
GFI1,PLPPR4,0.0025363528631232985
TP73,LINC01712,0.0025287295034325872
TFAP2E,CCDC27,0.002526642518744541
HES2,MANEAL,0.0025249479417982076
POU3F1,MATN1,0.0025243130441471107
FOXD2,GIPC2,0.0025199145998872088
TP73,ARMH1,0.002517865394672114
FUBP1,DDAH1,0.0025151827812594577
GLIS1,PABPC4-AS1,0.0025109672570221334
ZNF684,EXOSC10-AS1,0.0025106186320551617
GLIS1,SLC16A1,0.002510096651680345
TP73,SYCP1,0.0025079768439048265
FOXD2,FAM229A,0.0025075375547994943
POU3F1,MROH7,0.0025068687724175984
E2F2,LINC01768,0.0025067594557453957
TP73,ARHGEF10L,0.0025057927265223056
PAX7,FOXD2,0.0025041186491670717
ZNF691,VTCN1,0.0025021238554324404
ZNF691,LINC02780,0.0024989314098083967
PAX7,SLC1A7,0.0024948047057893412
FOXO6,PLA2G2C,0.0024947619533177475
GLIS1,ACAP3,0.0024934579458378322
ZNF683,HPDL,0.0024904937313518756
TFAP2E,TSPAN2,0.0024896258336465802
ZNF684,MYCL,0.0024876089306635233
FOXO6,DAB1-AS1,0.0024847427124599264
FOXD2,TMEM51-AS1,0.0024843279818923046
TP73,POMGNT1,0.0024841902310962774
ZNF683,SLC30A2,0.0024841834632476417
FOXO6,NKAIN1,0.002482781458789062
TP73,ADGRL2,0.00248172038713512
ZNF683,ESPN,0.0024770051194970533
GLIS1,LINC02801,0.0024757921855813932
PRDM16,EIF3I,0.0024754334759718756
ZNF683,LINC01768,0.0024740608980303837
FOXD2,SASS6,0.002471715716078974
TP73,GNAT2,0.0024650813151987847
ALX3,PRDM16,0.0024625694610236793
PAX7,LINC02811,0.0024542413604964424
TP73,ELOVL1,0.0024542166486371166
TFAP2E,LINC01714,0.0024539038940580506
NFIA,NASP,0.002446478213265921
POU3F1,SRARP,0.0024461325918548236
ID3,DEPDC1,0.0024452789541717884
PAX7,RLF,0.0024425603480195766
FOXD2,TMEM201,0.002438959240754946
FOXD2,DLEU2L,0.0024349863222239672
E2F2,CCDC163,0.002432297593024648
FOXD2,KCNA2,0.0024321759885911555
FOXO6,AUNIP,0.0024300187531431055
TP73,KCNQ4,0.002425563385680357
TP73,MORN1,0.002422724533086944
ZNF683,CSMD2-AS1,0.0024208591717877754
ZNF691,SRARP,0.0024174966837128653
ZNF691,C1orf127,0.0024152612303554783
FOXD2,LINC01781,0.0024145278951056893
ZNF691,CLCA4-AS1,0.0024132676725770225
FOXD2,LINC01359,0.0024111320373638476
FOXO6,C1orf141,0.0024080602417433585
POU3F1,ERRFI1,0.0024070391822324667
PAX7,PIK3R3,0.0024032127744324297
E2F2,MCOLN3,0.002401201867566765
ZNF684,UBXN10,0.00240092087848118
FOXD2,ATP6V0B,0.0023997980858446893
HES2,GNG12,0.0023971168502744254
HES2,PLPPR4,0.002396321601506723
GLIS1,RAP1GAP,0.002396103855359147
FOXD2,PABPC4-AS1,0.002391008570979921
ZNF683,LINC01144,0.0023892784817117632
HES4,PLA2G2D,0.0023880480392030065
POU3F1,SLC6A9,0.0023800997959632373
PAX7,ARHGEF19,0.00237930078287336
ZNF683,CDCP2,0.002374700086752237
ID3,CLCA4-AS1,0.0023693843930328176
HES2,TAS1R1,0.0023654601672649486
FOXD2,CSMD2-AS1,0.002363081031647198
GLIS1,LINC01772,0.0023607989471882205
PAX7,DDX20,0.0023555864697706336
TP73,ZNF362,0.002354620588247979
FOXD2,SLC66A1,0.0023535266879773486
PAX7,NIPAL3,0.0023503114471954507
ALX3,SLC66A1,0.0023463351997745196
HES4,CCDC27,0.002342732966008152
FOXD2,RNF207,0.002341306046164177
ZNF691,NCMAP,0.0023412999863968442
FOXO6,PLEKHN1,0.0023400628173073958
POU3F1,SLC2A7,0.0023336093664117603
FOXD2,DCDC2B,0.002333584645589515
PRDM16,SMIM12,0.0023320882663252947
FOXO6,UTS2,0.0023320334194388663
POU3F1,TAS1R1,0.002331264112026694
GLIS1,NTNG1,0.0023288608694851214
GFI1,NGF-AS1,0.002328796878870435
HES4,TMEM200B,0.00232734770169356
POU3F1,FHAD1,0.0023241720754904904
PAX7,LCK,0.0023193940974389287
FOXO6,PLPP3,0.0023171065374052043
PRDM16,JUN,0.0023170431822612477
PAX7,PPP1R8,0.0023145066264474083
GLIS1,GNG5,0.00231298650291535
FOXO6,SPSB1,0.0023125071491073563
TP73,CSF1,0.0023116547673783547
PRDM16,ACADM,0.0023116290138698917
HES4,NGF,0.0023083369970461126
POU3F1,PINK1-AS,0.0023075990242163833
GLIS1,ZNF593,0.002305162808793894
FOXD2,CTRC,0.00230306402009313
HES2,NTNG1,0.0023029339211724075
ALX3,ZNF436-AS1,0.0023022570020372482
POU3F1,CYP2J2,0.002295642864906448
TFAP2E,MANEAL,0.0022951120031809214
GLIS1,PRMT6,0.0022818455889151157
TP73,NCDN,0.0022809633683937257
TP73,FNDC10,0.0022784258709847805
E2F2,PLA2G2D,0.002277941581720397
GLIS1,NFIA,0.0022761986043653482
PAX7,MAP3K6,0.0022705499551328393
ZNF691,A3GALT2,0.0022686214323780654
TP73,LEPR,0.002265668953267379
GLIS1,MATN1-AS1,0.0022631888992937607
GFI1,C1QA,0.002262289483313221
ALX3,MYCL,0.002261128227417801
FOXD2,MKNK1-AS1,0.002259973812118164
ZNF691,PTGER3,0.0022554597719998625
ZNF683,MROH7,0.002248759267815288
PAX7,CAMTA1-DT,0.0022394303256471583
POU3F1,LINC01739,0.00223759117868347
FOXD2,MTOR-AS1,0.002236816802091174
FOXD2,TTC39A,0.002236296774689765
HES2,ZFP69,0.0022330872310539983
TP73,C1orf167,0.0022308153457293333
ZNF683,ALPL,0.002227574654017448
ZNF683,BSND,0.002226720780320695
E2F2,MAB21L3,0.002221537581700428
HES2,MASP2,0.0022197672706980665
HES2,DENND2C,0.002217158802600427
FOXO6,PLPPR4,0.002214091108501431
GLIS1,LRRC42,0.002207688975160582
HES2,SLC45A1,0.00220658806991362
TFAP2E,FCN3,0.0022051806938977445
POU3F1,TTC39A-AS1,0.002199475314084763
TAL1,ZNF326,0.0021947797032564136
ZNF691,FAM87B,0.002193762388379979
TFAP2E,RBM15,0.0021896534121802675
GLIS1,KAZN,0.0021894026083565683
FOXD2,LINC00466,0.002188393221852958
GLIS1,LINC01709,0.002188251737071127
POU3F1,MMP23B,0.0021806743616528223
PRDM16,ATG4C,0.0021752609564314605
ZNF691,KCNQ4,0.0021733855054253083
PAX7,DR1,0.0021673991723510522
HES2,HPCAL4,0.002166143025377259
ALX3,CAP1,0.002164853337789423
POU3F1,ESPN,0.002163678413159751
ZNF683,TMIGD3,0.002160400960224924
FOXD2,PLPPR5,0.0021581181914879567
TP73,LINC01748,0.0021555742192446445
HES2,BEST4,0.002153206142967418
PAX7,PTAFR,0.0021524502567183334
E2F2,ROR1-AS1,0.0021462971378034806
GLIS1,ATP1A1,0.002145358920204832
HES2,ALDH4A1,0.0021424083746353663
ZNF691,LINC01707,0.002139895629934785
FOXO6,ZNF436-AS1,0.002139323285777393
PAX7,KLHL21,0.0021369188552347105
PAX7,FPGT,0.0021342416737522183
POU3F1,CELA2A,0.0021315823465176322
HES2,TMEM201,0.0021198280215160873
TP73,MCOLN2,0.002110839863991805
FOXD2,PRDM16,0.002110154626852268
ID3,LINC01357,0.0021085060267797286
ZNF691,BSND,0.002107183397512996
FOXO6,LINC01756,0.0021036892073394023
ZNF683,MAB21L3,0.0021034711712152026
TAL1,C1orf50,0.002102068337226948
FOXO6,PLPPR5,0.0021004807851590754
GMEB1,SGIP1,0.002097020148486556
TP73,RHBDL2,0.0020960052302075025
ZNF683,IGSF21,0.002095348601309103
TP73,MATN1-AS1,0.002092045829911282
FOXO6,CLCA4-AS1,0.0020904660518844234
FOXO6,TRNP1,0.002090047413292368
HES2,ZSCAN20,0.0020896245351055527
HES2,MYOM3,0.00208677115952336
FOXD2,LINC01772,0.0020866427519700796
HES2,LINC01712,0.0020865821466255286
ID3,SYPL2,0.0020822587822583245
PAX7,SNX7,0.002080222878114971
ZNF691,CDC14A,0.0020786174673331943
HES2,SLC25A34,0.002077707790866101
PRDM16,UQCRH,0.002074357681606197
HES4,TRIM63,0.0020742907648378735
TP73,EPB41,0.0020736938438311093
FOXD2,FBLIM1,0.002072711149249441
GLIS1,TNFRSF1B,0.0020721296052642027
E2F2,DNASE2B,0.0020718272174937873
FOXO6,CASQ2,0.0020673250977240485
FOXO6,PIK3CD-AS1,0.002064551764514695
POU3F1,DAB1-AS1,0.002063854740593557
GFI1,E2F2,0.0020623885962857
GLIS1,FAAH,0.0020616573300151256
POU3F1,UTS2,0.002061187368646499
POU3F1,IGSF3,0.0020572272769226047
TP73,PIK3CD-AS1,0.002056680735456315
POU3F1,RHCE,0.0020564053373768646
FOXD2,CSF1,0.002055046150188881
GLIS1,MYCL,0.0020540068024652797
POU3F1,SYCP1,0.00205395792744874
FOXO6,LINC02801,0.00205390326617235
ZNF684,PTGFR,0.0020532322984229082
FOXO6,LINC02238,0.002052654945697163
GLIS1,EXO5,0.002049348868420873
HES2,AK4,0.0020483690815901443
GLIS1,TMEM51,0.0020428831530038515
ZNF691,PLEKHN1,0.0020349930608168387
HES2,LPAR3,0.002034920979503056
PAX7,RNF19B,0.002032718912158896
FOXO6,RERE,0.0020324158042242762
FOXD2,LINC02795,0.002029615370777938
ZNF683,MPL,0.0020290842598680945
PAX7,CASP9,0.002027780170095348
PAX7,LINC01714,0.0020274002484473473
FOXD2,AMIGO1,0.002026089704917434
GLIS1,WDR47,0.0020260811614626274
ZNF684,ZBTB8A,0.0020245232994204176
PAX7,TMEM269,0.002018787382582491
ZNF691,KANK4,0.0020167637907438406
GLIS1,LZIC,0.0020149324035459693
GLIS1,RRAGC,0.0020116426227417754
FOXD2,PADI2,0.0020101909835984443
ZNF683,MANEAL,0.00201003243749115
NFIA,LINC01677,0.002008148370949574
POU3F1,UQCRHL,0.002004425395605254
ZNF691,LINC01160,0.0020042349101014314
FOXO6,IGSF3,0.0020042293322618024
GFI1,FOXD3-AS1,0.00200355367179369
ZNF691,CCDC17,0.0019973165291298665
PAX7,PABPC4,0.001997143402263299
FOXD2,LMO4,0.0019940624184992544
PAX7,FAAP20,0.0019920929693217375
HES2,ENO1-AS1,0.0019900079643323963
NFYC,RPS8,0.001989807521478124
ZNF684,LINC01140,0.001985711645608813
E2F2,PDIK1L,0.00198411761670863
POU3F1,ATAD3C,0.001979757817699288
ALX3,PATJ,0.0019787591529220965
GFI1,LINC01357,0.0019786337391119553
ZNF684,B4GALT2,0.0019775243443555983
GFI1,CELA3A,0.0019770310003644734
ZNF691,ALX3,0.0019749859887712674
TFAP2E,CYP4B1,0.001974008477928045
GLIS1,RNF207,0.0019726812219150085
TP73,SNX7,0.001966032625708423
PAX7,C1orf141,0.0019613611099195743
PAX7,GSTM1,0.0019611132239509155
HES2,NBL1,0.0019596284043344844
GLIS1,UQCRHL,0.0019568770465906386
TFAP2E,DNAJC6,0.0019541390950686068
MTF1,CDC20,0.0019540378135961835
FOXO6,RER1,0.0019497462281062984
FOXO6,LINC01141,0.0019474606387593198
TP73,CRYBG2,0.0019458340444674566
FOXD2,HYI,0.0019413400549263562
HES2,PLEKHG5,0.0019384421813633346
POU3F1,TMIGD3,0.0019359639254572052
ZNF691,AUNIP,0.001935259843657425
HES2,RHBDL2,0.0019348020297851704
ID3,C1QB,0.0019345180062242178
FOXO6,COL11A1,0.001931241574646283
ZNF684,GJA9,0.0019297905302629267
ZNF684,COL9A2,0.0019289735295047422
POU3F1,ZSCAN20,0.0019276987669601823
TP73,LINC01135,0.0019257381981318746
PAX7,PLA2G2C,0.001923453709469138
POU3F1,BRDT,0.00192281160524766
HES2,PTP4A2,0.0019221317749541524
FOXO6,ZMYND12,0.0019220888835329796
ZNF691,WNT4,0.0019195747412355606
HES2,LINC02777,0.0019188745668636828
ZNF691,MASP2,0.00191876589590247
ZNF684,PLA2G2D,0.0019177290476946442
E2F2,FOXD2-AS1,0.001917283318496393
FOXO6,CLCA4,0.001915898241175146
ALX3,TFAP2E,0.0019147969674120355
FOXO6,DCDC2B,0.0019142063764723287
TFAP2E,LINC01788,0.0019058942812586349
FOXD2,ZNF691,0.0019026313846163807
FOXD2,TTC39A-AS1,0.0019015485082310352
HES2,PRKCZ-AS1,0.0018985355205851792
POU3F1,FOXD3-AS1,0.0018975077815343497
FOXD2,ACOT11,0.0018963050370179105
PAX7,HENMT1,0.0018958765217545028
ZNF683,KCND3,0.0018939263755859681
POU3F1,PTGFRN,0.0018911061335509245
GLIS1,CAP1,0.0018908175444756412
PAX7,LINC01356,0.0018888864917975447
ZNF691,PRKAA2,0.001880531400007418
ZNF683,F3,0.0018800090312533187
FOXO6,EPHA10,0.00187839753915025
POU3F1,COL24A1,0.0018745518541142202
TP73,KCNC4,0.001871634364626759
ZNF691,PIK3CD-AS1,0.0018710177049924615
ZNF683,CASQ2,0.001870198729245046
FOXO6,BEND5,0.0018667861690210362
GLIS1,TMEM51-AS1,0.0018659696498813019
TFAP2E,SFN,0.0018640336259758087
ALX3,LINC01725,0.0018639421581952255
GLIS1,CTTNBP2NL,0.0018615682815091806
POU3F1,CFAP74,0.0018575656074305551
FOXO6,LINC02780,0.0018557405198428463
ZNF683,KCNQ4,0.0018528212268101637
HES2,SSBP3-AS1,0.001848949620805597
PAX7,CRYBG2,0.001847948825001183
FOXD2,CENPS,0.0018457777817758494
ID3,TAL1,0.0018444656651077748
HES2,ERRFI1,0.0018436993367023052
HES2,ELOVL1,0.0018435343111676652
GLIS1,IFNLR1,0.00184060685688286
FOXD2,LINC01709,0.0018399885160064564
ALX3,MAST2,0.0018384990324873663
FOXD2,MFSD2A,0.0018381709692636024
HES2,DIPK1A,0.0018372540419706743
GFI1,IGSF3,0.0018369945160493064
ZNF684,SELENON,0.001835410176368273
PAX7,ZNF593,0.0018341326665619999
HES2,SRARP,0.0018333862329911338
HES2,FBLIM1,0.0018316146868843667
PRDM16,DR1,0.0018283213497434555
POU3F1,CSMD2-AS1,0.0018218665327515138
HES2,RIMS3,0.001820789191941266
PRDM16,NUDC,0.0018193443402005568
POU3F1,ADGRL2,0.0018193409323093018
PRDM16,PSMB2,0.0018178276476224198
E2F2,GPR61,0.0018159466305540076
POU3F1,LINC01712,0.0018156623303639994
ZNF683,CLCA4,0.0018133462502932741
FOXD2,VAV3-AS1,0.0018099556620701802
GLIS1,FNBP1L,0.0018067761242757689
GLIS1,ANGPTL3,0.0017945203530170125
GFI1,RAB42,0.0017940071146051925
ZNF684,SLC2A5,0.001793325326860551
ZNF683,GRHL3,0.001792994593654286
POU3F1,LIN28A,0.0017927659899250783
POU3F1,DPYD-IT1,0.001790926205986058
FOXO6,BMP8B,0.0017866128703063614
FOXO6,PALMD,0.0017840151414823726
GFI1,LINC02810,0.001783417209341671
GLIS1,TTC34,0.0017803702695912073
POU3F1,C1orf141,0.0017797451532230888
FOXO6,HYI-AS1,0.0017782909747667752
PAX7,INKA2-AS1,0.001775470034086195
FOXD2,KDF1,0.0017750752998608886
POU3F1,EXTL2,0.0017739360056512373
FOXD2,BEST4,0.0017701340606674021
FOXO6,KCNQ4,0.0017651782296775555
GFI1,LRRC8B,0.0017638421354885443
PRDM16,PEF1,0.0017607576310241313
PAX7,PEX14,0.0017606499078625562
POU3F1,GNG12,0.0017556370118350585
ID3,CYP4A22-AS1,0.0017541067705599991
GFI1,CYP4B1,0.0017535787265444158
ZNF691,VWA1,0.0017523628187412093
FOXD2,CTTNBP2NL,0.0017511302880796745
HES4,LINC01144,0.0017506325941011884
ALX3,AGL,0.0017497207151517004
FOXO6,PTPRF,0.0017478716052552756
ZNF683,TRIM63,0.0017473986069280242
FOXD2,CELA2A,0.0017446916371777752
GFI1,IQCC,0.0017388713373004292
PAX7,FOXO6,0.0017336121859633426
POU3F1,AKR7A3,0.0017325239205265796
TFAP2E,C1QB,0.0017296395763759399
FOXO6,LINC02609,0.0017281747959304137
TFAP2E,UBE2U,0.0017268444630105936
PAX7,RCAN3AS,0.001726653683893561
GLIS1,UBE4B,0.0017257260427993384
TP73,MASP2,0.0017228530113477004
TFAP2E,PTGFR,0.001722651300591534
FOXO6,CELA2B,0.0017199981865174754
TP73,TMEM51-AS1,0.0017180958670634655
FOXD2,FRRS1,0.0017177408796557542
HES2,EXTL2,0.0017172420529816869
TFAP2E,C1QA,0.0017144044135851838
E2F2,RIMKLA,0.0017093754366501177
HES2,KLHL17,0.0017070438973869828
HES2,LINC02606,0.0017068542433972308
ZNF683,LIN28A,0.0017054705524054766
POU3F1,SCNN1D,0.0017000939229414851
FOXO6,PAX7,0.001699070193479545
ALX3,RCC1,0.0016986003939203193
HES2,MSH4,0.001697744440631107
TP73,KCNA2,0.0016931177240683485
PAX7,AGBL4,0.0016928537076663884
FOXD2,SERINC2,0.0016897523721880947
GLIS1,ENO1,0.0016891861116675089
FOXD2,ANGPTL3,0.001686059970255473
POU3F1,SLC1A7,0.0016856391079046126
ZNF691,TIE1,0.0016844123835814758
FOXD2,NECAP2,0.0016836133917783956
E2F2,C1orf127,0.0016830161990666187
NFIA,KCND3,0.0016821166840147786
FOXD2,ZFP69B,0.0016820169943270757
FOXD2,CPLANE2,0.0016815448921487185
HES2,HCRTR1,0.0016802841106823513
HES2,FNDC10,0.0016720318980627973
PAX7,SLC22A15,0.0016698740745881388
FOXO6,FAM151A,0.0016682895250864902
GLIS1,ANGPTL7,0.0016671714285727117
TP73,DDAH1,0.0016670654762469053
ZNF683,PADI6,0.0016667782731239647
PAX7,SLC66A1,0.0016665460475979263
FOXD2,LRRIQ3,0.001658499085702939
ZNF683,ASAP3,0.001657055171749179
ZNF691,C1orf167,0.001656044731534413
E2F2,ARHGAP29-AS1,0.0016540118877072763
PAX7,LINC02777,0.0016540056776641026
FOXD2,MICOS10,0.0016536708099708518
GFI1,C1QC,0.0016535918548900052
FOXO6,MASP2,0.00165284940016313
TFAP2E,COL24A1,0.0016501947931405975
FOXO6,TSPAN1,0.0016501048511053306
FOXD2,PRXL2B,0.001646389568472278
E2F2,SLC2A5,0.0016450945674105996
PRDM16,KIF1B,0.001644284744934656
POU3F1,DPYD-AS2,0.0016436466420437284
POU3F1,PRKCZ-AS1,0.0016425788254802683
POU3F1,TRNP1,0.001641085108404862
TP73,TRNP1,0.0016402803625413767
FOXD2,TEX46,0.0016368146228356011
ZNF683,A3GALT2,0.0016345201925763017
GFI1,TMEM240,0.0016328142406778962
TFAP2E,TMEM52,0.0016316609087296745
ZNF684,ORC1,0.0016311881209478268
FOXO6,PRDM16,0.0016309262929111242
FOXD2,LINC00115,0.0016280934652839923
HES2,LINC01707,0.0016262366092441465
FOXO6,ZNF683,0.0016259354614384777
POU3F1,PLEKHG5,0.0016197955571356415
FOXD2,YIPF1,0.001619078891938923
E2F2,TRIM63,0.0016149735490546438
TP73,AJAP1,0.001607810761130946
HES4,PTGFR,0.0016075684748780709
ZNF684,HMGN2,0.0016072457012284618
E2F2,C1orf185,0.0016067462977090506
ID3,GPR61,0.001605758521247479
HES2,LINC01781,0.0016047221825483012
GLIS1,ZNF691,0.0016022539477336427
FOXO6,HES2,0.0016020872273947609
FOXD2,SRSF11,0.001600756554972401
FOXD2,MMEL1,0.0015990915836184766
GFI1,MIR3659HG,0.0015956474714305948
FOXD2,CYP2J2,0.0015920826691822277
FOXD2,SSBP3,0.0015914163877397357
PAX7,MUL1,0.0015914099325023809
FOXD2,CDKN2C,0.0015894551264300743
PRDM16,CZIB,0.0015888491229724398
ZNF691,FRRS1,0.0015880460874633652
TP73,CNN3,0.001585333786566026
ZNF691,DNASE2B,0.0015846134319303538
PAX7,CDKN2C,0.0015833417067131702
ZNF684,NGF,0.0015821246595576822
ZNF683,LINC01160,0.001581381169062964
GFI1,CYP4A22-AS1,0.001580614512328549
ZNF684,SPOCD1,0.001580442558423046
ZNF691,LURAP1,0.0015802193712320532
PAX7,LINC00466,0.0015798877852321424
GLIS1,NASP,0.0015788100085311345
ZNF683,SRSF10,0.0015784985452479753
FOXO6,SLC45A1,0.0015763858878333622
GLIS1,LINC01389,0.0015740530168602974
PAX7,LRRIQ3,0.0015693939238957929
TFAP2E,LURAP1,0.001568429442696338
FOXO6,LINC01714,0.0015655452715109372
ID3,VTCN1,0.0015620959224803839
GLIS1,TUT4,0.0015602469336913878
ZNF683,PLA2G5,0.0015589640943864903
ZNF683,EPHA10,0.0015583337798884868
FOXO6,TMEM52,0.001558156014866515
PAX7,PRXL2B,0.0015577745507826984
POU3F1,PALMD,0.0015576451182668922
GLIS1,AGBL4,0.0015575282528040352
ALX3,PAQR7,0.0015570597805151464
ZNF683,NKAIN1,0.0015545216650943348
HES2,BMP8A,0.001553309541712922
TFAP2E,TRIM63,0.0015499901749971116
TP73,MED8,0.0015469397375624248
GLIS1,IFI6,0.0015444502546412336
TP73,FAM41C,0.001542902561570434
TP73,RBM15-AS1,0.0015304752500202063
ZNF683,DAB1-AS1,0.0015292969894825587
GFI1,SGIP1,0.0015277416200586422
POU3F1,LINC02607,0.001526830590376498
FOXD2,MXRA8,0.001523547119758315
TP73,NBL1,0.001523276346451907
HES2,LINC02810,0.0015221475261337574
TP73,CTH,0.0015220872310859712
TP73,LINC01781,0.0015204005625815578
TFAP2E,EXOSC10-AS1,0.0015180438756088857
FOXO6,LINC01358,0.001517203132922219
PAX7,ADGRL2,0.0015163912100238791
FOXO6,MPL,0.0015156272969405519
FOXD2,AK4,0.001513394214887987
HES2,FAM151A,0.0015120089407367975
ALX3,FRRS1,0.0015104072709020058
ZNF684,RAD54L,0.0015083650928088934
PAX7,PDIK1L,0.0015064820042238528
FOXD2,CAMK2N1,0.0015063908214595187
FOXD2,PKN2,0.001505315148309242
GLIS1,SRARP,0.0015046420640596146
TAL1,TOE1,0.0015042326223216715
PAX7,ZNF683,0.0015029446461395709
TP73,PAQR7,0.0015015379044965784
HES2,GNG12-AS1,0.0015015252542297586
PAX7,MAP7D1,0.0014964972983363238
ALX3,DLGAP3,0.0014962649850366629
FOXD2,UTS2,0.0014960911467946803
FOXD2,NTNG1,0.0014952855623426135
PAX7,PRDX1,0.0014927528624390405
POU3F1,INKA2-AS1,0.0014915413454804447
FOXO6,GBP7,0.0014903957432760915
ZNF683,ZFP69B,0.0014867014373043796
ALX3,FOXD2,0.0014858764998864982
FOXD2,FABP3,0.001482954173481201
POU3F1,TTC39A,0.0014822569220139204
FOXD2,KLHL17,0.001481841160265964
FOXO6,EPHA2,0.0014796293878191198
GFI1,EXOSC10-AS1,0.0014754506311186995
GLIS1,ESPN,0.0014744739907254034
POU3F1,ZNF436-AS1,0.0014726537005837867
ZNF684,CD2,0.001468067617743386
TP73,CPLANE2,0.0014631958331770929
E2F2,IGSF21,0.001462991395177232
ZNF691,TMEM240,0.0014625954140066793
ZNF683,GABRD,0.0014623560512335668
FOXD2,MATN1,0.0014612445126484558
TP73,ZNF436-AS1,0.0014605363362165027
ZNF683,CHD5,0.001460519791074356
TP73,KIF17,0.0014573040755217425
GLIS1,ATAD3A,0.0014570720011628808
NFIA,STMN1,0.0014550725489616374
ZNF683,SLC6A17,0.0014545576925533935
TP73,FABP3,0.0014538543051792726
FOXO6,CNR2,0.001452302587129344
TP73,TMEM200B,0.0014486271566603193
FOXD2,TNFRSF1B,0.0014477310578390834
ALX3,DPH5,0.0014456366044781192
ZNF691,LINC01226,0.0014443408613694663
FOXD2,SSBP3-AS1,0.0014426620442705047
FOXD2,DLGAP3,0.0014400485233858706
TP73,WNT2B,0.0014391445439462904
HES2,ST6GALNAC5,0.001437280582438007
FOXO6,TAS1R3,0.0014337241175017296
GLIS1,STPG1,0.0014336046299596832
GLIS1,MDS2,0.0014324172930220837
POU3F1,STPG1,0.0014309768322182358
FOXD2,ST6GALNAC5,0.0014295663837484921
GLIS1,HCRTR1,0.0014290463889134707
GLIS1,VAV3-AS1,0.001427730854534678
PAX7,PUSL1,0.0014243466760977006
FOXO6,LNCTAM34A,0.0014237961545433377
ALX3,TGFBR3,0.0014219619357037992
TAL1,PTAFR,0.0014214837215044396
HES2,TACSTD2,0.0014203903644209371
GLIS1,IPP,0.0014199259923030495
FOXD2,ALDH4A1,0.0014188362532984054
TFAP2E,NGF,0.0014188102486074037
GFI1,PTPRU,0.001418194630579398
HES2,DPYD-AS2,0.0014167628017537706
FOXD2,LINC01356,0.0014134353064063007
PRDM16,NOL9,0.0014133994063707273
TFAP2E,ARHGAP29-AS1,0.0014126721832839642
PAX7,SAMD13,0.0014082458497078904
GLIS1,HOOK1,0.00140663210464017
FOXD2,SERBP1,0.0014062490582595
HES2,C1orf185,0.0014022717072740623
FOXD2,LINC01134,0.0013979543926758617
GLIS1,RAVER2,0.0013943072874615509
ZNF683,ROR1-AS1,0.0013937686101206791
FOXO6,TLCD4,0.0013871230971463238
E2F2,ALX3,0.0013870085291302224
ZNF691,FAM151A,0.001386624644008048
TP73,FHAD1,0.0013864339562160044
HES2,SLC6A17,0.0013862212292362912
GLIS1,GIPC2,0.0013859492081275471
GLIS1,MAP3K6,0.0013854735506602415
PRDM16,GBP4,0.0013839941632287996
ZNF683,OPRD1,0.0013771174970565543
GLIS1,XKR8,0.0013750489168124348
ZNF683,C1QA,0.0013724148860040078
HES2,FAM41C,0.001371320648606733
PAX7,EXTL2,0.0013702895494606278
FOXD2,MMP23B,0.001369643944132843
POU3F1,TSPAN1,0.0013682938189265564
FOXO6,LEPROT,0.0013682738676036581
TP73,SLC66A1,0.0013681222578947553
E2F2,LINC01788,0.0013659834419145031
E2F2,SFN,0.001365755649820849
PRDM16,CSDE1,0.001365358855124115
PAX7,PINK1-AS,0.0013651184180342676
FOXD2,LINC01786,0.001363589852264419
E2F2,FCN3,0.001361456596201706
FOXD2,EPHB2,0.0013610620985506148
HES2,MROH7,0.0013563459397981695
PAX7,ZFP69B,0.0013561382619077381
HES2,LINC01768,0.0013553319392202508
HES2,SLC6A9,0.0013534730174054209
ZNF691,LINC02609,0.0013533310359609392
E2F2,IL23R,0.001353065256874895
ZNF683,C1QB,0.001352707467448561
ZNF684,ARHGAP29-AS1,0.0013519631960823226
TP73,TNFRSF9,0.0013499911737113858
POU3F1,HPDL,0.0013486352291481832
ID3,FOXD3-AS1,0.0013478180891043224
E2F2,GBP6,0.0013466610073996342
FOXD2,ANGPTL7,0.0013460251749862725
PRDM16,GNG5,0.0013447802607033197
E2F2,IGSF3,0.001340215312622459
FOXD2,AJAP1,0.0013390300377394493
GLIS1,SYDE2,0.0013379069181981738
HES2,CENPS,0.0013362614219549706
ZNF683,TAS1R3,0.0013301911441481735
TP73,TLCD4,0.0013285919590998777
GLIS1,GBP5,0.0013280411546419616
HES2,LINC01786,0.0013256872843182331
HES4,LINC02574,0.0013255303852555591
HES2,LINC01748,0.0013244381994422488
HES4,TMEM240,0.001322239777243955
FOXO6,ATPAF1,0.0013208870517425807
ZNF691,TRIM63,0.001319719447031042
POU3F1,ZFP69B,0.0013194814756204917
FOXO6,SH3D21,0.001318989271646806
ZNF683,LINC01708,0.0013178259109757615
ID3,SPSB1,0.0013176410907123372
GFI1,ARHGAP29-AS1,0.001314273885293332
TP73,LINC01356,0.001312627257278813
TP73,PUM1,0.0013125440043620555
ZNF683,PTGFRN,0.0013116412259458405
ALX3,ZRANB2,0.0013110459879331685
FOXD2,FAF1,0.0013091204920458557
ZNF683,SFN,0.0013063868443541943
TP73,LINC00466,0.001304611306227583
HES4,SYPL2,0.0013038617072711055
ZNF691,C1orf159,0.0013012564589605787
TP73,HFM1,0.001299846585469305
FOXO6,ZBTB8A,0.0012995211579476763
ZNF691,C1orf185,0.0012994510987807961
ALX3,DNAJC6,0.0012985349036947218
GLIS1,TTC39A-AS1,0.0012985080455076897
FOXD2,SNX7,0.0012940961908785974
PAX7,CELA2B,0.0012936489705128642
ZNF683,IGSF3,0.00129361465134758
FOXO6,A3GALT2,0.0012806848887680535
FOXD2,HPCAL4,0.0012799640036582171
FOXD2,DPYD-IT1,0.0012776739306002071
TP73,PLA2G5,0.001277470628306157
ZNF683,PLEKHN1,0.00127168528487826
E2F2,UBXN10,0.0012706438552562173
FOXD2,TACSTD2,0.001270052742766678
TP73,CPT2,0.0012657262155306634
ALX3,PPIE,0.0012642939683829217
GLIS1,SLC16A4,0.0012636202786059777
GLIS1,DLEU2L,0.0012627562206715842
HES2,RBP7,0.0012585332829281918
PAX7,CFAP57,0.0012566316285941219
FOXD2,GSTM1,0.0012530673675895678
FOXO6,SYPL2,0.0012525845820222222
GFI1,NGF,0.001251624997403416
FOXO6,DHRS3,0.0012501287853929949
FOXO6,NBPF3,0.0012495720514076832
PRDM16,TXLNA,0.0012481781360519826
POU3F1,F3,0.0012477449501723098
ID3,AMPD1,0.0012470187130547083
ZNF683,AUNIP,0.0012457798912106687
FOXO6,VANGL1,0.001245265527785742
HES2,TTF2,0.0012418713834947072
PAX7,CPLANE2,0.0012394774996349986
ALX3,GLIS1,0.0012380996610726104
FOXD2,ZSCAN20,0.0012378298070746861
POU3F1,SYPL2,0.0012352883987131582
ZNF683,FAM87B,0.001234304864617924
ZNF683,TP73,0.0012270368369093933
FOXD2,MIR4422HG,0.0012268065483487976
TFAP2E,TMEM200B,0.0012260931262836603
ID3,LINC00339,0.0012238361817277774
FOXD2,WNT2B,0.001220784121625208
FOXO6,SLC44A3,0.001215454209536976
FOXD2,CELA2B,0.0012139725986480027
POU3F1,VWA1,0.001212700112695482
FOXO6,LPAR3,0.001212590312246214
HES2,LRRIQ3,0.0012119971103826343
PRDM16,BCL10,0.0012118162491283621
ZNF683,SLC44A3,0.0012115944746395114
PAX7,CYP4B1,0.0012115862440113714
FOXD2,AGRN,0.0012100064805687294
GLIS1,SERINC2,0.0012091271699363046
TP73,MSH4,0.0012088328223711447
POU3F1,CLCA4,0.001206656508704926
HES4,CORT,0.0012031698033169635
POU3F1,LINC01748,0.0012014941644065591
HES2,ATXN7L2,0.0012000601018844852
FOXD2,MMACHC,0.0011966204716119776
FOXD2,OSCP1,0.0011951220585275652
TAL1,MUL1,0.0011950210052811224
PAX7,TTLL10,0.0011943263744805335
FOXD2,LINC01226,0.0011936333051071368
FOXO6,FAM87B,0.0011933494456583496
HES2,DHCR24,0.001192507807831716
TP73,NKAIN1,0.0011916498181744881
PRDM16,ZDHHC18,0.0011914172723418105
E2F2,RNF220,0.0011902919143383628
FOXO6,SLC30A2,0.001188543892366006
FOXD2,SRARP,0.0011871374088606498
PAX7,RBP7,0.0011867828390186492
TP73,CTTNBP2NL,0.0011865167733929095
PAX7,PARS2,0.0011861474170738607
HES2,TSPAN1,0.0011844551428586065
ZNF691,MANEAL,0.001184309965006657
E2F2,ADORA3,0.001178199030548845
ZNF684,MIR3659HG,0.0011763814240513565
ALX3,AGBL4,0.001175740654063355
PRDM16,UBXN11,0.0011747537636376869
FOXO6,LINC01226,0.0011742324049154255
TP73,DPYD-AS2,0.0011738606781464182
FOXD2,FBXO2,0.0011711869101569063
ZNF691,CFAP74,0.0011697032155996879
TFAP2E,SPOCD1,0.0011696820404971241
ZNF691,ADORA3,0.0011660738466265157
POU3F1,TMEM52,0.0011657539216439925
FOXO6,DPYD-AS2,0.0011637350838410315
ZNF691,DENND2C,0.0011637155169792327
HES2,MMP23B,0.0011626151186967064
PAX7,LINC01635,0.0011615337906472538
E2F2,SYT6,0.001161471111732137
FOXD2,COL9A2,0.0011556624367127539
FOXD2,CCDC24,0.0011509053624976376
POU3F1,ALX3,0.0011502917125098165
FOXO6,LINC01364,0.001145239045400825
ALX3,LINC02785,0.0011451960800605437
FOXO6,CELSR2,0.0011439774140734108
HES2,VAV3-AS1,0.001143388396113687
POU3F1,DRAXIN,0.001142896901853259
POU3F1,LINC01714,0.0011368786004797282
HES2,TEX38,0.0011364099872956286
POU3F1,TEX46,0.001135982894474873
E2F2,RAB42,0.0011343423123373417
FOXO6,GJA9,0.0011336615950037125
ZNF691,LINC01141,0.0011314966185625036
ZNF691,CYP4A22-AS1,0.0011309023732298243
FOXO6,GABRD,0.0011306619843354047
TP73,RHCE,0.0011287867914675362
POU3F1,RAP1GAP,0.001124810093395055
FOXD2,DIO1,0.0011245875321610457
ZNF684,RPL5,0.0011237336999964263
TP73,WNT4,0.001119255369221865
TP73,PRXL2B,0.0011181790960310388
FOXO6,RAD54L,0.0011159841094664116
HES2,AGTRAP,0.0011148850363812697
PAX7,CEPT1,0.001113914357506566
FOXD2,DENND2C,0.001113317656589926
TP73,EXTL2,0.0011129568115807802
GLIS1,LAPTM5,0.0011125152156414384
PAX7,ZBTB8B,0.001111273955107654
POU3F1,TMEM201,0.0011105062545130058
PAX7,LINC02785,0.0011093803799329862
FOXO6,MAB21L3,0.0011081096416231697
GLIS1,GADD45A,0.0011071031193628396
FOXD2,DHCR24,0.0011050696037526136
PAX7,PPM1J,0.0011050011878617266
POU3F1,LINC02606,0.0011048052832794294
TP73,AZIN2,0.0011045244384048623
ZNF684,GRIK3,0.0011030763532164508
ALX3,GFI1,0.001102729969631025
FOXD2,GNAT2,0.001102575093213268
TP73,C1orf141,0.0011017733122052188
FOXO6,NCMAP,0.0011013279871648133
ZNF683,ELAVL4,0.0011011635434544566
ALX3,FHAD1,0.0011010077302469382
ZNF683,ROR1,0.0011002935470654225
FOXO6,LINC01676,0.001099811036972811
ALX3,COL24A1,0.0010955307036953667
FOXD2,LINC01756,0.0010941058768661484
TP73,MMACHC,0.0010937620820354332
TFAP2E,TAL1,0.001091780489902194
GLIS1,MFSD2A,0.001084422652959604
FOXO6,PODN,0.0010810961342821869
ZNF691,SLC6A17,0.0010809323511233083
E2F2,PTGFR,0.0010772651671635014
GLIS1,CELA2A,0.0010770157846963673
FOXD2,ADGRL4,0.001076676212628747
ZNF691,MAB21L3,0.0010733891247634477
GFI1,C1QB,0.0010729667789102274
POU3F1,LINC01786,0.0010720479978535466
POU3F1,FNDC5,0.0010699708396681089
GLIS1,PRKCZ-AS1,0.0010684772372787372
ZNF691,DRAXIN,0.0010670768675473136
FOXD2,ATAD3C,0.0010658327166654339
FOXD2,MSH4,0.001065114309743384
HES2,FNDC5,0.0010647312195012364
TP73,SERINC2,0.0010639052877688955
POU3F1,LINC01141,0.0010624391750752764
TP73,AGRN,0.0010605963268723263
POU3F1,HPCAL4,0.0010600946570422211
HES2,CLCA4,0.0010598019617654945
ZNF691,LNCTAM34A,0.001057966324097358
TFAP2E,LRRC38,0.0010568517005543404
PAX7,SDC3,0.0010562593621284329
FOXO6,ADGRB2,0.0010548046243967532
GLIS1,LINC01307,0.0010525439405908055
PRDM16,TNFRSF1B,0.0010518760763889754
POU3F1,KCND3,0.0010505645620165196
POU3F1,PODN,0.00104783629608847
FOXD2,BRDT,0.001047712823592592
FOXD2,ADGRL2,0.0010474883813387636
FOXD2,LINC02777,0.0010462004774219912
HES2,PLCH2,0.0010441849967861125
FOXO6,WNT4,0.0010434813780450993
FOXD2,FAM41C,0.0010404340766931523
TP73,NFYC-AS1,0.0010385178714620855
HES2,SH3D21,0.0010384197009736783
FOXD2,EXTL2,0.0010302201972272173
GLIS1,LINC01134,0.001029703927464061
ZNF691,ZBTB8B,0.0010268795425237439
TP73,PADI6,0.0010261518478223502
POU3F1,FAM167B,0.0010245982171158442
PAX7,CYB5RL,0.0010244217894498245
ALX3,ABCA4,0.0010218702288307337
POU3F1,LINC01356,0.00102053738562386
PRDM16,WDR47,0.0010203612665532532
FOXD2,TNFRSF9,0.0010201321679908812
POU3F1,SFN,0.0010193807670806087
GLIS1,GBP2,0.0010192107619030723
HES2,IQCC,0.0010182497063483638
ZNF683,C1orf185,0.0010154082677996373
FOXO6,MDS2,0.0010120716091473838
HES2,TNFRSF4,0.001010962447910876
E2F2,CYP4B1,0.0010073171765039286
GLIS1,SLFNL1-AS1,0.001004410270681247
ZNF683,RAP1GAP,0.001003062102249682
FOXD2,MASP2,0.001002695712659436
TP73,GSTM3,0.001002224526291348
POU3F1,LRRIQ3,0.0010022069555100342
PAX7,TMEM201,0.000999236368259149
HES2,LINC01134,0.000998834028802098
FOXD2,RPL5,0.0009953466051054918
HES2,COL16A1,0.0009947089598116494
POU3F1,BMP8A,0.0009940737709828902
TP73,SLC45A1,0.000993414995392842
FOXD2,LINC01635,0.0009887754928189093
ZNF683,SGIP1,0.000985869129647824
POU3F1,HFM1,0.0009852517478928862
FOXD2,LRRC8C,0.000983450229541898
FOXD2,KANK4,0.0009818398696752224
PAX7,DCLRE1B,0.0009796547249033146
PAX7,SMIM1,0.000977934159798689
TP73,EVA1B,0.0009779252461457947
FOXD2,GLIS1,0.0009765006953676815
FOXD2,PLPP3,0.0009699275185065426
E2F2,ZBTB8B,0.0009696459666405522
ZNF684,SGIP1,0.0009696188283311128
TFAP2E,PRDX1,0.0009694581916171383
ZNF691,PAFAH2,0.0009687326938926799
FOXD2,AKR7A3,0.0009636887046146122
FOXD2,MYOM3,0.0009625179149665595
FOXO6,SGIP1,0.0009613626459117299
POU3F1,RHBDL2,0.0009595981313623141
HES4,CELA3A,0.0009592313352992139
PAX7,CELA3B,0.0009586737653803197
ZNF683,VWA1,0.000958089974381336
HES4,TMEM52,0.000956196962121198
FOXO6,KCND3,0.0009557393568270577
FOXD2,KHDRBS1,0.0009530911270216741
FOXD2,ERRFI1,0.0009529632543525148
GFI1,VTCN1,0.0009525338451715821
ZNF691,RAB3B,0.000949295991951881
FOXO6,MANEAL,0.0009460771195372726
ZNF683,PRKAA2,0.0009441203348807209
FOXD2,HES2,0.0009440822684259619
TP73,ANGPTL3,0.0009439951245143589
GLIS1,PHF13,0.0009438307026281558
FOXD2,PRKCZ-AS1,0.0009435272543387907
GFI1,LRRC38,0.0009434023543374539
ZNF691,ROR1-AS1,0.0009406913457041201
FOXD2,SAMD11,0.0009358664308031165
TP73,TMIGD3,0.0009330780880278754
ZNF691,PLPPR4,0.0009298725394481783
ZNF691,SLC5A9,0.0009297657817509831
TP73,THEMIS2,0.0009263183723776582
ZNF683,ZBTB8B,0.0009220004554971932
PAX7,LINC02607,0.0009215480806016925
TP73,AKR7A3,0.0009182259730420971
FOXO6,KIF17,0.0009165871316093911
GLIS1,FAM229A,0.0009165526321257113
FOXO6,LINC01768,0.000915498465017981
PAX7,ENO1-AS1,0.0009150699228717472
POU3F1,FAM229A,0.0009148216545721895
FOXD2,LIN28A,0.0009112884829532755
ALX3,MXRA8,0.000911244483550934
FOXO6,DNASE2B,0.0009096656069861797
GLIS1,PRPF38B,0.0009096380533785706
FOXO6,C1QB,0.0009083322416956385
FOXO6,CCDC163,0.000908062378860917
PAX7,CD52,0.0009068827478818265
ZNF691,RAB42,0.0009062114969191511
FOXO6,C1orf167,0.0009040789749476046
POU3F1,NBL1,0.000903904907562759
TP73,OTUD3,0.0009038413832692617
ID3,CSDE1,0.0009028269757126468
HES2,FAM167B,0.0008968015609965625
TP73,PADI4,0.0008964260773709579
FOXO6,DRAXIN,0.0008929810813969904
POU3F1,MXRA8,0.0008897444360550874
NFIA,MYBPHL,0.0008894785717160562
GLIS1,CDCP2,0.0008890129924239281
E2F2,LINC02810,0.0008885905095473558
TP73,SLC44A3,0.000885854065079082
ZNF691,F3,0.0008855065297712684
FOXO6,FNDC7,0.000884079747406811
GLIS1,TNFRSF8,0.0008801345191817314
FOXD2,BCL2L15,0.0008788164704033904
ZNF683,LINC01712,0.0008767008103728283
GFI1,LINC01355,0.0008764626884097363
HES2,LINC01756,0.0008747833154178195
HES2,MAB21L3,0.000874529492300445
ZNF683,C1orf167,0.0008742404627741751
POU3F1,C1orf185,0.0008741951472067583
FOXD2,ABCA4,0.0008734846924816094
ALX3,LINC01685,0.0008715860474904358
TP73,LINC01562,0.0008714090679033113
FOXD2,LINC02607,0.0008710478078809468
ZNF691,MIR34AHG,0.0008676439251249339
E2F2,SPOCD1,0.0008660065700633312
FOXO6,PADI6,0.0008643139648524793
ZNF683,OLFML3,0.0008641231303289301
POU3F1,NEXN-AS1,0.0008636801763301148
E2F2,LINC01144,0.0008625841983008197
FOXD2,LINC01562,0.0008619225741203884
GLIS1,GNG12-AS1,0.0008607736007215127
FOXD2,LINC02606,0.0008604179128036837
E2F2,NGF-AS1,0.0008595588814064037
GLIS1,TMED5,0.000858465996947147
TAL1,SELENOF,0.0008582825615176796
ID3,LINC02238,0.0008581865661422734
ZNF683,C1orf146,0.0008564217792171102
FOXO6,B4GALT2,0.0008550537320165055
FOXO6,C1QTNF12,0.0008546201531287518
TFAP2E,SGIP1,0.0008540682328660609
TP73,PARS2,0.0008473649779791336
HES2,OLFML3,0.000846041194253636
TP73,ATP1A1-AS1,0.0008437400945201123
PAX7,AJAP1,0.0008424409152016676
YBX1,C1QA,0.0008416239082123645
ZNF691,ERICH3,0.0008414091102085713
ZNF691,OLFML3,0.000839954328348415
ALX3,PAX7,0.0008391116266202671
FOXO6,CFAP74,0.0008387124443028925
FOXO6,KANK4,0.0008357629830365371
FOXD2,KIF2C,0.00083547662262954
FOXO6,LINC01677,0.0008349082633228688
PAX7,FHAD1,0.0008333700446110114
ZNF683,SYCP1,0.000832113303513718
POU3F1,DHCR24,0.000831542404829222
FOXD2,TEX38,0.0008312602069052381
POU3F1,C1QB,0.0008280522238162073
FOXD2,LINC01342,0.0008258530164015523
GLIS1,LINC01708,0.0008254543659882964
ALX3,SLC1A7,0.0008254444183706744
E2F2,FOXD3-AS1,0.0008251082762086394
FOXD2,PARS2,0.0008223586524510097
ZNF683,GPR61,0.0008217967590511836
FOXD2,GNG12-AS1,0.0008210847696808664
FOXO6,TENT5B,0.0008197354010191205
FOXD2,FNDC10,0.0008193621092650442
TAL1,HES4,0.000817065208084785
E2F2,EXOSC10-AS1,0.0008151156826855369
FOXO6,MIR34AHG,0.0008145666947954609
TP73,LINC01140,0.0008112758738098159
POU3F1,TAS1R3,0.0008112597003135261
PAX7,STMN1,0.0008110811099653835
POU3F1,EPHA2,0.000805569664337549
FOXD2,ATXN7L2,0.0008052579011387301
FOXD2,LINC01685,0.0008046978891040027
TP73,LINC02780,0.0008038819222597429
HES2,ZBTB8A,0.0008037056917412726
FOXD2,CLCA1,0.0007952751582311275
HES2,CCDC27,0.0007948281455613182
HES2,PTGFRN,0.0007927517566088384
TP73,CCDC27,0.0007896061829275493
ZNF691,GABRD,0.0007868676364329422
FOXD2,CSMD2,0.0007850428533259221
FOXD2,BMP8A,0.0007836920942195702
POU3F1,TENT5B,0.0007831483915554266
POU3F1,ENO1-AS1,0.000781744601597035
FOXO6,TIE1,0.0007814175961196904
FOXD2,PHF13,0.0007809158351198729
FOXD2,KCND3,0.0007792537179974711
FOXO6,C1QA,0.0007786708102964736
ALX3,AK5,0.0007778756779435323
POU3F1,LINC01672,0.0007776386310323683
ZNF684,AMPD1,0.000776130467014994
POU3F1,SSBP3-AS1,0.0007760417564821196
ZNF691,GBP6,0.0007741802305340517
ZNF691,C1QA,0.0007723461416421016
TP73,LINC01786,0.0007719090396551706
ZNF691,PLA2G2C,0.0007700812881969144
PAX7,YTHDF2,0.00076853630624027
GLIS1,SLC2A1,0.0007678685336376083
PAX7,CDA,0.0007666460338035736
FOXD2,CLCA4,0.0007652890060160675
FOXD2,SDC3,0.0007649698181340201
E2F2,TAL1,0.0007640834263826696
ZNF691,SLC2A7,0.0007629920579803123
GFI1,TAL1,0.0007607849566566422
PAX7,MXRA8,0.0007562034827636328
HES2,CFAP74,0.0007548847837015117
FOXO6,ELAVL4,0.0007519913539542162
GFI1,AMPD1,0.0007515018407027376
PAX7,STPG1,0.000751499947202092
POU3F1,SGIP1,0.0007508686543843014
FOXO6,PTGER3,0.0007456080947656643
TP73,PLPP3,0.0007440837945640174
PAX7,LRRC42,0.0007414998322077964
GLIS1,LRRC7,0.0007411354762022164
GLIS1,GNG12,0.0007410995660173268
POU3F1,TMEM240,0.0007403323579037404
ALX3,DENND2C,0.0007395580961081239
FOXD2,C1orf216,0.0007393395670736808
ZNF683,LINC02810,0.0007389866561932929
ZNF683,EXOSC10-AS1,0.0007385812116741597
ZNF691,SGIP1,0.0007381057056649251
E2F2,OLFM3,0.0007371428366211507
ID3,MIR3659HG,0.0007370763604541171
POU3F1,PPM1J,0.000736274819168046
TFAP2E,VTCN1,0.0007358015639484332
ZNF684,LRRC38,0.0007355745540479601
FOXO6,FCN3,0.0007354570770397287
FOXD2,GADD45A,0.0007302846299148115
POU3F1,TAL1,0.0007296367179693791
ZNF691,MCOLN3,0.0007287898330398461
ZNF683,LPAR3,0.0007286896134814028
TFAP2E,CELA3A,0.0007279914413208822
POU3F1,BSND,0.0007247626149881073
FOXO6,HPDL,0.0007222464190482001
FOXO6,C1orf127,0.0007195798505324658
PAX7,CLCA4,0.0007194157781820287
HES2,SFN,0.0007144598356974186
ALX3,CELA2B,0.0007144520506520495
POU3F1,PTGER3,0.0007129079947058494
GLIS1,COA7,0.0007124153386292412
HES2,BMP8B,0.000712145242338015
TFAP2E,STMN1,0.0007114716536118666
HES2,SYCP1,0.0007113436001261256
E2F2,TMCO2,0.0007108086178407257
GLIS1,DAB1-AS1,0.0007104208620447029
POU3F1,FAM151A,0.0007101040591826743
TP73,COL16A1,0.0007091419421230695
GLIS1,SYCP1,0.0007079959103367526
FOXO6,ALX3,0.0007056621386517982
PAX7,RHCE,0.0007048336558644327
HES4,PTPRU,0.000703831778654279
TP73,LINC02812,0.0007034226734738834
FOXD2,FNDC5,0.0007031571219501981
GLIS1,COL16A1,0.0007005835161934956
POU3F1,EPHA10,0.0006999175338454338
HES2,NGF-AS1,0.0006973286436607128
TAL1,DPYD-AS2,0.0006946115385328153
ZNF683,LINC01140,0.0006942702544178831
ZNF691,IGSF21,0.0006917811092396678
TP73,TNFRSF4,0.0006911998334880572
ZNF691,LINC01788,0.0006911528214055713
PAX7,IPO13,0.0006890077673051896
POU3F1,PLA2G2D,0.0006887120316301887
FOXO6,ROR1,0.0006871249941696584
PAX7,MPL,0.000686312742295336
FOXO6,NGF,0.0006854667069588328
PRDM16,TGFBR3,0.0006842130883998246
ZNF691,SLC44A3,0.0006836557476990381
FOXO6,CCDC27,0.0006835928917269446
FOXD2,PDPN,0.0006788895523731216
ALX3,KIAA1522,0.0006780403764388463
TP73,ZMYND12,0.0006771642820140951
TP73,LINC01672,0.0006768959208590917
GLIS1,HMGN2,0.0006766726661979771
TP73,CNKSR1,0.0006752694319912827
GLIS1,IPO13,0.0006751882276154091
FOXO6,ASB17,0.0006744630728456097
PAX7,KLHL17,0.000668423023637562
TP73,C1QA,0.0006679118996957505
GFI1,TNFRSF4,0.0006668670131953166
ALX3,LINC01357,0.0006662462842241025
HES2,PADI4,0.0006656961473270645
FOXD2,DISP3,0.0006628674038840497
PAX7,LINC01786,0.0006623808174781909
GLIS1,OPRD1,0.0006599891047729868
TP73,LINC01756,0.0006593809462184121
PAX7,LINC02780,0.0006578087753807835
ZNF683,NGF,0.0006573863920709352
FOXD2,UQCRHL,0.0006565626659821525
GFI1,SYPL2,0.0006549279060887416
FOXD2,SYCP1,0.0006536615899358027
POU3F1,CASQ2,0.0006527425671124371
FOXO6,IQCC,0.0006522604104292723
ALX3,LRRC7,0.0006522597571917686
FOXO6,SLC6A17,0.0006510218116900146
GLIS1,ZFP69B,0.0006494839745604563
FOXD2,ENO1-AS1,0.0006486280555922817
TFAP2E,LDLRAD2,0.0006441299608894452
PAX7,GBP4,0.0006432393743204601
PAX7,NFYC-AS1,0.0006429898855295152
PAX7,ALX3,0.0006426724672357263
E2F2,ZNF683,0.000639798489846897
ALX3,ARHGEF19,0.0006393612814868301
GLIS1,TMEM53,0.00063906863960961
FOXD2,CCDC17,0.0006368086181253911
GLIS1,SELENOF,0.0006345462962091828
HES4,PLA2G2F,0.0006339296999300885
GLIS1,CSMD2-AS1,0.0006332845572365242
FOXD2,DDAH1,0.0006329669509067573
GFI1,GRIK3,0.0006327227652362738
HES2,BSND,0.000631812797560083
FOXD2,TSPAN1,0.0006308240076861751
POU3F1,SLC44A3,0.0006303372110392978
TP73,LINC01226,0.000629646567482697
GLIS1,FOXD2,0.0006288257779100033
HES4,LINC01140,0.0006286089780373344
TP73,DAB1-AS1,0.0006279071105349972
HES2,IL12RB2,0.0006275209466327171
TP73,FAM151A,0.0006271772667124176
POU3F1,GABRD,0.0006248790798807482
TP73,MIR4422HG,0.0006220389939011507
E2F2,PTPRU,0.0006215372769409315
FOXO6,EPHX4,0.0006212164177840521
POU3F1,C1QA,0.0006205223515581198
FOXD2,TTLL7,0.0006202546151060467
HES4,POU3F1,0.0006202459179919466
TP73,SLC22A15,0.0006193025420929494
TAL1,TMEM240,0.0006174723455694268
POU3F1,ADGRB2,0.0006171996442151903
FOXD2,CNKSR1,0.0006170389798128974
HES2,MKNK1-AS1,0.0006152240922561036
GLIS1,GSTM3,0.0006134338116447063
PAX7,WNT2B,0.0006133361779577989
GLIS1,BCL2L15,0.0006131599798890741
HES2,CHI3L2,0.0006124523864766012
FOXO6,F3,0.0006113190594129037
TAL1,GLIS1,0.0006110430937201609
FOXD2,L1TD1,0.0006103131000560308
POU3F1,MANEAL,0.0006101946421401875
TP73,CYP2J2,0.0006083831174426866
FOXO6,CDCA8,0.0006075352878008593
GLIS1,PRDM16,0.000604804635474232
FOXD2,LINC01708,0.0006034576459332317
ZNF691,CLCA4,0.0006017184151896204
HES2,COL24A1,0.0006016783228636397
FOXO6,RIMS3,0.0006015556122893422
TAL1,IGSF21,0.0006015427346624549
HES2,USP33,0.0006007841680951534
ZNF691,IGSF3,0.0005993331311143552
FOXD2,SLC6A9,0.0005991078166059072
POU3F1,PLPP3,0.0005989532755153143
FOXD2,TRNP1,0.0005979118285318113
FOXD2,TSSK3,0.0005978129290099462
HES2,PDPN,0.0005946934918780303
HES2,DISP3,0.0005931781565491887
ZNF684,STMN1,0.00059288847140862
HES2,FAM87B,0.0005928609420306656
ZNF691,SFN,0.0005925920617701985
PAX7,DLGAP3,0.0005925069477221532
FOXO6,UBE2U,0.000592483464990137
FOXD2,ESPN,0.0005922857231977707
PAX7,WLS,0.0005920376007957752
FOXD2,TAS1R1,0.0005916813068954952
ZNF683,CELA3B,0.0005916569981629292
E2F2,LURAP1,0.0005914219949211802
GLIS1,FBXO42,0.0005901519907859216
GLIS1,IFI44L,0.0005898685545496747
FOXD2,RHBDL2,0.0005890065726996502
PAX7,CTTNBP2NL,0.0005876919232829572
GFI1,LINC01140,0.000585751208111709
POU3F1,BEND5,0.0005857365771581398
FOXD2,HFM1,0.0005829381092250336
ID3,NFIA-AS2,0.0005815617338408622
FOXO6,STMN1,0.0005813122176471393
TAL1,ASAP3,0.0005802580562011329
PAX7,PADI4,0.0005793105924170458
TAL1,ROR1-AS1,0.0005790766893580444
HES2,GPR3,0.0005786576462757048
FOXO6,IL23R,0.000578300476012845
GLIS1,LNCTAM34A,0.0005772141849762662
ZNF684,VAV3-AS1,0.0005769617153888667
FOXD2,TNNI3K,0.0005769416966416563
TFAP2E,BEND5,0.0005761305800645502
PAX7,DPYD-IT1,0.0005752994575754723
GLIS1,MMP23B,0.0005717833607429468
ALX3,PTPRF,0.0005714854042588493
PAX7,DENND2C,0.0005700484581734733
POU3F1,ROR1,0.000569827015304276
ID3,CDCA8,0.0005680737508519066
TAL1,CDA,0.0005678724869816761
FOXD2,TTLL10,0.0005678714584058803
E2F2,LDLRAD2,0.0005678319594476603
GFI1,SLC5A9,0.0005676435945783877
POU3F1,KLHL17,0.0005662470560228399
FOXD2,COL8A2,0.000566242787636899
GLIS1,RPS8,0.0005661502348981008
FOXO6,RIMKLA,0.0005660295337284269
FOXD2,INKA2-AS1,0.0005649862458041535
ZNF691,LINC01144,0.0005608113433258494
TP73,BSND,0.0005586156649655585
ZNF684,TGFBR3,0.0005581619979162923
ALX3,FNBP1L,0.0005567336140899009
FOXD2,COL16A1,0.0005563494406624698
HES2,C1orf146,0.0005561059772811314
POU3F1,LINC01756,0.0005560571866279503
GLIS1,EPHB2,0.0005560536215001072
PAX7,ATAD3C,0.0005530641791589514
HES2,OPRD1,0.0005525769698748403
TP73,TSPAN2,0.0005518811651168937
TP73,ADGRB2,0.0005465003707889474
FOXO6,PPCS,0.000545565969131219
FOXO6,SLC5A9,0.0005453968219558004
FOXO6,ADORA3,0.0005450329244957022
FOXD2,DRAXIN,0.0005448937279737463
HES2,LINC01676,0.0005448188629294116
GLIS1,HYI,0.0005428573167448121
E2F2,SYPL2,0.0005411291533027864
FOXD2,DAB1-AS1,0.0005396515123105546
ZNF691,C1QB,0.0005364167494924865
ALX3,HES2,0.000534617170475696
HES2,KIF17,0.0005343979573043644
E2F2,AMPD1,0.0005343449840740538
FOXD2,PLEKHG5,0.0005340203182740371
FOXO6,E2F2,0.0005319747570594756
FOXO6,FOXD2-AS1,0.0005317939140861057
FOXO6,PLA2G2D,0.0005286562339576062
FOXD2,CAPZB,0.0005285259757454943
POU3F1,KIF17,0.0005278466480742951
FOXO6,CLSPN,0.0005252014006247334
ID3,C1QC,0.000524896889741125
TP73,ZFP69B,0.0005245214272734555
ZNF691,PTPRU,0.0005226992570701738
FOXD2,GNG12,0.0005209914475891259
TFAP2E,SLC5A9,0.000519460589339477
TFAP2E,GRIK3,0.0005179027020538878
GLIS1,PALMD,0.0005177130151733062
FOXO6,RAB3B,0.0005156320592315935
HES2,LNCTAM34A,0.000514891241834242
PAX7,LINC01672,0.0005148331585541531
ALX3,HYI,0.0005143305221882133
HES2,PTPRU,0.0005141026808776349
FOXD2,MROH7,0.0005134985653931235
FOXD2,FOXO6,0.0005131128231597475
POU3F1,WNT4,0.0005119031808357664
GLIS1,COL9A2,0.0005094176448385456
FOXO6,PTGFR,0.0005089024982628461
GLIS1,FOXO6,0.0005086102734192419
TP73,DNASE2B,0.000508066240724629
FOXD2,BCAR3,0.0005078454862985455
TFAP2E,MYBPHL,0.0005067463999557375
GLIS1,IL12RB2,0.0005066303881590582
GFI1,PLA2G2F,0.0005060235647073103
FOXO6,LINC02810,0.0005056850829980194
FOXO6,GBP6,0.0005045290811556332
HES2,TMEM52,0.0005026628334039063
ALX3,PSRC1,0.0005018550639575507
E2F2,NFIA-AS2,0.0005017087236021904
HES2,GBP7,0.0005016014621883947
GLIS1,CPLANE2,0.0005015240198383581
HES2,FYB2,0.0005013409506602989
TP73,RNF220,0.000500676230390301
HES4,AMPD1,0.0004999205919627256
HES2,LINC01160,0.0004998352369548402
PAX7,KDF1,0.0004985919975109889
POU3F1,OLFML3,0.0004978793119184123
TP73,LRRIQ3,0.0004968442972603201
TAL1,GFI1,0.0004967648242302015
FOXD2,DCLRE1B,0.000493586606680335
ZNF683,C1QTNF12,0.0004932578449877499
FOXD2,BMP8B,0.0004930544165538608
FOXD2,PTGFRN,0.0004924672111508351
POU3F1,TIE1,0.0004917290354636252
FOXD2,PSRC1,0.0004912750640979809
FOXD2,C1orf146,0.0004907043742001006
ZNF691,FCN3,0.0004903907123053929
TAL1,F3,0.0004903033117997038
POU3F1,PDPN,0.0004900182849153601
ZNF683,CCDC163,0.0004892944922720267
HES2,ZYG11A,0.0004889001212680855
POU3F1,VTCN1,0.00048756071335827935
PAX7,HTR6,0.0004873943177026841
TAL1,EXOSC10-AS1,0.00048663521978089424
FOXD2,SCNN1D,0.0004861577736566834
FOXD2,CROCC,0.00048420748803294127
FOXD2,TMIGD3,0.00048224582160487546
FOXO6,ROR1-AS1,0.0004798209665015174
FOXO6,TP73,0.00047842119885442395
TP73,GBP7,0.0004780587729760791
TP73,LINC02795,0.00047702988070379355
PAX7,NBL1,0.0004769995395186414
ZNF683,MYBPHL,0.0004767189341558109
GLIS1,FHAD1,0.00047610154271057205
POU3F1,EPHX4,0.00047291529627063814
POU3F1,COL11A1,0.00047196750476428365
ALX3,STMN1,0.0004717515528541235
FOXO6,MCOLN3,0.00047148562435146013
PAX7,LINC01160,0.00047047058412859333
GLIS1,LINC01685,0.00047018977505178244
HES2,KIF2C,0.000469084691279354
ZNF683,OLFM3,0.00046718466984888376
POU3F1,RIMS3,0.0004660850817788849
POU3F1,ALPL,0.0004636265816109289
ZNF683,FOXD3-AS1,0.0004630100709162573
FOXD2,RIMS3,0.00046184834247988646
ZNF691,NPHP4,0.0004616315111044736
POU3F1,TRIM45,0.0004609685385679749
FOXO6,OLFML3,0.00046065939135627555
TP73,DIO1,0.00045931041477325913
E2F2,CORT,0.0004589048910215735
FOXD2,TRIM45,0.0004584758177889415
POU3F1,FAM41C,0.00045759762658563344
POU3F1,ROR1-AS1,0.00045645724158327553
TFAP2E,TMEM240,0.00045633677387050886
POU3F1,LINC01342,0.0004563110085592271
GLIS1,NGF-AS1,0.00045306697127083407
PAX7,ADGRB2,0.0004528844441767204
ZNF691,CYP4B1,0.00045215824689110807
POU3F1,KANK4,0.0004511987829527129
PAX7,MATN1,0.00044977144545979087
E2F2,CYP4A22-AS1,0.0004496102573191856
E2F2,CELA3A,0.00044940262775319405
POU3F1,PADI6,0.0004469129561092505
FOXO6,PPT1,0.0004457390797441932
FOXD2,TENT5B,0.0004452471952114805
HES2,FOXD3-AS1,0.00044476787703289286
ZNF691,NGF,0.00044208038509853625
PAX7,SERINC2,0.0004410005187377106
TP73,MROH7,0.0004407514542985015
PAX7,CDCA8,0.0004388478651450063
FOXO6,LINC01788,0.0004379336311543219
FOXD2,ASB17,0.0004366573850457425
HES2,NCMAP,0.0004357784774907877
E2F2,LRRC38,0.0004317903301048787
PAX7,RAB3B,0.00043132237044307453
HES2,ROR1,0.00043112759318299427
GLIS1,LINC01342,0.00043020810898215643
TP73,LPAR3,0.00042974167802755183
POU3F1,LINC01364,0.00042902936389528954
ZNF684,DEPDC1,0.0004283064635741807
FOXO6,CYP4B1,0.0004279137823163174
FOXD2,GRHL3,0.00042715834487685767
GLIS1,AGRN,0.00042575290293159847
FOXD2,LINC01748,0.0004253671909658777
ZNF683,SLC2A7,0.00042359181711975095
ALX3,TSPAN1,0.00042345024797863385
FOXD2,BSND,0.00042225695418826267
FOXO6,LINC01144,0.00042049933322796894
HES2,LINC01355,0.0004201581513440668
TP73,AK4,0.00042001345520622585
HES2,TRIM45,0.00041870210606414625
PAX7,DISP3,0.0004185269358415798
HES2,PTPRF,0.00041637945102107084
HES2,HYI-AS1,0.00041597802792697953
TP73,KANK4,0.0004154134385620808
PAX7,PDPN,0.00041508744657801677
GLIS1,CCDC28B,0.00041435563162534994
ZNF683,MCOLN3,0.00041431555995464456
TFAP2E,AMPD1,0.0004126990476913312
FOXD2,ZMYND12,0.0004116742425957366
ALX3,ZNF691,0.0004111723554846255
PAX7,ANKRD65,0.00041059026181693956
HES2,HTR6,0.0004101698272889727
FOXD2,LNCTAM34A,0.00040977403015724395
PAX7,MEGF6,0.0004096919890873375
GLIS1,DPYD-IT1,0.0004092891566269278
FOXD2,RSPO1,0.00040822598565501444
FOXD2,CNN3,0.00040601823254083036
GFI1,DENND2C,0.00040406379835684425
FOXD2,PLEKHN1,0.00040115059002898657
TFAP2E,PLA2G2F,0.00040059846187550925
HES2,MPL,0.00039848703757735865
GLIS1,MATN1,0.0003957228158497954
TAL1,FOXD2,0.00039503163752911794
PAX7,MIR3659HG,0.0003950075437439651
POU3F1,FNDC7,0.0003941125559502644
FOXO6,LURAP1,0.00039377738406844853
ALX3,ASAP3,0.00039365661734227993
POU3F1,ZBTB8A,0.0003935408620422081
FOXO6,TRIM63,0.0003897822077179747
HES4,SGIP1,0.00038944900948159833
ZNF683,SLC5A9,0.0003880438915165121
TP73,PRKCZ,0.0003879923904183898
PAX7,GNG5,0.0003879183250633709
FOXO6,ZBTB8B,0.00038661369697319883
ZNF683,NGF-AS1,0.00038490447731390567
GLIS1,LINC01355,0.0003846922351668226
GLIS1,LINC00115,0.0003828150800992042
E2F2,C1QB,0.0003822768501037119
GLIS1,PAQR7,0.000381061603857563
E2F2,VTCN1,0.0003808827607068634
POU3F1,MMEL1,0.0003798413760288835
GLIS1,VAV3,0.00037815635346749853
PAX7,KCNA2,0.0003774940492483796
FOXD2,HCRTR1,0.0003757981869204748
GLIS1,LRRIQ3,0.0003752264234087621
ID3,CDC20,0.00037516544238790236
FOXD2,PALMD,0.0003745826504592865
TP73,ASB17,0.00037335389122892994
TP73,IL12RB2,0.00037311836890147293
GLIS1,EVA1B,0.00037268815921403685
FOXO6,SPOCD1,0.0003724711120961331
TP73,PLA2G2D,0.00037074556421960974
ZNF684,PLA2G2F,0.0003696129845324525
POU3F1,LINC02777,0.00036937486075155397
PAX7,FBXO44,0.00036870738134479257
POU3F1,MAP3K6,0.0003677057055386763
TFAP2E,CORT,0.00036652580935610566
TP73,C1QB,0.0003650857452543448
POU3F1,LINC01134,0.0003642951695496203
FOXD2,CLCA4-AS1,0.0003631257064604628
E2F2,GRIK3,0.0003628477034958427
TAL1,DPYD,0.0003614559211728415
FOXO6,CELA3A,0.00036119803403679906
FOXD2,AUNIP,0.0003611624645943176
HES2,PLA2G2C,0.0003599519348320322
FOXO6,SLC2A5,0.0003594128630810132
TP73,AMPD1,0.00035812609258364914
GLIS1,NCMAP,0.0003579293148813974
HES2,SYPL2,0.000357728233456293
HES2,LINC01226,0.00035742586773215856
PAX7,TCEA3,0.00035709777170553374
TP73,COL24A1,0.000356621957309518
FOXO6,OLFM3,0.00035586780877575654
TP73,NFIA-AS2,0.0003547790323572325
HES2,MATN1,0.0003521976851724962
TP73,EPHB2,0.00035139549943288487
ALX3,TTLL7,0.00035020034101129163
FOXD2,SAMD13,0.0003499676154125135
GLIS1,RCC1,0.00034948572363539295
ZNF691,OLFM3,0.00034709649122844694
ZNF683,TMEM240,0.00034581622043816825
FOXD2,LINC01141,0.00034510437637784626
ALX3,SH3D21,0.00034439630456478665
PAX7,ARID1A,0.00034306239468413085
POU3F1,SLC30A2,0.0003429949022817605
FOXD2,LINC02609,0.0003428196507188179
POU3F1,NGF-AS1,0.0003415434552951708
POU3F1,CELSR2,0.000339932824810151
TP73,TIE1,0.000338782407660758
HES2,KCNQ4,0.00033872401506075136
TP73,ALPL,0.0003377517121927228
GLIS1,CLCA4-AS1,0.00033702573221135065
ALX3,SRARP,0.00033644473671165975
PAX7,UTS2,0.00033614861920754996
FOXD2,LINC01676,0.00033452788934721376
ZNF691,PLA2G2F,0.00033401635894803093
TP73,SLC30A2,0.00033393045002641286
PAX7,SLC35D1,0.00033363648086524053
FOXD2,LINC01358,0.0003331805294785721
POU3F1,MCOLN3,0.00033270807105406495
FOXD2,CASQ2,0.00033184328513368767
FOXD2,PAX7,0.0003290283947898522
ZNF684,SMPDL3B,0.0003280860907640507
POU3F1,KCNQ4,0.00032804476248222264
PAX7,RTCA-AS1,0.0003277909985765323
ALX3,MASP2,0.0003277055239862055
ZNF691,LINC01357,0.00032730437584401937
E2F2,LINC02574,0.0003263106718676208
PAX7,CCDC163,0.0003255213714587222
ZNF683,SAMD13,0.00032468880353306735
PAX7,PTPRF,0.0003233898711801969
FOXD2,GPR3,0.00032167517328280694
HES2,PTGER3,0.0003213607747460353
ZNF683,SLC2A5,0.0003202699827388093
FOXD2,LINC02780,0.00032012260478888216
FOXO6,CYP4A22-AS1,0.0003200311412944616
GLIS1,THEMIS2,0.00031979548245062697
ZNF691,ARHGAP29-AS1,0.0003194770766160952
POU3F1,HES2,0.0003192861266994417
ALX3,TCEA3,0.0003171150281747686
PAX7,CSMD2-AS1,0.0003151742461234139
FOXD2,GPR153,0.0003129174038590465
TP73,NEXN-AS1,0.00031210134178024843
GLIS1,PRKAA2,0.0003117644368694834
POU3F1,PLA2G2C,0.00031061713369437936
HES2,C1orf167,0.0003103366321819758
POU3F1,CCDC163,0.0003045032643343577
ZNF691,LINC01140,0.0003027161643627531
TP73,GNG12-AS1,0.0003026601078831775
ZNF683,GBP6,0.00030166906787574166
GLIS1,ASB17,0.00030162506524268606
FOXO6,LINC01357,0.0003006623499852098
FOXD2,SPSB1,0.0002992314529610496
ALX3,LRIG2,0.0002987087666487845
TP73,LINC01768,0.0002960458721670506
PAX7,GPR153,0.00029580465460806636
GLIS1,TGFBR3,0.00029561174490339357
FOXD2,NEXN-AS1,0.00029365093962949103
POU3F1,LINC02609,0.00029261463041887266
PAX7,PADI2,0.0002910666179963349
PAX7,CFAP74,0.00029007512691231783
PAX7,PTGFR,0.000289825183853647
ZNF691,IQCC,0.0002897140779708668
TP73,RAB3B,0.0002879088970995672
ZNF691,LRRC38,0.00028565952086686403
PAX7,CCDC27,0.00028476231325049936
HES2,TLCD4,0.00028454667611581405
POU3F1,CYP4A22-AS1,0.0002840802011928996
PAX7,HMGN2,0.00028205259694513853
PAX7,CTRC,0.00028130009044566046
FOXD2,FAM87B,0.00027941644110537016
FOXO6,UBXN10,0.0002781381652909651
TFAP2E,TP73,0.0002779670890459114
PAX7,FNDC10,0.0002772845150370622
POU3F1,CELA3A,0.000277237494207208
GLIS1,LINC01140,0.00027632229683767305
ZNF691,SYPL2,0.00027590520305609587
FOXD2,OPRD1,0.00027530546319588155
FOXD2,ANKRD65,0.00027475418992824066
E2F2,PLA2G2F,0.0002741507083822742
TAL1,ZYG11A,0.00027331207618996065
TP73,LINC01709,0.0002727784654206392
FOXD2,ORC1,0.0002724013878556818
FOXO6,STIL,0.00027199673094839967
GLIS1,MED18,0.0002719314530963322
POU3F1,FOXD2-AS1,0.0002709318267561134
PAX7,GNAT2,0.0002709212077045431
GLIS1,GSTM4,0.0002706091858883442
PAX7,GBP6,0.00027042487780264753
TP73,CDCP2,0.00027036054615845264
GLIS1,CFAP74,0.0002689235871160096
TP73,EXOSC10-AS1,0.0002676227293624433
FOXO6,SFN,0.0002668052585960252
ZNF683,MIR34AHG,0.0002652219453783461
POU3F1,DNASE2B,0.00026505170177292203
ALX3,CTNNBIP1,0.00026175640035683886
POU3F1,LINC01357,0.000261376460307613
GLIS1,TSPAN1,0.0002613731231571414
GLIS1,ARHGEF19,0.00026019487172249887
PAX7,MOB3C,0.00025888968817257805
FOXD2,CELA3B,0.0002580257738335167
TP73,CELSR2,0.0002579460241362327
ALX3,FNDC5,0.00025789564598466345
PAX7,MASP2,0.0002572189641798777
GLIS1,CELA2B,0.00025681806700698754
HES2,BEND5,0.0002567526938237375
TP73,SH3D21,0.0002565868224304067
FOXD2,HTR6,0.00025623874200767275
HES2,LINC02780,0.0002561613833578322
FOXD2,LINC01672,0.0002552692192175694
POU3F1,LDLRAD2,0.00025262806396057666
POU3F1,HYI-AS1,0.00025262770351061847
PAX7,TAS1R1,0.00025259438507211805
TAL1,PLPP3,0.00025256074133415317
FOXD2,FAM167B,0.00025150838791154957
FOXD2,NKAIN1,0.00025129387210766964
POU3F1,C1orf146,0.00024962228972829275
FOXO6,ARHGAP29-AS1,0.0002486298911072759
ALX3,TAL1,0.0002483110128154226
GLIS1,MIIP,0.00024824692017590957
HES2,CYP4B1,0.00024691787034438026
HES4,ERICH3,0.0002464962972694865
PAX7,FOXD2-AS1,0.00024610560273865834
GLIS1,LINC01739,0.0002459727110157553
POU3F1,PRXL2B,0.0002459359487731657
TP73,MATN1,0.0002452722679527468
ZNF683,C1orf127,0.00024428050138238167
HES2,GPR153,0.00024398040033895115
FOXO6,TMCO2,0.0002436256202182135
POU3F1,ELAVL4,0.0002420482640639055
FOXO6,LDLRAD2,0.00024164579569318294
FOXO6,EXOSC10-AS1,0.00024061598482968974
ZNF691,LINC02810,0.00024060759145975988
FOXD2,PPM1J,0.00024011919576906284
ALX3,AZIN2,0.00023931473700187047
ZNF683,ARHGAP29-AS1,0.00023875776565351827
ZNF683,HTR6,0.00023753493819499914
TAL1,HPDL,0.0002368032047796613
FOXO6,RAB42,0.00023668429282483206
ZNF691,C1QC,0.0002365032349671825
POU3F1,LINC02810,0.0002363437824415996
HES2,CSMD2,0.00023561898288263338
POU3F1,PTPRU,0.00023533830671175398
FOXD2,ZBTB8A,0.0002351950029559283
PAX7,KIAA1522,0.00023505639984913588
ALX3,IQCC,0.00023478647002159203
HES2,MACF1,0.00023264671451296006
FOXD2,A3GALT2,0.00023215474067795168
TP73,IGSF21,0.00023175212148356873
FOXD2,FAM151A,0.00023098395199930413
ZNF691,EXOSC10-AS1,0.00023044993185601095
FOXD2,PLA2G2C,0.00023003824455740063
FOXD2,ENO1,0.00022865278753155248
POU3F1,RIMKLA,0.00022838696951508236
HES2,MIR34AHG,0.00022682332770879618
FOXO6,C1orf185,0.00022663385058305414
HES2,LINC01357,0.00022648940369566597
FOXD2,COL11A1,0.0002261045552888294
PAX7,AGRN,0.000226077539532566
ALX3,USP48,0.0002257967724596895
PAX7,RAVER2,0.00022525884707356748
FOXD2,LINC01364,0.00022496383570576485
FOXD2,PTPRF,0.00022432862891964264
TAL1,OLFML3,0.00022389057419857996
ZNF683,RAB42,0.00022347834660462317
GLIS1,LINC01707,0.0002233262305255176
POU3F1,PTPRF,0.00022314786326962422
FOXO6,ORC1,0.00022268141982498518
FOXD2,PLA2G5,0.00022231359939182355
POU3F1,LINC02811,0.00022168162641823748
ZNF691,POU3F1,0.0002212567816992678
GLIS1,DPYD-AS2,0.00022014335769563639
HES2,FOXD2-AS1,0.00021985467572847828
GLIS1,LINC02811,0.00021946855133040603
HES2,COL11A1,0.0002193533975123949
ZNF683,TENT5B,0.00021897208815358716
HES2,DPYD-IT1,0.00021833759213393025
ZNF691,LINC01714,0.00021830679246787011
TP73,BEND5,0.00021795698224453703
GLIS1,SPSB1,0.0002152861629067131
TAL1,PLOD1,0.00021527029697265037
FOXO6,TMEM200B,0.0002125369135474583
ALX3,SLC45A1,0.00021225362786193896
GLIS1,CRYBG2,0.00021224817903356207
FOXD2,C1orf141,0.00021220508686697033
GFI1,NFIA-AS2,0.00021193403890473864
ALX3,IFNLR1,0.00021026312388858616
FOXO6,NEXN-AS1,0.00020976200959142585
PAX7,LINC01362,0.00020966581508770728
TAL1,PIK3R3,0.00020965018641177068
GLIS1,ADGRB2,0.0002088966700527466
TP73,TOE1,0.00020845497073571502
HES2,CDC7,0.00020776978452471953
PAX7,E2F2,0.0002074679987196973
FOXO6,PTPRU,0.00020743051021239342
FOXD2,RAP1GAP,0.00020665648266832257
HES2,DAB1,0.00020589991670405417
FOXD2,SLC45A1,0.00020562120248622176
GLIS1,CACHD1,0.00020502100122134727
PAX7,RAP1GAP,0.00020460955130838075
PAX7,PAQR7,0.00020427676280011938
ALX3,PPM1J,0.00020387352050564114
TP73,ALG14,0.00020385780068492385
HES2,TAS1R3,0.0002025605351249047
FOXD2,LPAR3,0.00020192971282246137
HES4,DEPDC1,0.00020148159258197442
TP73,GJA9,0.00020133367138818836
FOXD2,PIK3CD-AS1,0.00020119939216880188
FOXD2,PRKAA2,0.00020111884851301053
ALX3,GADD45A,0.00020074043905331674
FOXD2,CELSR2,0.00020051521289369707
POU3F1,CCDC27,0.00020036619936470617
ALX3,BCAR3,0.00019885083688217742
GLIS1,ZYG11A,0.00019657656067569013
POU3F1,BMP8B,0.00019608135948072762
FOXO6,NGF-AS1,0.0001943178459847112
HES4,LINC02238,0.00019169302703436167
POU3F1,UBXN10,0.00019152848105147096
POU3F1,LINC01677,0.0001909890471638936
PAX7,CCDC17,0.00019069608619717428
PAX7,BRDT,0.00019059100637048445
TP73,CCDC163,0.00019056422238322574
TFAP2E,C1QC,0.00018980165975882987
FOXD2,RAB3B,0.0001884933239607085
GLIS1,ADORA3,0.00018844063636295683
HES2,RSPO1,0.00018602696551979982
TP73,NTNG1,0.00018530472215670776
GLIS1,TENT5B,0.00018464950749420101
FOXD2,HYI-AS1,0.00018434406448256701
FOXD2,LINC01768,0.0001840974050617542
GLIS1,ISG15,0.00018386987976767865
GLIS1,C1orf185,0.00018314648097826963
FOXD2,ALPL,0.00018271431218758362
POU3F1,TRIM63,0.00018206144619132563
FOXD2,TLCD4,0.00018045834957663734
PAX7,TENT5B,0.00017800903053344155
TP73,PLPPR4,0.000177624433123949
PAX7,DHCR24,0.00017734884180798172
PAX7,SLC16A1,0.0001772803008903045
PAX7,LINC01357,0.00017649870302844585
FOXD2,WNT4,0.0001752343786658018
POU3F1,RAB42,0.00017515870711413249
ALX3,PRDM2,0.0001742632460046219
FOXO6,IGSF21,0.00017378120793471873
PAX7,HPDL,0.0001736545824257499
FOXO6,VTCN1,0.00017344913255830144
HES2,LINC01677,0.00017269953523552082
FOXD2,LINC01677,0.00017230173618026185
GLIS1,ZNF436-AS1,0.00017214112697672306
GLIS1,SDC3,0.00017171388427412415
PAX7,HFM1,0.00017167325055720742
GLIS1,SH3D21,0.00017128214489290955
POU3F1,GBP6,0.0001705256137629938
GLIS1,FOXD3-AS1,0.00017049078441682062
TFAP2E,LINC02238,0.0001686674529098592
ZNF683,LINC01357,0.0001682622637692793
FOXD2,LINC01160,0.00016809081731615418
ALX3,PODN,0.00016783141107308962
POU3F1,SDC3,0.00016752682827436094
TAL1,DENND2C,0.00016730081412513675
HES2,ROR1-AS1,0.0001672304988859936
FOXD2,MPL,0.00016704180105805332
POU3F1,LINC01144,0.00016607226919063055
PAX7,LRRC7,0.00016488008487319236
FOXD2,KCNQ4,0.00016477692210064687
TAL1,AGO3,0.00016476163337258694
PAX7,LINC01141,0.00016441624477079545
PAX7,CACHD1,0.00016430533136222507
ALX3,HPDL,0.00016418491422054353
FOXD2,IQCC,0.0001634660412676206
POU3F1,LINC01140,0.00016292652555915146
PAX7,LIN28A,0.00016216619344322947
FOXD2,LINC01739,0.00016200883087451597
TP73,LINC01144,0.00016090045178664472
HES4,MIR3659HG,0.00015986860664086392
FOXO6,LINC01140,0.000159179657832344
FOXO6,MYBPHL,0.00015878572608721603
FOXD2,NCMAP,0.00015870954615555043
FOXO6,SYT6,0.00015860275875109
HES2,PALMD,0.00015833638615689397
FOXD2,C1orf167,0.00015678934681035087
HES2,GBP6,0.00015668670992778896
HES2,UBE2U,0.00015592661067237234
GLIS1,PLEKHN1,0.000155227219143105
FOXO6,ARMH1,0.00015384789608093908
PAX7,LINC02574,0.00015323960551842856
TP73,OSCP1,0.00015292851507904808
HES2,GABRD,0.00015241293566560594
HES2,ALX3,0.00015148055045675424
GLIS1,RIMS3,0.0001511823622843925
GLIS1,COL24A1,0.0001510490636185754
TP73,TENT5B,0.00015089556151123376
TP73,SPSB1,0.00015060781625523542
ZNF683,TLCD4,0.00014871742735071033
POU3F1,IGSF21,0.00014851230944835412
TP73,GBP6,0.0001481267830734739
FOXD2,SLC30A2,0.000146912386316269
POU3F1,OLFM3,0.00014654332381399445
FOXD2,ZBTB8B,0.00014595859026547963
GFI1,ERICH3,0.00014589991968592527
FOXD2,PLA2G2D,0.00014545291387427716
HES2,OLFM3,0.0001454164124639379
ZNF683,LRRC38,0.00014501212175406449
FOXD2,FNDC7,0.00014375242775707033
POU3F1,SLC2A5,0.00014322530009192443
POU3F1,PLA2G2F,0.00014302583809027935
HES2,ZBTB8B,0.00014294963869212693
HES2,LDLRAD2,0.00014290728764849723
FOXO6,BSDC1,0.00014243630773565978
FOXD2,CFAP74,0.00014228323140442952
GLIS1,TTC22,0.00014078038719247138
E2F2,MIR3659HG,0.0001400707936182563
PAX7,LINC02609,0.00014001506168475985
FOXD2,EPHX4,0.00013881516695858593
ZNF691,SYT6,0.0001382248526067442
PAX7,ALPL,0.00013791459539613026
GFI1,LINC02238,0.0001370951622755708
GLIS1,TMEM52,0.00013639775863914154
HES2,S1PR1,0.00013633236530103418
GLIS1,MIR34AHG,0.00013593886702704432
E2F2,LINC02238,0.00013563127872343858
FOXD2,TIE1,0.00013542495222271063
FOXD2,SLC44A3,0.00013430939114012785
PAX7,RHBDL2,0.00013383723604359264
FOXD2,SLC6A17,0.00013361269968418634
HES2,CELA3A,0.00013274981573332088
TAL1,TMEM200B,0.0001315844784119769
PAX7,TSPAN2,0.00013088377472893212
FOXO6,CORT,0.00013078880228393252
POU3F1,C1QC,0.00013022363519499342
GLIS1,CCDC24,0.00012961744611889018
ZNF691,UBXN10,0.0001293741067687535
E2F2,ERICH3,0.0001289998420230147
FOXD2,GJA9,0.00012868485831574953
FOXD2,MANEAL,0.0001284775946281314
TP73,LINC01134,0.0001280230917885449
FOXD2,TMEM52,0.00012798947298929157
FOXD2,RIMKLA,0.00012751330228666157
PAX7,VAV3-AS1,0.00012733626467067595
POU3F1,SYT6,0.00012684676415513938
ALX3,SYDE2,0.00012670601753448095
POU3F1,LURAP1,0.00012652662090627758
PAX7,PODN,0.0001263822119085954
FOXD2,MAB21L3,0.00012628266396433332
GLIS1,ALX3,0.00012603321161791617
TP73,TAS1R3,0.00012529980929430726
FOXD2,CDCA8,0.00012491677082593762
GLIS1,DLGAP3,0.0001245473929298361
FOXO6,LRRC38,0.0001244059245466272
FOXD2,PADI6,0.00012332866981354086
FOXD2,EPHA2,0.00012308242564622586
ALX3,LINC01355,0.0001230407271716512
FOXD2,CHD5,0.00012229078747801132
FOXO6,PLA2G2F,0.00012190206926104438
GLIS1,KCND3,0.00012175535319291985
TP73,SAMD11,0.00012155511902992556
POU3F1,FAM87B,0.00012144775607347877
ZNF683,LINC02780,0.00012111923710650232
FOXD2,EPHA10,0.00012092308355406732
FOXD2,KIF17,0.00012075540300932283
FOXO6,GRIK3,0.00011985367495885155
PAX7,OSCP1,0.00011937985869431948
GLIS1,TIE1,0.0001188089962220949
PAX7,FCN3,0.00011859533676490165
FOXO6,TMEM240,0.00011820412075230942
PAX7,SCNN1D,0.0001178066327630572
GLIS1,GSTM2,0.00011778372194203367
FOXO6,TAL1,0.00011777140257570687
FOXD2,TAS1R3,0.00011752284350031769
PAX7,ADGRL4,0.0001174932418891703
FOXD2,CCDC163,0.00011622368844777493
PAX7,PIK3CD-AS1,0.00011506465804147082
FOXO6,VWA1,0.00011488834492491718
FOXD2,CLSPN,0.00011428822251926126
POU3F1,LINC01768,0.0001139302970893995
GLIS1,LINC01768,0.00011344248682974611
TP73,LINC01685,0.0001130137322011206
PAX7,RIMKLA,0.00011289237760242927
PAX7,BMP8A,0.0001128744984307077
HES2,PTGFR,0.00011287135543800127
FOXD2,ROR1,0.000112783579630496
GLIS1,RERE,0.00011267896296925354
GLIS1,PAX7,0.00011251509817640169
ZNF683,LINC02238,0.00011166552070989818
POU3F1,SPOCD1,0.00011135201976120159
ZNF684,LINC02238,0.0001110082055993644
GLIS1,LINC01788,0.00011098655904354369
POU3F1,LINC01788,0.0001109522103324362
PAX7,TMEM51-AS1,0.00011091122512373573
TFAP2E,NFIA-AS2,0.00011059219732207993
ALX3,ASB17,0.00011056863770135148
FOXD2,ELAVL4,0.00011037658379460555
TP73,NCMAP,0.0001103629751969899
ZNF691,NGF-AS1,0.00010986073361817663
POU3F1,TLCD4,0.00010972507968318703
GLIS1,PTGER3,0.00010831437312143772
FOXD2,MIR34AHG,0.00010762279216956324
ZNF691,GRIK3,0.0001074809807140667
TP73,LCK,0.00010727109349735849
TP73,PLEKHN1,0.00010723333254376185
ALX3,VAV3-AS1,0.00010633068051625495
PAX7,LINC01364,0.00010626559594844822
TP73,PTGER3,0.00010603824587300412
TAL1,OVGP1,0.00010563575750311262
POU3F1,IL23R,0.00010410512071224624
POU3F1,UBE2U,0.00010303907541059749
FOXD2,E2F2,0.0001028728456508644
TP73,LRRC7,0.0001027251416650749
GLIS1,UBE2U,0.0001022770541160671
TP73,C1orf185,0.00010205699063489566
GLIS1,RAB3B,0.0001008373136767489
TAL1,LINC01140,0.00010024974586761547
TAL1,LINC02574,9.877720727379355e-05
HES2,FCN3,9.842913684347534e-05
TAL1,TENT5B,9.797001335472017e-05
GLIS1,MASP2,9.773399312615885e-05
TP73,LINC02607,9.701253913691995e-05
ALX3,E2F2,9.620381862308017e-05
FOXD2,SLC2A7,9.610666695965353e-05
GLIS1,HTR6,9.605223124768622e-05
FOXD2,GABRD,9.60446676714505e-05
GLIS1,CHD5,9.559103209863634e-05
GLIS1,GNB1,9.550418176697007e-05
FOXD2,ADORA3,9.540022245880352e-05
POU3F1,TMCO2,9.525344572920609e-05
FOXO6,AMPD1,9.483224115421933e-05
GLIS1,ORC1,9.431531026622927e-05
HES2,PLA2G2D,9.411266376872082e-05
HES2,C1QC,9.336666568707663e-05
PAX7,NCMAP,9.317580296096836e-05
POU3F1,EXOSC10-AS1,9.289571158066022e-05
GLIS1,SSBP3-AS1,9.236983220158864e-05
FOXD2,STIL,9.185783025569611e-05
GLIS1,GJA9,9.180451169679979e-05
FOXD2,LINC01714,9.150538053790511e-05
FOXD2,PLPPR4,9.020911613169248e-05
POU3F1,TP73,9.02074685624727e-05
TP73,LINC01355,8.9646415270977e-05
TP73,EPHX4,8.955096978907662e-05
PAX7,IL23R,8.942780164009863e-05
TAL1,HES2,8.928522890614509e-05
TP73,GNG12,8.862416070571518e-05
GLIS1,MANEAL,8.67111477078407e-05
HES2,EXOSC10-AS1,8.62782091506984e-05
HES2,SPOCD1,8.621062580978456e-05
TP73,STIL,8.6174738254503e-05
TAL1,SFN,8.615356095586712e-05
HES2,DNASE2B,8.50842302593938e-05
TP73,IL23R,8.500620466004674e-05
HES2,KDF1,8.498812105141715e-05
PAX7,AUNIP,8.385504083654277e-05
ZNF683,CELA3A,8.294895174215178e-05
TP73,SYT6,8.254864076609593e-05
HES2,LURAP1,8.2237042228713e-05
FOXD2,C1QTNF12,8.208532801961669e-05
POU3F1,ZBTB8B,8.12022272268412e-05
GLIS1,TRIM63,8.012708171293056e-05
FOXD2,C1orf127,7.95746038918056e-05
FOXD2,SGIP1,7.914333039578926e-05
FOXD2,PTGER3,7.831224030710934e-05
TP73,CSMD2-AS1,7.825510444708511e-05
ZNF683,PLPPR4,7.817335567133335e-05
PAX7,FBLIM1,7.780488308473187e-05
GLIS1,PIK3CD,7.775205086356891e-05
GLIS1,GPBP1L1,7.741186788870385e-05
POU3F1,MAB21L3,7.727704411444011e-05
TP73,FOXD2-AS1,7.714767668418164e-05
GLIS1,MAB21L3,7.648717380138011e-05
GLIS1,LINC01226,7.643509510279667e-05
HES2,GPR61,7.623502243114289e-05
FOXD2,UBE2U,7.621095578064026e-05
FOXD2,LINC01788,7.587154419912468e-05
GLIS1,DRAXIN,7.560800058197112e-05
PAX7,SPOCD1,7.53726089484582e-05
TAL1,ALX3,7.365707006687124e-05
FOXD2,GBP7,7.281090278096374e-05
HES2,NKAIN1,7.210723249462841e-05
FOXD2,SYT6,7.151796595519731e-05
GLIS1,FBXO2,7.098722718999355e-05
TFAP2E,DEPDC1,7.054347279557303e-05
ALX3,NECAP2,7.052770649349887e-05
FOXD2,IGSF3,6.97630486034218e-05
ALX3,STIL,6.9754775955223e-05
GLIS1,GABRD,6.970287160841205e-05
GFI1,PSMB2,6.880518691746241e-05
ZNF683,LINC02574,6.864476647890852e-05
TAL1,LINC01708,6.792889950851115e-05
FOXD2,IL23R,6.774163746507067e-05
FOXD2,FCN3,6.746514358801658e-05
FOXD2,SFN,6.657414378276338e-05
FOXD2,GBP6,6.65107618718359e-05
ALX3,IL12RB2,6.634452174945203e-05
GLIS1,PLA2G5,6.593272295017298e-05
FOXD2,LINC02810,6.581014728142814e-05
GLIS1,SAMD13,6.499874269789379e-05
FOXD2,UBXN10,6.458610020730611e-05
FOXD2,LINC01707,6.448029917134184e-05
GLIS1,ST6GALNAC5,6.443649050020818e-05
POU3F1,GPR61,6.435824065174564e-05
PAX7,SLC25A34,6.295090778934355e-05
PAX7,MMEL1,6.268919800484923e-05
HES2,LINC01708,6.230627878246351e-05
HES2,EPHX4,6.21698204005613e-05
FOXD2,RAB42,6.152885234958579e-05
POU3F1,NCMAP,6.14650867970088e-05
FOXD2,GBP2,6.146479147659225e-05
ZNF683,AMPD1,6.11299099813756e-05
PAX7,EPHB2,6.087671192975056e-05
ZNF691,TNNI3K,6.078599054936577e-05
FOXD2,ALX3,6.075893734316608e-05
PAX7,C1QA,6.071932806939582e-05
ALX3,LEPROT,5.998243927273255e-05
FOXD2,SLC2A5,5.9908946501267557e-05
PAX7,OLFM3,5.990871548743672e-05
FOXD2,FOXD2-AS1,5.961407767105645e-05
POU3F1,AMPD1,5.96085679699679e-05
FOXD2,CYP4B1,5.9476018764741935e-05
POU3F1,GRIK3,5.9318394266174115e-05
PAX7,TLCD4,5.8975346523759154e-05
HES2,CYP4A22-AS1,5.828803810571663e-05
FOXO6,IL12RB2,5.819707319008654e-05
POU3F1,LINC02574,5.772583073187472e-05
FOXD2,FYB2,5.7633545433703433e-05
FOXD2,CCDC27,5.719943964573728e-05
E2F2,C1QC,5.7106465920045165e-05
HES2,SCNN1D,5.702128915525238e-05
FOXD2,TRIM63,5.686361010135853e-05
POU3F1,C1orf167,5.524093901699888e-05
TAL1,PLA2G2D,5.509117625052986e-05
PAX7,TAL1,5.493988004862201e-05
ZNF683,FCN3,5.4260269400096495e-05
FOXD2,C1QA,5.393517459229878e-05
GLIS1,ERICH3,5.382153518892832e-05
POU3F1,CYP4B1,5.307558948263108e-05
ZNF691,PSMB2,5.301466023566798e-05
FOXD2,SPOCD1,5.2966518674913756e-05
POU3F1,LNCTAM34A,5.2843881179753136e-05
PAX7,WNT4,5.2840642915848904e-05
FOXD2,NGF-AS1,5.258612448344817e-05
FOXD2,PODN,5.227395973742654e-05
GLIS1,AJAP1,5.17050985540168e-05
E2F2,LINC01357,5.043147054852189e-05
FOXD2,NGF,5.0276980897424745e-05
FOXD2,VWA1,5.0048393637194e-05
FOXD2,EXOSC10-AS1,4.967689489355956e-05
POU3F1,MIR3659HG,4.8735258086622454e-05
PAX7,EPHX4,4.8653548864219526e-05
FOXD2,LINC01144,4.8246140527485954e-05
PAX7,LINC01342,4.802344984286453e-05
GLIS1,BEND5,4.7855078706411866e-05
TP73,CASQ2,4.758313718076689e-05
PAX7,CHI3L2,4.708494971737979e-05
POU3F1,FCN3,4.655166203936425e-05
GLIS1,TTLL7,4.6508514618088895e-05
HES2,CNN3,4.632773820368537e-05
PAX7,ERICH3,4.60545075857265e-05
FOXD2,DNASE2B,4.584506193077959e-05
PAX7,PLA2G2D,4.5782965646072676e-05
FOXO6,CDC20,4.566606840624767e-05
POU3F1,ADORA3,4.544731410316562e-05
FOXD2,PTPRU,4.521813208690682e-05
HES2,ARHGAP29-AS1,4.425836571299075e-05
ZNF683,DEPDC1,4.329926160239504e-05
PAX7,MCOLN3,4.3226968356180326e-05
ALX3,DDAH1,4.2976687662174446e-05
FOXD2,GPR61,4.2338570181206876e-05
GLIS1,LINC02810,4.199391431886289e-05
PAX7,SYDE2,4.178675819986729e-05
NFYC,CYP4B1,4.1575385090625404e-05
FOXD2,POU3F1,4.0927652393838363e-05
GLIS1,SCNN1D,4.0531001885980415e-05
GLIS1,PPM1J,3.9931438516245134e-05
TP73,C1orf127,3.98475071073864e-05
NFIA,TMEM240,3.950527799298695e-05
FOXO6,C1QC,3.85057218462053e-05
FOXD2,OLFM3,3.8343598666418565e-05
ZNF683,CDC20,3.779666715923272e-05
FOXD2,C1QB,3.775090215398801e-05
GLIS1,LINC02795,3.772531945735719e-05
HES2,NFIA-AS2,3.732466527398324e-05
PAX7,TTC39A,3.724032847760819e-05
TAL1,SNX7,3.717230309410843e-05
FOXO6,POU3F1,3.717199432501822e-05
FOXD2,FOXD3-AS1,3.694822008458981e-05
GLIS1,LINC01672,3.6945917469608145e-05
POU3F1,PTGFR,3.6411907523800996e-05
FOXD2,TMCO2,3.568168175688418e-05
GLIS1,CYP4B1,3.566056550115483e-05
TP73,MIR3659HG,3.516637094513997e-05
GLIS1,ADGRL2,3.511027594747915e-05
PAX7,SGIP1,3.5018299495490564e-05
FOXD2,C1orf185,3.490761792582973e-05
GLIS1,PLEKHG5,3.418266827209016e-05
TP73,PLEKHG5,3.407082939985778e-05
TAL1,PLPPR5,3.3883500811098186e-05
HES2,GRIK3,3.369212940539377e-05
ZNF691,LRP8,3.342166352414226e-05
ALX3,DEPDC1,3.3132062121908346e-05
HES2,PIGV,3.286976518684611e-05
GLIS1,MSH4,3.22626988723751e-05
FOXD2,PTGFR,3.174233992601265e-05
ZNF684,SMIM12,3.164253198240657e-05
GLIS1,KCNA2,3.129631820128997e-05
FOXO6,LINC02574,3.1197248131969276e-05
ALX3,ESPN,3.117602772569785e-05
PAX7,SLC5A9,3.095311617399383e-05
TFAP2E,SVBP,3.066957648844788e-05
TAL1,GRHL3,3.0514918656028045e-05
ZNF683,TMEM200B,3.0495909036177982e-05
ALX3,POU3F1,3.0075723679063106e-05
PAX7,ZNF436-AS1,2.9296726344489653e-05
PAX7,KCNQ4,2.8757899131940684e-05
PAX7,FAM41C,2.822319423889027e-05
PAX7,C1orf167,2.7775669802622824e-05
FOXD2,ARHGAP29-AS1,2.7716710980813852e-05
FOXD2,SLC5A9,2.744458638056686e-05
TFAP2E,LYPLA2,2.7329818758022917e-05
FOXD2,SYPL2,2.7186679589685125e-05
POU3F1,LRRC38,2.648652172365806e-05
TAL1,ANGPTL7,2.608414025701407e-05
GLIS1,FAM41C,2.6009468104285404e-05
GLIS1,C1QB,2.5987586724313262e-05
GLIS1,LRRC38,2.576975292368308e-05
TP73,MYBPHL,2.574580786264411e-05
ZNF683,FOXD2-AS1,2.5727008485284577e-05
TP73,GRIK3,2.5510769636761794e-05
GLIS1,MYOM3,2.5113070191311305e-05
FOXD2,CELA3A,2.494858965391409e-05
PAX7,ST6GALNAC5,2.4807278977571995e-05
POU3F1,GBP7,2.4473332265812314e-05
HES2,CORT,2.4170744669431605e-05
TP73,TSPAN1,2.4114033508315043e-05
GLIS1,SORT1,2.4060901836839517e-05
FOXO6,NFIA-AS2,2.392976221776853e-05
GLIS1,GBP7,2.3769214938727453e-05
GLIS1,PTGFRN,2.3692558382424123e-05
GLIS1,GSTM1,2.3518785328764883e-05
PAX7,ANGPTL7,2.325098634630217e-05
GLIS1,CELSR2,2.3231161826948643e-05
TAL1,LINC01635,2.3124642433466563e-05
FOXD2,CYP4A22-AS1,2.2785972323200907e-05
TP73,SYPL2,2.2565933815960557e-05
TP73,LDLRAD2,2.2342942062275926e-05
FOXD2,TP73,2.2024354119488725e-05
GLIS1,SGIP1,2.1856421470086508e-05
ZNF683,TMEM52,2.151758741094211e-05
POU3F1,MPL,2.09750973877804e-05
FOXD2,LRRC38,2.0899919021976312e-05
GLIS1,PTGFR,2.0437923083544034e-05
PAX7,HPCAL4,2.0261295930356627e-05
FOXD2,CORT,2.018812654082437e-05
HES2,RPL22,2.0002169948015055e-05
TAL1,ST6GALNAC5,1.9789932843169318e-05
PAX7,DDAH1,1.975814945726235e-05
NFIA,UBE2U,1.9292005980165332e-05
PAX7,AMPD1,1.919383899812854e-05
FOXD2,PLA2G2F,1.914149399052776e-05
TAL1,SLC6A17,1.8901223273250763e-05
GLIS1,LINC02609,1.8367863169202742e-05
HES2,MIR3659HG,1.8336605949165846e-05
ZNF691,MIR3659HG,1.830943722106991e-05
GLIS1,TEX46,1.8216974130661565e-05
TAL1,CLCA4-AS1,1.8122473663495386e-05
FOXD2,AMPD1,1.806717299071013e-05
GLIS1,HPCAL4,1.786658586324704e-05
TP73,UTS2,1.7471245403041644e-05
ALX3,NGF,1.684019532090686e-05
HES2,AMIGO1,1.6693876540309524e-05
PAX7,LINC01134,1.6512280497645063e-05
FOXD2,GRIK3,1.6213710388968027e-05
FOXD2,TAL1,1.577691538314389e-05
FOXD2,MYBPHL,1.576275616386859e-05
PAX7,VTCN1,1.521370047600254e-05
TAL1,LINC00466,1.5191474402071384e-05
TAL1,ELAVL4,1.5110279551451555e-05
GLIS1,MCOLN3,1.5082464316222132e-05
FOXD2,MIR3659HG,1.4938854986333903e-05
FOXO6,MIR3659HG,1.4913227928175446e-05
TP73,CYP4B1,1.4896424710212936e-05
ALX3,TMEM240,1.4298148785698532e-05
GLIS1,KANK4,1.4120630401182423e-05
TAL1,LINC01357,1.3583282510544813e-05
TAL1,ANKRD65,1.3554207211971771e-05
TAL1,UBE2U,1.3440602343468215e-05
TAL1,CLCA1,1.3378861678103722e-05
HES2,DRAXIN,1.3288941221648933e-05
GLIS1,AUNIP,1.3006945335967083e-05
PAX7,C1QB,1.283620288004746e-05
GLIS1,IGSF3,1.283451374675769e-05
NFIA,LINC02801,1.2758721243607978e-05
TP73,ESPN,1.2558482590460592e-05
TAL1,MAB21L3,1.2482979052456826e-05
ZNF691,UBE2U,1.2428559943130781e-05
ZNF691,KCNA3,1.2080282688913312e-05
ZNF683,LINC01748,1.2026657944298246e-05
PAX7,DEPDC1,1.1739556380182298e-05
PAX7,PTPRU,1.1695680876406099e-05
TP73,SGIP1,1.1351852220762623e-05
HES2,LINC02574,1.1267134859062876e-05
TAL1,LINC01714,1.1053873082603563e-05
GLIS1,C1orf216,1.0838077254242473e-05
TP73,UBE2U,1.0668929846387096e-05
NFIA,LINC02238,1.039021523236528e-05
NFIA,SRARP,1.0289865782251592e-05
TAL1,TMEM51-AS1,1.0197105840026826e-05
GLIS1,COL11A1,9.863098685952168e-06
FOXO6,DEPDC1,9.69836202352509e-06
GLIS1,CYP4A22-AS1,9.66631401934379e-06
ALX3,C1orf216,9.561852618789214e-06
HES2,KCND3,9.190756254528288e-06
GLIS1,FAM151A,8.860113265327896e-06
TAL1,LINC01677,8.73378373527203e-06
PAX7,LINC01709,8.436227538472613e-06
POU3F1,NFIA-AS2,8.261866396472971e-06
TAL1,CDC20,8.181421903548888e-06
HES2,CDCP2,8.105624487114285e-06
POU3F1,CORT,8.06989518178087e-06
FOXD2,C1QC,7.835235753856628e-06
HES2,TENT5B,7.629195602174712e-06
TAL1,RIMKLA,7.618904280623567e-06
TAL1,BSND,7.429852541088875e-06
GLIS1,MIR3659HG,7.3467122020023195e-06
GLIS1,CNN3,7.297152800618806e-06
TAL1,IGSF3,7.17361463508038e-06
HES2,FOXD2,7.155064995286285e-06
PAX7,YBX1,7.066117694216723e-06
GLIS1,RIMKLA,7.014709001769501e-06
ZNF683,PLA2G2F,6.945935285835889e-06
PAX7,FAM87B,6.879611528169636e-06
FOXD2,VTCN1,6.857712248672536e-06
PAX7,LINC01358,6.772362398805558e-06
GLIS1,LINC02238,6.744379421509078e-06
PAX7,CENPS,6.598372071357916e-06
PAX7,LNCTAM34A,6.421108707078635e-06
ZNF683,PTPRU,6.228426161302759e-06
FOXD2,RPS8,6.185487357715484e-06
GLIS1,FNDC7,6.00236189081059e-06
GLIS1,F3,5.878212008548015e-06
GLIS1,TMEM240,5.666558622735787e-06
PAX7,ARHGAP29-AS1,5.587438511515244e-06
TAL1,ANGPTL3,5.54884029496658e-06
FOXD2,ERICH3,5.525279043924596e-06
FOXD2,LINC02801,5.47958137043677e-06
ZNF683,SYPL2,5.45678811344061e-06
ZNF683,C1QC,5.38365916978916e-06
GLIS1,IL23R,5.348646807921283e-06
YBX1,LINC01788,5.236622823288927e-06
FOXO6,ERICH3,5.18858704445581e-06
GLIS1,CCDC163,5.175751804277567e-06
GLIS1,PTPRF,5.00745613297586e-06
ZNF691,LRRC40,4.939345873241884e-06
PAX7,ELAVL4,4.858624008887957e-06
PAX7,SERBP1,4.6659181173405835e-06
TP73,SLC6A17,4.64613646875916e-06
TAL1,C1orf146,4.505378086613787e-06
TAL1,MIR34AHG,4.344707060280071e-06
FOXD2,LURAP1,4.312497459294123e-06
FOXD2,LINC02238,4.2595965293863794e-06
TAL1,NKAIN1,4.247594476982615e-06
GLIS1,TMEM200B,4.165119092487935e-06
GLIS1,ALPL,4.057312066760094e-06
TAL1,TACSTD2,4.0277824469459264e-06
NFIA,CELA3B,3.968790824550004e-06
TAL1,LINC01756,3.94841064194677e-06
TAL1,LINC01141,3.862896360610799e-06
HES2,TAL1,3.819622518146966e-06
TP73,COL11A1,3.695978116934182e-06
TP73,MCOLN3,3.6616384593207287e-06
TAL1,DEPDC1,3.621465648919099e-06
GLIS1,SPOCD1,3.5863865272709968e-06
GLIS1,TRNP1,3.562172056857989e-06
POU3F1,ARHGAP29-AS1,3.4575126657848116e-06
ZNF683,SYT6,3.2242556581445467e-06
TAL1,TLCD4,3.083970622971097e-06
HES2,FABP3,3.0290736527239735e-06
GLIS1,SLC22A15,2.945543619308823e-06
YBX1,VTCN1,2.7756663970016355e-06
GLIS1,EPHA2,2.7033634176658255e-06
PAX7,CLCA1,2.6858066390980985e-06
GLIS1,HYI-AS1,2.685157202576746e-06
POU3F1,LINC02780,2.680910165013467e-06
TP73,ROR1-AS1,2.673432843395122e-06
TAL1,DAB1-AS1,2.6591116632575104e-06
GLIS1,GRIK3,2.500617974236471e-06
GLIS1,TAL1,2.4219987772821263e-06
TAL1,PLA2G2F,2.411025084576612e-06
PAX7,PLPPR5,2.3009085384980064e-06
PAX7,COL11A1,2.2593620177378416e-06
NFIA,PALMD,2.2161688853507616e-06
HES2,ZNF683,2.206654562877796e-06
ZNF684,IQCC,2.142451966038106e-06
ALX3,LINC02801,2.115553369591711e-06
PAX7,ANGPTL3,2.111404547004518e-06
TAL1,KCND3,2.102127515867951e-06
TP73,SRARP,1.9365520521901266e-06
TAL1,FCN3,1.794885242911856e-06
HES2,TRNP1,1.7874784580610675e-06
HES2,LINC01788,1.7519730509574295e-06
GLIS1,C1QC,1.7164351787982277e-06
TAL1,C1orf185,1.7092050380685783e-06
GLIS1,EPHX4,1.6916679146608993e-06
PAX7,DAB1-AS1,1.6873370476416789e-06
PAX7,CDCP2,1.6561377691088192e-06
TAL1,ALPL,1.5601095065348446e-06
PAX7,LINC01725,1.556615341145245e-06
PAX7,DLEU2L,1.4099326997904884e-06
TAL1,TEX46,1.4052018648201194e-06
YBX1,GABRD,1.3991372340429823e-06
TAL1,RAB42,1.3073131494111893e-06
FOXD2,FPGT,1.2829276347911795e-06
ALX3,SLC5A9,1.24819427694661e-06
TAL1,LINC01562,1.2470328237506557e-06
FOXD2,LINC01357,1.2360173187301092e-06
TAL1,MCOLN3,1.2050387928666776e-06
TP73,PRKAA2,1.1992430881086971e-06
HES2,FNDC7,1.099616307945965e-06
ALX3,TACSTD2,1.0695702608959514e-06
TAL1,TMEM52,1.0344289165691368e-06
TAL1,LINC01359,1.0262574906760265e-06
TAL1,KCNQ4,1.0205394536951657e-06
PAX7,FYB2,1.0123821255957525e-06
PAX7,IGSF3,1.0097681885540352e-06
TAL1,CLCA4,9.933188402456629e-07
HES2,PAQR7,9.208203595175028e-07
PAX7,DNASE2B,9.063599708611481e-07
TP73,GPR3,8.899390437248863e-07
TAL1,MASP2,8.796833573905723e-07
ALX3,COL16A1,8.587071739263884e-07
TAL1,LINC01685,8.53509787712914e-07
TAL1,PLEKHG5,8.472656100673705e-07
TAL1,SYPL2,8.384873287505315e-07
TP73,FYB2,8.340808995963862e-07
PAX7,GIPC2,8.079546663456881e-07
PAX7,SLC30A2,8.078646714817925e-07
TP73,LINC02574,7.946609662943611e-07
PAX7,PRKAA2,7.886106512631471e-07
HES2,VWA5B1,7.801131465263523e-07
FOXD2,F3,7.518058992035148e-07
PAX7,CORT,7.479096586643673e-07
HES2,C1orf127,7.184340007495519e-07
TP73,NGF,7.082613665302616e-07
ZNF683,UBE2U,7.070150246151079e-07
POU3F1,LINC01676,7.062064278915944e-07
ALX3,SLC44A5,7.048677050738282e-07
PAX7,RPL11,7.002068721408779e-07
TP73,KTI12,6.98477738968708e-07
ZNF691,DBT,6.945606716044886e-07
TP73,LINC01362,6.856648305192991e-07
HES2,PLA2G2F,6.786319487096211e-07
ZNF691,NMNAT1,6.727319373723554e-07
PAX7,AKR7A3,6.724908609425938e-07
PAX7,LINC02606,6.717852949515173e-07
ZNF683,ADORA3,6.70087004045854e-07
PAX7,PRDM16,6.397062351316388e-07
TAL1,ADGRL2,6.3816982756279e-07
PAX7,SYPL2,6.357138239712245e-07
PRDM16,TRNP1,6.291009739846019e-07
ZNF683,RNF207,6.181336643953822e-07
PAX7,SLC2A5,6.151154385150063e-07
PAX7,SLC2A7,6.009489611674118e-07
PAX7,SYCP1,5.75716768939908e-07
GMEB1,AMY2B,5.735665878891721e-07
FOXD2,NBL1,5.600489349721643e-07
PAX7,PLA2G5,5.555687957834396e-07
TP73,HCRTR1,5.458381648145344e-07
TAL1,MXRA8,5.420635939614295e-07
HES2,CELSR2,5.37467199909385e-07
TAL1,PLA2G5,5.142071935392753e-07
HES2,ZNF691,5.106376620649088e-07
PAX7,HYI-AS1,5.048073192669196e-07
PAX7,PRKCZ-AS1,4.880745181592963e-07
PAX7,GPR3,4.844267090557605e-07
ZNF691,LINC02238,4.82308327202564e-07
ALX3,LINC01756,4.7539048171331484e-07
TAL1,OPRD1,4.730509911883958e-07
FOXD2,HPDL,4.7098780337968854e-07
HES2,ANKRD65,4.535111375230832e-07
GLIS1,MMEL1,4.509534259327358e-07
GLIS1,DISP3,4.450820449254608e-07
PAX7,ABCA4,4.442942843691405e-07
TP73,CLCA4,4.3073074494079197e-07
TAL1,PIGK,4.271327540501562e-07
PAX7,PALMD,4.1635487547885133e-07
TAL1,MPL,4.1619237449395574e-07
TAL1,RNF207,3.9947656855296864e-07
PAX7,LINC01144,3.9484819679459784e-07
TAL1,SLC22A15,3.931452851900525e-07
TAL1,LINC02810,3.928415364612944e-07
ALX3,SFN,3.916422752243511e-07
PAX7,MYOM3,3.7906452041207385e-07
TP73,IPO13,3.7433990272219815e-07
PAX7,VWA5B1,3.7376456798746315e-07
TAL1,RAB3B,3.68801695554948e-07
PAX7,NGF-AS1,3.6654026018715086e-07
ZNF684,THAP3,3.607217199748186e-07
HES4,WLS,3.557419010909516e-07
PAX7,SRARP,3.397107048097654e-07
GFI1,PRDM16,3.367856805191526e-07
ALX3,A3GALT2,3.3051333994354796e-07
PAX7,LINC01712,3.2844803553054763e-07
TAL1,CYP4A22-AS1,3.271629096703369e-07
HES2,UQCRHL,3.2046286154517883e-07
PAX7,UBXN10,3.146462310447892e-07
HES2,LINC02607,3.029003143074734e-07
PAX7,AZIN2,3.007675975914781e-07
FOXD2,OLFML3,2.9762888664714e-07
PAX7,CNN3,2.9669625276309374e-07
FOXD2,NBPF1,2.9042330315172286e-07
HES2,PODN,2.8119708836241933e-07
TAL1,LINC01788,2.7772209963361195e-07
PAX7,LINC02801,2.7529171873941213e-07
ZNF691,GNAI3,2.7212706387903346e-07
TAL1,AP4B1,2.6696540932551914e-07
PAX7,SAMD11,2.6615088444680084e-07
PAX7,RSPO1,2.5307442284868363e-07
ALX3,FAM151A,2.435857050753279e-07
GLIS1,VWA5B1,2.4355481966313e-07
PAX7,UBE2U,2.3243562994313858e-07
GLIS1,LINC01676,2.2713474279546764e-07
FOXD2,IGSF21,2.22474971387043e-07
GLIS1,CLIC4,2.2136040040422777e-07
HES2,ESPN,2.2103778623665e-07
TP73,RCAN3AS,2.1887679239550962e-07
TAL1,TP73,2.124520026467118e-07
ZNF683,NPHP4,2.1178001901271259e-07
PAX7,MAB21L3,2.0955078655350886e-07
PAX7,ESPN,2.0238118156311059e-07
TAL1,AMPD1,2.0231540324131365e-07
PAX7,COL16A1,2.0199985581539498e-07
PAX7,GNG12,1.9999097047868445e-07
TP73,PLA2G2C,1.9935628950894998e-07
TP73,NGF-AS1,1.9132027721311976e-07
TAL1,FYB2,1.8292528451883492e-07
ZNF684,LRRC41,1.8165164136956385e-07
PAX7,MANEAL,1.793449623631406e-07
TAL1,SLC30A2,1.7754780336357764e-07
PAX7,TMEM234,1.7577660024864753e-07
TAL1,ZFYVE9,1.7500301833397433e-07
FOXD2,LINC01140,1.7369460580152443e-07
PAX7,AK4,1.6811760254828465e-07
PAX7,LINC01677,1.6470677932594414e-07
PAX7,BEST4,1.6059180367775935e-07
PAX7,TRNP1,1.5917004491078027e-07
PAX7,LDLRAD2,1.5739084799529745e-07
PAX7,EFCAB14-AS1,1.5735993430060553e-07
PAX7,BMP8B,1.5285227400429717e-07
PAX7,C1orf146,1.5238149689735212e-07
TP73,ZFYVE9,1.5130698267209108e-07
HES2,CPLANE2,1.4774502566750155e-07
TP73,GPR61,1.4522305561432715e-07
PAX7,TAS1R3,1.448671746153958e-07
ALX3,LINC01144,1.4380144396830898e-07
HES2,NPPA,1.3596807075809894e-07
PAX7,ERRFI1,1.3592373370719464e-07
PAX7,CYP2J2,1.349593149495951e-07
TP73,GABRD,1.3436685583514784e-07
PAX7,LINC01739,1.3360639336873073e-07
GLIS1,FAM167B,1.3268735716233127e-07
ALX3,HFM1,1.2821188306926936e-07
HES2,TRIM63,1.2387195426398306e-07
HES2,SLC44A3,1.2264204915618405e-07
TP73,KCND3,1.221009728780806e-07
TAL1,OLFM3,1.212260297744289e-07
FOXD2,GBP3,1.2021635586648102e-07
FOXD2,CSF3R,1.1656096227691044e-07
HES2,LINC02801,1.1586968660603891e-07
PAX7,EXOSC10-AS1,1.1456315653818269e-07
PAX7,GNG12-AS1,1.115521069511533e-07
PAX7,TTC39A-AS1,1.1105191164982252e-07
HES4,ICMT,1.1088424598834133e-07
TP73,INKA2-AS1,1.1040798383782862e-07
HES2,RAP1GAP,1.0840349104281524e-07
TP73,SMIM1,1.0344784435693805e-07
TP73,PLA2G2F,1.0180124919100452e-07
HES2,SLC2A7,1.0018039079315089e-07
FOXD2,CACHD1,9.992171587229483e-08
HES2,ATAD3C,9.972295472916653e-08
PAX7,NKAIN1,9.822793910099691e-08
GLIS1,PLPPR5,9.638063432121718e-08
TP73,LINC01160,9.352390078608319e-08
PAX7,FOXD3-AS1,9.186649287517645e-08
TAL1,SGIP1,9.031812713387692e-08
TAL1,SMIM1,8.99466609417869e-08
TP73,CLCA4-AS1,8.780791038060792e-08
TP73,LURAP1,8.775323163294059e-08
ALX3,FOXO6,8.700364262787958e-08
PAX7,PTGER3,8.597567711065852e-08
PAX7,FNDC5,8.490500844956276e-08
PAX7,LURAP1,8.459960503627618e-08
GLIS1,BRDT,8.175433339477467e-08
TP73,CFAP74,8.023001638310986e-08
TP73,TMEM52,7.611490261414531e-08
TP73,GRHL3,7.418319262955216e-08
ZNF691,CLIC4,7.238564676295415e-08
HES2,IGSF3,7.237550485217828e-08
HES2,BRDT,7.161941729602485e-08
GLIS1,GRHL3,6.960318244115153e-08
TP73,FAM167B,6.84054082773802e-08
HES2,GJA9,6.7668618906592e-08
GLIS1,AK4,6.68797492660819e-08
GFI1,TP73,6.62843221728994e-08
PAX7,GABRD,6.603325202556079e-08
GLIS1,SLC6A9,6.564787650922669e-08
ALX3,SLC30A2,6.460606151773502e-08
TAL1,SYT6,6.333538169096745e-08
TP73,HPCAL4,6.231695254425844e-08
GLIS1,PTPRU,6.219675029770135e-08
TP73,VANGL1,6.195875620416107e-08
HES2,DAB1-AS1,6.175999734808605e-08
TAL1,LINC01772,6.158362912736671e-08
TAL1,LINC01160,6.070042998103743e-08
FOXD2,SPATA21,6.048654233890814e-08
ZNF684,MED8,6.044394192601074e-08
POU3F1,PRDM16,5.8775283337350905e-08
ID3,FNBP1L,5.860798279156441e-08
HES4,FAM229A,5.750103676072537e-08
HES2,EPHA10,5.7488351481540395e-08
HES2,TTC39A-AS1,5.745925883033676e-08
PAX7,FAM151A,5.69317546954309e-08
PAX7,TMCO2,5.5801642677016194e-08
HES2,ELAVL4,5.577421529315322e-08
PAX7,TRIM63,5.560209000910546e-08
HES2,HOOK1,5.5020420331521966e-08
HES2,CASQ2,5.1571908419616526e-08
TAL1,ZSWIM5,5.0951941763335044e-08
HES2,CCDC163,4.941893028665467e-08
HES2,PARS2,4.908483426876114e-08
HES2,CSMD2-AS1,4.886851015377186e-08
PAX7,SSBP3-AS1,4.822824850989625e-08
TP73,VWA1,4.736355178104032e-08
TP73,C1QTNF12,4.65199715059914e-08
PAX7,CASQ2,4.647825394432576e-08
PAX7,KIF17,4.576159955109037e-08
TAL1,MDS2,4.403444728774928e-08
FOXD2,KIAA1522,4.397022399295971e-08
TAL1,LURAP1,4.329119435585551e-08
GLIS1,CELA3A,4.156733756167601e-08
GLIS1,LINC01160,4.14996669324795e-08
FOXD2,AMPD2,4.077971199745824e-08
ALX3,TP73,4.0417962444452514e-08
HES2,DNAJC6,4.010515338409603e-08
HES2,UTS2,3.898103758913773e-08
GLIS1,CCDC27,3.816190418762476e-08
TP73,A3GALT2,3.792186791415646e-08
PAX7,SLC6A17,3.6511599810664566e-08
PAX7,C1orf127,3.6157160261642206e-08
TAL1,KCNA3,3.5933938115032344e-08
HES2,KCNC4,3.565341798226523e-08
HES2,COL8A2,3.517836571360135e-08
ALX3,LURAP1,3.514953405902113e-08
PAX7,KCND3,3.4870747774701916e-08
PAX7,SYNC,3.482520286353444e-08
HES2,PLA2G5,3.4482302657096484e-08
PAX7,VWA1,3.317353842979446e-08
HES2,CRYBG2,3.3105760181143325e-08
TAL1,TTLL7,3.220720249381701e-08
HES2,HIPK1-AS1,3.18188951149514e-08
ALX3,RAB3B,3.177023273361138e-08
GLIS1,IGSF21,3.171806749209712e-08
HES2,DDAH1,3.1709093067747935e-08
PAX7,LINC02810,3.08687515299627e-08
GLIS1,MTOR-AS1,3.029001063473901e-08
ALX3,ARHGAP29-AS1,2.908752980411711e-08
GLIS1,C1QA,2.8431190638797182e-08
GLIS1,SLC2A7,2.8375267000352488e-08
PAX7,OLFML3,2.804336193911521e-08
HES2,TMIGD3,2.7993355060224786e-08
GLIS1,LINC02780,2.792167418207365e-08
ALX3,LINC01677,2.7068806296603906e-08
TP73,LINC01357,2.6930155101758204e-08
PAX7,GJA9,2.6452846451778362e-08
PAX7,LINC01707,2.6341562417988678e-08
PAX7,GPR61,2.5625462990110164e-08
TAL1,SYDE2,2.5320377559234434e-08
PAX7,TMIGD3,2.5298272221157507e-08
ZNF691,GNL2,2.50802990898854e-08
FOXD2,PAQR7,2.499009297298035e-08
HES2,RAB42,2.4693231462600333e-08
TP73,RAP1GAP,2.4620963110371527e-08
HES4,GRIK3,2.4187092406981235e-08
HES2,PLPPR5,2.3974029161878666e-08
TP73,LINC01359,2.3745008635954558e-08
TP73,IGSF3,2.3486295497117566e-08
FOXD2,MORN1,2.2758980709811955e-08
PAX7,LINC01389,2.2453584005253183e-08
GLIS1,LINC01748,2.2203280663017035e-08
TP73,MYOM3,2.2108810541715956e-08
GLIS1,SYPL2,2.119950406437608e-08
GLIS1,SAMD11,2.0343600452184944e-08
HES2,PLPP3,2.028604390574645e-08
TP73,TMCO2,2.017195837594051e-08
GLIS1,SLC30A2,2.0048904529142963e-08
TAL1,COL9A2,1.9869498626188433e-08
HES2,LINC01714,1.9598875580059444e-08
TAL1,NGF-AS1,1.927770345793698e-08
TP73,DPYD-IT1,1.8723346834074997e-08
HES2,KANK4,1.8571558130117903e-08
TP73,OLFM3,1.8535925971295977e-08
TAL1,CAMTA1-DT,1.8501186539307996e-08
GLIS1,DNASE2B,1.8033019386031728e-08
PAX7,PADI6,1.7836902569317242e-08
HES2,L1TD1,1.7235471778721358e-08
PAX7,ROR1-AS1,1.685192416197827e-08
HES2,AUNIP,1.654422379509012e-08
ZNF684,ERICH3,1.6533494701450773e-08
TP73,SAMD13,1.570449395947411e-08
HES2,CNKSR1,1.5637787519902833e-08
TAL1,L1TD1,1.551400745251929e-08
TP73,TAL1,1.5328995090697187e-08
GLIS1,KCNQ4,1.5269103885792863e-08
TP73,GSTM1,1.507656216643778e-08
PAX7,LRRC38,1.500507151405462e-08
TP73,EPHA10,1.4654003285465252e-08
TAL1,AK4,1.4375280868590711e-08
GLIS1,TACSTD2,1.4209068640476403e-08
HES2,SLC30A2,1.364251138089415e-08
PAX7,CELSR2,1.3636106062751885e-08
GLIS1,GPR3,1.2760240175987602e-08
TAL1,LPAR3,1.2444466786914746e-08
GLIS1,BSND,1.237590670392151e-08
PAX7,SLC6A9,1.1859890750323296e-08
HES2,CCDC17,1.1762894042195324e-08
PAX7,ZMYND12,1.1726018608773549e-08
HES2,LINC01364,1.1592705935728184e-08
ALX3,VTCN1,1.1531817615372715e-08
HES2,FBXO2,1.1526355174846143e-08
TAL1,LRRC42,1.1258631524252158e-08
GLIS1,LINC02606,1.124474954840943e-08
PRDM16,SLC6A17,1.1211407370827133e-08
GLIS1,ANKRD65,1.1080434044546867e-08
GLIS1,ABCA4,1.0973753706872966e-08
TP73,PPM1J,1.0505311209950775e-08
PAX7,LINC01768,1.0124118178193026e-08
HES2,ADGRB2,1.0070545448708776e-08
HES2,WNT4,9.68143495740969e-09
TP73,SPOCD1,9.66500046660831e-09
FOXD2,PPP1R8,9.593144414178369e-09
GLIS1,SYT6,9.445033348735548e-09
GLIS1,TMEM269,9.407729983436935e-09
TAL1,CYP2J2,9.389006090151966e-09
HES2,SYT6,9.223444437191617e-09
TP73,SLFNL1-AS1,9.177046984583906e-09
TP73,ROR1,8.473802417206077e-09
PAX7,UQCRHL,8.394791345345533e-09
HES2,TIE1,8.09318666509833e-09
HES2,GSTM4,7.963307887939093e-09
HES2,PIK3R3,7.938976076239948e-09
HES2,LINC01739,7.908390278528553e-09
TAL1,GRIK3,7.74574970615702e-09
ALX3,SYT6,7.096833291866107e-09
TP73,ABCA4,7.071290191539367e-09
TAL1,TMEM201,6.955072102336408e-09
GLIS1,PODN,6.90234353072491e-09
HES2,MIR4422HG,6.895621747338394e-09
TP73,RIMS3,6.867505458754712e-09
TAL1,TTLL10,6.826846886697174e-09
HES2,ZMYND12,6.709244445481905e-09
GLIS1,PADI2,6.653002537413807e-09
TP73,FAM229A,6.596896060668492e-09
PAX7,MED18,6.334245725402754e-09
GLIS1,BEST4,6.268846475609918e-09
PAX7,P3H1,6.264666919512435e-09
TP73,ZYG11A,6.111032869082601e-09
ZNF691,COL9A2,6.017476826031108e-09
TAL1,UQCRHL,5.752158449798271e-09
NFIA,RBM15,5.7424168566604954e-09
GLIS1,ZBTB8B,5.626211083737113e-09
TP73,TTLL10,5.363724058087156e-09
GLIS1,TFAP2E,5.3586083013343195e-09
HES2,UBXN10,5.356992886459112e-09
TP73,SLC2A7,5.224713017222713e-09
TAL1,LINC01707,5.146267041167509e-09
HES2,TNNI3K,5.021158894757614e-09
TP73,F3,4.840449909259373e-09
HES2,LINC01144,4.67661697016393e-09
TP73,MXRA8,4.598938540590331e-09
PAX7,ZYG11A,4.549549789344586e-09
GLIS1,MKNK1-AS1,4.396299355838848e-09
TAL1,CELA2B,4.3407969841250644e-09
GLIS1,CORT,4.3225266032826585e-09
GLIS1,LINC01756,4.129229367642898e-09
FOXD2,H6PD,3.9103013887489375e-09
HES2,ARHGEF19,3.901694671368734e-09
GLIS1,LINC01714,3.883537534625569e-09
HES2,GNAT2,3.699693653674388e-09
GLIS1,RAB42,3.6502547873598673e-09
TAL1,TRIM62,3.57316129368632e-09
HES2,PADI6,3.4343638354670757e-09
TP73,TEX38,3.3908562068212134e-09
TP73,PRDM16,3.3874246244707757e-09
TP73,PTPRF,3.353875313667136e-09
TAL1,CSF1,3.3108109850109082e-09
HES2,SGIP1,3.27958802585274e-09
GLIS1,OLFM3,3.1766966170338877e-09
HES2,LINC01672,3.059134379136518e-09
TAL1,PADI6,2.916143742534352e-09
HES2,VWA1,2.89862148280603e-09
HES2,TSSK3,2.8396865479055827e-09
GLIS1,LINC01712,2.8210074490089433e-09
TP73,ERICH3,2.716522182466006e-09
TP73,VTCN1,2.7155556070004667e-09
PAX7,FNDC7,2.4044549384370228e-09
TAL1,FABP3,2.3302104096607095e-09
TP73,TAS1R1,2.261693833003052e-09
TAL1,AKNAD1,2.221103175805607e-09
HES2,ALPL,2.2117702546843873e-09
GLIS1,LINC01356,2.1531362363500813e-09
TAL1,SLFNL1-AS1,2.1025146162336774e-09
TP73,MAB21L3,2.0990768467160946e-09
ZNF683,RIMKLA,2.0667342313785643e-09
GLIS1,TAS1R3,2.0467420320293297e-09
HES2,PIK3CD-AS1,1.9782410336722834e-09
TP73,ARHGAP29-AS1,1.9382266968283927e-09
HES2,MCOLN3,1.8290610226567959e-09
PAX7,GRIK3,1.822473096049249e-09
TAL1,VWA1,1.8083947325853234e-09
HES2,IL23R,1.7623383442817704e-09
TP73,ZBTB8B,1.7414435873531989e-09
PAX7,RAB42,1.619816362188379e-09
TAL1,ADORA3,1.557093716864689e-09
PAX7,TACSTD2,1.5045096762818211e-09
TP73,LRRC38,1.5042872773590386e-09
GLIS1,LINC02574,1.4868025083815215e-09
HES2,LINC01140,1.4478906287350743e-09
GLIS1,UBXN10,1.444674738798614e-09
HES2,RHD,1.3326931946782347e-09
TAL1,PPIE,1.1782582774773026e-09
GLIS1,ELAVL4,1.1715028517143796e-09
GLIS1,MYBPHL,1.137228254046337e-09
FOXD2,PINK1-AS,1.0691711402930652e-09
PAX7,PLPP3,1.0325399765454679e-09
TP73,LINC01342,1.0187230241107795e-09
TP73,HPDL,9.911377562204092e-10
TP73,LINC01788,9.42378424247077e-10
HES2,TNFRSF9,8.377920195541357e-10
TP73,HYI-AS1,7.636315579402373e-10
HES2,KCNA2,6.847464464877572e-10
HES2,LINC02609,6.746481579983719e-10
TP73,PTPRU,6.692992922877501e-10
GLIS1,UTS2,6.44273371257313e-10
PAX7,LINC02238,6.293973476968401e-10
HES2,TMEM51-AS1,6.172193657820574e-10
TP73,TMEM240,5.241217539272405e-10
TAL1,DCDC2B,4.950267237690809e-10
HES2,ERICH3,4.747516210544932e-10
ZNF691,LRRC8C-DT,3.922884852123914e-10
GLIS1,PLPPR4,3.379586869055705e-10
ZNF683,VTCN1,3.064053877685758e-10
HES2,AMPD1,2.9150163630378856e-10
TP73,PRKCZ-AS1,2.607587652597721e-10
PAX7,EVA1B,2.3326103011848294e-10
HES2,TMCO2,2.0449223587012368e-10
GLIS1,PDPN,2.0161765745196888e-10
HES2,C1orf141,1.9607455547457192e-10
GLIS1,VWA1,1.833753470643917e-10
TP73,TRIM63,1.4185238147017158e-10
HES2,LINC02238,9.956388193808357e-11
TP73,KLHL17,7.590275351195931e-11
GLIS1,DEPDC1,5.565275491538682e-11
HES2,SLC2A5,5.1175670615436385e-11
TP73,SLC6A9,5.045253789224834e-11
TP73,EPHA2,4.6485696995102965e-11
GLIS1,SLC66A1,4.0902282248595764e-11
HES2,NEXN-AS1,3.344988917699965e-11
GLIS1,CDC20,2.85507246127315e-11
HES2,F3,1.482108456391884e-11
GLIS1,PLA2G2F,1.2557471587368053e-11
TAL1,DDAH1,1.3538463569022245e-12
TAL1,PIK3CD-AS1,7.587538620028158e-14
HES2,RAB3B,5.1705586003549774e-14
TAL1,ZSCAN20,1.1668289869598236e-14
